0x00000000	0x3e99999a	0x3f000000	0x3faa3722	0xbe800000	0x3e3851ec	0x3e7f5631	0x3ea9c63a
0x38d1b717	0x3e99999a	0x3f000000	0x3faa3722	0xbe7fe5cb	0x3e3851ec	0x3e7f7a81	0x3ea9de5f
0x3951b717	0x3e99999a	0x3f000000	0x3faa3722	0xbe7fcb95	0x3e3851ec	0x3e7f9ed9	0x3ea9f689
0x399d4952	0x3e99999a	0x3f000000	0x3faa3722	0xbe7fb162	0x3e3851ec	0x3e7fc330	0x3eaa0eb3
0x39d1b717	0x3e99999a	0x3f000000	0x3faa3722	0xbe7f972f	0x3e3851ec	0x3e7fe78e	0x3eaa26e1
0x3a03126f	0x3e99999a	0x3f000000	0x3faa3722	0xbe7f7cff	0x3e3851ec	0x3e8005f6	0x3eaa3f0f
0x3a1d4952	0x3e99999a	0x3f000000	0x3faa3722	0xbe7f62ce	0x3e3851ec	0x3e801829	0x3eaa5743
0x3a378034	0x3e99999a	0x3f000000	0x3faa3722	0xbe7f48a1	0x3e3851ec	0x3e802a5a	0x3eaa6f74
0x3a51b717	0x3e99999a	0x3f000000	0x3faa3722	0xbe7f2e73	0x3e3851ec	0x3e803c90	0x3eaa87ab
0x3a6bedfa	0x3e99999a	0x3f000000	0x3faa3722	0xbe7f1448	0x3e3851ec	0x3e804ec7	0x3eaa9fe4
0x3a83126f	0x3e99999a	0x3f000000	0x3faa3722	0xbe7efa1f	0x3e3851ec	0x3e8060fd	0x3eaab81c
0x3a902de0	0x3e99999a	0x3f000000	0x3faa3722	0xbe7edff5	0x3e3851ec	0x3e807338	0x3eaad05a
0x3a9d4952	0x3e99999a	0x3f000000	0x3faa3722	0xbe7ec5cf	0x3e3851ec	0x3e808572	0x3eaae897
0x3aaa64c3	0x3e99999a	0x3f000000	0x3faa3722	0xbe7eaba7	0x3e3851ec	0x3e8097b0	0x3eab00d9
0x3ab78034	0x3e99999a	0x3f000000	0x3faa3722	0xbe7e9184	0x3e3851ec	0x3e80a9ee	0x3eab191b
0x3ac49ba6	0x3e99999a	0x3f000000	0x3faa3722	0xbe7e775f	0x3e3851ec	0x3e80bc2f	0x3eab3161
0x3ad1b717	0x3e99999a	0x3f000000	0x3faa3722	0xbe7e5d3e	0x3e3851ec	0x3e80ce70	0x3eab49a8
0x3aded289	0x3e99999a	0x3f000000	0x3faa3722	0xbe7e431c	0x3e3851ec	0x3e80e0b5	0x3eab61f3
0x3aebedfa	0x3e99999a	0x3f000000	0x3faa3722	0xbe7e28fd	0x3e3851ec	0x3e80f2f9	0x3eab7a3d
0x3af9096c	0x3e99999a	0x3f000000	0x3faa3722	0xbe7e0ee0	0x3e3851ec	0x3e810540	0x3eab928c
0x3b03126f	0x3e99999a	0x3f000000	0x3faa3722	0xbe7df4c2	0x3e3851ec	0x3e811789	0x3eabaadc
0x3b09a027	0x3e99999a	0x3f000000	0x3faa3722	0xbe7ddaa8	0x3e3851ec	0x3e8129d2	0x3eabc32d
0x3b102de0	0x3e99999a	0x3f000000	0x3faa3722	0xbe7dc08d	0x3e3851ec	0x3e813c1e	0x3eabdb82
0x3b16bb99	0x3e99999a	0x3f000000	0x3faa3722	0xbe7da675	0x3e3851ec	0x3e814e6b	0x3eabf3d8
0x3b1d4952	0x3e99999a	0x3f000000	0x3faa3722	0xbe7d8c5d	0x3e3851ec	0x3e8160bb	0x3eac0c32
0x3b23d70a	0x3e99999a	0x3f000000	0x3faa3722	0xbe7d7247	0x3e3851ec	0x3e81730b	0x3eac248c
0x3b2a64c3	0x3e99999a	0x3f000000	0x3faa3722	0xbe7d5832	0x3e3851ec	0x3e81855e	0x3eac3ceb
0x3b30f27c	0x3e99999a	0x3f000000	0x3faa3722	0xbe7d3e1f	0x3e3851ec	0x3e8197b2	0x3eac554a
0x3b378034	0x3e99999a	0x3f000000	0x3faa3722	0xbe7d240e	0x3e3851ec	0x3e81aa07	0x3eac6dab
0x3b3e0ded	0x3e99999a	0x3f000000	0x3faa3722	0xbe7d09fc	0x3e3851ec	0x3e81bc5f	0x3eac8610
0x3b449ba6	0x3e99999a	0x3f000000	0x3faa3722	0xbe7cefee	0x3e3851ec	0x3e81ceb7	0x3eac9e74
0x3b4b295f	0x3e99999a	0x3f000000	0x3faa3722	0xbe7cd5df	0x3e3851ec	0x3e81e113	0x3eacb6de
0x3b51b717	0x3e99999a	0x3f000000	0x3faa3722	0xbe7cbbd3	0x3e3851ec	0x3e81f36e	0x3eaccf47
0x3b5844d0	0x3e99999a	0x3f000000	0x3faa3722	0xbe7ca1c7	0x3e3851ec	0x3e8205cd	0x3eace7b5
0x3b5ed289	0x3e99999a	0x3f000000	0x3faa3722	0xbe7c87be	0x3e3851ec	0x3e82182c	0x3ead0023
0x3b656042	0x3e99999a	0x3f000000	0x3faa3722	0xbe7c6db4	0x3e3851ec	0x3e822a8e	0x3ead1895
0x3b6bedfa	0x3e99999a	0x3f000000	0x3faa3722	0xbe7c53ae	0x3e3851ec	0x3e823cf0	0x3ead3108
0x3b727bb3	0x3e99999a	0x3f000000	0x3faa3722	0xbe7c39a9	0x3e3851ec	0x3e824f54	0x3ead497c
0x3b79096c	0x3e99999a	0x3f000000	0x3faa3722	0xbe7c1fa3	0x3e3851ec	0x3e8261bb	0x3ead61f5
0x3b7f9724	0x3e99999a	0x3f000000	0x3faa3722	0xbe7c05a1	0x3e3851ec	0x3e827422	0x3ead7a6e
0x3b83126f	0x3e99999a	0x3f000000	0x3faa3722	0xbe7beb9e	0x3e3851ec	0x3e82868c	0x3ead92ea
0x3b86594b	0x3e99999a	0x3f000000	0x3faa3722	0xbe7bd19e	0x3e3851ec	0x3e8298f7	0x3eadab68
0x3b89a027	0x3e99999a	0x3f000000	0x3faa3722	0xbe7bb79e	0x3e3851ec	0x3e82ab65	0x3eadc3ea
0x3b8ce704	0x3e99999a	0x3f000000	0x3faa3722	0xbe7b9da1	0x3e3851ec	0x3e82bdd2	0x3eaddc6b
0x3b902de0	0x3e99999a	0x3f000000	0x3faa3722	0xbe7b83a3	0x3e3851ec	0x3e82d043	0x3eadf4f1
0x3b9374bc	0x3e99999a	0x3f000000	0x3faa3722	0xbe7b69a9	0x3e3851ec	0x3e82e2b4	0x3eae0d77
0x3b96bb99	0x3e99999a	0x3f000000	0x3faa3722	0xbe7b4fb0	0x3e3851ec	0x3e82f527	0x3eae2600
0x3b9a0275	0x3e99999a	0x3f000000	0x3faa3722	0xbe7b35b6	0x3e3851ec	0x3e83079d	0x3eae3e8d
0x3b9d4952	0x3e99999a	0x3f000000	0x3faa3722	0xbe7b1bc0	0x3e3851ec	0x3e831a12	0x3eae5718
0x3ba0902e	0x3e99999a	0x3f000000	0x3faa3722	0xbe7b01c9	0x3e3851ec	0x3e832c8b	0x3eae6fa9
0x3ba3d70a	0x3e99999a	0x3f000000	0x3faa3722	0xbe7ae7d6	0x3e3851ec	0x3e833f04	0x3eae8839
0x3ba71de7	0x3e99999a	0x3f000000	0x3faa3722	0xbe7acde2	0x3e3851ec	0x3e835180	0x3eaea0ce
0x3baa64c3	0x3e99999a	0x3f000000	0x3faa3722	0xbe7ab3f1	0x3e3851ec	0x3e8363fd	0x3eaeb964
0x3badab9f	0x3e99999a	0x3f000000	0x3faa3722	0xbe7a9a01	0x3e3851ec	0x3e83767c	0x3eaed1fd
0x3bb0f27c	0x3e99999a	0x3f000000	0x3faa3722	0xbe7a8011	0x3e3851ec	0x3e8388fd	0x3eaeea98
0x3bb43958	0x3e99999a	0x3f000000	0x3faa3722	0xbe7a6624	0x3e3851ec	0x3e839b7e	0x3eaf0333
0x3bb78034	0x3e99999a	0x3f000000	0x3faa3722	0xbe7a4c37	0x3e3851ec	0x3e83ae03	0x3eaf1bd4
0x3bbac711	0x3e99999a	0x3f000000	0x3faa3722	0xbe7a324c	0x3e3851ec	0x3e83c088	0x3eaf3474
0x3bbe0ded	0x3e99999a	0x3f000000	0x3faa3722	0xbe7a1862	0x3e3851ec	0x3e83d310	0x3eaf4d19
0x3bc154ca	0x3e99999a	0x3f000000	0x3faa3722	0xbe79fe7a	0x3e3851ec	0x3e83e599	0x3eaf65bf
0x3bc49ba6	0x3e99999a	0x3f000000	0x3faa3722	0xbe79e492	0x3e3851ec	0x3e83f823	0x3eaf7e66
0x3bc7e282	0x3e99999a	0x3f000000	0x3faa3722	0xbe79caad	0x3e3851ec	0x3e840aaf	0x3eaf9710
0x3bcb295f	0x3e99999a	0x3f000000	0x3faa3722	0xbe79b0ca	0x3e3851ec	0x3e841d3c	0x3eafafbb
0x3bce703b	0x3e99999a	0x3f000000	0x3faa3722	0xbe7996e6	0x3e3851ec	0x3e842fcb	0x3eafc869
0x3bd1b717	0x3e99999a	0x3f000000	0x3faa3722	0xbe797d05	0x3e3851ec	0x3e84425c	0x3eafe11a
0x3bd4fdf4	0x3e99999a	0x3f000000	0x3faa3722	0xbe796323	0x3e3851ec	0x3e8454ef	0x3eaff9cd
0x3bd844d0	0x3e99999a	0x3f000000	0x3faa3722	0xbe794945	0x3e3851ec	0x3e846783	0x3eb01282
0x3bdb8bac	0x3e99999a	0x3f000000	0x3faa3722	0xbe792f67	0x3e3851ec	0x3e847a1a	0x3eb02b3a
0x3bded289	0x3e99999a	0x3f000000	0x3faa3722	0xbe79158b	0x3e3851ec	0x3e848cb1	0x3eb043f3
0x3be21965	0x3e99999a	0x3f000000	0x3faa3722	0xbe78fbaf	0x3e3851ec	0x3e849f4b	0x3eb05caf
0x3be56042	0x3e99999a	0x3f000000	0x3faa3722	0xbe78e1d6	0x3e3851ec	0x3e84b1e5	0x3eb0756c
0x3be8a71e	0x3e99999a	0x3f000000	0x3faa3722	0xbe78c7ff	0x3e3851ec	0x3e84c481	0x3eb08e2b
0x3bebedfa	0x3e99999a	0x3f000000	0x3faa3722	0xbe78ae27	0x3e3851ec	0x3e84d71f	0x3eb0a6ed
0x3bef34d7	0x3e99999a	0x3f000000	0x3faa3722	0xbe789452	0x3e3851ec	0x3e84e9bf	0x3eb0bfb1
0x3bf27bb3	0x3e99999a	0x3f000000	0x3faa3722	0xbe787a7d	0x3e3851ec	0x3e84fc61	0x3eb0d879
0x3bf5c28f	0x3e99999a	0x3f000000	0x3faa3722	0xbe7860ab	0x3e3851ec	0x3e850f03	0x3eb0f140
0x3bf9096c	0x3e99999a	0x3f000000	0x3faa3722	0xbe7846d8	0x3e3851ec	0x3e8521a8	0x3eb10a0b
0x3bfc5048	0x3e99999a	0x3f000000	0x3faa3722	0xbe782d09	0x3e3851ec	0x3e85344f	0x3eb122d9
0x3bff9724	0x3e99999a	0x3f000000	0x3faa3722	0xbe781339	0x3e3851ec	0x3e8546f8	0x3eb13ba9
0x3c016f00	0x3e99999a	0x3f000000	0x3faa3722	0xbe77f96c	0x3e3851ec	0x3e8559a0	0x3eb15478
0x3c03126f	0x3e99999a	0x3f000000	0x3faa3722	0xbe77dfa1	0x3e3851ec	0x3e856c4b	0x3eb16d4c
0x3c04b5dd	0x3e99999a	0x3f000000	0x3faa3722	0xbe77c5d5	0x3e3851ec	0x3e857ef9	0x3eb18623
0x3c06594b	0x3e99999a	0x3f000000	0x3faa3722	0xbe77ac0c	0x3e3851ec	0x3e8591a7	0x3eb19efa
0x3c07fcb9	0x3e99999a	0x3f000000	0x3faa3722	0xbe779243	0x3e3851ec	0x3e85a457	0x3eb1b7d4
0x3c09a027	0x3e99999a	0x3f000000	0x3faa3722	0xbe77787d	0x3e3851ec	0x3e85b709	0x3eb1d0b0
0x3c0b4396	0x3e99999a	0x3f000000	0x3faa3722	0xbe775eb7	0x3e3851ec	0x3e85c9bd	0x3eb1e98f
0x3c0ce704	0x3e99999a	0x3f000000	0x3faa3722	0xbe7744f3	0x3e3851ec	0x3e85dc71	0x3eb2026e
0x3c0e8a72	0x3e99999a	0x3f000000	0x3faa3722	0xbe772b2f	0x3e3851ec	0x3e85ef29	0x3eb21b53
0x3c102de0	0x3e99999a	0x3f000000	0x3faa3722	0xbe77116f	0x3e3851ec	0x3e8601e1	0x3eb23437
0x3c11d14e	0x3e99999a	0x3f000000	0x3faa3722	0xbe76f7b0	0x3e3851ec	0x3e86149a	0x3eb24d1d
0x3c1374bc	0x3e99999a	0x3f000000	0x3faa3722	0xbe76ddf0	0x3e3851ec	0x3e862756	0x3eb26607
0x3c15182b	0x3e99999a	0x3f000000	0x3faa3722	0xbe76c433	0x3e3851ec	0x3e863a13	0x3eb27ef2
0x3c16bb99	0x3e99999a	0x3f000000	0x3faa3722	0xbe76aa76	0x3e3851ec	0x3e864cd3	0x3eb297e1
0x3c185f07	0x3e99999a	0x3f000000	0x3faa3722	0xbe7690bc	0x3e3851ec	0x3e865f93	0x3eb2b0d0
0x3c1a0275	0x3e99999a	0x3f000000	0x3faa3722	0xbe767702	0x3e3851ec	0x3e867255	0x3eb2c9c2
0x3c1ba5e3	0x3e99999a	0x3f000000	0x3faa3722	0xbe765d4b	0x3e3851ec	0x3e868519	0x3eb2e2b6
0x3c1d4952	0x3e99999a	0x3f000000	0x3faa3722	0xbe764393	0x3e3851ec	0x3e8697df	0x3eb2fbad
0x3c1eecc0	0x3e99999a	0x3f000000	0x3faa3722	0xbe7629de	0x3e3851ec	0x3e86aaa6	0x3eb314a6
0x3c20902e	0x3e99999a	0x3f000000	0x3faa3722	0xbe76102b	0x3e3851ec	0x3e86bd6e	0x3eb32d9f
0x3c22339c	0x3e99999a	0x3f000000	0x3faa3722	0xbe75f677	0x3e3851ec	0x3e86d039	0x3eb3469d
0x3c23d70a	0x3e99999a	0x3f000000	0x3faa3722	0xbe75dcc7	0x3e3851ec	0x3e86e304	0x3eb35f9b
0x3c257a78	0x3e99999a	0x3f000000	0x3faa3722	0xbe75c316	0x3e3851ec	0x3e86f5d2	0x3eb3789c
0x3c271de7	0x3e99999a	0x3f000000	0x3faa3722	0xbe75a968	0x3e3851ec	0x3e8708a2	0x3eb391a1
0x3c28c155	0x3e99999a	0x3f000000	0x3faa3722	0xbe758fba	0x3e3851ec	0x3e871b73	0x3eb3aaa6
0x3c2a64c3	0x3e99999a	0x3f000000	0x3faa3722	0xbe75760e	0x3e3851ec	0x3e872e46	0x3eb3c3af
0x3c2c0831	0x3e99999a	0x3f000000	0x3faa3722	0xbe755c63	0x3e3851ec	0x3e87411a	0x3eb3dcb8
0x3c2dab9f	0x3e99999a	0x3f000000	0x3faa3722	0xbe7542ba	0x3e3851ec	0x3e8753f0	0x3eb3f5c5
0x3c2f4f0e	0x3e99999a	0x3f000000	0x3faa3722	0xbe752913	0x3e3851ec	0x3e8766c6	0x3eb40ed1
0x3c30f27c	0x3e99999a	0x3f000000	0x3faa3722	0xbe750f6c	0x3e3851ec	0x3e8779a0	0x3eb427e3
0x3c3295ea	0x3e99999a	0x3f000000	0x3faa3722	0xbe74f5c7	0x3e3851ec	0x3e878c7b	0x3eb440f6
0x3c343958	0x3e99999a	0x3f000000	0x3faa3722	0xbe74dc22	0x3e3851ec	0x3e879f58	0x3eb45a0b
0x3c35dcc6	0x3e99999a	0x3f000000	0x3faa3722	0xbe74c280	0x3e3851ec	0x3e87b236	0x3eb47322
0x3c378034	0x3e99999a	0x3f000000	0x3faa3722	0xbe74a8de	0x3e3851ec	0x3e87c515	0x3eb48c3b
0x3c3923a3	0x3e99999a	0x3f000000	0x3faa3722	0xbe748f3f	0x3e3851ec	0x3e87d7f6	0x3eb4a556
0x3c3ac711	0x3e99999a	0x3f000000	0x3faa3722	0xbe74759f	0x3e3851ec	0x3e87eada	0x3eb4be75
0x3c3c6a7f	0x3e99999a	0x3f000000	0x3faa3722	0xbe745c03	0x3e3851ec	0x3e87fdbe	0x3eb4d793
0x3c3e0ded	0x3e99999a	0x3f000000	0x3faa3722	0xbe744268	0x3e3851ec	0x3e8810a4	0x3eb4f0b5
0x3c3fb15b	0x3e99999a	0x3f000000	0x3faa3722	0xbe7428cd	0x3e3851ec	0x3e88238c	0x3eb509d9
0x3c4154ca	0x3e99999a	0x3f000000	0x3faa3722	0xbe740f34	0x3e3851ec	0x3e883675	0x3eb522ff
0x3c42f838	0x3e99999a	0x3f000000	0x3faa3722	0xbe73f59b	0x3e3851ec	0x3e884961	0x3eb53c29
0x3c449ba6	0x3e99999a	0x3f000000	0x3faa3722	0xbe73dc06	0x3e3851ec	0x3e885c4c	0x3eb55551
0x3c463f14	0x3e99999a	0x3f000000	0x3faa3722	0xbe73c26f	0x3e3851ec	0x3e886f3c	0x3eb56e80
0x3c47e282	0x3e99999a	0x3f000000	0x3faa3722	0xbe73a8dc	0x3e3851ec	0x3e88822c	0x3eb587af
0x3c4985f0	0x3e99999a	0x3f000000	0x3faa3722	0xbe738f49	0x3e3851ec	0x3e88951e	0x3eb5a0e0
0x3c4b295f	0x3e99999a	0x3f000000	0x3faa3722	0xbe7375b9	0x3e3851ec	0x3e88a810	0x3eb5ba12
0x3c4ccccd	0x3e99999a	0x3f000000	0x3faa3722	0xbe735c2a	0x3e3851ec	0x3e88bb05	0x3eb5d347
0x3c4e703b	0x3e99999a	0x3f000000	0x3faa3722	0xbe73429a	0x3e3851ec	0x3e88cdfc	0x3eb5ec80
0x3c5013a9	0x3e99999a	0x3f000000	0x3faa3722	0xbe73290e	0x3e3851ec	0x3e88e0f4	0x3eb605b9
0x3c51b717	0x3e99999a	0x3f000000	0x3faa3722	0xbe730f81	0x3e3851ec	0x3e88f3ee	0x3eb61ef5
0x3c535a86	0x3e99999a	0x3f000000	0x3faa3722	0xbe72f5f8	0x3e3851ec	0x3e8906e9	0x3eb63833
0x3c54fdf4	0x3e99999a	0x3f000000	0x3faa3722	0xbe72dc6d	0x3e3851ec	0x3e8919e8	0x3eb65176
0x3c56a162	0x3e99999a	0x3f000000	0x3faa3722	0xbe72c2e7	0x3e3851ec	0x3e892ce5	0x3eb66ab6
0x3c5844d0	0x3e99999a	0x3f000000	0x3faa3722	0xbe72a961	0x3e3851ec	0x3e893fe5	0x3eb683fa
0x3c59e83e	0x3e99999a	0x3f000000	0x3faa3722	0xbe728fdb	0x3e3851ec	0x3e8952e7	0x3eb69d41
0x3c5b8bac	0x3e99999a	0x3f000000	0x3faa3722	0xbe727658	0x3e3851ec	0x3e8965eb	0x3eb6b68a
0x3c5d2f1b	0x3e99999a	0x3f000000	0x3faa3722	0xbe725cd5	0x3e3851ec	0x3e8978f1	0x3eb6cfd7
0x3c5ed289	0x3e99999a	0x3f000000	0x3faa3722	0xbe724354	0x3e3851ec	0x3e898bf7	0x3eb6e923
0x3c6075f7	0x3e99999a	0x3f000000	0x3faa3722	0xbe7229d4	0x3e3851ec	0x3e899f00	0x3eb70273
0x3c621965	0x3e99999a	0x3f000000	0x3faa3722	0xbe721056	0x3e3851ec	0x3e89b20a	0x3eb71bc4
0x3c63bcd3	0x3e99999a	0x3f000000	0x3faa3722	0xbe71f6d8	0x3e3851ec	0x3e89c516	0x3eb73518
0x3c656042	0x3e99999a	0x3f000000	0x3faa3722	0xbe71dd5d	0x3e3851ec	0x3e89d823	0x3eb74e6e
0x3c6703b0	0x3e99999a	0x3f000000	0x3faa3722	0xbe71c3e2	0x3e3851ec	0x3e89eb33	0x3eb767c7
0x3c68a71e	0x3e99999a	0x3f000000	0x3faa3722	0xbe71aa6a	0x3e3851ec	0x3e89fe43	0x3eb78121
0x3c6a4a8c	0x3e99999a	0x3f000000	0x3faa3722	0xbe7190f3	0x3e3851ec	0x3e8a1155	0x3eb79a7d
0x3c6bedfa	0x3e99999a	0x3f000000	0x3faa3722	0xbe71777c	0x3e3851ec	0x3e8a2469	0x3eb7b3dc
0x3c6d9168	0x3e99999a	0x3f000000	0x3faa3722	0xbe715e08	0x3e3851ec	0x3e8a377e	0x3eb7cd3c
0x3c6f34d7	0x3e99999a	0x3f000000	0x3faa3722	0xbe714493	0x3e3851ec	0x3e8a4a97	0x3eb7e6a1
0x3c70d845	0x3e99999a	0x3f000000	0x3faa3722	0xbe712b22	0x3e3851ec	0x3e8a5daf	0x3eb80005
0x3c727bb3	0x3e99999a	0x3f000000	0x3faa3722	0xbe7111b0	0x3e3851ec	0x3e8a70c9	0x3eb8196c
0x3c741f21	0x3e99999a	0x3f000000	0x3faa3722	0xbe70f841	0x3e3851ec	0x3e8a83e6	0x3eb832d7
0x3c75c28f	0x3e99999a	0x3f000000	0x3faa3722	0xbe70ded3	0x3e3851ec	0x3e8a9703	0x3eb84c42
0x3c7765fe	0x3e99999a	0x3f000000	0x3faa3722	0xbe70c565	0x3e3851ec	0x3e8aaa23	0x3eb865b0
0x3c79096c	0x3e99999a	0x3f000000	0x3faa3722	0xbe70abfb	0x3e3851ec	0x3e8abd42	0x3eb87f1e
0x3c7aacda	0x3e99999a	0x3f000000	0x3faa3722	0xbe709290	0x3e3851ec	0x3e8ad066	0x3eb89892
0x3c7c5048	0x3e99999a	0x3f000000	0x3faa3722	0xbe707928	0x3e3851ec	0x3e8ae38a	0x3eb8b206
0x3c7df3b6	0x3e99999a	0x3f000000	0x3faa3722	0xbe705fbf	0x3e3851ec	0x3e8af6b0	0x3eb8cb7d
0x3c7f9724	0x3e99999a	0x3f000000	0x3faa3722	0xbe70465a	0x3e3851ec	0x3e8b09d7	0x3eb8e4f5
0x3c809d49	0x3e99999a	0x3f000000	0x3faa3722	0xbe702cf4	0x3e3851ec	0x3e8b1d01	0x3eb8fe71
0x3c816f00	0x3e99999a	0x3f000000	0x3faa3722	0xbe701391	0x3e3851ec	0x3e8b302b	0x3eb917ed
0x3c8240b8	0x3e99999a	0x3f000000	0x3faa3722	0xbe6ffa2e	0x3e3851ec	0x3e8b4358	0x3eb9316d
0x3c83126f	0x3e99999a	0x3f000000	0x3faa3722	0xbe6fe0ce	0x3e3851ec	0x3e8b5686	0x3eb94aee
0x3c83e426	0x3e99999a	0x3f000000	0x3faa3722	0xbe6fc76f	0x3e3851ec	0x3e8b69b5	0x3eb96471
0x3c84b5dd	0x3e99999a	0x3f000000	0x3faa3722	0xbe6fae10	0x3e3851ec	0x3e8b7ce7	0x3eb97df8
0x3c858794	0x3e99999a	0x3f000000	0x3faa3722	0xbe6f94b4	0x3e3851ec	0x3e8b901a	0x3eb99780
0x3c86594b	0x3e99999a	0x3f000000	0x3faa3722	0xbe6f7b58	0x3e3851ec	0x3e8ba34e	0x3eb9b109
0x3c872b02	0x3e99999a	0x3f000000	0x3faa3722	0xbe6f61fe	0x3e3851ec	0x3e8bb684	0x3eb9ca95
0x3c87fcb9	0x3e99999a	0x3f000000	0x3faa3722	0xbe6f48a5	0x3e3851ec	0x3e8bc9bc	0x3eb9e424
0x3c88ce70	0x3e99999a	0x3f000000	0x3faa3722	0xbe6f2f4e	0x3e3851ec	0x3e8bdcf5	0x3eb9fdb3
0x3c89a027	0x3e99999a	0x3f000000	0x3faa3722	0xbe6f15f9	0x3e3851ec	0x3e8bf030	0x3eba1746
0x3c8a71de	0x3e99999a	0x3f000000	0x3faa3722	0xbe6efca3	0x3e3851ec	0x3e8c036d	0x3eba30db
0x3c8b4396	0x3e99999a	0x3f000000	0x3faa3722	0xbe6ee350	0x3e3851ec	0x3e8c16ab	0x3eba4a72
0x3c8c154d	0x3e99999a	0x3f000000	0x3faa3722	0xbe6ec9fd	0x3e3851ec	0x3e8c29ec	0x3eba640d
0x3c8ce704	0x3e99999a	0x3f000000	0x3faa3722	0xbe6eb0ad	0x3e3851ec	0x3e8c3d2d	0x3eba7da7
0x3c8db8bb	0x3e99999a	0x3f000000	0x3faa3722	0xbe6e975d	0x3e3851ec	0x3e8c5070	0x3eba9745
0x3c8e8a72	0x3e99999a	0x3f000000	0x3faa3722	0xbe6e7e10	0x3e3851ec	0x3e8c63b4	0x3ebab0e3
0x3c8f5c29	0x3e99999a	0x3f000000	0x3faa3722	0xbe6e64c2	0x3e3851ec	0x3e8c76fb	0x3ebaca86
0x3c902de0	0x3e99999a	0x3f000000	0x3faa3722	0xbe6e4b78	0x3e3851ec	0x3e8c8a42	0x3ebae428
0x3c90ff97	0x3e99999a	0x3f000000	0x3faa3722	0xbe6e322f	0x3e3851ec	0x3e8c9d8b	0x3ebafdce
0x3c91d14e	0x3e99999a	0x3f000000	0x3faa3722	0xbe6e18e5	0x3e3851ec	0x3e8cb0d7	0x3ebb1777
0x3c92a305	0x3e99999a	0x3f000000	0x3faa3722	0xbe6dff9e	0x3e3851ec	0x3e8cc424	0x3ebb3121
0x3c9374bc	0x3e99999a	0x3f000000	0x3faa3722	0xbe6de657	0x3e3851ec	0x3e8cd774	0x3ebb4ad0
0x3c944674	0x3e99999a	0x3f000000	0x3faa3722	0xbe6dcd14	0x3e3851ec	0x3e8ceac2	0x3ebb647c
0x3c95182b	0x3e99999a	0x3f000000	0x3faa3722	0xbe6db3cf	0x3e3851ec	0x3e8cfe15	0x3ebb7e2f
0x3c95e9e2	0x3e99999a	0x3f000000	0x3faa3722	0xbe6d9a8e	0x3e3851ec	0x3e8d1168	0x3ebb97e1
0x3c96bb99	0x3e99999a	0x3f000000	0x3faa3722	0xbe6d814c	0x3e3851ec	0x3e8d24be	0x3ebbb198
0x3c978d50	0x3e99999a	0x3f000000	0x3faa3722	0xbe6d680e	0x3e3851ec	0x3e8d3813	0x3ebbcb4d
0x3c985f07	0x3e99999a	0x3f000000	0x3faa3722	0xbe6d4ed1	0x3e3851ec	0x3e8d4b6b	0x3ebbe506
0x3c9930be	0x3e99999a	0x3f000000	0x3faa3722	0xbe6d3593	0x3e3851ec	0x3e8d5ec6	0x3ebbfec3
0x3c9a0275	0x3e99999a	0x3f000000	0x3faa3722	0xbe6d1c59	0x3e3851ec	0x3e8d7221	0x3ebc1880
0x3c9ad42c	0x3e99999a	0x3f000000	0x3faa3722	0xbe6d031e	0x3e3851ec	0x3e8d857e	0x3ebc3240
0x3c9ba5e3	0x3e99999a	0x3f000000	0x3faa3722	0xbe6ce9e6	0x3e3851ec	0x3e8d98dc	0x3ebc4c01
0x3c9c779a	0x3e99999a	0x3f000000	0x3faa3722	0xbe6cd0ae	0x3e3851ec	0x3e8dac3e	0x3ebc65c8
0x3c9d4952	0x3e99999a	0x3f000000	0x3faa3722	0xbe6cb779	0x3e3851ec	0x3e8dbf9f	0x3ebc7f8d
0x3c9e1b09	0x3e99999a	0x3f000000	0x3faa3722	0xbe6c9e43	0x3e3851ec	0x3e8dd304	0x3ebc9958
0x3c9eecc0	0x3e99999a	0x3f000000	0x3faa3722	0xbe6c8511	0x3e3851ec	0x3e8de668	0x3ebcb321
0x3c9fbe77	0x3e99999a	0x3f000000	0x3faa3722	0xbe6c6be0	0x3e3851ec	0x3e8df9cd	0x3ebccceb
0x3ca0902e	0x3e99999a	0x3f000000	0x3faa3722	0xbe6c52af	0x3e3851ec	0x3e8e0d37	0x3ebce6bc
0x3ca161e5	0x3e99999a	0x3f000000	0x3faa3722	0xbe6c3980	0x3e3851ec	0x3e8e20a1	0x3ebd008e
0x3ca2339c	0x3e99999a	0x3f000000	0x3faa3722	0xbe6c2051	0x3e3851ec	0x3e8e340d	0x3ebd1a61
0x3ca30553	0x3e99999a	0x3f000000	0x3faa3722	0xbe6c0726	0x3e3851ec	0x3e8e4779	0x3ebd3435
0x3ca3d70a	0x3e99999a	0x3f000000	0x3faa3722	0xbe6bedfa	0x3e3851ec	0x3e8e5ae8	0x3ebd4e0d
0x3ca4a8c1	0x3e99999a	0x3f000000	0x3faa3722	0xbe6bd4d1	0x3e3851ec	0x3e8e6e58	0x3ebd67e6
0x3ca57a78	0x3e99999a	0x3f000000	0x3faa3722	0xbe6bbba7	0x3e3851ec	0x3e8e81cc	0x3ebd81c5
0x3ca64c30	0x3e99999a	0x3f000000	0x3faa3722	0xbe6ba281	0x3e3851ec	0x3e8e953f	0x3ebd9ba2
0x3ca71de7	0x3e99999a	0x3f000000	0x3faa3722	0xbe6b895c	0x3e3851ec	0x3e8ea8b4	0x3ebdb581
0x3ca7ef9e	0x3e99999a	0x3f000000	0x3faa3722	0xbe6b7037	0x3e3851ec	0x3e8ebc2b	0x3ebdcf64
0x3ca8c155	0x3e99999a	0x3f000000	0x3faa3722	0xbe6b5714	0x3e3851ec	0x3e8ecfa4	0x3ebde949
0x3ca9930c	0x3e99999a	0x3f000000	0x3faa3722	0xbe6b3df1	0x3e3851ec	0x3e8ee31f	0x3ebe0331
0x3caa64c3	0x3e99999a	0x3f000000	0x3faa3722	0xbe6b24d2	0x3e3851ec	0x3e8ef699	0x3ebe1d17
0x3cab367a	0x3e99999a	0x3f000000	0x3faa3722	0xbe6b0bb2	0x3e3851ec	0x3e8f0a17	0x3ebe3703
0x3cac0831	0x3e99999a	0x3f000000	0x3faa3722	0xbe6af295	0x3e3851ec	0x3e8f1d96	0x3ebe50f0
0x3cacd9e8	0x3e99999a	0x3f000000	0x3faa3722	0xbe6ad979	0x3e3851ec	0x3e8f3117	0x3ebe6ae0
0x3cadab9f	0x3e99999a	0x3f000000	0x3faa3722	0xbe6ac05d	0x3e3851ec	0x3e8f449a	0x3ebe84d2
0x3cae7d56	0x3e99999a	0x3f000000	0x3faa3722	0xbe6aa745	0x3e3851ec	0x3e8f581c	0x3ebe9ec3
0x3caf4f0e	0x3e99999a	0x3f000000	0x3faa3722	0xbe6a8e2b	0x3e3851ec	0x3e8f6ba3	0x3ebeb8bb
0x3cb020c5	0x3e99999a	0x3f000000	0x3faa3722	0xbe6a7515	0x3e3851ec	0x3e8f7f29	0x3ebed2b1
0x3cb0f27c	0x3e99999a	0x3f000000	0x3faa3722	0xbe6a5bfe	0x3e3851ec	0x3e8f92b2	0x3ebeecac
0x3cb1c433	0x3e99999a	0x3f000000	0x3faa3722	0xbe6a42eb	0x3e3851ec	0x3e8fa63c	0x3ebf06a7
0x3cb295ea	0x3e99999a	0x3f000000	0x3faa3722	0xbe6a29d7	0x3e3851ec	0x3e8fb9c9	0x3ebf20a7
0x3cb367a1	0x3e99999a	0x3f000000	0x3faa3722	0xbe6a10c6	0x3e3851ec	0x3e8fcd55	0x3ebf3aa5
0x3cb43958	0x3e99999a	0x3f000000	0x3faa3722	0xbe69f7b5	0x3e3851ec	0x3e8fe0e6	0x3ebf54aa
0x3cb50b0f	0x3e99999a	0x3f000000	0x3faa3722	0xbe69dea7	0x3e3851ec	0x3e8ff476	0x3ebf6eae
0x3cb5dcc6	0x3e99999a	0x3f000000	0x3faa3722	0xbe69c59a	0x3e3851ec	0x3e900807	0x3ebf88b3
0x3cb6ae7d	0x3e99999a	0x3f000000	0x3faa3722	0xbe69ac8d	0x3e3851ec	0x3e901b9c	0x3ebfa2bd
0x3cb78034	0x3e99999a	0x3f000000	0x3faa3722	0xbe699383	0x3e3851ec	0x3e902f31	0x3ebfbcc8
0x3cb851ec	0x3e99999a	0x3f000000	0x3faa3722	0xbe697a78	0x3e3851ec	0x3e9042c9	0x3ebfd6d6
0x3cb923a3	0x3e99999a	0x3f000000	0x3faa3722	0xbe696171	0x3e3851ec	0x3e905662	0x3ebff0e6
0x3cb9f55a	0x3e99999a	0x3f000000	0x3faa3722	0xbe694869	0x3e3851ec	0x3e9069fd	0x3ec00af8
0x3cbac711	0x3e99999a	0x3f000000	0x3faa3722	0xbe692f64	0x3e3851ec	0x3e907d99	0x3ec0250c
0x3cbb98c8	0x3e99999a	0x3f000000	0x3faa3722	0xbe691661	0x3e3851ec	0x3e909135	0x3ec03f1f
0x3cbc6a7f	0x3e99999a	0x3f000000	0x3faa3722	0xbe68fd5d	0x3e3851ec	0x3e90a4d5	0x3ec05938
0x3cbd3c36	0x3e99999a	0x3f000000	0x3faa3722	0xbe68e45c	0x3e3851ec	0x3e90b875	0x3ec07351
0x3cbe0ded	0x3e99999a	0x3f000000	0x3faa3722	0xbe68cb5b	0x3e3851ec	0x3e90cc19	0x3ec08d6f
0x3cbedfa4	0x3e99999a	0x3f000000	0x3faa3722	0xbe68b25d	0x3e3851ec	0x3e90dfbd	0x3ec0a78e
0x3cbfb15b	0x3e99999a	0x3f000000	0x3faa3722	0xbe68995e	0x3e3851ec	0x3e90f363	0x3ec0c1af
0x3cc08312	0x3e99999a	0x3f000000	0x3faa3722	0xbe688063	0x3e3851ec	0x3e910709	0x3ec0dbcf
0x3cc154ca	0x3e99999a	0x3f000000	0x3faa3722	0xbe686767	0x3e3851ec	0x3e911ab3	0x3ec0f5f6
0x3cc22681	0x3e99999a	0x3f000000	0x3faa3722	0xbe684e6e	0x3e3851ec	0x3e912e5e	0x3ec1101d
0x3cc2f838	0x3e99999a	0x3f000000	0x3faa3722	0xbe683575	0x3e3851ec	0x3e91420a	0x3ec12a46
0x3cc3c9ef	0x3e99999a	0x3f000000	0x3faa3722	0xbe681c7f	0x3e3851ec	0x3e9155b8	0x3ec14472
0x3cc49ba6	0x3e99999a	0x3f000000	0x3faa3722	0xbe68038b	0x3e3851ec	0x3e916966	0x3ec15e9d
0x3cc56d5d	0x3e99999a	0x3f000000	0x3faa3722	0xbe67ea96	0x3e3851ec	0x3e917d18	0x3ec178ce
0x3cc63f14	0x3e99999a	0x3f000000	0x3faa3722	0xbe67d1a4	0x3e3851ec	0x3e9190c9	0x3ec192fe
0x3cc710cb	0x3e99999a	0x3f000000	0x3faa3722	0xbe67b8b1	0x3e3851ec	0x3e91a47f	0x3ec1ad34
0x3cc7e282	0x3e99999a	0x3f000000	0x3faa3722	0xbe679fc2	0x3e3851ec	0x3e91b833	0x3ec1c768
0x3cc8b439	0x3e99999a	0x3f000000	0x3faa3722	0xbe6786d2	0x3e3851ec	0x3e91cbec	0x3ec1e1a2
0x3cc985f0	0x3e99999a	0x3f000000	0x3faa3722	0xbe676de6	0x3e3851ec	0x3e91dfa4	0x3ec1fbdb
0x3cca57a8	0x3e99999a	0x3f000000	0x3faa3722	0xbe6754fa	0x3e3851ec	0x3e91f35f	0x3ec21618
0x3ccb295f	0x3e99999a	0x3f000000	0x3faa3722	0xbe673c0f	0x3e3851ec	0x3e92071b	0x3ec23056
0x3ccbfb16	0x3e99999a	0x3f000000	0x3faa3722	0xbe672326	0x3e3851ec	0x3e921ad8	0x3ec24a95
0x3ccccccd	0x3e99999a	0x3f000000	0x3faa3722	0xbe670a3d	0x3e3851ec	0x3e922e99	0x3ec264da
0x3ccd9e84	0x3e99999a	0x3f000000	0x3faa3722	0xbe66f157	0x3e3851ec	0x3e924259	0x3ec27f1e
0x3cce703b	0x3e99999a	0x3f000000	0x3faa3722	0xbe66d871	0x3e3851ec	0x3e92561c	0x3ec29965
0x3ccf41f2	0x3e99999a	0x3f000000	0x3faa3722	0xbe66bf8e	0x3e3851ec	0x3e9269e0	0x3ec2b3ae
0x3cd013a9	0x3e99999a	0x3f000000	0x3faa3722	0xbe66a6aa	0x3e3851ec	0x3e927da7	0x3ec2cdfb
0x3cd0e560	0x3e99999a	0x3f000000	0x3faa3722	0xbe668dca	0x3e3851ec	0x3e92916d	0x3ec2e846
0x3cd1b717	0x3e99999a	0x3f000000	0x3faa3722	0xbe6674ea	0x3e3851ec	0x3e92a536	0x3ec30296
0x3cd288ce	0x3e99999a	0x3f000000	0x3faa3722	0xbe665c0b	0x3e3851ec	0x3e92b901	0x3ec31ce8
0x3cd35a86	0x3e99999a	0x3f000000	0x3faa3722	0xbe66432e	0x3e3851ec	0x3e92cccd	0x3ec3373b
0x3cd42c3d	0x3e99999a	0x3f000000	0x3faa3722	0xbe662a51	0x3e3851ec	0x3e92e09c	0x3ec35193
0x3cd4fdf4	0x3e99999a	0x3f000000	0x3faa3722	0xbe661178	0x3e3851ec	0x3e92f469	0x3ec36be8
0x3cd5cfab	0x3e99999a	0x3f000000	0x3faa3722	0xbe65f89d	0x3e3851ec	0x3e93083c	0x3ec38644
0x3cd6a162	0x3e99999a	0x3f000000	0x3faa3722	0xbe65dfc6	0x3e3851ec	0x3e931c0e	0x3ec3a0a0
0x3cd77319	0x3e99999a	0x3f000000	0x3faa3722	0xbe65c6ef	0x3e3851ec	0x3e932fe3	0x3ec3baff
0x3cd844d0	0x3e99999a	0x3f000000	0x3faa3722	0xbe65ae1a	0x3e3851ec	0x3e9343b9	0x3ec3d560
0x3cd91687	0x3e99999a	0x3f000000	0x3faa3722	0xbe659547	0x3e3851ec	0x3e93578f	0x3ec3efc1
0x3cd9e83e	0x3e99999a	0x3f000000	0x3faa3722	0xbe657c74	0x3e3851ec	0x3e936b69	0x3ec40a27
0x3cdab9f5	0x3e99999a	0x3f000000	0x3faa3722	0xbe6563a3	0x3e3851ec	0x3e937f43	0x3ec4248d
0x3cdb8bac	0x3e99999a	0x3f000000	0x3faa3722	0xbe654ad2	0x3e3851ec	0x3e939321	0x3ec43ef8
0x3cdc5d64	0x3e99999a	0x3f000000	0x3faa3722	0xbe653205	0x3e3851ec	0x3e93a6fd	0x3ec45961
0x3cdd2f1b	0x3e99999a	0x3f000000	0x3faa3722	0xbe651936	0x3e3851ec	0x3e93bade	0x3ec473d0
0x3cde00d2	0x3e99999a	0x3f000000	0x3faa3722	0xbe65006b	0x3e3851ec	0x3e93cebe	0x3ec48e3e
0x3cded289	0x3e99999a	0x3f000000	0x3faa3722	0xbe64e7a0	0x3e3851ec	0x3e93e2a1	0x3ec4a8b0
0x3cdfa440	0x3e99999a	0x3f000000	0x3faa3722	0xbe64ced8	0x3e3851ec	0x3e93f685	0x3ec4c324
0x3ce075f7	0x3e99999a	0x3f000000	0x3faa3722	0xbe64b611	0x3e3851ec	0x3e940a6a	0x3ec4dd99
0x3ce147ae	0x3e99999a	0x3f000000	0x3faa3722	0xbe649d49	0x3e3851ec	0x3e941e52	0x3ec4f811
0x3ce21965	0x3e99999a	0x3f000000	0x3faa3722	0xbe648485	0x3e3851ec	0x3e94323a	0x3ec5128a
0x3ce2eb1c	0x3e99999a	0x3f000000	0x3faa3722	0xbe646bc0	0x3e3851ec	0x3e944627	0x3ec52d09
0x3ce3bcd3	0x3e99999a	0x3f000000	0x3faa3722	0xbe6452fe	0x3e3851ec	0x3e945a12	0x3ec54786
0x3ce48e8a	0x3e99999a	0x3f000000	0x3faa3722	0xbe643a3c	0x3e3851ec	0x3e946e00	0x3ec56207
0x3ce56042	0x3e99999a	0x3f000000	0x3faa3722	0xbe64217d	0x3e3851ec	0x3e9481f0	0x3ec57c8a
0x3ce631f9	0x3e99999a	0x3f000000	0x3faa3722	0xbe6408be	0x3e3851ec	0x3e9495e1	0x3ec5970f
0x3ce703b0	0x3e99999a	0x3f000000	0x3faa3722	0xbe63f002	0x3e3851ec	0x3e94a9d2	0x3ec5b193
0x3ce7d567	0x3e99999a	0x3f000000	0x3faa3722	0xbe63d747	0x3e3851ec	0x3e94bdc6	0x3ec5cc1c
0x3ce8a71e	0x3e99999a	0x3f000000	0x3faa3722	0xbe63be8b	0x3e3851ec	0x3e94d1bd	0x3ec5e6a9
0x3ce978d5	0x3e99999a	0x3f000000	0x3faa3722	0xbe63a5d3	0x3e3851ec	0x3e94e5b3	0x3ec60134
0x3cea4a8c	0x3e99999a	0x3f000000	0x3faa3722	0xbe638d1a	0x3e3851ec	0x3e94f9ad	0x3ec61bc5
0x3ceb1c43	0x3e99999a	0x3f000000	0x3faa3722	0xbe637465	0x3e3851ec	0x3e950da7	0x3ec63655
0x3cebedfa	0x3e99999a	0x3f000000	0x3faa3722	0xbe635baf	0x3e3851ec	0x3e9521a4	0x3ec650ea
0x3cecbfb1	0x3e99999a	0x3f000000	0x3faa3722	0xbe6342fc	0x3e3851ec	0x3e9535a1	0x3ec66b7f
0x3ced9168	0x3e99999a	0x3f000000	0x3faa3722	0xbe632a4a	0x3e3851ec	0x3e9549a0	0x3ec68616
0x3cee6320	0x3e99999a	0x3f000000	0x3faa3722	0xbe631198	0x3e3851ec	0x3e955da2	0x3ec6a0b1
0x3cef34d7	0x3e99999a	0x3f000000	0x3faa3722	0xbe62f8ea	0x3e3851ec	0x3e9571a3	0x3ec6bb4b
0x3cf0068e	0x3e99999a	0x3f000000	0x3faa3722	0xbe62e03a	0x3e3851ec	0x3e9585a9	0x3ec6d5ec
0x3cf0d845	0x3e99999a	0x3f000000	0x3faa3722	0xbe62c78e	0x3e3851ec	0x3e9599ae	0x3ec6f08b
0x3cf1a9fc	0x3e99999a	0x3f000000	0x3faa3722	0xbe62aee2	0x3e3851ec	0x3e95adb5	0x3ec70b2d
0x3cf27bb3	0x3e99999a	0x3f000000	0x3faa3722	0xbe629638	0x3e3851ec	0x3e95c1be	0x3ec725d1
0x3cf34d6a	0x3e99999a	0x3f000000	0x3faa3722	0xbe627d8e	0x3e3851ec	0x3e95d5c9	0x3ec74079
0x3cf41f21	0x3e99999a	0x3f000000	0x3faa3722	0xbe6264e7	0x3e3851ec	0x3e95e9d5	0x3ec75b21
0x3cf4f0d8	0x3e99999a	0x3f000000	0x3faa3722	0xbe624c40	0x3e3851ec	0x3e95fde4	0x3ec775ce
0x3cf5c28f	0x3e99999a	0x3f000000	0x3faa3722	0xbe62339c	0x3e3851ec	0x3e9611f1	0x3ec79078
0x3cf69446	0x3e99999a	0x3f000000	0x3faa3722	0xbe621af9	0x3e3851ec	0x3e962602	0x3ec7ab27
0x3cf765fe	0x3e99999a	0x3f000000	0x3faa3722	0xbe620256	0x3e3851ec	0x3e963a15	0x3ec7c5d9
0x3cf837b5	0x3e99999a	0x3f000000	0x3faa3722	0xbe61e9b6	0x3e3851ec	0x3e964e29	0x3ec7e08c
0x3cf9096c	0x3e99999a	0x3f000000	0x3faa3722	0xbe61d115	0x3e3851ec	0x3e96623f	0x3ec7fb42
0x3cf9db23	0x3e99999a	0x3f000000	0x3faa3722	0xbe61b878	0x3e3851ec	0x3e967656	0x3ec815f9
0x3cfaacda	0x3e99999a	0x3f000000	0x3faa3722	0xbe619fda	0x3e3851ec	0x3e968a6f	0x3ec830b3
0x3cfb7e91	0x3e99999a	0x3f000000	0x3faa3722	0xbe61873f	0x3e3851ec	0x3e969e8a	0x3ec84b6f
0x3cfc5048	0x3e99999a	0x3f000000	0x3faa3722	0xbe616ea6	0x3e3851ec	0x3e96b2a5	0x3ec8662c
0x3cfd21ff	0x3e99999a	0x3f000000	0x3faa3722	0xbe61560c	0x3e3851ec	0x3e96c6c3	0x3ec880ec
0x3cfdf3b6	0x3e99999a	0x3f000000	0x3faa3722	0xbe613d76	0x3e3851ec	0x3e96dae1	0x3ec89bad
0x3cfec56d	0x3e99999a	0x3f000000	0x3faa3722	0xbe6124de	0x3e3851ec	0x3e96ef03	0x3ec8b673
0x3cff9724	0x3e99999a	0x3f000000	0x3faa3722	0xbe610c4a	0x3e3851ec	0x3e970325	0x3ec8d139
0x3d00346e	0x3e99999a	0x3f000000	0x3faa3722	0xbe60f3b6	0x3e3851ec	0x3e971749	0x3ec8ec01
0x3d009d49	0x3e99999a	0x3f000000	0x3faa3722	0xbe60db25	0x3e3851ec	0x3e972b6d	0x3ec906ca
0x3d010625	0x3e99999a	0x3f000000	0x3faa3722	0xbe60c293	0x3e3851ec	0x3e973f96	0x3ec92199
0x3d016f00	0x3e99999a	0x3f000000	0x3faa3722	0xbe60aa04	0x3e3851ec	0x3e9753bf	0x3ec93c68
0x3d01d7dc	0x3e99999a	0x3f000000	0x3faa3722	0xbe609175	0x3e3851ec	0x3e9767e8	0x3ec95737
0x3d0240b8	0x3e99999a	0x3f000000	0x3faa3722	0xbe6078e9	0x3e3851ec	0x3e977c14	0x3ec9720a
0x3d02a993	0x3e99999a	0x3f000000	0x3faa3722	0xbe60605f	0x3e3851ec	0x3e979041	0x3ec98cdf
0x3d03126f	0x3e99999a	0x3f000000	0x3faa3722	0xbe6047d3	0x3e3851ec	0x3e97a471	0x3ec9a7b7
0x3d037b4a	0x3e99999a	0x3f000000	0x3faa3722	0xbe602f4c	0x3e3851ec	0x3e97b8a0	0x3ec9c28e
0x3d03e426	0x3e99999a	0x3f000000	0x3faa3722	0xbe6016c3	0x3e3851ec	0x3e97ccd4	0x3ec9dd6c
0x3d044d01	0x3e99999a	0x3f000000	0x3faa3722	0xbe5ffe3e	0x3e3851ec	0x3e97e106	0x3ec9f847
0x3d04b5dd	0x3e99999a	0x3f000000	0x3faa3722	0xbe5fe5b8	0x3e3851ec	0x3e97f53d	0x3eca1329
0x3d051eb8	0x3e99999a	0x3f000000	0x3faa3722	0xbe5fcd36	0x3e3851ec	0x3e980973	0x3eca2e09
0x3d058794	0x3e99999a	0x3f000000	0x3faa3722	0xbe5fb4b5	0x3e3851ec	0x3e981daa	0x3eca48eb
0x3d05f06f	0x3e99999a	0x3f000000	0x3faa3722	0xbe5f9c33	0x3e3851ec	0x3e9831e6	0x3eca63d3
0x3d06594b	0x3e99999a	0x3f000000	0x3faa3722	0xbe5f83b4	0x3e3851ec	0x3e984621	0x3eca7eba
0x3d06c227	0x3e99999a	0x3f000000	0x3faa3722	0xbe5f6b35	0x3e3851ec	0x3e985a5f	0x3eca99a5
0x3d072b02	0x3e99999a	0x3f000000	0x3faa3722	0xbe5f52ba	0x3e3851ec	0x3e986e9d	0x3ecab491
0x3d0793de	0x3e99999a	0x3f000000	0x3faa3722	0xbe5f3a3d	0x3e3851ec	0x3e9882de	0x3ecacf80
0x3d07fcb9	0x3e99999a	0x3f000000	0x3faa3722	0xbe5f21c4	0x3e3851ec	0x3e98971f	0x3ecaea6f
0x3d086595	0x3e99999a	0x3f000000	0x3faa3722	0xbe5f094a	0x3e3851ec	0x3e98ab64	0x3ecb0563
0x3d08ce70	0x3e99999a	0x3f000000	0x3faa3722	0xbe5ef0d4	0x3e3851ec	0x3e98bfa8	0x3ecb2056
0x3d09374c	0x3e99999a	0x3f000000	0x3faa3722	0xbe5ed85d	0x3e3851ec	0x3e98d3ef	0x3ecb3b4d
0x3d09a027	0x3e99999a	0x3f000000	0x3faa3722	0xbe5ebfe9	0x3e3851ec	0x3e98e837	0x3ecb5645
0x3d0a0903	0x3e99999a	0x3f000000	0x3faa3722	0xbe5ea777	0x3e3851ec	0x3e98fc80	0x3ecb713f
0x3d0a71de	0x3e99999a	0x3f000000	0x3faa3722	0xbe5e8f04	0x3e3851ec	0x3e9910cd	0x3ecb8c3e
0x3d0adaba	0x3e99999a	0x3f000000	0x3faa3722	0xbe5e7694	0x3e3851ec	0x3e992519	0x3ecba73c
0x3d0b4396	0x3e99999a	0x3f000000	0x3faa3722	0xbe5e5e24	0x3e3851ec	0x3e993969	0x3ecbc23f
0x3d0bac71	0x3e99999a	0x3f000000	0x3faa3722	0xbe5e45b7	0x3e3851ec	0x3e994db8	0x3ecbdd40
0x3d0c154d	0x3e99999a	0x3f000000	0x3faa3722	0xbe5e2d49	0x3e3851ec	0x3e99620b	0x3ecbf847
0x3d0c7e28	0x3e99999a	0x3f000000	0x3faa3722	0xbe5e14df	0x3e3851ec	0x3e99765d	0x3ecc134d
0x3d0ce704	0x3e99999a	0x3f000000	0x3faa3722	0xbe5dfc76	0x3e3851ec	0x3e998ab1	0x3ecc2e55
0x3d0d4fdf	0x3e99999a	0x3f000000	0x3faa3722	0xbe5de40c	0x3e3851ec	0x3e999f09	0x3ecc4963
0x3d0db8bb	0x3e99999a	0x3f000000	0x3faa3722	0xbe5dcba6	0x3e3851ec	0x3e99b360	0x3ecc646f
0x3d0e2196	0x3e99999a	0x3f000000	0x3faa3722	0xbe5db33f	0x3e3851ec	0x3e99c7bb	0x3ecc7f81
0x3d0e8a72	0x3e99999a	0x3f000000	0x3faa3722	0xbe5d9adb	0x3e3851ec	0x3e99dc15	0x3ecc9a91
0x3d0ef34d	0x3e99999a	0x3f000000	0x3faa3722	0xbe5d8277	0x3e3851ec	0x3e99f073	0x3eccb5a7
0x3d0f5c29	0x3e99999a	0x3f000000	0x3faa3722	0xbe5d6a16	0x3e3851ec	0x3e9a04d0	0x3eccd0bb
0x3d0fc505	0x3e99999a	0x3f000000	0x3faa3722	0xbe5d51b5	0x3e3851ec	0x3e9a1931	0x3eccebd5
0x3d102de0	0x3e99999a	0x3f000000	0x3faa3722	0xbe5d3957	0x3e3851ec	0x3e9a2d91	0x3ecd06ed
0x3d1096bc	0x3e99999a	0x3f000000	0x3faa3722	0xbe5d20f8	0x3e3851ec	0x3e9a41f6	0x3ecd220c
0x3d10ff97	0x3e99999a	0x3f000000	0x3faa3722	0xbe5d089c	0x3e3851ec	0x3e9a5659	0x3ecd3d28
0x3d116873	0x3e99999a	0x3f000000	0x3faa3722	0xbe5cf042	0x3e3851ec	0x3e9a6abf	0x3ecd5849
0x3d11d14e	0x3e99999a	0x3f000000	0x3faa3722	0xbe5cd7e7	0x3e3851ec	0x3e9a7f28	0x3ecd736d
0x3d123a2a	0x3e99999a	0x3f000000	0x3faa3722	0xbe5cbf90	0x3e3851ec	0x3e9a9390	0x3ecd8e90
0x3d12a305	0x3e99999a	0x3f000000	0x3faa3722	0xbe5ca737	0x3e3851ec	0x3e9aa7fd	0x3ecda9b9
0x3d130be1	0x3e99999a	0x3f000000	0x3faa3722	0xbe5c8ee3	0x3e3851ec	0x3e9abc68	0x3ecdc4e0
0x3d1374bc	0x3e99999a	0x3f000000	0x3faa3722	0xbe5c768d	0x3e3851ec	0x3e9ad0d7	0x3ecde00c
0x3d13dd98	0x3e99999a	0x3f000000	0x3faa3722	0xbe5c5e3b	0x3e3851ec	0x3e9ae546	0x3ecdfb39
0x3d144674	0x3e99999a	0x3f000000	0x3faa3722	0xbe5c45ea	0x3e3851ec	0x3e9af9b7	0x3ece1668
0x3d14af4f	0x3e99999a	0x3f000000	0x3faa3722	0xbe5c2d99	0x3e3851ec	0x3e9b0e2a	0x3ece3199
0x3d15182b	0x3e99999a	0x3f000000	0x3faa3722	0xbe5c154b	0x3e3851ec	0x3e9b229e	0x3ece4ccc
0x3d158106	0x3e99999a	0x3f000000	0x3faa3722	0xbe5bfcfc	0x3e3851ec	0x3e9b3714	0x3ece6801
0x3d15e9e2	0x3e99999a	0x3f000000	0x3faa3722	0xbe5be4b0	0x3e3851ec	0x3e9b4b8c	0x3ece833a
0x3d1652bd	0x3e99999a	0x3f000000	0x3faa3722	0xbe5bcc64	0x3e3851ec	0x3e9b6005	0x3ece9e73
0x3d16bb99	0x3e99999a	0x3f000000	0x3faa3722	0xbe5bb41b	0x3e3851ec	0x3e9b747f	0x3eceb9ae
0x3d172474	0x3e99999a	0x3f000000	0x3faa3722	0xbe5b9bd4	0x3e3851ec	0x3e9b88fa	0x3eced4ea
0x3d178d50	0x3e99999a	0x3f000000	0x3faa3722	0xbe5b838c	0x3e3851ec	0x3e9b9d79	0x3ecef02c
0x3d17f62b	0x3e99999a	0x3f000000	0x3faa3722	0xbe5b6b47	0x3e3851ec	0x3e9bb1f8	0x3ecf0b6d
0x3d185f07	0x3e99999a	0x3f000000	0x3faa3722	0xbe5b5302	0x3e3851ec	0x3e9bc679	0x3ecf26b1
0x3d18c7e3	0x3e99999a	0x3f000000	0x3faa3722	0xbe5b3ac0	0x3e3851ec	0x3e9bdafb	0x3ecf41f7
0x3d1930be	0x3e99999a	0x3f000000	0x3faa3722	0xbe5b227d	0x3e3851ec	0x3e9bef80	0x3ecf5d40
0x3d19999a	0x3e99999a	0x3f000000	0x3faa3722	0xbe5b0a3e	0x3e3851ec	0x3e9c0404	0x3ecf7888
0x3d1a0275	0x3e99999a	0x3f000000	0x3faa3722	0xbe5af1fe	0x3e3851ec	0x3e9c188c	0x3ecf93d6
0x3d1a6b51	0x3e99999a	0x3f000000	0x3faa3722	0xbe5ad9c1	0x3e3851ec	0x3e9c2d14	0x3ecfaf23
0x3d1ad42c	0x3e99999a	0x3f000000	0x3faa3722	0xbe5ac184	0x3e3851ec	0x3e9c419f	0x3ecfca75
0x3d1b3d08	0x3e99999a	0x3f000000	0x3faa3722	0xbe5aa94a	0x3e3851ec	0x3e9c562a	0x3ecfe5c6
0x3d1ba5e3	0x3e99999a	0x3f000000	0x3faa3722	0xbe5a9111	0x3e3851ec	0x3e9c6ab8	0x3ed0011c
0x3d1c0ebf	0x3e99999a	0x3f000000	0x3faa3722	0xbe5a78d8	0x3e3851ec	0x3e9c7f47	0x3ed01c73
0x3d1c779a	0x3e99999a	0x3f000000	0x3faa3722	0xbe5a60a2	0x3e3851ec	0x3e9c93d7	0x3ed037cb
0x3d1ce076	0x3e99999a	0x3f000000	0x3faa3722	0xbe5a486b	0x3e3851ec	0x3e9ca86b	0x3ed05328
0x3d1d4952	0x3e99999a	0x3f000000	0x3faa3722	0xbe5a3038	0x3e3851ec	0x3e9cbcfd	0x3ed06e83
0x3d1db22d	0x3e99999a	0x3f000000	0x3faa3722	0xbe5a1804	0x3e3851ec	0x3e9cd194	0x3ed089e4
0x3d1e1b09	0x3e99999a	0x3f000000	0x3faa3722	0xbe59ffd4	0x3e3851ec	0x3e9ce629	0x3ed0a543
0x3d1e83e4	0x3e99999a	0x3f000000	0x3faa3722	0xbe59e7a4	0x3e3851ec	0x3e9cfac1	0x3ed0c0a6
0x3d1eecc0	0x3e99999a	0x3f000000	0x3faa3722	0xbe59cf74	0x3e3851ec	0x3e9d0f5c	0x3ed0dc0d
0x3d1f559b	0x3e99999a	0x3f000000	0x3faa3722	0xbe59b748	0x3e3851ec	0x3e9d23f6	0x3ed0f772
0x3d1fbe77	0x3e99999a	0x3f000000	0x3faa3722	0xbe599f1b	0x3e3851ec	0x3e9d3894	0x3ed112dd
0x3d202752	0x3e99999a	0x3f000000	0x3faa3722	0xbe5986f1	0x3e3851ec	0x3e9d4d32	0x3ed12e47
0x3d20902e	0x3e99999a	0x3f000000	0x3faa3722	0xbe596ec6	0x3e3851ec	0x3e9d61d3	0x3ed149b6
0x3d20f909	0x3e99999a	0x3f000000	0x3faa3722	0xbe59569f	0x3e3851ec	0x3e9d7674	0x3ed16525
0x3d2161e5	0x3e99999a	0x3f000000	0x3faa3722	0xbe593e77	0x3e3851ec	0x3e9d8b17	0x3ed18096
0x3d21cac1	0x3e99999a	0x3f000000	0x3faa3722	0xbe592653	0x3e3851ec	0x3e9d9fbb	0x3ed19c09
0x3d22339c	0x3e99999a	0x3f000000	0x3faa3722	0xbe590e2e	0x3e3851ec	0x3e9db462	0x3ed1b780
0x3d229c78	0x3e99999a	0x3f000000	0x3faa3722	0xbe58f60c	0x3e3851ec	0x3e9dc90a	0x3ed1d2f8
0x3d230553	0x3e99999a	0x3f000000	0x3faa3722	0xbe58ddeb	0x3e3851ec	0x3e9dddb3	0x3ed1ee71
0x3d236e2f	0x3e99999a	0x3f000000	0x3faa3722	0xbe58c5ca	0x3e3851ec	0x3e9df25f	0x3ed209ee
0x3d23d70a	0x3e99999a	0x3f000000	0x3faa3722	0xbe58adac	0x3e3851ec	0x3e9e070a	0x3ed2256a
0x3d243fe6	0x3e99999a	0x3f000000	0x3faa3722	0xbe58958e	0x3e3851ec	0x3e9e1bba	0x3ed240ed
0x3d24a8c1	0x3e99999a	0x3f000000	0x3faa3722	0xbe587d73	0x3e3851ec	0x3e9e3068	0x3ed25c6d
0x3d25119d	0x3e99999a	0x3f000000	0x3faa3722	0xbe586557	0x3e3851ec	0x3e9e451a	0x3ed277f2
0x3d257a78	0x3e99999a	0x3f000000	0x3faa3722	0xbe584d3e	0x3e3851ec	0x3e9e59cd	0x3ed29379
0x3d25e354	0x3e99999a	0x3f000000	0x3faa3722	0xbe583527	0x3e3851ec	0x3e9e6e80	0x3ed2af00
0x3d264c30	0x3e99999a	0x3f000000	0x3faa3722	0xbe581d10	0x3e3851ec	0x3e9e8337	0x3ed2ca8c
0x3d26b50b	0x3e99999a	0x3f000000	0x3faa3722	0xbe5804fb	0x3e3851ec	0x3e9e97ee	0x3ed2e618
0x3d271de7	0x3e99999a	0x3f000000	0x3faa3722	0xbe57ece6	0x3e3851ec	0x3e9eaca7	0x3ed301a6
0x3d2786c2	0x3e99999a	0x3f000000	0x3faa3722	0xbe57d4d4	0x3e3851ec	0x3e9ec161	0x3ed31d36
0x3d27ef9e	0x3e99999a	0x3f000000	0x3faa3722	0xbe57bcc2	0x3e3851ec	0x3e9ed61f	0x3ed338cb
0x3d285879	0x3e99999a	0x3f000000	0x3faa3722	0xbe57a4b3	0x3e3851ec	0x3e9eeadc	0x3ed3545f
0x3d28c155	0x3e99999a	0x3f000000	0x3faa3722	0xbe578ca3	0x3e3851ec	0x3e9eff9b	0x3ed36ff6
0x3d292a30	0x3e99999a	0x3f000000	0x3faa3722	0xbe577497	0x3e3851ec	0x3e9f145b	0x3ed38b8e
0x3d29930c	0x3e99999a	0x3f000000	0x3faa3722	0xbe575c8a	0x3e3851ec	0x3e9f291e	0x3ed3a72a
0x3d29fbe7	0x3e99999a	0x3f000000	0x3faa3722	0xbe574480	0x3e3851ec	0x3e9f3de2	0x3ed3c2c7
0x3d2a64c3	0x3e99999a	0x3f000000	0x3faa3722	0xbe572c78	0x3e3851ec	0x3e9f52a6	0x3ed3de64
0x3d2acd9f	0x3e99999a	0x3f000000	0x3faa3722	0xbe57146f	0x3e3851ec	0x3e9f676e	0x3ed3fa07
0x3d2b367a	0x3e99999a	0x3f000000	0x3faa3722	0xbe56fc69	0x3e3851ec	0x3e9f7c36	0x3ed415a9
0x3d2b9f56	0x3e99999a	0x3f000000	0x3faa3722	0xbe56e463	0x3e3851ec	0x3e9f9101	0x3ed43150
0x3d2c0831	0x3e99999a	0x3f000000	0x3faa3722	0xbe56cc60	0x3e3851ec	0x3e9fa5cb	0x3ed44cf5
0x3d2c710d	0x3e99999a	0x3f000000	0x3faa3722	0xbe56b45c	0x3e3851ec	0x3e9fba9a	0x3ed468a1
0x3d2cd9e8	0x3e99999a	0x3f000000	0x3faa3722	0xbe569c5c	0x3e3851ec	0x3e9fcf67	0x3ed4844a
0x3d2d42c4	0x3e99999a	0x3f000000	0x3faa3722	0xbe56845d	0x3e3851ec	0x3e9fe437	0x3ed49ff8
0x3d2dab9f	0x3e99999a	0x3f000000	0x3faa3722	0xbe566c5e	0x3e3851ec	0x3e9ff909	0x3ed4bba7
0x3d2e147b	0x3e99999a	0x3f000000	0x3faa3722	0xbe565461	0x3e3851ec	0x3ea00ddd	0x3ed4d75a
0x3d2e7d56	0x3e99999a	0x3f000000	0x3faa3722	0xbe563c65	0x3e3851ec	0x3ea022b2	0x3ed4f30e
0x3d2ee632	0x3e99999a	0x3f000000	0x3faa3722	0xbe56246b	0x3e3851ec	0x3ea03787	0x3ed50ec2
0x3d2f4f0e	0x3e99999a	0x3f000000	0x3faa3722	0xbe560c71	0x3e3851ec	0x3ea04c61	0x3ed52a7c
0x3d2fb7e9	0x3e99999a	0x3f000000	0x3faa3722	0xbe55f47a	0x3e3851ec	0x3ea06139	0x3ed54634
0x3d3020c5	0x3e99999a	0x3f000000	0x3faa3722	0xbe55dc82	0x3e3851ec	0x3ea07615	0x3ed561f1
0x3d3089a0	0x3e99999a	0x3f000000	0x3faa3722	0xbe55c48e	0x3e3851ec	0x3ea08af2	0x3ed57db0
0x3d30f27c	0x3e99999a	0x3f000000	0x3faa3722	0xbe55ac99	0x3e3851ec	0x3ea09fd1	0x3ed59971
0x3d315b57	0x3e99999a	0x3f000000	0x3faa3722	0xbe5594a8	0x3e3851ec	0x3ea0b4af	0x3ed5b531
0x3d31c433	0x3e99999a	0x3f000000	0x3faa3722	0xbe557cb8	0x3e3851ec	0x3ea0c98e	0x3ed5d0f2
0x3d322d0e	0x3e99999a	0x3f000000	0x3faa3722	0xbe5564c7	0x3e3851ec	0x3ea0de73	0x3ed5ecbb
0x3d3295ea	0x3e99999a	0x3f000000	0x3faa3722	0xbe554cd9	0x3e3851ec	0x3ea0f357	0x3ed60883
0x3d32fec5	0x3e99999a	0x3f000000	0x3faa3722	0xbe5534eb	0x3e3851ec	0x3ea1083d	0x3ed6244d
0x3d3367a1	0x3e99999a	0x3f000000	0x3faa3722	0xbe551d00	0x3e3851ec	0x3ea11d24	0x3ed64019
0x3d33d07d	0x3e99999a	0x3f000000	0x3faa3722	0xbe550515	0x3e3851ec	0x3ea1320d	0x3ed65be8
0x3d343958	0x3e99999a	0x3f000000	0x3faa3722	0xbe54ed2d	0x3e3851ec	0x3ea146f7	0x3ed677b7
0x3d34a234	0x3e99999a	0x3f000000	0x3faa3722	0xbe54d546	0x3e3851ec	0x3ea15be3	0x3ed6938a
0x3d350b0f	0x3e99999a	0x3f000000	0x3faa3722	0xbe54bd5f	0x3e3851ec	0x3ea170d1	0x3ed6af5f
0x3d3573eb	0x3e99999a	0x3f000000	0x3faa3722	0xbe54a57a	0x3e3851ec	0x3ea185c0	0x3ed6cb35
0x3d35dcc6	0x3e99999a	0x3f000000	0x3faa3722	0xbe548d96	0x3e3851ec	0x3ea19ab1	0x3ed6e70e
0x3d3645a2	0x3e99999a	0x3f000000	0x3faa3722	0xbe5475b4	0x3e3851ec	0x3ea1afa3	0x3ed702e9
0x3d36ae7d	0x3e99999a	0x3f000000	0x3faa3722	0xbe545dd2	0x3e3851ec	0x3ea1c498	0x3ed71ec7
0x3d371759	0x3e99999a	0x3f000000	0x3faa3722	0xbe5445f4	0x3e3851ec	0x3ea1d98b	0x3ed73aa3
0x3d378034	0x3e99999a	0x3f000000	0x3faa3722	0xbe542e16	0x3e3851ec	0x3ea1ee82	0x3ed75684
0x3d37e910	0x3e99999a	0x3f000000	0x3faa3722	0xbe541638	0x3e3851ec	0x3ea2037b	0x3ed77268
0x3d3851ec	0x3e99999a	0x3f000000	0x3faa3722	0xbe53fe5c	0x3e3851ec	0x3ea21874	0x3ed78e4c
0x3d38bac7	0x3e99999a	0x3f000000	0x3faa3722	0xbe53e682	0x3e3851ec	0x3ea22d70	0x3ed7aa33
0x3d3923a3	0x3e99999a	0x3f000000	0x3faa3722	0xbe53ceaa	0x3e3851ec	0x3ea2426c	0x3ed7c61b
0x3d398c7e	0x3e99999a	0x3f000000	0x3faa3722	0xbe53b6d1	0x3e3851ec	0x3ea2576b	0x3ed7e207
0x3d39f55a	0x3e99999a	0x3f000000	0x3faa3722	0xbe539efc	0x3e3851ec	0x3ea26c6a	0x3ed7fdf3
0x3d3a5e35	0x3e99999a	0x3f000000	0x3faa3722	0xbe538726	0x3e3851ec	0x3ea2816e	0x3ed819e5
0x3d3ac711	0x3e99999a	0x3f000000	0x3faa3722	0xbe536f53	0x3e3851ec	0x3ea29670	0x3ed835d5
0x3d3b2fec	0x3e99999a	0x3f000000	0x3faa3722	0xbe535780	0x3e3851ec	0x3ea2ab74	0x3ed851c7
0x3d3b98c8	0x3e99999a	0x3f000000	0x3faa3722	0xbe533fb0	0x3e3851ec	0x3ea2c07a	0x3ed86dbc
0x3d3c01a3	0x3e99999a	0x3f000000	0x3faa3722	0xbe5327e2	0x3e3851ec	0x3ea2d581	0x3ed889b2
0x3d3c6a7f	0x3e99999a	0x3f000000	0x3faa3722	0xbe531012	0x3e3851ec	0x3ea2ea8b	0x3ed8a5ad
0x3d3cd35b	0x3e99999a	0x3f000000	0x3faa3722	0xbe52f846	0x3e3851ec	0x3ea2ff96	0x3ed8c1a8
0x3d3d3c36	0x3e99999a	0x3f000000	0x3faa3722	0xbe52e07a	0x3e3851ec	0x3ea314a2	0x3ed8dda5
0x3d3da512	0x3e99999a	0x3f000000	0x3faa3722	0xbe52c8b1	0x3e3851ec	0x3ea329af	0x3ed8f9a4
0x3d3e0ded	0x3e99999a	0x3f000000	0x3faa3722	0xbe52b0e7	0x3e3851ec	0x3ea33ebf	0x3ed915a6
0x3d3e76c9	0x3e99999a	0x3f000000	0x3faa3722	0xbe529920	0x3e3851ec	0x3ea353cf	0x3ed931a8
0x3d3edfa4	0x3e99999a	0x3f000000	0x3faa3722	0xbe52815b	0x3e3851ec	0x3ea368e1	0x3ed94dad
0x3d3f4880	0x3e99999a	0x3f000000	0x3faa3722	0xbe526995	0x3e3851ec	0x3ea37df5	0x3ed969b5
0x3d3fb15b	0x3e99999a	0x3f000000	0x3faa3722	0xbe5251d2	0x3e3851ec	0x3ea3930a	0x3ed985be
0x3d401a37	0x3e99999a	0x3f000000	0x3faa3722	0xbe523a0f	0x3e3851ec	0x3ea3a823	0x3ed9a1cc
0x3d408312	0x3e99999a	0x3f000000	0x3faa3722	0xbe52224f	0x3e3851ec	0x3ea3bd3a	0x3ed9bdd8
0x3d40ebee	0x3e99999a	0x3f000000	0x3faa3722	0xbe520a8f	0x3e3851ec	0x3ea3d254	0x3ed9d9e7
0x3d4154ca	0x3e99999a	0x3f000000	0x3faa3722	0xbe51f2d2	0x3e3851ec	0x3ea3e76f	0x3ed9f5f8
0x3d41bda5	0x3e99999a	0x3f000000	0x3faa3722	0xbe51db14	0x3e3851ec	0x3ea3fc8d	0x3eda120d
0x3d422681	0x3e99999a	0x3f000000	0x3faa3722	0xbe51c359	0x3e3851ec	0x3ea411ac	0x3eda2e24
0x3d428f5c	0x3e99999a	0x3f000000	0x3faa3722	0xbe51ab9e	0x3e3851ec	0x3ea426cb	0x3eda4a3a
0x3d42f838	0x3e99999a	0x3f000000	0x3faa3722	0xbe5193e7	0x3e3851ec	0x3ea43bec	0x3eda6653
0x3d436113	0x3e99999a	0x3f000000	0x3faa3722	0xbe517c30	0x3e3851ec	0x3ea4510e	0x3eda826d
0x3d43c9ef	0x3e99999a	0x3f000000	0x3faa3722	0xbe516479	0x3e3851ec	0x3ea46634	0x3eda9e8d
0x3d4432ca	0x3e99999a	0x3f000000	0x3faa3722	0xbe514cc5	0x3e3851ec	0x3ea47b5a	0x3edabaac
0x3d449ba6	0x3e99999a	0x3f000000	0x3faa3722	0xbe513511	0x3e3851ec	0x3ea49082	0x3edad6ce
0x3d450481	0x3e99999a	0x3f000000	0x3faa3722	0xbe511d60	0x3e3851ec	0x3ea4a5ab	0x3edaf2f2
0x3d456d5d	0x3e99999a	0x3f000000	0x3faa3722	0xbe5105ae	0x3e3851ec	0x3ea4bad6	0x3edb0f18
0x3d45d639	0x3e99999a	0x3f000000	0x3faa3722	0xbe50ee00	0x3e3851ec	0x3ea4d001	0x3edb2b3e
0x3d463f14	0x3e99999a	0x3f000000	0x3faa3722	0xbe50d652	0x3e3851ec	0x3ea4e52f	0x3edb4769
0x3d46a7f0	0x3e99999a	0x3f000000	0x3faa3722	0xbe50bea5	0x3e3851ec	0x3ea4fa5f	0x3edb6396
0x3d4710cb	0x3e99999a	0x3f000000	0x3faa3722	0xbe50a6fa	0x3e3851ec	0x3ea50f90	0x3edb7fc4
0x3d4779a7	0x3e99999a	0x3f000000	0x3faa3722	0xbe508f4f	0x3e3851ec	0x3ea524c3	0x3edb9bf5
0x3d47e282	0x3e99999a	0x3f000000	0x3faa3722	0xbe5077a8	0x3e3851ec	0x3ea539f5	0x3edbb824
0x3d484b5e	0x3e99999a	0x3f000000	0x3faa3722	0xbe505fff	0x3e3851ec	0x3ea54f2c	0x3edbd45a
0x3d48b439	0x3e99999a	0x3f000000	0x3faa3722	0xbe50485a	0x3e3851ec	0x3ea56462	0x3edbf08f
0x3d491d15	0x3e99999a	0x3f000000	0x3faa3722	0xbe5030b5	0x3e3851ec	0x3ea5799b	0x3edc0cc8
0x3d4985f0	0x3e99999a	0x3f000000	0x3faa3722	0xbe501912	0x3e3851ec	0x3ea58ed4	0x3edc2901
0x3d49eecc	0x3e99999a	0x3f000000	0x3faa3722	0xbe500170	0x3e3851ec	0x3ea5a410	0x3edc453e
0x3d4a57a8	0x3e99999a	0x3f000000	0x3faa3722	0xbe4fe9d0	0x3e3851ec	0x3ea5b94d	0x3edc617c
0x3d4ac083	0x3e99999a	0x3f000000	0x3faa3722	0xbe4fd231	0x3e3851ec	0x3ea5ce8b	0x3edc7dbb
0x3d4b295f	0x3e99999a	0x3f000000	0x3faa3722	0xbe4fba93	0x3e3851ec	0x3ea5e3cb	0x3edc99fe
0x3d4b923a	0x3e99999a	0x3f000000	0x3faa3722	0xbe4fa2f7	0x3e3851ec	0x3ea5f90c	0x3edcb641
0x3d4bfb16	0x3e99999a	0x3f000000	0x3faa3722	0xbe4f8b5b	0x3e3851ec	0x3ea60e50	0x3edcd289
0x3d4c63f1	0x3e99999a	0x3f000000	0x3faa3722	0xbe4f73c2	0x3e3851ec	0x3ea62393	0x3edceecf
0x3d4ccccd	0x3e99999a	0x3f000000	0x3faa3722	0xbe4f5c28	0x3e3851ec	0x3ea638db	0x3edd0b1b
0x3d4d35a8	0x3e99999a	0x3f000000	0x3faa3722	0xbe4f4492	0x3e3851ec	0x3ea64e21	0x3edd2766
0x3d4d9e84	0x3e99999a	0x3f000000	0x3faa3722	0xbe4f2cfd	0x3e3851ec	0x3ea66369	0x3edd43b2
0x3d4e075f	0x3e99999a	0x3f000000	0x3faa3722	0xbe4f1567	0x3e3851ec	0x3ea678b6	0x3edd6006
0x3d4e703b	0x3e99999a	0x3f000000	0x3faa3722	0xbe4efdd5	0x3e3851ec	0x3ea68e01	0x3edd7c57
0x3d4ed917	0x3e99999a	0x3f000000	0x3faa3722	0xbe4ee642	0x3e3851ec	0x3ea6a350	0x3edd98ad
0x3d4f41f2	0x3e99999a	0x3f000000	0x3faa3722	0xbe4eceb3	0x3e3851ec	0x3ea6b89d	0x3eddb500
0x3d4faace	0x3e99999a	0x3f000000	0x3faa3722	0xbe4eb723	0x3e3851ec	0x3ea6cdef	0x3eddd15a
0x3d5013a9	0x3e99999a	0x3f000000	0x3faa3722	0xbe4e9f96	0x3e3851ec	0x3ea6e341	0x3eddedb4
0x3d507c85	0x3e99999a	0x3f000000	0x3faa3722	0xbe4e8808	0x3e3851ec	0x3ea6f895	0x3ede0a11
0x3d50e560	0x3e99999a	0x3f000000	0x3faa3722	0xbe4e707e	0x3e3851ec	0x3ea70de9	0x3ede266e
0x3d514e3c	0x3e99999a	0x3f000000	0x3faa3722	0xbe4e58f3	0x3e3851ec	0x3ea72341	0x3ede42d0
0x3d51b717	0x3e99999a	0x3f000000	0x3faa3722	0xbe4e416c	0x3e3851ec	0x3ea73898	0x3ede5f31
0x3d521ff3	0x3e99999a	0x3f000000	0x3faa3722	0xbe4e29e6	0x3e3851ec	0x3ea74df1	0x3ede7b94
0x3d5288ce	0x3e99999a	0x3f000000	0x3faa3722	0xbe4e125f	0x3e3851ec	0x3ea7634e	0x3ede97fd
0x3d52f1aa	0x3e99999a	0x3f000000	0x3faa3722	0xbe4dfadb	0x3e3851ec	0x3ea778a9	0x3edeb463
0x3d535a86	0x3e99999a	0x3f000000	0x3faa3722	0xbe4de357	0x3e3851ec	0x3ea78e09	0x3eded0cf
0x3d53c361	0x3e99999a	0x3f000000	0x3faa3722	0xbe4dcbd7	0x3e3851ec	0x3ea7a366	0x3edeed38
0x3d542c3d	0x3e99999a	0x3f000000	0x3faa3722	0xbe4db455	0x3e3851ec	0x3ea7b8ca	0x3edf09aa
0x3d549518	0x3e99999a	0x3f000000	0x3faa3722	0xbe4d9cd7	0x3e3851ec	0x3ea7ce2b	0x3edf2618
0x3d54fdf4	0x3e99999a	0x3f000000	0x3faa3722	0xbe4d855a	0x3e3851ec	0x3ea7e38f	0x3edf428a
0x3d5566cf	0x3e99999a	0x3f000000	0x3faa3722	0xbe4d6ddd	0x3e3851ec	0x3ea7f8f5	0x3edf5eff
0x3d55cfab	0x3e99999a	0x3f000000	0x3faa3722	0xbe4d5663	0x3e3851ec	0x3ea80e5c	0x3edf7b75
0x3d563886	0x3e99999a	0x3f000000	0x3faa3722	0xbe4d3ee8	0x3e3851ec	0x3ea823c5	0x3edf97ee
0x3d56a162	0x3e99999a	0x3f000000	0x3faa3722	0xbe4d2771	0x3e3851ec	0x3ea8392f	0x3edfb468
0x3d570a3d	0x3e99999a	0x3f000000	0x3faa3722	0xbe4d0ff9	0x3e3851ec	0x3ea84e9b	0x3edfd0e4
0x3d577319	0x3e99999a	0x3f000000	0x3faa3722	0xbe4cf884	0x3e3851ec	0x3ea86408	0x3edfed62
0x3d57dbf5	0x3e99999a	0x3f000000	0x3faa3722	0xbe4ce10f	0x3e3851ec	0x3ea87977	0x3ee009e3
0x3d5844d0	0x3e99999a	0x3f000000	0x3faa3722	0xbe4cc99d	0x3e3851ec	0x3ea88ee6	0x3ee02664
0x3d58adac	0x3e99999a	0x3f000000	0x3faa3722	0xbe4cb22a	0x3e3851ec	0x3ea8a459	0x3ee042ea
0x3d591687	0x3e99999a	0x3f000000	0x3faa3722	0xbe4c9abb	0x3e3851ec	0x3ea8b9cc	0x3ee05f70
0x3d597f63	0x3e99999a	0x3f000000	0x3faa3722	0xbe4c834d	0x3e3851ec	0x3ea8cf3f	0x3ee07bf6
0x3d59e83e	0x3e99999a	0x3f000000	0x3faa3722	0xbe4c6bde	0x3e3851ec	0x3ea8e4b7	0x3ee09882
0x3d5a511a	0x3e99999a	0x3f000000	0x3faa3722	0xbe4c5473	0x3e3851ec	0x3ea8fa2e	0x3ee0b50d
0x3d5ab9f5	0x3e99999a	0x3f000000	0x3faa3722	0xbe4c3d07	0x3e3851ec	0x3ea90fa8	0x3ee0d19d
0x3d5b22d1	0x3e99999a	0x3f000000	0x3faa3722	0xbe4c259e	0x3e3851ec	0x3ea92522	0x3ee0ee2c
0x3d5b8bac	0x3e99999a	0x3f000000	0x3faa3722	0xbe4c0e35	0x3e3851ec	0x3ea93a9f	0x3ee10abf
0x3d5bf488	0x3e99999a	0x3f000000	0x3faa3722	0xbe4bf6cf	0x3e3851ec	0x3ea9501d	0x3ee12754
0x3d5c5d64	0x3e99999a	0x3f000000	0x3faa3722	0xbe4bdf6a	0x3e3851ec	0x3ea9659b	0x3ee143e9
0x3d5cc63f	0x3e99999a	0x3f000000	0x3faa3722	0xbe4bc805	0x3e3851ec	0x3ea97b1d	0x3ee16082
0x3d5d2f1b	0x3e99999a	0x3f000000	0x3faa3722	0xbe4bb0a3	0x3e3851ec	0x3ea9909e	0x3ee17d1b
0x3d5d97f6	0x3e99999a	0x3f000000	0x3faa3722	0xbe4b9941	0x3e3851ec	0x3ea9a622	0x3ee199b8
0x3d5e00d2	0x3e99999a	0x3f000000	0x3faa3722	0xbe4b81e2	0x3e3851ec	0x3ea9bba7	0x3ee1b656
0x3d5e69ad	0x3e99999a	0x3f000000	0x3faa3722	0xbe4b6a82	0x3e3851ec	0x3ea9d12e	0x3ee1d2f6
0x3d5ed289	0x3e99999a	0x3f000000	0x3faa3722	0xbe4b5325	0x3e3851ec	0x3ea9e6b6	0x3ee1ef98
0x3d5f3b64	0x3e99999a	0x3f000000	0x3faa3722	0xbe4b3bca	0x3e3851ec	0x3ea9fc3f	0x3ee20c3b
0x3d5fa440	0x3e99999a	0x3f000000	0x3faa3722	0xbe4b246e	0x3e3851ec	0x3eaa11ca	0x3ee228e1
0x3d600d1b	0x3e99999a	0x3f000000	0x3faa3722	0xbe4b0d16	0x3e3851ec	0x3eaa2755	0x3ee24587
0x3d6075f7	0x3e99999a	0x3f000000	0x3faa3722	0xbe4af5bd	0x3e3851ec	0x3eaa3ce5	0x3ee26234
0x3d60ded3	0x3e99999a	0x3f000000	0x3faa3722	0xbe4ade67	0x3e3851ec	0x3eaa5274	0x3ee27edf
0x3d6147ae	0x3e99999a	0x3f000000	0x3faa3722	0xbe4ac710	0x3e3851ec	0x3eaa6807	0x3ee29b8f
0x3d61b08a	0x3e99999a	0x3f000000	0x3faa3722	0xbe4aafbd	0x3e3851ec	0x3eaa7d99	0x3ee2b83e
0x3d621965	0x3e99999a	0x3f000000	0x3faa3722	0xbe4a9869	0x3e3851ec	0x3eaa932e	0x3ee2d4f2
0x3d628241	0x3e99999a	0x3f000000	0x3faa3722	0xbe4a8119	0x3e3851ec	0x3eaaa8c2	0x3ee2f1a4
0x3d62eb1c	0x3e99999a	0x3f000000	0x3faa3722	0xbe4a69c8	0x3e3851ec	0x3eaabe59	0x3ee30e59
0x3d6353f8	0x3e99999a	0x3f000000	0x3faa3722	0xbe4a527a	0x3e3851ec	0x3eaad3f1	0x3ee32b11
0x3d63bcd3	0x3e99999a	0x3f000000	0x3faa3722	0xbe4a3b2e	0x3e3851ec	0x3eaae98a	0x3ee347c9
0x3d6425af	0x3e99999a	0x3f000000	0x3faa3722	0xbe4a23e1	0x3e3851ec	0x3eaaff26	0x3ee36486
0x3d648e8a	0x3e99999a	0x3f000000	0x3faa3722	0xbe4a0c97	0x3e3851ec	0x3eab14c4	0x3ee38145
0x3d64f766	0x3e99999a	0x3f000000	0x3faa3722	0xbe49f54d	0x3e3851ec	0x3eab2a63	0x3ee39e05
0x3d656042	0x3e99999a	0x3f000000	0x3faa3722	0xbe49de05	0x3e3851ec	0x3eab4003	0x3ee3bac7
0x3d65c91d	0x3e99999a	0x3f000000	0x3faa3722	0xbe49c6be	0x3e3851ec	0x3eab55a4	0x3ee3d78a
0x3d6631f9	0x3e99999a	0x3f000000	0x3faa3722	0xbe49af79	0x3e3851ec	0x3eab6b47	0x3ee3f450
0x3d669ad4	0x3e99999a	0x3f000000	0x3faa3722	0xbe499836	0x3e3851ec	0x3eab80ea	0x3ee41116
0x3d6703b0	0x3e99999a	0x3f000000	0x3faa3722	0xbe4980f3	0x3e3851ec	0x3eab9691	0x3ee42de1
0x3d676c8b	0x3e99999a	0x3f000000	0x3faa3722	0xbe4969b2	0x3e3851ec	0x3eabac38	0x3ee44aac
0x3d67d567	0x3e99999a	0x3f000000	0x3faa3722	0xbe495271	0x3e3851ec	0x3eabc1e2	0x3ee4677b
0x3d683e42	0x3e99999a	0x3f000000	0x3faa3722	0xbe493b34	0x3e3851ec	0x3eabd78b	0x3ee48449
0x3d68a71e	0x3e99999a	0x3f000000	0x3faa3722	0xbe4923f5	0x3e3851ec	0x3eabed39	0x3ee4a11d
0x3d690ff9	0x3e99999a	0x3f000000	0x3faa3722	0xbe490cba	0x3e3851ec	0x3eac02e5	0x3ee4bdef
0x3d6978d5	0x3e99999a	0x3f000000	0x3faa3722	0xbe48f57f	0x3e3851ec	0x3eac1894	0x3ee4dac5
0x3d69e1b1	0x3e99999a	0x3f000000	0x3faa3722	0xbe48de46	0x3e3851ec	0x3eac2e44	0x3ee4f79c
0x3d6a4a8c	0x3e99999a	0x3f000000	0x3faa3722	0xbe48c70e	0x3e3851ec	0x3eac43f7	0x3ee51477
0x3d6ab368	0x3e99999a	0x3f000000	0x3faa3722	0xbe48afd8	0x3e3851ec	0x3eac59a9	0x3ee53151
0x3d6b1c43	0x3e99999a	0x3f000000	0x3faa3722	0xbe4898a4	0x3e3851ec	0x3eac6f5c	0x3ee54e2c
0x3d6b851f	0x3e99999a	0x3f000000	0x3faa3722	0xbe48816f	0x3e3851ec	0x3eac8514	0x3ee56b0e
0x3d6bedfa	0x3e99999a	0x3f000000	0x3faa3722	0xbe486a3d	0x3e3851ec	0x3eac9acb	0x3ee587ee
0x3d6c56d6	0x3e99999a	0x3f000000	0x3faa3722	0xbe48530b	0x3e3851ec	0x3eacb085	0x3ee5a4d2
0x3d6cbfb1	0x3e99999a	0x3f000000	0x3faa3722	0xbe483bdc	0x3e3851ec	0x3eacc63e	0x3ee5c1b5
0x3d6d288d	0x3e99999a	0x3f000000	0x3faa3722	0xbe4824ad	0x3e3851ec	0x3eacdbfb	0x3ee5de9e
0x3d6d9168	0x3e99999a	0x3f000000	0x3faa3722	0xbe480d80	0x3e3851ec	0x3eacf1b9	0x3ee5fb88
0x3d6dfa44	0x3e99999a	0x3f000000	0x3faa3722	0xbe47f655	0x3e3851ec	0x3ead0777	0x3ee61871
0x3d6e6320	0x3e99999a	0x3f000000	0x3faa3722	0xbe47df2a	0x3e3851ec	0x3ead1d39	0x3ee63560
0x3d6ecbfb	0x3e99999a	0x3f000000	0x3faa3722	0xbe47c802	0x3e3851ec	0x3ead32f9	0x3ee6524d
0x3d6f34d7	0x3e99999a	0x3f000000	0x3faa3722	0xbe47b0d9	0x3e3851ec	0x3ead48be	0x3ee66f40
0x3d6f9db2	0x3e99999a	0x3f000000	0x3faa3722	0xbe4799b3	0x3e3851ec	0x3ead5e82	0x3ee68c31
0x3d70068e	0x3e99999a	0x3f000000	0x3faa3722	0xbe47828d	0x3e3851ec	0x3ead7449	0x3ee6a927
0x3d706f69	0x3e99999a	0x3f000000	0x3faa3722	0xbe476b6a	0x3e3851ec	0x3ead8a10	0x3ee6c61d
0x3d70d845	0x3e99999a	0x3f000000	0x3faa3722	0xbe475447	0x3e3851ec	0x3ead9fdb	0x3ee6e318
0x3d714120	0x3e99999a	0x3f000000	0x3faa3722	0xbe473d27	0x3e3851ec	0x3eadb5a5	0x3ee70011
0x3d71a9fc	0x3e99999a	0x3f000000	0x3faa3722	0xbe472606	0x3e3851ec	0x3eadcb73	0x3ee71d10
0x3d7212d7	0x3e99999a	0x3f000000	0x3faa3722	0xbe470ee9	0x3e3851ec	0x3eade13f	0x3ee73a0d
0x3d727bb3	0x3e99999a	0x3f000000	0x3faa3722	0xbe46f7cc	0x3e3851ec	0x3eadf70e	0x3ee7570d
0x3d72e48f	0x3e99999a	0x3f000000	0x3faa3722	0xbe46e0b0	0x3e3851ec	0x3eae0cdf	0x3ee77410
0x3d734d6a	0x3e99999a	0x3f000000	0x3faa3722	0xbe46c996	0x3e3851ec	0x3eae22b1	0x3ee79114
0x3d73b646	0x3e99999a	0x3f000000	0x3faa3722	0xbe46b27c	0x3e3851ec	0x3eae3886	0x3ee7ae1d
0x3d741f21	0x3e99999a	0x3f000000	0x3faa3722	0xbe469b65	0x3e3851ec	0x3eae4e5a	0x3ee7cb23
0x3d7487fd	0x3e99999a	0x3f000000	0x3faa3722	0xbe46844e	0x3e3851ec	0x3eae6432	0x3ee7e830
0x3d74f0d8	0x3e99999a	0x3f000000	0x3faa3722	0xbe466d3a	0x3e3851ec	0x3eae7a08	0x3ee80539
0x3d7559b4	0x3e99999a	0x3f000000	0x3faa3722	0xbe465627	0x3e3851ec	0x3eae8fe1	0x3ee82247
0x3d75c28f	0x3e99999a	0x3f000000	0x3faa3722	0xbe463f14	0x3e3851ec	0x3eaea5bc	0x3ee83f57
0x3d762b6b	0x3e99999a	0x3f000000	0x3faa3722	0xbe462804	0x3e3851ec	0x3eaebb98	0x3ee85c69
0x3d769446	0x3e99999a	0x3f000000	0x3faa3722	0xbe4610f3	0x3e3851ec	0x3eaed177	0x3ee8797e
0x3d76fd22	0x3e99999a	0x3f000000	0x3faa3722	0xbe45f9e6	0x3e3851ec	0x3eaee756	0x3ee89694
0x3d7765fe	0x3e99999a	0x3f000000	0x3faa3722	0xbe45e2d8	0x3e3851ec	0x3eaefd38	0x3ee8b3ae
0x3d77ced9	0x3e99999a	0x3f000000	0x3faa3722	0xbe45cbcd	0x3e3851ec	0x3eaf1319	0x3ee8d0c6
0x3d7837b5	0x3e99999a	0x3f000000	0x3faa3722	0xbe45b4c2	0x3e3851ec	0x3eaf28fe	0x3ee8ede3
0x3d78a090	0x3e99999a	0x3f000000	0x3faa3722	0xbe459dba	0x3e3851ec	0x3eaf3ee2	0x3ee90b00
0x3d79096c	0x3e99999a	0x3f000000	0x3faa3722	0xbe4586b1	0x3e3851ec	0x3eaf54ca	0x3ee92821
0x3d797247	0x3e99999a	0x3f000000	0x3faa3722	0xbe456fac	0x3e3851ec	0x3eaf6ab2	0x3ee94543
0x3d79db23	0x3e99999a	0x3f000000	0x3faa3722	0xbe4558a8	0x3e3851ec	0x3eaf8099	0x3ee96263
0x3d7a43fe	0x3e99999a	0x3f000000	0x3faa3722	0xbe4541a4	0x3e3851ec	0x3eaf9685	0x3ee97f8a
0x3d7aacda	0x3e99999a	0x3f000000	0x3faa3722	0xbe452aa2	0x3e3851ec	0x3eafac71	0x3ee99cb1
0x3d7b15b5	0x3e99999a	0x3f000000	0x3faa3722	0xbe4513a0	0x3e3851ec	0x3eafc261	0x3ee9b9dd
0x3d7b7e91	0x3e99999a	0x3f000000	0x3faa3722	0xbe44fca2	0x3e3851ec	0x3eafd84f	0x3ee9d707
0x3d7be76d	0x3e99999a	0x3f000000	0x3faa3722	0xbe44e5a3	0x3e3851ec	0x3eafee40	0x3ee9f434
0x3d7c5048	0x3e99999a	0x3f000000	0x3faa3722	0xbe44cea7	0x3e3851ec	0x3eb00432	0x3eea1163
0x3d7cb924	0x3e99999a	0x3f000000	0x3faa3722	0xbe44b7ac	0x3e3851ec	0x3eb01a26	0x3eea2e94
0x3d7d21ff	0x3e99999a	0x3f000000	0x3faa3722	0xbe44a0b1	0x3e3851ec	0x3eb0301b	0x3eea4bc7
0x3d7d8adb	0x3e99999a	0x3f000000	0x3faa3722	0xbe4489b9	0x3e3851ec	0x3eb04612	0x3eea68fd
0x3d7df3b6	0x3e99999a	0x3f000000	0x3faa3722	0xbe4472c1	0x3e3851ec	0x3eb05c0a	0x3eea8634
0x3d7e5c92	0x3e99999a	0x3f000000	0x3faa3722	0xbe445bcb	0x3e3851ec	0x3eb07204	0x3eeaa36d
0x3d7ec56d	0x3e99999a	0x3f000000	0x3faa3722	0xbe4444d6	0x3e3851ec	0x3eb087ff	0x3eeac0a8
0x3d7f2e49	0x3e99999a	0x3f000000	0x3faa3722	0xbe442de3	0x3e3851ec	0x3eb09dfb	0x3eeadde4
0x3d7f9724	0x3e99999a	0x3f000000	0x3faa3722	0xbe4416f2	0x3e3851ec	0x3eb0b3f7	0x3eeafb20
0x3d800000	0x3e99999a	0x3f000000	0x3faa3722	0xbe440000	0x3e3851ec	0x3eb0c9f9	0x3eeb1864
0x3d80346e	0x3e99999a	0x3f000000	0x3faa3722	0xbe43e910	0x3e3851ec	0x3eb0dffa	0x3eeb35a7
0x3d8068dc	0x3e99999a	0x3f000000	0x3faa3722	0xbe43d222	0x3e3851ec	0x3eb0f5fd	0x3eeb52ed
0x3d809d49	0x3e99999a	0x3f000000	0x3faa3722	0xbe43bb37	0x3e3851ec	0x3eb10bfe	0x3eeb7030
0x3d80d1b7	0x3e99999a	0x3f000000	0x3faa3722	0xbe43a44a	0x3e3851ec	0x3eb12206	0x3eeb8d7c
0x3d810625	0x3e99999a	0x3f000000	0x3faa3722	0xbe438d61	0x3e3851ec	0x3eb1380b	0x3eebaac4
0x3d813a93	0x3e99999a	0x3f000000	0x3faa3722	0xbe437677	0x3e3851ec	0x3eb14e14	0x3eebc811
0x3d816f00	0x3e99999a	0x3f000000	0x3faa3722	0xbe435f91	0x3e3851ec	0x3eb1641c	0x3eebe55d
0x3d81a36e	0x3e99999a	0x3f000000	0x3faa3722	0xbe4348aa	0x3e3851ec	0x3eb17a29	0x3eec02b0
0x3d81d7dc	0x3e99999a	0x3f000000	0x3faa3722	0xbe4331c6	0x3e3851ec	0x3eb19034	0x3eec2000
0x3d820c4a	0x3e99999a	0x3f000000	0x3faa3722	0xbe431ae4	0x3e3851ec	0x3eb1a641	0x3eec3d53
0x3d8240b8	0x3e99999a	0x3f000000	0x3faa3722	0xbe430401	0x3e3851ec	0x3eb1bc51	0x3eec5aaa
0x3d827525	0x3e99999a	0x3f000000	0x3faa3722	0xbe42ed21	0x3e3851ec	0x3eb1d262	0x3eec7802
0x3d82a993	0x3e99999a	0x3f000000	0x3faa3722	0xbe42d641	0x3e3851ec	0x3eb1e874	0x3eec955b
0x3d82de01	0x3e99999a	0x3f000000	0x3faa3722	0xbe42bf64	0x3e3851ec	0x3eb1fe87	0x3eecb2b6
0x3d83126f	0x3e99999a	0x3f000000	0x3faa3722	0xbe42a886	0x3e3851ec	0x3eb2149d	0x3eecd015
0x3d8346dc	0x3e99999a	0x3f000000	0x3faa3722	0xbe4291ac	0x3e3851ec	0x3eb22ab4	0x3eeced75
0x3d837b4a	0x3e99999a	0x3f000000	0x3faa3722	0xbe427ad2	0x3e3851ec	0x3eb240cb	0x3eed0ad5
0x3d83afb8	0x3e99999a	0x3f000000	0x3faa3722	0xbe4263f9	0x3e3851ec	0x3eb256e5	0x3eed2839
0x3d83e426	0x3e99999a	0x3f000000	0x3faa3722	0xbe424d21	0x3e3851ec	0x3eb26d00	0x3eed459e
0x3d841893	0x3e99999a	0x3f000000	0x3faa3722	0xbe42364c	0x3e3851ec	0x3eb2831c	0x3eed6305
0x3d844d01	0x3e99999a	0x3f000000	0x3faa3722	0xbe421f78	0x3e3851ec	0x3eb29939	0x3eed806d
0x3d84816f	0x3e99999a	0x3f000000	0x3faa3722	0xbe4208a4	0x3e3851ec	0x3eb2af5a	0x3eed9dda
0x3d84b5dd	0x3e99999a	0x3f000000	0x3faa3722	0xbe41f1d3	0x3e3851ec	0x3eb2c579	0x3eedbb45
0x3d84ea4b	0x3e99999a	0x3f000000	0x3faa3722	0xbe41db01	0x3e3851ec	0x3eb2db9d	0x3eedd8b6
0x3d851eb8	0x3e99999a	0x3f000000	0x3faa3722	0xbe41c433	0x3e3851ec	0x3eb2f1bf	0x3eedf625
0x3d855326	0x3e99999a	0x3f000000	0x3faa3722	0xbe41ad64	0x3e3851ec	0x3eb307e5	0x3eee1399
0x3d858794	0x3e99999a	0x3f000000	0x3faa3722	0xbe419698	0x3e3851ec	0x3eb31e0b	0x3eee310d
0x3d85bc02	0x3e99999a	0x3f000000	0x3faa3722	0xbe417fce	0x3e3851ec	0x3eb33431	0x3eee4e81
0x3d85f06f	0x3e99999a	0x3f000000	0x3faa3722	0xbe416903	0x3e3851ec	0x3eb34a5c	0x3eee6bfc
0x3d8624dd	0x3e99999a	0x3f000000	0x3faa3722	0xbe41523c	0x3e3851ec	0x3eb36084	0x3eee8972
0x3d86594b	0x3e99999a	0x3f000000	0x3faa3722	0xbe413b74	0x3e3851ec	0x3eb376b1	0x3eeea6f0
0x3d868db9	0x3e99999a	0x3f000000	0x3faa3722	0xbe4124af	0x3e3851ec	0x3eb38cde	0x3eeec46d
0x3d86c227	0x3e99999a	0x3f000000	0x3faa3722	0xbe410de9	0x3e3851ec	0x3eb3a30f	0x3eeee1f0
0x3d86f694	0x3e99999a	0x3f000000	0x3faa3722	0xbe40f727	0x3e3851ec	0x3eb3b93f	0x3eeeff71
0x3d872b02	0x3e99999a	0x3f000000	0x3faa3722	0xbe40e066	0x3e3851ec	0x3eb3cf70	0x3eef1cf4
0x3d875f70	0x3e99999a	0x3f000000	0x3faa3722	0xbe40c9a5	0x3e3851ec	0x3eb3e5a4	0x3eef3a7a
0x3d8793de	0x3e99999a	0x3f000000	0x3faa3722	0xbe40b2e5	0x3e3851ec	0x3eb3fbda	0x3eef5804
0x3d87c84b	0x3e99999a	0x3f000000	0x3faa3722	0xbe409c28	0x3e3851ec	0x3eb4120f	0x3eef758c
0x3d87fcb9	0x3e99999a	0x3f000000	0x3faa3722	0xbe40856c	0x3e3851ec	0x3eb42847	0x3eef9317
0x3d883127	0x3e99999a	0x3f000000	0x3faa3722	0xbe406eb0	0x3e3851ec	0x3eb43e80	0x3eefb0a5
0x3d886595	0x3e99999a	0x3f000000	0x3faa3722	0xbe4057f7	0x3e3851ec	0x3eb454ba	0x3eefce33
0x3d889a02	0x3e99999a	0x3f000000	0x3faa3722	0xbe404140	0x3e3851ec	0x3eb46af4	0x3eefebc2
0x3d88ce70	0x3e99999a	0x3f000000	0x3faa3722	0xbe402a88	0x3e3851ec	0x3eb48133	0x3ef00957
0x3d8902de	0x3e99999a	0x3f000000	0x3faa3722	0xbe4013d1	0x3e3851ec	0x3eb49772	0x3ef026ec
0x3d89374c	0x3e99999a	0x3f000000	0x3faa3722	0xbe3ffd1e	0x3e3851ec	0x3eb4adb2	0x3ef04483
0x3d896bba	0x3e99999a	0x3f000000	0x3faa3722	0xbe3fe66c	0x3e3851ec	0x3eb4c3f1	0x3ef06218
0x3d89a027	0x3e99999a	0x3f000000	0x3faa3722	0xbe3fcfb9	0x3e3851ec	0x3eb4da37	0x3ef07fb7
0x3d89d495	0x3e99999a	0x3f000000	0x3faa3722	0xbe3fb909	0x3e3851ec	0x3eb4f07a	0x3ef09d51
0x3d8a0903	0x3e99999a	0x3f000000	0x3faa3722	0xbe3fa25a	0x3e3851ec	0x3eb506c1	0x3ef0baf1
0x3d8a3d71	0x3e99999a	0x3f000000	0x3faa3722	0xbe3f8bad	0x3e3851ec	0x3eb51d07	0x3ef0d890
0x3d8a71de	0x3e99999a	0x3f000000	0x3faa3722	0xbe3f7500	0x3e3851ec	0x3eb53350	0x3ef0f632
0x3d8aa64c	0x3e99999a	0x3f000000	0x3faa3722	0xbe3f5e55	0x3e3851ec	0x3eb5499a	0x3ef113d6
0x3d8adaba	0x3e99999a	0x3f000000	0x3faa3722	0xbe3f47ad	0x3e3851ec	0x3eb55fe5	0x3ef1317c
0x3d8b0f28	0x3e99999a	0x3f000000	0x3faa3722	0xbe3f3103	0x3e3851ec	0x3eb57633	0x3ef14f25
0x3d8b4396	0x3e99999a	0x3f000000	0x3faa3722	0xbe3f1a5c	0x3e3851ec	0x3eb58c81	0x3ef16cce
0x3d8b7803	0x3e99999a	0x3f000000	0x3faa3722	0xbe3f03b7	0x3e3851ec	0x3eb5a2d1	0x3ef18a7a
0x3d8bac71	0x3e99999a	0x3f000000	0x3faa3722	0xbe3eed13	0x3e3851ec	0x3eb5b922	0x3ef1a827
0x3d8be0df	0x3e99999a	0x3f000000	0x3faa3722	0xbe3ed670	0x3e3851ec	0x3eb5cf74	0x3ef1c5d5
0x3d8c154d	0x3e99999a	0x3f000000	0x3faa3722	0xbe3ebfcf	0x3e3851ec	0x3eb5e5c8	0x3ef1e387
0x3d8c49ba	0x3e99999a	0x3f000000	0x3faa3722	0xbe3ea92f	0x3e3851ec	0x3eb5fc1d	0x3ef20139
0x3d8c7e28	0x3e99999a	0x3f000000	0x3faa3722	0xbe3e9290	0x3e3851ec	0x3eb61274	0x3ef21eee
0x3d8cb296	0x3e99999a	0x3f000000	0x3faa3722	0xbe3e7bf1	0x3e3851ec	0x3eb628cd	0x3ef23ca6
0x3d8ce704	0x3e99999a	0x3f000000	0x3faa3722	0xbe3e6556	0x3e3851ec	0x3eb63f26	0x3ef25a5e
0x3d8d1b71	0x3e99999a	0x3f000000	0x3faa3722	0xbe3e4ebc	0x3e3851ec	0x3eb65580	0x3ef27817
0x3d8d4fdf	0x3e99999a	0x3f000000	0x3faa3722	0xbe3e3821	0x3e3851ec	0x3eb66bdf	0x3ef295d7
0x3d8d844d	0x3e99999a	0x3f000000	0x3faa3722	0xbe3e218a	0x3e3851ec	0x3eb6823c	0x3ef2b394
0x3d8db8bb	0x3e99999a	0x3f000000	0x3faa3722	0xbe3e0af2	0x3e3851ec	0x3eb6989b	0x3ef2d154
0x3d8ded29	0x3e99999a	0x3f000000	0x3faa3722	0xbe3df45e	0x3e3851ec	0x3eb6aefb	0x3ef2ef15
0x3d8e2196	0x3e99999a	0x3f000000	0x3faa3722	0xbe3dddc9	0x3e3851ec	0x3eb6c55e	0x3ef30cda
0x3d8e5604	0x3e99999a	0x3f000000	0x3faa3722	0xbe3dc737	0x3e3851ec	0x3eb6dbc0	0x3ef32a9e
0x3d8e8a72	0x3e99999a	0x3f000000	0x3faa3722	0xbe3db0a6	0x3e3851ec	0x3eb6f225	0x3ef34866
0x3d8ebee0	0x3e99999a	0x3f000000	0x3faa3722	0xbe3d9a15	0x3e3851ec	0x3eb7088d	0x3ef36632
0x3d8ef34d	0x3e99999a	0x3f000000	0x3faa3722	0xbe3d8387	0x3e3851ec	0x3eb71ef4	0x3ef383fc
0x3d8f27bb	0x3e99999a	0x3f000000	0x3faa3722	0xbe3d6cf9	0x3e3851ec	0x3eb7355d	0x3ef3a1c9
0x3d8f5c29	0x3e99999a	0x3f000000	0x3faa3722	0xbe3d566d	0x3e3851ec	0x3eb74bc9	0x3ef3bf9a
0x3d8f9097	0x3e99999a	0x3f000000	0x3faa3722	0xbe3d3fe2	0x3e3851ec	0x3eb76234	0x3ef3dd6a
0x3d8fc505	0x3e99999a	0x3f000000	0x3faa3722	0xbe3d2959	0x3e3851ec	0x3eb778a2	0x3ef3fb3e
0x3d8ff972	0x3e99999a	0x3f000000	0x3faa3722	0xbe3d12d2	0x3e3851ec	0x3eb78f10	0x3ef41911
0x3d902de0	0x3e99999a	0x3f000000	0x3faa3722	0xbe3cfc4a	0x3e3851ec	0x3eb7a581	0x3ef436e9
0x3d90624e	0x3e99999a	0x3f000000	0x3faa3722	0xbe3ce5c4	0x3e3851ec	0x3eb7bbf3	0x3ef454c2
0x3d9096bc	0x3e99999a	0x3f000000	0x3faa3722	0xbe3ccf41	0x3e3851ec	0x3eb7d265	0x3ef4729b
0x3d90cb29	0x3e99999a	0x3f000000	0x3faa3722	0xbe3cb8bf	0x3e3851ec	0x3eb7e8da	0x3ef49078
0x3d90ff97	0x3e99999a	0x3f000000	0x3faa3722	0xbe3ca23d	0x3e3851ec	0x3eb7ff50	0x3ef4ae57
0x3d913405	0x3e99999a	0x3f000000	0x3faa3722	0xbe3c8bbd	0x3e3851ec	0x3eb815c7	0x3ef4cc37
0x3d916873	0x3e99999a	0x3f000000	0x3faa3722	0xbe3c753e	0x3e3851ec	0x3eb82c40	0x3ef4ea19
0x3d919ce0	0x3e99999a	0x3f000000	0x3faa3722	0xbe3c5ec1	0x3e3851ec	0x3eb842b9	0x3ef507fb
0x3d91d14e	0x3e99999a	0x3f000000	0x3faa3722	0xbe3c4844	0x3e3851ec	0x3eb85936	0x3ef525e3
0x3d9205bc	0x3e99999a	0x3f000000	0x3faa3722	0xbe3c31cb	0x3e3851ec	0x3eb86fb1	0x3ef543c8
0x3d923a2a	0x3e99999a	0x3f000000	0x3faa3722	0xbe3c1b52	0x3e3851ec	0x3eb88630	0x3ef561b2
0x3d926e98	0x3e99999a	0x3f000000	0x3faa3722	0xbe3c04d9	0x3e3851ec	0x3eb89cb1	0x3ef57f9f
0x3d92a305	0x3e99999a	0x3f000000	0x3faa3722	0xbe3bee64	0x3e3851ec	0x3eb8b330	0x3ef59d8a
0x3d92d773	0x3e99999a	0x3f000000	0x3faa3722	0xbe3bd7ed	0x3e3851ec	0x3eb8c9b4	0x3ef5bb7b
0x3d930be1	0x3e99999a	0x3f000000	0x3faa3722	0xbe3bc17a	0x3e3851ec	0x3eb8e037	0x3ef5d96a
0x3d93404f	0x3e99999a	0x3f000000	0x3faa3722	0xbe3bab07	0x3e3851ec	0x3eb8f6bd	0x3ef5f75e
0x3d9374bc	0x3e99999a	0x3f000000	0x3faa3722	0xbe3b9496	0x3e3851ec	0x3eb90d43	0x3ef61552
0x3d93a92a	0x3e99999a	0x3f000000	0x3faa3722	0xbe3b7e27	0x3e3851ec	0x3eb923ca	0x3ef63347
0x3d93dd98	0x3e99999a	0x3f000000	0x3faa3722	0xbe3b67b8	0x3e3851ec	0x3eb93a55	0x3ef65141
0x3d941206	0x3e99999a	0x3f000000	0x3faa3722	0xbe3b514a	0x3e3851ec	0x3eb950e0	0x3ef66f3b
0x3d944674	0x3e99999a	0x3f000000	0x3faa3722	0xbe3b3adf	0x3e3851ec	0x3eb9676c	0x3ef68d37
0x3d947ae1	0x3e99999a	0x3f000000	0x3faa3722	0xbe3b2475	0x3e3851ec	0x3eb97df8	0x3ef6ab33
0x3d94af4f	0x3e99999a	0x3f000000	0x3faa3722	0xbe3b0e0b	0x3e3851ec	0x3eb99488	0x3ef6c934
0x3d94e3bd	0x3e99999a	0x3f000000	0x3faa3722	0xbe3af7a4	0x3e3851ec	0x3eb9ab18	0x3ef6e735
0x3d95182b	0x3e99999a	0x3f000000	0x3faa3722	0xbe3ae13c	0x3e3851ec	0x3eb9c1ab	0x3ef7053a
0x3d954c98	0x3e99999a	0x3f000000	0x3faa3722	0xbe3acad8	0x3e3851ec	0x3eb9d83e	0x3ef7233f
0x3d958106	0x3e99999a	0x3f000000	0x3faa3722	0xbe3ab473	0x3e3851ec	0x3eb9eed3	0x3ef74146
0x3d95b574	0x3e99999a	0x3f000000	0x3faa3722	0xbe3a9e12	0x3e3851ec	0x3eba0567	0x3ef75f4d
0x3d95e9e2	0x3e99999a	0x3f000000	0x3faa3722	0xbe3a87b1	0x3e3851ec	0x3eba1bff	0x3ef77d58
0x3d961e4f	0x3e99999a	0x3f000000	0x3faa3722	0xbe3a7151	0x3e3851ec	0x3eba3298	0x3ef79b65
0x3d9652bd	0x3e99999a	0x3f000000	0x3faa3722	0xbe3a5af3	0x3e3851ec	0x3eba4932	0x3ef7b973
0x3d96872b	0x3e99999a	0x3f000000	0x3faa3722	0xbe3a4495	0x3e3851ec	0x3eba5fcd	0x3ef7d783
0x3d96bb99	0x3e99999a	0x3f000000	0x3faa3722	0xbe3a2e3a	0x3e3851ec	0x3eba766b	0x3ef7f597
0x3d96f007	0x3e99999a	0x3f000000	0x3faa3722	0xbe3a17df	0x3e3851ec	0x3eba8d09	0x3ef813aa
0x3d972474	0x3e99999a	0x3f000000	0x3faa3722	0xbe3a0186	0x3e3851ec	0x3ebaa3a9	0x3ef831c0
0x3d9758e2	0x3e99999a	0x3f000000	0x3faa3722	0xbe39eb2f	0x3e3851ec	0x3ebaba48	0x3ef84fd5
0x3d978d50	0x3e99999a	0x3f000000	0x3faa3722	0xbe39d4d8	0x3e3851ec	0x3ebad0ec	0x3ef86df1
0x3d97c1be	0x3e99999a	0x3f000000	0x3faa3722	0xbe39be82	0x3e3851ec	0x3ebae791	0x3ef88c0e
0x3d97f62b	0x3e99999a	0x3f000000	0x3faa3722	0xbe39a82f	0x3e3851ec	0x3ebafe35	0x3ef8aa29
0x3d982a99	0x3e99999a	0x3f000000	0x3faa3722	0xbe3991de	0x3e3851ec	0x3ebb14db	0x3ef8c848
0x3d985f07	0x3e99999a	0x3f000000	0x3faa3722	0xbe397b8c	0x3e3851ec	0x3ebb2b84	0x3ef8e66a
0x3d989375	0x3e99999a	0x3f000000	0x3faa3722	0xbe39653d	0x3e3851ec	0x3ebb422c	0x3ef9048b
0x3d98c7e3	0x3e99999a	0x3f000000	0x3faa3722	0xbe394eee	0x3e3851ec	0x3ebb58d8	0x3ef922b1
0x3d98fc50	0x3e99999a	0x3f000000	0x3faa3722	0xbe3938a1	0x3e3851ec	0x3ebb6f83	0x3ef940d6
0x3d9930be	0x3e99999a	0x3f000000	0x3faa3722	0xbe392255	0x3e3851ec	0x3ebb8631	0x3ef95eff
0x3d99652c	0x3e99999a	0x3f000000	0x3faa3722	0xbe390c0b	0x3e3851ec	0x3ebb9ce0	0x3ef97d29
0x3d99999a	0x3e99999a	0x3f000000	0x3faa3722	0xbe38f5c3	0x3e3851ec	0x3ebbb38f	0x3ef99b53
0x3d99ce07	0x3e99999a	0x3f000000	0x3faa3722	0xbe38df7b	0x3e3851ec	0x3ebbca41	0x3ef9b981
0x3d9a0275	0x3e99999a	0x3f000000	0x3faa3722	0xbe38c935	0x3e3851ec	0x3ebbe0f4	0x3ef9d7b1
0x3d9a36e3	0x3e99999a	0x3f000000	0x3faa3722	0xbe38b2ef	0x3e3851ec	0x3ebbf7a9	0x3ef9f5e3
0x3d9a6b51	0x3e99999a	0x3f000000	0x3faa3722	0xbe389cad	0x3e3851ec	0x3ebc0e5d	0x3efa1414
0x3d9a9fbe	0x3e99999a	0x3f000000	0x3faa3722	0xbe388669	0x3e3851ec	0x3ebc2517	0x3efa324c
0x3d9ad42c	0x3e99999a	0x3f000000	0x3faa3722	0xbe387029	0x3e3851ec	0x3ebc3bce	0x3efa5081
0x3d9b089a	0x3e99999a	0x3f000000	0x3faa3722	0xbe3859eb	0x3e3851ec	0x3ebc5286	0x3efa6eb7
0x3d9b3d08	0x3e99999a	0x3f000000	0x3faa3722	0xbe3843ab	0x3e3851ec	0x3ebc6943	0x3efa8cf4
0x3d9b7176	0x3e99999a	0x3f000000	0x3faa3722	0xbe382d6e	0x3e3851ec	0x3ebc8000	0x3efaab31
0x3d9ba5e3	0x3e99999a	0x3f000000	0x3faa3722	0xbe381733	0x3e3851ec	0x3ebc96be	0x3efac96f
0x3d9bda51	0x3e99999a	0x3f000000	0x3faa3722	0xbe3800f9	0x3e3851ec	0x3ebcad7d	0x3efae7af
0x3d9c0ebf	0x3e99999a	0x3f000000	0x3faa3722	0xbe37eac0	0x3e3851ec	0x3ebcc43d	0x3efb05ef
0x3d9c432d	0x3e99999a	0x3f000000	0x3faa3722	0xbe37d489	0x3e3851ec	0x3ebcdaff	0x3efb2433
0x3d9c779a	0x3e99999a	0x3f000000	0x3faa3722	0xbe37be54	0x3e3851ec	0x3ebcf1c2	0x3efb4278
0x3d9cac08	0x3e99999a	0x3f000000	0x3faa3722	0xbe37a81e	0x3e3851ec	0x3ebd0888	0x3efb60c1
0x3d9ce076	0x3e99999a	0x3f000000	0x3faa3722	0xbe3791e9	0x3e3851ec	0x3ebd1f4f	0x3efb7f0b
0x3d9d14e4	0x3e99999a	0x3f000000	0x3faa3722	0xbe377bb8	0x3e3851ec	0x3ebd3616	0x3efb9d55
0x3d9d4952	0x3e99999a	0x3f000000	0x3faa3722	0xbe376588	0x3e3851ec	0x3ebd4cde	0x3efbbba0
0x3d9d7dbf	0x3e99999a	0x3f000000	0x3faa3722	0xbe374f58	0x3e3851ec	0x3ebd63a9	0x3efbd9f0
0x3d9db22d	0x3e99999a	0x3f000000	0x3faa3722	0xbe37392a	0x3e3851ec	0x3ebd7a74	0x3efbf83f
0x3d9de69b	0x3e99999a	0x3f000000	0x3faa3722	0xbe3722fd	0x3e3851ec	0x3ebd9142	0x3efc1692
0x3d9e1b09	0x3e99999a	0x3f000000	0x3faa3722	0xbe370cd2	0x3e3851ec	0x3ebda810	0x3efc34e6
0x3d9e4f76	0x3e99999a	0x3f000000	0x3faa3722	0xbe36f6a7	0x3e3851ec	0x3ebdbee0	0x3efc533c
0x3d9e83e4	0x3e99999a	0x3f000000	0x3faa3722	0xbe36e07f	0x3e3851ec	0x3ebdd5b0	0x3efc7192
0x3d9eb852	0x3e99999a	0x3f000000	0x3faa3722	0xbe36ca58	0x3e3851ec	0x3ebdec83	0x3efc8fec
0x3d9eecc0	0x3e99999a	0x3f000000	0x3faa3722	0xbe36b431	0x3e3851ec	0x3ebe0357	0x3efcae47
0x3d9f212d	0x3e99999a	0x3f000000	0x3faa3722	0xbe369e0e	0x3e3851ec	0x3ebe1a2b	0x3efccca3
0x3d9f559b	0x3e99999a	0x3f000000	0x3faa3722	0xbe3687e9	0x3e3851ec	0x3ebe3103	0x3efceb04
0x3d9f8a09	0x3e99999a	0x3f000000	0x3faa3722	0xbe3671c8	0x3e3851ec	0x3ebe47da	0x3efd0963
0x3d9fbe77	0x3e99999a	0x3f000000	0x3faa3722	0xbe365ba6	0x3e3851ec	0x3ebe5eb4	0x3efd27c6
0x3d9ff2e5	0x3e99999a	0x3f000000	0x3faa3722	0xbe364588	0x3e3851ec	0x3ebe758d	0x3efd4628
0x3da02752	0x3e99999a	0x3f000000	0x3faa3722	0xbe362f6b	0x3e3851ec	0x3ebe8c68	0x3efd648d
0x3da05bc0	0x3e99999a	0x3f000000	0x3faa3722	0xbe36194d	0x3e3851ec	0x3ebea347	0x3efd82f7
0x3da0902e	0x3e99999a	0x3f000000	0x3faa3722	0xbe360331	0x3e3851ec	0x3ebeba26	0x3efda161
0x3da0c49c	0x3e99999a	0x3f000000	0x3faa3722	0xbe35ed18	0x3e3851ec	0x3ebed105	0x3efdbfcb
0x3da0f909	0x3e99999a	0x3f000000	0x3faa3722	0xbe35d700	0x3e3851ec	0x3ebee7e6	0x3efdde38
0x3da12d77	0x3e99999a	0x3f000000	0x3faa3722	0xbe35c0e8	0x3e3851ec	0x3ebefeca	0x3efdfca8
0x3da161e5	0x3e99999a	0x3f000000	0x3faa3722	0xbe35aad2	0x3e3851ec	0x3ebf15ad	0x3efe1b18
0x3da19653	0x3e99999a	0x3f000000	0x3faa3722	0xbe3594bd	0x3e3851ec	0x3ebf2c94	0x3efe398c
0x3da1cac1	0x3e99999a	0x3f000000	0x3faa3722	0xbe357eaa	0x3e3851ec	0x3ebf437a	0x3efe5800
0x3da1ff2e	0x3e99999a	0x3f000000	0x3faa3722	0xbe356898	0x3e3851ec	0x3ebf5a63	0x3efe7677
0x3da2339c	0x3e99999a	0x3f000000	0x3faa3722	0xbe355288	0x3e3851ec	0x3ebf714b	0x3efe94ed
0x3da2680a	0x3e99999a	0x3f000000	0x3faa3722	0xbe353c79	0x3e3851ec	0x3ebf8836	0x3efeb367
0x3da29c78	0x3e99999a	0x3f000000	0x3faa3722	0xbe35266a	0x3e3851ec	0x3ebf9f23	0x3efed1e4
0x3da2d0e5	0x3e99999a	0x3f000000	0x3faa3722	0xbe35105f	0x3e3851ec	0x3ebfb60f	0x3efef05f
0x3da30553	0x3e99999a	0x3f000000	0x3faa3722	0xbe34fa53	0x3e3851ec	0x3ebfccfe	0x3eff0ede
0x3da339c1	0x3e99999a	0x3f000000	0x3faa3722	0xbe34e449	0x3e3851ec	0x3ebfe3ef	0x3eff2d60
0x3da36e2f	0x3e99999a	0x3f000000	0x3faa3722	0xbe34ce40	0x3e3851ec	0x3ebffae1	0x3eff4be4
0x3da3a29c	0x3e99999a	0x3f000000	0x3faa3722	0xbe34b83a	0x3e3851ec	0x3ec011d3	0x3eff6a67
0x3da3d70a	0x3e99999a	0x3f000000	0x3faa3722	0xbe34a235	0x3e3851ec	0x3ec028c6	0x3eff88ec
0x3da40b78	0x3e99999a	0x3f000000	0x3faa3722	0xbe348c2f	0x3e3851ec	0x3ec03fbe	0x3effa777
0x3da43fe6	0x3e99999a	0x3f000000	0x3faa3722	0xbe34762b	0x3e3851ec	0x3ec056b5	0x3effc601
0x3da47454	0x3e99999a	0x3f000000	0x3faa3722	0xbe34602a	0x3e3851ec	0x3ec06dad	0x3effe48c
0x3da4a8c1	0x3e99999a	0x3f000000	0x3faa3722	0xbe344a2a	0x3e3851ec	0x3ec084a6	0x3f00018c
0x3da4dd2f	0x3e99999a	0x3f000000	0x3faa3722	0xbe34342a	0x3e3851ec	0x3ec09ba1	0x3f0010d4
0x3da5119d	0x3e99999a	0x3f000000	0x3faa3722	0xbe341e2d	0x3e3851ec	0x3ec0b29d	0x3f00201c
0x3da5460b	0x3e99999a	0x3f000000	0x3faa3722	0xbe340830	0x3e3851ec	0x3ec0c99c	0x3f002f67
0x3da57a78	0x3e99999a	0x3f000000	0x3faa3722	0xbe33f236	0x3e3851ec	0x3ec0e099	0x3f003eaf
0x3da5aee6	0x3e99999a	0x3f000000	0x3faa3722	0xbe33dc3b	0x3e3851ec	0x3ec0f79b	0x3f004dfc
0x3da5e354	0x3e99999a	0x3f000000	0x3faa3722	0xbe33c643	0x3e3851ec	0x3ec10e9c	0x3f005d47
0x3da617c2	0x3e99999a	0x3f000000	0x3faa3722	0xbe33b04d	0x3e3851ec	0x3ec1259e	0x3f006c94
0x3da64c30	0x3e99999a	0x3f000000	0x3faa3722	0xbe339a56	0x3e3851ec	0x3ec13ca4	0x3f007be3
0x3da6809d	0x3e99999a	0x3f000000	0x3faa3722	0xbe338463	0x3e3851ec	0x3ec153a8	0x3f008b30
0x3da6b50b	0x3e99999a	0x3f000000	0x3faa3722	0xbe336e6f	0x3e3851ec	0x3ec16ab0	0x3f009a80
0x3da6e979	0x3e99999a	0x3f000000	0x3faa3722	0xbe33587e	0x3e3851ec	0x3ec181b7	0x3f00a9d0
0x3da71de7	0x3e99999a	0x3f000000	0x3faa3722	0xbe33428d	0x3e3851ec	0x3ec198c1	0x3f00b922
0x3da75254	0x3e99999a	0x3f000000	0x3faa3722	0xbe332c9e	0x3e3851ec	0x3ec1afcd	0x3f00c875
0x3da786c2	0x3e99999a	0x3f000000	0x3faa3722	0xbe3316b1	0x3e3851ec	0x3ec1c6d8	0x3f00d7c7
0x3da7bb30	0x3e99999a	0x3f000000	0x3faa3722	0xbe3300c4	0x3e3851ec	0x3ec1dde7	0x3f00e71c
0x3da7ef9e	0x3e99999a	0x3f000000	0x3faa3722	0xbe32ead8	0x3e3851ec	0x3ec1f4f6	0x3f00f671
0x3da8240b	0x3e99999a	0x3f000000	0x3faa3722	0xbe32d4ef	0x3e3851ec	0x3ec20c06	0x3f0105c6
0x3da85879	0x3e99999a	0x3f000000	0x3faa3722	0xbe32bf08	0x3e3851ec	0x3ec22316	0x3f01151c
0x3da88ce7	0x3e99999a	0x3f000000	0x3faa3722	0xbe32a920	0x3e3851ec	0x3ec23a2b	0x3f012475
0x3da8c155	0x3e99999a	0x3f000000	0x3faa3722	0xbe32933b	0x3e3851ec	0x3ec2513e	0x3f0133cc
0x3da8f5c3	0x3e99999a	0x3f000000	0x3faa3722	0xbe327d56	0x3e3851ec	0x3ec26854	0x3f014326
0x3da92a30	0x3e99999a	0x3f000000	0x3faa3722	0xbe326774	0x3e3851ec	0x3ec27f6b	0x3f015280
0x3da95e9e	0x3e99999a	0x3f000000	0x3faa3722	0xbe325191	0x3e3851ec	0x3ec29684	0x3f0161dc
0x3da9930c	0x3e99999a	0x3f000000	0x3faa3722	0xbe323bb2	0x3e3851ec	0x3ec2ad9c	0x3f017137
0x3da9c77a	0x3e99999a	0x3f000000	0x3faa3722	0xbe3225d3	0x3e3851ec	0x3ec2c4b7	0x3f018094
0x3da9fbe7	0x3e99999a	0x3f000000	0x3faa3722	0xbe320ff5	0x3e3851ec	0x3ec2dbd4	0x3f018ff2
0x3daa3055	0x3e99999a	0x3f000000	0x3faa3722	0xbe31fa1a	0x3e3851ec	0x3ec2f2f0	0x3f019f4f
0x3daa64c3	0x3e99999a	0x3f000000	0x3faa3722	0xbe31e43e	0x3e3851ec	0x3ec30a11	0x3f01aeb0
0x3daa9931	0x3e99999a	0x3f000000	0x3faa3722	0xbe31ce65	0x3e3851ec	0x3ec32130	0x3f01be10
0x3daacd9f	0x3e99999a	0x3f000000	0x3faa3722	0xbe31b88c	0x3e3851ec	0x3ec33853	0x3f01cd72
0x3dab020c	0x3e99999a	0x3f000000	0x3faa3722	0xbe31a2b6	0x3e3851ec	0x3ec34f75	0x3f01dcd4
0x3dab367a	0x3e99999a	0x3f000000	0x3faa3722	0xbe318ce1	0x3e3851ec	0x3ec36698	0x3f01ec36
0x3dab6ae8	0x3e99999a	0x3f000000	0x3faa3722	0xbe31770c	0x3e3851ec	0x3ec37dbf	0x3f01fb9b
0x3dab9f56	0x3e99999a	0x3f000000	0x3faa3722	0xbe316138	0x3e3851ec	0x3ec394e7	0x3f020b00
0x3dabd3c3	0x3e99999a	0x3f000000	0x3faa3722	0xbe314b67	0x3e3851ec	0x3ec3ac0e	0x3f021a65
0x3dac0831	0x3e99999a	0x3f000000	0x3faa3722	0xbe313598	0x3e3851ec	0x3ec3c337	0x3f0229cb
0x3dac3c9f	0x3e99999a	0x3f000000	0x3faa3722	0xbe311fc8	0x3e3851ec	0x3ec3da62	0x3f023933
0x3dac710d	0x3e99999a	0x3f000000	0x3faa3722	0xbe3109fc	0x3e3851ec	0x3ec3f18d	0x3f02489b
0x3daca57a	0x3e99999a	0x3f000000	0x3faa3722	0xbe30f430	0x3e3851ec	0x3ec408ba	0x3f025803
0x3dacd9e8	0x3e99999a	0x3f000000	0x3faa3722	0xbe30de65	0x3e3851ec	0x3ec41fe9	0x3f02676e
0x3dad0e56	0x3e99999a	0x3f000000	0x3faa3722	0xbe30c89a	0x3e3851ec	0x3ec4371b	0x3f0276da
0x3dad42c4	0x3e99999a	0x3f000000	0x3faa3722	0xbe30b2d3	0x3e3851ec	0x3ec44e4b	0x3f028645
0x3dad7732	0x3e99999a	0x3f000000	0x3faa3722	0xbe309d0d	0x3e3851ec	0x3ec4657d	0x3f0295b1
0x3dadab9f	0x3e99999a	0x3f000000	0x3faa3722	0xbe308747	0x3e3851ec	0x3ec47cb1	0x3f02a51e
0x3dade00d	0x3e99999a	0x3f000000	0x3faa3722	0xbe307183	0x3e3851ec	0x3ec493e7	0x3f02b48d
0x3dae147b	0x3e99999a	0x3f000000	0x3faa3722	0xbe305bc0	0x3e3851ec	0x3ec4ab1d	0x3f02c3fc
0x3dae48e9	0x3e99999a	0x3f000000	0x3faa3722	0xbe3045ff	0x3e3851ec	0x3ec4c255	0x3f02d36c
0x3dae7d56	0x3e99999a	0x3f000000	0x3faa3722	0xbe30303e	0x3e3851ec	0x3ec4d98f	0x3f02e2de
0x3daeb1c4	0x3e99999a	0x3f000000	0x3faa3722	0xbe301a80	0x3e3851ec	0x3ec4f0c9	0x3f02f24f
0x3daee632	0x3e99999a	0x3f000000	0x3faa3722	0xbe3004c4	0x3e3851ec	0x3ec50803	0x3f0301c1
0x3daf1aa0	0x3e99999a	0x3f000000	0x3faa3722	0xbe2fef07	0x3e3851ec	0x3ec51f41	0x3f031135
0x3daf4f0e	0x3e99999a	0x3f000000	0x3faa3722	0xbe2fd94b	0x3e3851ec	0x3ec53681	0x3f0320ab
0x3daf837b	0x3e99999a	0x3f000000	0x3faa3722	0xbe2fc392	0x3e3851ec	0x3ec54dc1	0x3f033020
0x3dafb7e9	0x3e99999a	0x3f000000	0x3faa3722	0xbe2faddb	0x3e3851ec	0x3ec56500	0x3f033f95
0x3dafec57	0x3e99999a	0x3f000000	0x3faa3722	0xbe2f9824	0x3e3851ec	0x3ec57c43	0x3f034f0c
0x3db020c5	0x3e99999a	0x3f000000	0x3faa3722	0xbe2f826f	0x3e3851ec	0x3ec59386	0x3f035e84
0x3db05532	0x3e99999a	0x3f000000	0x3faa3722	0xbe2f6cbc	0x3e3851ec	0x3ec5aacb	0x3f036dfd
0x3db089a0	0x3e99999a	0x3f000000	0x3faa3722	0xbe2f5708	0x3e3851ec	0x3ec5c212	0x3f037d77
0x3db0be0e	0x3e99999a	0x3f000000	0x3faa3722	0xbe2f4156	0x3e3851ec	0x3ec5d95a	0x3f038cf2
0x3db0f27c	0x3e99999a	0x3f000000	0x3faa3722	0xbe2f2ba7	0x3e3851ec	0x3ec5f0a2	0x3f039c6d
0x3db126e9	0x3e99999a	0x3f000000	0x3faa3722	0xbe2f15f9	0x3e3851ec	0x3ec607eb	0x3f03abe8
0x3db15b57	0x3e99999a	0x3f000000	0x3faa3722	0xbe2f004b	0x3e3851ec	0x3ec61f38	0x3f03bb66
0x3db18fc5	0x3e99999a	0x3f000000	0x3faa3722	0xbe2eeaa0	0x3e3851ec	0x3ec63684	0x3f03cae4
0x3db1c433	0x3e99999a	0x3f000000	0x3faa3722	0xbe2ed4f4	0x3e3851ec	0x3ec64dd3	0x3f03da63
0x3db1f8a1	0x3e99999a	0x3f000000	0x3faa3722	0xbe2ebf4c	0x3e3851ec	0x3ec66521	0x3f03e9e2
0x3db22d0e	0x3e99999a	0x3f000000	0x3faa3722	0xbe2ea9a3	0x3e3851ec	0x3ec67c73	0x3f03f963
0x3db2617c	0x3e99999a	0x3f000000	0x3faa3722	0xbe2e93fd	0x3e3851ec	0x3ec693c4	0x3f0408e4
0x3db295ea	0x3e99999a	0x3f000000	0x3faa3722	0xbe2e7e59	0x3e3851ec	0x3ec6ab16	0x3f041866
0x3db2ca58	0x3e99999a	0x3f000000	0x3faa3722	0xbe2e68b4	0x3e3851ec	0x3ec6c26c	0x3f0427ea
0x3db2fec5	0x3e99999a	0x3f000000	0x3faa3722	0xbe2e5312	0x3e3851ec	0x3ec6d9c1	0x3f04376d
0x3db33333	0x3e99999a	0x3f000000	0x3faa3722	0xbe2e3d70	0x3e3851ec	0x3ec6f119	0x3f0446f3
0x3db367a1	0x3e99999a	0x3f000000	0x3faa3722	0xbe2e27d1	0x3e3851ec	0x3ec70870	0x3f045678
0x3db39c0f	0x3e99999a	0x3f000000	0x3faa3722	0xbe2e1232	0x3e3851ec	0x3ec71fcb	0x3f0465ff
0x3db3d07d	0x3e99999a	0x3f000000	0x3faa3722	0xbe2dfc95	0x3e3851ec	0x3ec73725	0x3f047586
0x3db404ea	0x3e99999a	0x3f000000	0x3faa3722	0xbe2de6fa	0x3e3851ec	0x3ec74e80	0x3f04850d
0x3db43958	0x3e99999a	0x3f000000	0x3faa3722	0xbe2dd15f	0x3e3851ec	0x3ec765df	0x3f049497
0x3db46dc6	0x3e99999a	0x3f000000	0x3faa3722	0xbe2dbbc5	0x3e3851ec	0x3ec77d3f	0x3f04a422
0x3db4a234	0x3e99999a	0x3f000000	0x3faa3722	0xbe2da62e	0x3e3851ec	0x3ec7949e	0x3f04b3ac
0x3db4d6a1	0x3e99999a	0x3f000000	0x3faa3722	0xbe2d9098	0x3e3851ec	0x3ec7abfe	0x3f04c337
0x3db50b0f	0x3e99999a	0x3f000000	0x3faa3722	0xbe2d7b02	0x3e3851ec	0x3ec7c362	0x3f04d2c5
0x3db53f7d	0x3e99999a	0x3f000000	0x3faa3722	0xbe2d656f	0x3e3851ec	0x3ec7dac5	0x3f04e251
0x3db573eb	0x3e99999a	0x3f000000	0x3faa3722	0xbe2d4fdc	0x3e3851ec	0x3ec7f22b	0x3f04f1e0
0x3db5a858	0x3e99999a	0x3f000000	0x3faa3722	0xbe2d3a4c	0x3e3851ec	0x3ec80990	0x3f05016e
0x3db5dcc6	0x3e99999a	0x3f000000	0x3faa3722	0xbe2d24bb	0x3e3851ec	0x3ec820f9	0x3f0510ff
0x3db61134	0x3e99999a	0x3f000000	0x3faa3722	0xbe2d0f2d	0x3e3851ec	0x3ec83862	0x3f052090
0x3db645a2	0x3e99999a	0x3f000000	0x3faa3722	0xbe2cf9a1	0x3e3851ec	0x3ec84fcb	0x3f053021
0x3db67a10	0x3e99999a	0x3f000000	0x3faa3722	0xbe2ce415	0x3e3851ec	0x3ec86738	0x3f053fb4
0x3db6ae7d	0x3e99999a	0x3f000000	0x3faa3722	0xbe2cce8b	0x3e3851ec	0x3ec87ea4	0x3f054f47
0x3db6e2eb	0x3e99999a	0x3f000000	0x3faa3722	0xbe2cb901	0x3e3851ec	0x3ec89613	0x3f055edc
0x3db71759	0x3e99999a	0x3f000000	0x3faa3722	0xbe2ca37a	0x3e3851ec	0x3ec8ad82	0x3f056e70
0x3db74bc7	0x3e99999a	0x3f000000	0x3faa3722	0xbe2c8df3	0x3e3851ec	0x3ec8c4f4	0x3f057e07
0x3db78034	0x3e99999a	0x3f000000	0x3faa3722	0xbe2c786f	0x3e3851ec	0x3ec8dc65	0x3f058d9d
0x3db7b4a2	0x3e99999a	0x3f000000	0x3faa3722	0xbe2c62ec	0x3e3851ec	0x3ec8f3d7	0x3f059d34
0x3db7e910	0x3e99999a	0x3f000000	0x3faa3722	0xbe2c4d69	0x3e3851ec	0x3ec90b4c	0x3f05accd
0x3db81d7e	0x3e99999a	0x3f000000	0x3faa3722	0xbe2c37e7	0x3e3851ec	0x3ec922c3	0x3f05bc67
0x3db851ec	0x3e99999a	0x3f000000	0x3faa3722	0xbe2c2268	0x3e3851ec	0x3ec93a39	0x3f05cc00
0x3db88659	0x3e99999a	0x3f000000	0x3faa3722	0xbe2c0cea	0x3e3851ec	0x3ec951b2	0x3f05db9b
0x3db8bac7	0x3e99999a	0x3f000000	0x3faa3722	0xbe2bf76c	0x3e3851ec	0x3ec9692c	0x3f05eb38
0x3db8ef35	0x3e99999a	0x3f000000	0x3faa3722	0xbe2be1f2	0x3e3851ec	0x3ec980a6	0x3f05fad4
0x3db923a3	0x3e99999a	0x3f000000	0x3faa3722	0xbe2bcc76	0x3e3851ec	0x3ec99823	0x3f060a72
0x3db95810	0x3e99999a	0x3f000000	0x3faa3722	0xbe2bb6fe	0x3e3851ec	0x3ec9afa0	0x3f061a10
0x3db98c7e	0x3e99999a	0x3f000000	0x3faa3722	0xbe2ba186	0x3e3851ec	0x3ec9c71f	0x3f0629af
0x3db9c0ec	0x3e99999a	0x3f000000	0x3faa3722	0xbe2b8c10	0x3e3851ec	0x3ec9de9f	0x3f06394f
0x3db9f55a	0x3e99999a	0x3f000000	0x3faa3722	0xbe2b769c	0x3e3851ec	0x3ec9f61f	0x3f0648ef
0x3dba29c7	0x3e99999a	0x3f000000	0x3faa3722	0xbe2b6128	0x3e3851ec	0x3eca0da2	0x3f065891
0x3dba5e35	0x3e99999a	0x3f000000	0x3faa3722	0xbe2b4bb6	0x3e3851ec	0x3eca2526	0x3f066834
0x3dba92a3	0x3e99999a	0x3f000000	0x3faa3722	0xbe2b3645	0x3e3851ec	0x3eca3cab	0x3f0677d7
0x3dbac711	0x3e99999a	0x3f000000	0x3faa3722	0xbe2b20d6	0x3e3851ec	0x3eca5431	0x3f06877b
0x3dbafb7f	0x3e99999a	0x3f000000	0x3faa3722	0xbe2b0b67	0x3e3851ec	0x3eca6bb9	0x3f069721
0x3dbb2fec	0x3e99999a	0x3f000000	0x3faa3722	0xbe2af5fb	0x3e3851ec	0x3eca8341	0x3f06a6c6
0x3dbb645a	0x3e99999a	0x3f000000	0x3faa3722	0xbe2ae090	0x3e3851ec	0x3eca9aca	0x3f06b66c
0x3dbb98c8	0x3e99999a	0x3f000000	0x3faa3722	0xbe2acb25	0x3e3851ec	0x3ecab257	0x3f06c615
0x3dbbcd36	0x3e99999a	0x3f000000	0x3faa3722	0xbe2ab5bb	0x3e3851ec	0x3ecac9e5	0x3f06d5be
0x3dbc01a3	0x3e99999a	0x3f000000	0x3faa3722	0xbe2aa055	0x3e3851ec	0x3ecae171	0x3f06e566
0x3dbc3611	0x3e99999a	0x3f000000	0x3faa3722	0xbe2a8aef	0x3e3851ec	0x3ecaf900	0x3f06f510
0x3dbc6a7f	0x3e99999a	0x3f000000	0x3faa3722	0xbe2a758a	0x3e3851ec	0x3ecb1091	0x3f0704bc
0x3dbc9eed	0x3e99999a	0x3f000000	0x3faa3722	0xbe2a6027	0x3e3851ec	0x3ecb2822	0x3f071467
0x3dbcd35b	0x3e99999a	0x3f000000	0x3faa3722	0xbe2a4ac4	0x3e3851ec	0x3ecb3fb6	0x3f072415
0x3dbd07c8	0x3e99999a	0x3f000000	0x3faa3722	0xbe2a3564	0x3e3851ec	0x3ecb5749	0x3f0733c1
0x3dbd3c36	0x3e99999a	0x3f000000	0x3faa3722	0xbe2a2004	0x3e3851ec	0x3ecb6edf	0x3f074370
0x3dbd70a4	0x3e99999a	0x3f000000	0x3faa3722	0xbe2a0aa6	0x3e3851ec	0x3ecb8676	0x3f07531f
0x3dbda512	0x3e99999a	0x3f000000	0x3faa3722	0xbe29f54a	0x3e3851ec	0x3ecb9e0d	0x3f0762cf
0x3dbdd97f	0x3e99999a	0x3f000000	0x3faa3722	0xbe29dfee	0x3e3851ec	0x3ecbb5a7	0x3f077280
0x3dbe0ded	0x3e99999a	0x3f000000	0x3faa3722	0xbe29ca95	0x3e3851ec	0x3ecbcd40	0x3f078231
0x3dbe425b	0x3e99999a	0x3f000000	0x3faa3722	0xbe29b53b	0x3e3851ec	0x3ecbe4dd	0x3f0791e4
0x3dbe76c9	0x3e99999a	0x3f000000	0x3faa3722	0xbe299fe4	0x3e3851ec	0x3ecbfc79	0x3f07a197
0x3dbeab36	0x3e99999a	0x3f000000	0x3faa3722	0xbe298a8e	0x3e3851ec	0x3ecc1417	0x3f07b14b
0x3dbedfa4	0x3e99999a	0x3f000000	0x3faa3722	0xbe29753a	0x3e3851ec	0x3ecc2bb7	0x3f07c100
0x3dbf1412	0x3e99999a	0x3f000000	0x3faa3722	0xbe295fe7	0x3e3851ec	0x3ecc4356	0x3f07d0b5
0x3dbf4880	0x3e99999a	0x3f000000	0x3faa3722	0xbe294a94	0x3e3851ec	0x3ecc5af9	0x3f07e06c
0x3dbf7cee	0x3e99999a	0x3f000000	0x3faa3722	0xbe293543	0x3e3851ec	0x3ecc729d	0x3f07f024
0x3dbfb15b	0x3e99999a	0x3f000000	0x3faa3722	0xbe291ff4	0x3e3851ec	0x3ecc8a41	0x3f07ffdc
0x3dbfe5c9	0x3e99999a	0x3f000000	0x3faa3722	0xbe290aa7	0x3e3851ec	0x3ecca1e6	0x3f080f95
0x3dc01a37	0x3e99999a	0x3f000000	0x3faa3722	0xbe28f559	0x3e3851ec	0x3eccb98e	0x3f081f4f
0x3dc04ea5	0x3e99999a	0x3f000000	0x3faa3722	0xbe28e00f	0x3e3851ec	0x3eccd135	0x3f082f09
0x3dc08312	0x3e99999a	0x3f000000	0x3faa3722	0xbe28cac6	0x3e3851ec	0x3ecce8dd	0x3f083ec4
0x3dc0b780	0x3e99999a	0x3f000000	0x3faa3722	0xbe28b57c	0x3e3851ec	0x3ecd0089	0x3f084e81
0x3dc0ebee	0x3e99999a	0x3f000000	0x3faa3722	0xbe28a034	0x3e3851ec	0x3ecd1836	0x3f085e3f
0x3dc1205c	0x3e99999a	0x3f000000	0x3faa3722	0xbe288aef	0x3e3851ec	0x3ecd2fe2	0x3f086dfd
0x3dc154ca	0x3e99999a	0x3f000000	0x3faa3722	0xbe2875ab	0x3e3851ec	0x3ecd4790	0x3f087dbb
0x3dc18937	0x3e99999a	0x3f000000	0x3faa3722	0xbe286067	0x3e3851ec	0x3ecd5f40	0x3f088d7b
0x3dc1bda5	0x3e99999a	0x3f000000	0x3faa3722	0xbe284b26	0x3e3851ec	0x3ecd76f0	0x3f089d3b
0x3dc1f213	0x3e99999a	0x3f000000	0x3faa3722	0xbe2835e4	0x3e3851ec	0x3ecd8ea3	0x3f08acfd
0x3dc22681	0x3e99999a	0x3f000000	0x3faa3722	0xbe2820a6	0x3e3851ec	0x3ecda656	0x3f08bcbf
0x3dc25aee	0x3e99999a	0x3f000000	0x3faa3722	0xbe280b67	0x3e3851ec	0x3ecdbe0b	0x3f08cc82
0x3dc28f5c	0x3e99999a	0x3f000000	0x3faa3722	0xbe27f62b	0x3e3851ec	0x3ecdd5c0	0x3f08dc46
0x3dc2c3ca	0x3e99999a	0x3f000000	0x3faa3722	0xbe27e0f1	0x3e3851ec	0x3ecded76	0x3f08ec0a
0x3dc2f838	0x3e99999a	0x3f000000	0x3faa3722	0xbe27cbb6	0x3e3851ec	0x3ece0530	0x3f08fbd0
0x3dc32ca5	0x3e99999a	0x3f000000	0x3faa3722	0xbe27b67f	0x3e3851ec	0x3ece1ce7	0x3f090b95
0x3dc36113	0x3e99999a	0x3f000000	0x3faa3722	0xbe27a147	0x3e3851ec	0x3ece34a3	0x3f091b5d
0x3dc39581	0x3e99999a	0x3f000000	0x3faa3722	0xbe278c12	0x3e3851ec	0x3ece4c5e	0x3f092b24
0x3dc3c9ef	0x3e99999a	0x3f000000	0x3faa3722	0xbe2776dc	0x3e3851ec	0x3ece641d	0x3f093aee
0x3dc3fe5d	0x3e99999a	0x3f000000	0x3faa3722	0xbe2761aa	0x3e3851ec	0x3ece7bda	0x3f094ab7
0x3dc432ca	0x3e99999a	0x3f000000	0x3faa3722	0xbe274c79	0x3e3851ec	0x3ece9398	0x3f095a80
0x3dc46738	0x3e99999a	0x3f000000	0x3faa3722	0xbe273747	0x3e3851ec	0x3eceab5b	0x3f096a4d
0x3dc49ba6	0x3e99999a	0x3f000000	0x3faa3722	0xbe272217	0x3e3851ec	0x3ecec31f	0x3f097a1a
0x3dc4d014	0x3e99999a	0x3f000000	0x3faa3722	0xbe270cea	0x3e3851ec	0x3ecedae1	0x3f0989e6
0x3dc50481	0x3e99999a	0x3f000000	0x3faa3722	0xbe26f7bf	0x3e3851ec	0x3ecef2a3	0x3f0999b2
0x3dc538ef	0x3e99999a	0x3f000000	0x3faa3722	0xbe26e293	0x3e3851ec	0x3ecf0a6a	0x3f09a981
0x3dc56d5d	0x3e99999a	0x3f000000	0x3faa3722	0xbe26cd6a	0x3e3851ec	0x3ecf2231	0x3f09b950
0x3dc5a1cb	0x3e99999a	0x3f000000	0x3faa3722	0xbe26b841	0x3e3851ec	0x3ecf39f9	0x3f09c920
0x3dc5d639	0x3e99999a	0x3f000000	0x3faa3722	0xbe26a31a	0x3e3851ec	0x3ecf51c3	0x3f09d8f2
0x3dc60aa6	0x3e99999a	0x3f000000	0x3faa3722	0xbe268df4	0x3e3851ec	0x3ecf698d	0x3f09e8c3
0x3dc63f14	0x3e99999a	0x3f000000	0x3faa3722	0xbe2678d0	0x3e3851ec	0x3ecf8159	0x3f09f895
0x3dc67382	0x3e99999a	0x3f000000	0x3faa3722	0xbe2663ae	0x3e3851ec	0x3ecf9925	0x3f0a0868
0x3dc6a7f0	0x3e99999a	0x3f000000	0x3faa3722	0xbe264e8b	0x3e3851ec	0x3ecfb0f4	0x3f0a183d
0x3dc6dc5d	0x3e99999a	0x3f000000	0x3faa3722	0xbe26396c	0x3e3851ec	0x3ecfc8c2	0x3f0a2811
0x3dc710cb	0x3e99999a	0x3f000000	0x3faa3722	0xbe26244c	0x3e3851ec	0x3ecfe094	0x3f0a37e7
0x3dc74539	0x3e99999a	0x3f000000	0x3faa3722	0xbe260f2f	0x3e3851ec	0x3ecff865	0x3f0a47bd
0x3dc779a7	0x3e99999a	0x3f000000	0x3faa3722	0xbe25fa12	0x3e3851ec	0x3ed01039	0x3f0a5795
0x3dc7ae14	0x3e99999a	0x3f000000	0x3faa3722	0xbe25e4f8	0x3e3851ec	0x3ed0280d	0x3f0a676d
0x3dc7e282	0x3e99999a	0x3f000000	0x3faa3722	0xbe25cfdf	0x3e3851ec	0x3ed03fe1	0x3f0a7745
0x3dc816f0	0x3e99999a	0x3f000000	0x3faa3722	0xbe25bac6	0x3e3851ec	0x3ed057b9	0x3f0a871f
0x3dc84b5e	0x3e99999a	0x3f000000	0x3faa3722	0xbe25a5ae	0x3e3851ec	0x3ed06f92	0x3f0a96fb
0x3dc87fcc	0x3e99999a	0x3f000000	0x3faa3722	0xbe259099	0x3e3851ec	0x3ed0876a	0x3f0aa6d5
0x3dc8b439	0x3e99999a	0x3f000000	0x3faa3722	0xbe257b85	0x3e3851ec	0x3ed09f45	0x3f0ab6b2
0x3dc8e8a7	0x3e99999a	0x3f000000	0x3faa3722	0xbe256672	0x3e3851ec	0x3ed0b720	0x3f0ac68e
0x3dc91d15	0x3e99999a	0x3f000000	0x3faa3722	0xbe255161	0x3e3851ec	0x3ed0cefc	0x3f0ad66c
0x3dc95183	0x3e99999a	0x3f000000	0x3faa3722	0xbe253c50	0x3e3851ec	0x3ed0e6db	0x3f0ae64b
0x3dc985f0	0x3e99999a	0x3f000000	0x3faa3722	0xbe252742	0x3e3851ec	0x3ed0feba	0x3f0af62a
0x3dc9ba5e	0x3e99999a	0x3f000000	0x3faa3722	0xbe251233	0x3e3851ec	0x3ed1169b	0x3f0b060b
0x3dc9eecc	0x3e99999a	0x3f000000	0x3faa3722	0xbe24fd28	0x3e3851ec	0x3ed12e7c	0x3f0b15eb
0x3dca233a	0x3e99999a	0x3f000000	0x3faa3722	0xbe24e81e	0x3e3851ec	0x3ed1465e	0x3f0b25cc
0x3dca57a8	0x3e99999a	0x3f000000	0x3faa3722	0xbe24d313	0x3e3851ec	0x3ed15e44	0x3f0b35b0
0x3dca8c15	0x3e99999a	0x3f000000	0x3faa3722	0xbe24be0c	0x3e3851ec	0x3ed17627	0x3f0b4592
0x3dcac083	0x3e99999a	0x3f000000	0x3faa3722	0xbe24a904	0x3e3851ec	0x3ed18e0f	0x3f0b5577
0x3dcaf4f1	0x3e99999a	0x3f000000	0x3faa3722	0xbe2493ff	0x3e3851ec	0x3ed1a5f6	0x3f0b655c
0x3dcb295f	0x3e99999a	0x3f000000	0x3faa3722	0xbe247efa	0x3e3851ec	0x3ed1bde0	0x3f0b7542
0x3dcb5dcc	0x3e99999a	0x3f000000	0x3faa3722	0xbe2469f8	0x3e3851ec	0x3ed1d5c9	0x3f0b8528
0x3dcb923a	0x3e99999a	0x3f000000	0x3faa3722	0xbe2454f8	0x3e3851ec	0x3ed1edb2	0x3f0b950e
0x3dcbc6a8	0x3e99999a	0x3f000000	0x3faa3722	0xbe243ff7	0x3e3851ec	0x3ed205a0	0x3f0ba4f7
0x3dcbfb16	0x3e99999a	0x3f000000	0x3faa3722	0xbe242af7	0x3e3851ec	0x3ed21d8f	0x3f0bb4e1
0x3dcc2f83	0x3e99999a	0x3f000000	0x3faa3722	0xbe2415fa	0x3e3851ec	0x3ed2357d	0x3f0bc4ca
0x3dcc63f1	0x3e99999a	0x3f000000	0x3faa3722	0xbe2400ff	0x3e3851ec	0x3ed24d6c	0x3f0bd4b4
0x3dcc985f	0x3e99999a	0x3f000000	0x3faa3722	0xbe23ec03	0x3e3851ec	0x3ed2655f	0x3f0be4a1
0x3dcccccd	0x3e99999a	0x3f000000	0x3faa3722	0xbe23d70b	0x3e3851ec	0x3ed27d50	0x3f0bf48c
0x3dcd013b	0x3e99999a	0x3f000000	0x3faa3722	0xbe23c212	0x3e3851ec	0x3ed29544	0x3f0c0479
0x3dcd35a8	0x3e99999a	0x3f000000	0x3faa3722	0xbe23ad1c	0x3e3851ec	0x3ed2ad38	0x3f0c1466
0x3dcd6a16	0x3e99999a	0x3f000000	0x3faa3722	0xbe239825	0x3e3851ec	0x3ed2c530	0x3f0c2456
0x3dcd9e84	0x3e99999a	0x3f000000	0x3faa3722	0xbe238332	0x3e3851ec	0x3ed2dd26	0x3f0c3445
0x3dcdd2f2	0x3e99999a	0x3f000000	0x3faa3722	0xbe236e40	0x3e3851ec	0x3ed2f51d	0x3f0c4434
0x3dce075f	0x3e99999a	0x3f000000	0x3faa3722	0xbe23594e	0x3e3851ec	0x3ed30d18	0x3f0c5426
0x3dce3bcd	0x3e99999a	0x3f000000	0x3faa3722	0xbe23445f	0x3e3851ec	0x3ed32511	0x3f0c6416
0x3dce703b	0x3e99999a	0x3f000000	0x3faa3722	0xbe232f6f	0x3e3851ec	0x3ed33d0e	0x3f0c7409
0x3dcea4a9	0x3e99999a	0x3f000000	0x3faa3722	0xbe231a83	0x3e3851ec	0x3ed3550a	0x3f0c83fc
0x3dced917	0x3e99999a	0x3f000000	0x3faa3722	0xbe230596	0x3e3851ec	0x3ed36d09	0x3f0c93f0
0x3dcf0d84	0x3e99999a	0x3f000000	0x3faa3722	0xbe22f0ac	0x3e3851ec	0x3ed38508	0x3f0ca3e5
0x3dcf41f2	0x3e99999a	0x3f000000	0x3faa3722	0xbe22dbc3	0x3e3851ec	0x3ed39d08	0x3f0cb3da
0x3dcf7660	0x3e99999a	0x3f000000	0x3faa3722	0xbe22c6da	0x3e3851ec	0x3ed3b50c	0x3f0cc3d2
0x3dcfaace	0x3e99999a	0x3f000000	0x3faa3722	0xbe22b1f3	0x3e3851ec	0x3ed3cd0f	0x3f0cd3c9
0x3dcfdf3b	0x3e99999a	0x3f000000	0x3faa3722	0xbe229d0e	0x3e3851ec	0x3ed3e513	0x3f0ce3c1
0x3dd013a9	0x3e99999a	0x3f000000	0x3faa3722	0xbe22882b	0x3e3851ec	0x3ed3fd17	0x3f0cf3b9
0x3dd04817	0x3e99999a	0x3f000000	0x3faa3722	0xbe227348	0x3e3851ec	0x3ed4151e	0x3f0d03b3
0x3dd07c85	0x3e99999a	0x3f000000	0x3faa3722	0xbe225e67	0x3e3851ec	0x3ed42d25	0x3f0d13ac
0x3dd0b0f2	0x3e99999a	0x3f000000	0x3faa3722	0xbe224988	0x3e3851ec	0x3ed4452d	0x3f0d23a7
0x3dd0e560	0x3e99999a	0x3f000000	0x3faa3722	0xbe2234a9	0x3e3851ec	0x3ed45d38	0x3f0d33a3
0x3dd119ce	0x3e99999a	0x3f000000	0x3faa3722	0xbe221fcb	0x3e3851ec	0x3ed47544	0x3f0d43a1
0x3dd14e3c	0x3e99999a	0x3f000000	0x3faa3722	0xbe220aef	0x3e3851ec	0x3ed48d51	0x3f0d539e
0x3dd182aa	0x3e99999a	0x3f000000	0x3faa3722	0xbe21f616	0x3e3851ec	0x3ed4a55d	0x3f0d639c
0x3dd1b717	0x3e99999a	0x3f000000	0x3faa3722	0xbe21e13c	0x3e3851ec	0x3ed4bd6c	0x3f0d739b
0x3dd1eb85	0x3e99999a	0x3f000000	0x3faa3722	0xbe21cc64	0x3e3851ec	0x3ed4d57d	0x3f0d839b
0x3dd21ff3	0x3e99999a	0x3f000000	0x3faa3722	0xbe21b78d	0x3e3851ec	0x3ed4ed8e	0x3f0d939c
0x3dd25461	0x3e99999a	0x3f000000	0x3faa3722	0xbe21a2b9	0x3e3851ec	0x3ed5059f	0x3f0da39c
0x3dd288ce	0x3e99999a	0x3f000000	0x3faa3722	0xbe218de4	0x3e3851ec	0x3ed51db4	0x3f0db39f
0x3dd2bd3c	0x3e99999a	0x3f000000	0x3faa3722	0xbe217912	0x3e3851ec	0x3ed535c8	0x3f0dc3a2
0x3dd2f1aa	0x3e99999a	0x3f000000	0x3faa3722	0xbe216442	0x3e3851ec	0x3ed54ddd	0x3f0dd3a5
0x3dd32618	0x3e99999a	0x3f000000	0x3faa3722	0xbe214f71	0x3e3851ec	0x3ed565f5	0x3f0de3aa
0x3dd35a86	0x3e99999a	0x3f000000	0x3faa3722	0xbe213aa2	0x3e3851ec	0x3ed57e0e	0x3f0df3b0
0x3dd38ef3	0x3e99999a	0x3f000000	0x3faa3722	0xbe2125d5	0x3e3851ec	0x3ed59626	0x3f0e03b5
0x3dd3c361	0x3e99999a	0x3f000000	0x3faa3722	0xbe21110a	0x3e3851ec	0x3ed5ae40	0x3f0e13bb
0x3dd3f7cf	0x3e99999a	0x3f000000	0x3faa3722	0xbe20fc3f	0x3e3851ec	0x3ed5c65d	0x3f0e23c4
0x3dd42c3d	0x3e99999a	0x3f000000	0x3faa3722	0xbe20e777	0x3e3851ec	0x3ed5de77	0x3f0e33ca
0x3dd460aa	0x3e99999a	0x3f000000	0x3faa3722	0xbe20d2b0	0x3e3851ec	0x3ed5f695	0x3f0e43d3
0x3dd49518	0x3e99999a	0x3f000000	0x3faa3722	0xbe20bde8	0x3e3851ec	0x3ed60eb6	0x3f0e53de
0x3dd4c986	0x3e99999a	0x3f000000	0x3faa3722	0xbe20a922	0x3e3851ec	0x3ed626d7	0x3f0e63ea
0x3dd4fdf4	0x3e99999a	0x3f000000	0x3faa3722	0xbe209460	0x3e3851ec	0x3ed63ef6	0x3f0e73f3
0x3dd53261	0x3e99999a	0x3f000000	0x3faa3722	0xbe207f9e	0x3e3851ec	0x3ed65719	0x3f0e8400
0x3dd566cf	0x3e99999a	0x3f000000	0x3faa3722	0xbe206adc	0x3e3851ec	0x3ed66f3e	0x3f0e940e
0x3dd59b3d	0x3e99999a	0x3f000000	0x3faa3722	0xbe20561d	0x3e3851ec	0x3ed68762	0x3f0ea41b
0x3dd5cfab	0x3e99999a	0x3f000000	0x3faa3722	0xbe20415e	0x3e3851ec	0x3ed69f88	0x3f0eb429
0x3dd60419	0x3e99999a	0x3f000000	0x3faa3722	0xbe202ca2	0x3e3851ec	0x3ed6b7af	0x3f0ec438
0x3dd63886	0x3e99999a	0x3f000000	0x3faa3722	0xbe2017e5	0x3e3851ec	0x3ed6cfd8	0x3f0ed449
0x3dd66cf4	0x3e99999a	0x3f000000	0x3faa3722	0xbe20032b	0x3e3851ec	0x3ed6e802	0x3f0ee45a
0x3dd6a162	0x3e99999a	0x3f000000	0x3faa3722	0xbe1fee73	0x3e3851ec	0x3ed7002b	0x3f0ef46a
0x3dd6d5d0	0x3e99999a	0x3f000000	0x3faa3722	0xbe1fd9bb	0x3e3851ec	0x3ed71857	0x3f0f047d
0x3dd70a3d	0x3e99999a	0x3f000000	0x3faa3722	0xbe1fc505	0x3e3851ec	0x3ed73084	0x3f0f1490
0x3dd73eab	0x3e99999a	0x3f000000	0x3faa3722	0xbe1fb04f	0x3e3851ec	0x3ed748b3	0x3f0f24a4
0x3dd77319	0x3e99999a	0x3f000000	0x3faa3722	0xbe1f9b9c	0x3e3851ec	0x3ed760e1	0x3f0f34b8
0x3dd7a787	0x3e99999a	0x3f000000	0x3faa3722	0xbe1f86e9	0x3e3851ec	0x3ed77913	0x3f0f44ce
0x3dd7dbf5	0x3e99999a	0x3f000000	0x3faa3722	0xbe1f7239	0x3e3851ec	0x3ed79144	0x3f0f54e4
0x3dd81062	0x3e99999a	0x3f000000	0x3faa3722	0xbe1f5d8a	0x3e3851ec	0x3ed7a976	0x3f0f64fa
0x3dd844d0	0x3e99999a	0x3f000000	0x3faa3722	0xbe1f48db	0x3e3851ec	0x3ed7c1aa	0x3f0f7512
0x3dd8793e	0x3e99999a	0x3f000000	0x3faa3722	0xbe1f342d	0x3e3851ec	0x3ed7d9e1	0x3f0f852c
0x3dd8adac	0x3e99999a	0x3f000000	0x3faa3722	0xbe1f1f83	0x3e3851ec	0x3ed7f215	0x3f0f9544
0x3dd8e219	0x3e99999a	0x3f000000	0x3faa3722	0xbe1f0ad9	0x3e3851ec	0x3ed80a4b	0x3f0fa55d
0x3dd91687	0x3e99999a	0x3f000000	0x3faa3722	0xbe1ef62f	0x3e3851ec	0x3ed82286	0x3f0fb579
0x3dd94af5	0x3e99999a	0x3f000000	0x3faa3722	0xbe1ee188	0x3e3851ec	0x3ed83abf	0x3f0fc594
0x3dd97f63	0x3e99999a	0x3f000000	0x3faa3722	0xbe1ecce1	0x3e3851ec	0x3ed852fa	0x3f0fd5b1
0x3dd9b3d0	0x3e99999a	0x3f000000	0x3faa3722	0xbe1eb83d	0x3e3851ec	0x3ed86b35	0x3f0fe5cd
0x3dd9e83e	0x3e99999a	0x3f000000	0x3faa3722	0xbe1ea399	0x3e3851ec	0x3ed88372	0x3f0ff5eb
0x3dda1cac	0x3e99999a	0x3f000000	0x3faa3722	0xbe1e8ef8	0x3e3851ec	0x3ed89baf	0x3f100608
0x3dda511a	0x3e99999a	0x3f000000	0x3faa3722	0xbe1e7a57	0x3e3851ec	0x3ed8b3ef	0x3f101628
0x3dda8588	0x3e99999a	0x3f000000	0x3faa3722	0xbe1e65b7	0x3e3851ec	0x3ed8cc2f	0x3f102648
0x3ddab9f5	0x3e99999a	0x3f000000	0x3faa3722	0xbe1e511a	0x3e3851ec	0x3ed8e46f	0x3f103668
0x3ddaee63	0x3e99999a	0x3f000000	0x3faa3722	0xbe1e3c7c	0x3e3851ec	0x3ed8fcb4	0x3f10468b
0x3ddb22d1	0x3e99999a	0x3f000000	0x3faa3722	0xbe1e27e1	0x3e3851ec	0x3ed914f7	0x3f1056ac
0x3ddb573f	0x3e99999a	0x3f000000	0x3faa3722	0xbe1e1346	0x3e3851ec	0x3ed92d3d	0x3f1066d0
0x3ddb8bac	0x3e99999a	0x3f000000	0x3faa3722	0xbe1dfeae	0x3e3851ec	0x3ed94582	0x3f1076f3
0x3ddbc01a	0x3e99999a	0x3f000000	0x3faa3722	0xbe1dea18	0x3e3851ec	0x3ed95dc7	0x3f108716
0x3ddbf488	0x3e99999a	0x3f000000	0x3faa3722	0xbe1dd581	0x3e3851ec	0x3ed97611	0x3f10973d
0x3ddc28f6	0x3e99999a	0x3f000000	0x3faa3722	0xbe1dc0eb	0x3e3851ec	0x3ed98e5c	0x3f10a764
0x3ddc5d64	0x3e99999a	0x3f000000	0x3faa3722	0xbe1dac58	0x3e3851ec	0x3ed9a6a6	0x3f10b78a
0x3ddc91d1	0x3e99999a	0x3f000000	0x3faa3722	0xbe1d97c7	0x3e3851ec	0x3ed9bef0	0x3f10c7b0
0x3ddcc63f	0x3e99999a	0x3f000000	0x3faa3722	0xbe1d8335	0x3e3851ec	0x3ed9d73f	0x3f10d7da
0x3ddcfaad	0x3e99999a	0x3f000000	0x3faa3722	0xbe1d6ea7	0x3e3851ec	0x3ed9ef8b	0x3f10e802
0x3ddd2f1b	0x3e99999a	0x3f000000	0x3faa3722	0xbe1d5a18	0x3e3851ec	0x3eda07db	0x3f10f82c
0x3ddd6388	0x3e99999a	0x3f000000	0x3faa3722	0xbe1d458c	0x3e3851ec	0x3eda202b	0x3f110856
0x3ddd97f6	0x3e99999a	0x3f000000	0x3faa3722	0xbe1d3100	0x3e3851ec	0x3eda387c	0x3f111881
0x3dddcc64	0x3e99999a	0x3f000000	0x3faa3722	0xbe1d1c76	0x3e3851ec	0x3eda50cf	0x3f1128ae
0x3dde00d2	0x3e99999a	0x3f000000	0x3faa3722	0xbe1d07ef	0x3e3851ec	0x3eda6921	0x3f1138da
0x3dde353f	0x3e99999a	0x3f000000	0x3faa3722	0xbe1cf366	0x3e3851ec	0x3eda8177	0x3f114908
0x3dde69ad	0x3e99999a	0x3f000000	0x3faa3722	0xbe1cdee1	0x3e3851ec	0x3eda99cc	0x3f115936
0x3dde9e1b	0x3e99999a	0x3f000000	0x3faa3722	0xbe1cca5c	0x3e3851ec	0x3edab223	0x3f116965
0x3dded289	0x3e99999a	0x3f000000	0x3faa3722	0xbe1cb5d9	0x3e3851ec	0x3edaca7b	0x3f117994
0x3ddf06f7	0x3e99999a	0x3f000000	0x3faa3722	0xbe1ca156	0x3e3851ec	0x3edae2d5	0x3f1189c5
0x3ddf3b64	0x3e99999a	0x3f000000	0x3faa3722	0xbe1c8cd6	0x3e3851ec	0x3edafb2f	0x3f1199f6
0x3ddf6fd2	0x3e99999a	0x3f000000	0x3faa3722	0xbe1c7858	0x3e3851ec	0x3edb1389	0x3f11aa27
0x3ddfa440	0x3e99999a	0x3f000000	0x3faa3722	0xbe1c63d9	0x3e3851ec	0x3edb2be7	0x3f11ba5b
0x3ddfd8ae	0x3e99999a	0x3f000000	0x3faa3722	0xbe1c4f5c	0x3e3851ec	0x3edb4444	0x3f11ca8e
0x3de00d1b	0x3e99999a	0x3f000000	0x3faa3722	0xbe1c3ae1	0x3e3851ec	0x3edb5ca3	0x3f11dac2
0x3de04189	0x3e99999a	0x3f000000	0x3faa3722	0xbe1c2668	0x3e3851ec	0x3edb7502	0x3f11eaf7
0x3de075f7	0x3e99999a	0x3f000000	0x3faa3722	0xbe1c11ef	0x3e3851ec	0x3edb8d64	0x3f11fb2d
0x3de0aa65	0x3e99999a	0x3f000000	0x3faa3722	0xbe1bfd78	0x3e3851ec	0x3edba5c5	0x3f120b63
0x3de0ded3	0x3e99999a	0x3f000000	0x3faa3722	0xbe1be901	0x3e3851ec	0x3edbbe29	0x3f121b9a
0x3de11340	0x3e99999a	0x3f000000	0x3faa3722	0xbe1bd48d	0x3e3851ec	0x3edbd68e	0x3f122bd3
0x3de147ae	0x3e99999a	0x3f000000	0x3faa3722	0xbe1bc019	0x3e3851ec	0x3edbeef4	0x3f123c0c
0x3de17c1c	0x3e99999a	0x3f000000	0x3faa3722	0xbe1baba8	0x3e3851ec	0x3edc0759	0x3f124c44
0x3de1b08a	0x3e99999a	0x3f000000	0x3faa3722	0xbe1b9739	0x3e3851ec	0x3edc1fbf	0x3f125c7d
0x3de1e4f7	0x3e99999a	0x3f000000	0x3faa3722	0xbe1b82c9	0x3e3851ec	0x3edc3829	0x3f126cb9
0x3de21965	0x3e99999a	0x3f000000	0x3faa3722	0xbe1b6e5b	0x3e3851ec	0x3edc5093	0x3f127cf4
0x3de24dd3	0x3e99999a	0x3f000000	0x3faa3722	0xbe1b59ee	0x3e3851ec	0x3edc68fe	0x3f128d31
0x3de28241	0x3e99999a	0x3f000000	0x3faa3722	0xbe1b4584	0x3e3851ec	0x3edc8168	0x3f129d6c
0x3de2b6ae	0x3e99999a	0x3f000000	0x3faa3722	0xbe1b3119	0x3e3851ec	0x3edc99d7	0x3f12adab
0x3de2eb1c	0x3e99999a	0x3f000000	0x3faa3722	0xbe1b1cb1	0x3e3851ec	0x3edcb245	0x3f12bde9
0x3de31f8a	0x3e99999a	0x3f000000	0x3faa3722	0xbe1b084b	0x3e3851ec	0x3edccab3	0x3f12ce28
0x3de353f8	0x3e99999a	0x3f000000	0x3faa3722	0xbe1af3e4	0x3e3851ec	0x3edce325	0x3f12de69
0x3de38866	0x3e99999a	0x3f000000	0x3faa3722	0xbe1adf7f	0x3e3851ec	0x3edcfb96	0x3f12eea9
0x3de3bcd3	0x3e99999a	0x3f000000	0x3faa3722	0xbe1acb1d	0x3e3851ec	0x3edd1407	0x3f12fee9
0x3de3f141	0x3e99999a	0x3f000000	0x3faa3722	0xbe1ab6bc	0x3e3851ec	0x3edd2c7a	0x3f130f2b
0x3de425af	0x3e99999a	0x3f000000	0x3faa3722	0xbe1aa25a	0x3e3851ec	0x3edd44f1	0x3f131f6f
0x3de45a1d	0x3e99999a	0x3f000000	0x3faa3722	0xbe1a8dfc	0x3e3851ec	0x3edd5d66	0x3f132fb2
0x3de48e8a	0x3e99999a	0x3f000000	0x3faa3722	0xbe1a799f	0x3e3851ec	0x3edd75dc	0x3f133ff6
0x3de4c2f8	0x3e99999a	0x3f000000	0x3faa3722	0xbe1a6542	0x3e3851ec	0x3edd8e55	0x3f13503b
0x3de4f766	0x3e99999a	0x3f000000	0x3faa3722	0xbe1a50e6	0x3e3851ec	0x3edda6ce	0x3f136081
0x3de52bd4	0x3e99999a	0x3f000000	0x3faa3722	0xbe1a3c8d	0x3e3851ec	0x3eddbf48	0x3f1370c7
0x3de56042	0x3e99999a	0x3f000000	0x3faa3722	0xbe1a2835	0x3e3851ec	0x3eddd7c3	0x3f13810e
0x3de594af	0x3e99999a	0x3f000000	0x3faa3722	0xbe1a13de	0x3e3851ec	0x3eddf03f	0x3f139156
0x3de5c91d	0x3e99999a	0x3f000000	0x3faa3722	0xbe19ff89	0x3e3851ec	0x3ede08bc	0x3f13a19e
0x3de5fd8b	0x3e99999a	0x3f000000	0x3faa3722	0xbe19eb33	0x3e3851ec	0x3ede213c	0x3f13b1e8
0x3de631f9	0x3e99999a	0x3f000000	0x3faa3722	0xbe19d6e1	0x3e3851ec	0x3ede39bb	0x3f13c232
0x3de66666	0x3e99999a	0x3f000000	0x3faa3722	0xbe19c28f	0x3e3851ec	0x3ede523c	0x3f13d27d
0x3de69ad4	0x3e99999a	0x3f000000	0x3faa3722	0xbe19ae3f	0x3e3851ec	0x3ede6abd	0x3f13e2c8
0x3de6cf42	0x3e99999a	0x3f000000	0x3faa3722	0xbe1999f1	0x3e3851ec	0x3ede8340	0x3f13f314
0x3de703b0	0x3e99999a	0x3f000000	0x3faa3722	0xbe1985a2	0x3e3851ec	0x3ede9bc5	0x3f140362
0x3de7381d	0x3e99999a	0x3f000000	0x3faa3722	0xbe197157	0x3e3851ec	0x3edeb449	0x3f1413af
0x3de76c8b	0x3e99999a	0x3f000000	0x3faa3722	0xbe195d0b	0x3e3851ec	0x3edeccd0	0x3f1423fe
0x3de7a0f9	0x3e99999a	0x3f000000	0x3faa3722	0xbe1948c2	0x3e3851ec	0x3edee556	0x3f14344c
0x3de7d567	0x3e99999a	0x3f000000	0x3faa3722	0xbe193479	0x3e3851ec	0x3edefde0	0x3f14449d
0x3de809d5	0x3e99999a	0x3f000000	0x3faa3722	0xbe192033	0x3e3851ec	0x3edf1668	0x3f1454ed
0x3de83e42	0x3e99999a	0x3f000000	0x3faa3722	0xbe190bee	0x3e3851ec	0x3edf2ef2	0x3f14653d
0x3de872b0	0x3e99999a	0x3f000000	0x3faa3722	0xbe18f7a9	0x3e3851ec	0x3edf477e	0x3f147590
0x3de8a71e	0x3e99999a	0x3f000000	0x3faa3722	0xbe18e365	0x3e3851ec	0x3edf600c	0x3f1485e3
0x3de8db8c	0x3e99999a	0x3f000000	0x3faa3722	0xbe18cf25	0x3e3851ec	0x3edf7897	0x3f149635
0x3de90ff9	0x3e99999a	0x3f000000	0x3faa3722	0xbe18bae5	0x3e3851ec	0x3edf9126	0x3f14a689
0x3de94467	0x3e99999a	0x3f000000	0x3faa3722	0xbe18a6a5	0x3e3851ec	0x3edfa9b7	0x3f14b6df
0x3de978d5	0x3e99999a	0x3f000000	0x3faa3722	0xbe189269	0x3e3851ec	0x3edfc247	0x3f14c734
0x3de9ad43	0x3e99999a	0x3f000000	0x3faa3722	0xbe187e2c	0x3e3851ec	0x3edfdada	0x3f14d78b
0x3de9e1b1	0x3e99999a	0x3f000000	0x3faa3722	0xbe1869f2	0x3e3851ec	0x3edff36b	0x3f14e7e0
0x3dea161e	0x3e99999a	0x3f000000	0x3faa3722	0xbe1855b7	0x3e3851ec	0x3ee00c01	0x3f14f839
0x3dea4a8c	0x3e99999a	0x3f000000	0x3faa3722	0xbe184180	0x3e3851ec	0x3ee02495	0x3f150891
0x3dea7efa	0x3e99999a	0x3f000000	0x3faa3722	0xbe182d4a	0x3e3851ec	0x3ee03d2a	0x3f1518e9
0x3deab368	0x3e99999a	0x3f000000	0x3faa3722	0xbe181913	0x3e3851ec	0x3ee055c3	0x3f152944
0x3deae7d5	0x3e99999a	0x3f000000	0x3faa3722	0xbe1804e0	0x3e3851ec	0x3ee06e5a	0x3f15399d
0x3deb1c43	0x3e99999a	0x3f000000	0x3faa3722	0xbe17f0ac	0x3e3851ec	0x3ee086f5	0x3f1549fa
0x3deb50b1	0x3e99999a	0x3f000000	0x3faa3722	0xbe17dc7c	0x3e3851ec	0x3ee09f8e	0x3f155a54
0x3deb851f	0x3e99999a	0x3f000000	0x3faa3722	0xbe17c84b	0x3e3851ec	0x3ee0b82b	0x3f156ab2
0x3debb98c	0x3e99999a	0x3f000000	0x3faa3722	0xbe17b41d	0x3e3851ec	0x3ee0d0c6	0x3f157b0e
0x3debedfa	0x3e99999a	0x3f000000	0x3faa3722	0xbe179ff0	0x3e3851ec	0x3ee0e963	0x3f158b6c
0x3dec2268	0x3e99999a	0x3f000000	0x3faa3722	0xbe178bc3	0x3e3851ec	0x3ee10203	0x3f159bcb
0x3dec56d6	0x3e99999a	0x3f000000	0x3faa3722	0xbe177798	0x3e3851ec	0x3ee11aa3	0x3f15ac2b
0x3dec8b44	0x3e99999a	0x3f000000	0x3faa3722	0xbe17636f	0x3e3851ec	0x3ee13343	0x3f15bc8a
0x3decbfb1	0x3e99999a	0x3f000000	0x3faa3722	0xbe174f48	0x3e3851ec	0x3ee14be4	0x3f15cceb
0x3decf41f	0x3e99999a	0x3f000000	0x3faa3722	0xbe173b20	0x3e3851ec	0x3ee16488	0x3f15dd4d
0x3ded288d	0x3e99999a	0x3f000000	0x3faa3722	0xbe1726fc	0x3e3851ec	0x3ee17d2b	0x3f15edae
0x3ded5cfb	0x3e99999a	0x3f000000	0x3faa3722	0xbe1712d7	0x3e3851ec	0x3ee195d0	0x3f15fe11
0x3ded9168	0x3e99999a	0x3f000000	0x3faa3722	0xbe16feb5	0x3e3851ec	0x3ee1ae76	0x3f160e75
0x3dedc5d6	0x3e99999a	0x3f000000	0x3faa3722	0xbe16ea93	0x3e3851ec	0x3ee1c71e	0x3f161eda
0x3dedfa44	0x3e99999a	0x3f000000	0x3faa3722	0xbe16d673	0x3e3851ec	0x3ee1dfc6	0x3f162f3f
0x3dee2eb2	0x3e99999a	0x3f000000	0x3faa3722	0xbe16c255	0x3e3851ec	0x3ee1f86e	0x3f163fa3
0x3dee6320	0x3e99999a	0x3f000000	0x3faa3722	0xbe16ae37	0x3e3851ec	0x3ee21119	0x3f16500a
0x3dee978d	0x3e99999a	0x3f000000	0x3faa3722	0xbe169a1c	0x3e3851ec	0x3ee229c4	0x3f166071
0x3deecbfb	0x3e99999a	0x3f000000	0x3faa3722	0xbe168601	0x3e3851ec	0x3ee24270	0x3f1670d9
0x3def0069	0x3e99999a	0x3f000000	0x3faa3722	0xbe1671e8	0x3e3851ec	0x3ee25b1d	0x3f168141
0x3def34d7	0x3e99999a	0x3f000000	0x3faa3722	0xbe165dcf	0x3e3851ec	0x3ee273cd	0x3f1691ab
0x3def6944	0x3e99999a	0x3f000000	0x3faa3722	0xbe1649ba	0x3e3851ec	0x3ee28c7a	0x3f16a213
0x3def9db2	0x3e99999a	0x3f000000	0x3faa3722	0xbe1635a5	0x3e3851ec	0x3ee2a52b	0x3f16b27e
0x3defd220	0x3e99999a	0x3f000000	0x3faa3722	0xbe162190	0x3e3851ec	0x3ee2bdde	0x3f16c2ea
0x3df0068e	0x3e99999a	0x3f000000	0x3faa3722	0xbe160d7d	0x3e3851ec	0x3ee2d690	0x3f16d356
0x3df03afb	0x3e99999a	0x3f000000	0x3faa3722	0xbe15f96c	0x3e3851ec	0x3ee2ef44	0x3f16e3c3
0x3df06f69	0x3e99999a	0x3f000000	0x3faa3722	0xbe15e55d	0x3e3851ec	0x3ee307f7	0x3f16f42f
0x3df0a3d7	0x3e99999a	0x3f000000	0x3faa3722	0xbe15d14e	0x3e3851ec	0x3ee320ae	0x3f17049e
0x3df0d845	0x3e99999a	0x3f000000	0x3faa3722	0xbe15bd41	0x3e3851ec	0x3ee33964	0x3f17150c
0x3df10cb3	0x3e99999a	0x3f000000	0x3faa3722	0xbe15a935	0x3e3851ec	0x3ee3521c	0x3f17257b
0x3df14120	0x3e99999a	0x3f000000	0x3faa3722	0xbe15952b	0x3e3851ec	0x3ee36ad4	0x3f1735eb
0x3df1758e	0x3e99999a	0x3f000000	0x3faa3722	0xbe158121	0x3e3851ec	0x3ee3838f	0x3f17465c
0x3df1a9fc	0x3e99999a	0x3f000000	0x3faa3722	0xbe156d1a	0x3e3851ec	0x3ee39c49	0x3f1756cd
0x3df1de6a	0x3e99999a	0x3f000000	0x3faa3722	0xbe155914	0x3e3851ec	0x3ee3b504	0x3f17673f
0x3df212d7	0x3e99999a	0x3f000000	0x3faa3722	0xbe15450e	0x3e3851ec	0x3ee3cdc2	0x3f1777b2
0x3df24745	0x3e99999a	0x3f000000	0x3faa3722	0xbe15310b	0x3e3851ec	0x3ee3e67f	0x3f178825
0x3df27bb3	0x3e99999a	0x3f000000	0x3faa3722	0xbe151d08	0x3e3851ec	0x3ee3ff3f	0x3f17989a
0x3df2b021	0x3e99999a	0x3f000000	0x3faa3722	0xbe150907	0x3e3851ec	0x3ee417ff	0x3f17a90f
0x3df2e48f	0x3e99999a	0x3f000000	0x3faa3722	0xbe14f507	0x3e3851ec	0x3ee430c0	0x3f17b984
0x3df318fc	0x3e99999a	0x3f000000	0x3faa3722	0xbe14e109	0x3e3851ec	0x3ee44981	0x3f17c9fa
0x3df34d6a	0x3e99999a	0x3f000000	0x3faa3722	0xbe14cd0d	0x3e3851ec	0x3ee46243	0x3f17da70
0x3df381d8	0x3e99999a	0x3f000000	0x3faa3722	0xbe14b910	0x3e3851ec	0x3ee47b09	0x3f17eae9
0x3df3b646	0x3e99999a	0x3f000000	0x3faa3722	0xbe14a515	0x3e3851ec	0x3ee493cf	0x3f17fb62
0x3df3eab3	0x3e99999a	0x3f000000	0x3faa3722	0xbe14911d	0x3e3851ec	0x3ee4ac93	0x3f180bd9
0x3df41f21	0x3e99999a	0x3f000000	0x3faa3722	0xbe147d26	0x3e3851ec	0x3ee4c559	0x3f181c52
0x3df4538f	0x3e99999a	0x3f000000	0x3faa3722	0xbe14692e	0x3e3851ec	0x3ee4de23	0x3f182ccd
0x3df487fd	0x3e99999a	0x3f000000	0x3faa3722	0xbe14553a	0x3e3851ec	0x3ee4f6ec	0x3f183d48
0x3df4bc6a	0x3e99999a	0x3f000000	0x3faa3722	0xbe144147	0x3e3851ec	0x3ee50fb5	0x3f184dc3
0x3df4f0d8	0x3e99999a	0x3f000000	0x3faa3722	0xbe142d54	0x3e3851ec	0x3ee52881	0x3f185e40
0x3df52546	0x3e99999a	0x3f000000	0x3faa3722	0xbe141962	0x3e3851ec	0x3ee5414f	0x3f186ebe
0x3df559b4	0x3e99999a	0x3f000000	0x3faa3722	0xbe140573	0x3e3851ec	0x3ee55a1b	0x3f187f3b
0x3df58e22	0x3e99999a	0x3f000000	0x3faa3722	0xbe13f186	0x3e3851ec	0x3ee572e7	0x3f188fb8
0x3df5c28f	0x3e99999a	0x3f000000	0x3faa3722	0xbe13dd98	0x3e3851ec	0x3ee58bb8	0x3f18a038
0x3df5f6fd	0x3e99999a	0x3f000000	0x3faa3722	0xbe13c9ad	0x3e3851ec	0x3ee5a487	0x3f18b0b6
0x3df62b6b	0x3e99999a	0x3f000000	0x3faa3722	0xbe13b5c2	0x3e3851ec	0x3ee5bd59	0x3f18c137
0x3df65fd9	0x3e99999a	0x3f000000	0x3faa3722	0xbe13a1d9	0x3e3851ec	0x3ee5d62c	0x3f18d1b9
0x3df69446	0x3e99999a	0x3f000000	0x3faa3722	0xbe138df1	0x3e3851ec	0x3ee5ef00	0x3f18e23b
0x3df6c8b4	0x3e99999a	0x3f000000	0x3faa3722	0xbe137a0b	0x3e3851ec	0x3ee607d4	0x3f18f2bd
0x3df6fd22	0x3e99999a	0x3f000000	0x3faa3722	0xbe136627	0x3e3851ec	0x3ee620a8	0x3f19033f
0x3df73190	0x3e99999a	0x3f000000	0x3faa3722	0xbe135243	0x3e3851ec	0x3ee6397e	0x3f1913c3
0x3df765fe	0x3e99999a	0x3f000000	0x3faa3722	0xbe133e60	0x3e3851ec	0x3ee65257	0x3f192448
0x3df79a6b	0x3e99999a	0x3f000000	0x3faa3722	0xbe132a80	0x3e3851ec	0x3ee66b2e	0x3f1934cc
0x3df7ced9	0x3e99999a	0x3f000000	0x3faa3722	0xbe1316a1	0x3e3851ec	0x3ee68406	0x3f194551
0x3df80347	0x3e99999a	0x3f000000	0x3faa3722	0xbe1302c2	0x3e3851ec	0x3ee69ce1	0x3f1955d8
0x3df837b5	0x3e99999a	0x3f000000	0x3faa3722	0xbe12eee6	0x3e3851ec	0x3ee6b5bb	0x3f19665e
0x3df86c22	0x3e99999a	0x3f000000	0x3faa3722	0xbe12db0b	0x3e3851ec	0x3ee6ce97	0x3f1976e5
0x3df8a090	0x3e99999a	0x3f000000	0x3faa3722	0xbe12c730	0x3e3851ec	0x3ee6e776	0x3f19876f
0x3df8d4fe	0x3e99999a	0x3f000000	0x3faa3722	0xbe12b356	0x3e3851ec	0x3ee70055	0x3f1997f8
0x3df9096c	0x3e99999a	0x3f000000	0x3faa3722	0xbe129f7f	0x3e3851ec	0x3ee71934	0x3f19a882
0x3df93dd9	0x3e99999a	0x3f000000	0x3faa3722	0xbe128baa	0x3e3851ec	0x3ee73213	0x3f19b90b
0x3df97247	0x3e99999a	0x3f000000	0x3faa3722	0xbe1277d4	0x3e3851ec	0x3ee74af6	0x3f19c997
0x3df9a6b5	0x3e99999a	0x3f000000	0x3faa3722	0xbe126401	0x3e3851ec	0x3ee763d7	0x3f19da22
0x3df9db23	0x3e99999a	0x3f000000	0x3faa3722	0xbe12502e	0x3e3851ec	0x3ee77cbc	0x3f19eaaf
0x3dfa0f91	0x3e99999a	0x3f000000	0x3faa3722	0xbe123c5e	0x3e3851ec	0x3ee7959f	0x3f19fb3b
0x3dfa43fe	0x3e99999a	0x3f000000	0x3faa3722	0xbe12288e	0x3e3851ec	0x3ee7ae85	0x3f1a0bca
0x3dfa786c	0x3e99999a	0x3f000000	0x3faa3722	0xbe1214c1	0x3e3851ec	0x3ee7c76a	0x3f1a1c57
0x3dfaacda	0x3e99999a	0x3f000000	0x3faa3722	0xbe1200f5	0x3e3851ec	0x3ee7e050	0x3f1a2ce5
0x3dfae148	0x3e99999a	0x3f000000	0x3faa3722	0xbe11ed28	0x3e3851ec	0x3ee7f93a	0x3f1a3d76
0x3dfb15b5	0x3e99999a	0x3f000000	0x3faa3722	0xbe11d95f	0x3e3851ec	0x3ee81222	0x3f1a4e05
0x3dfb4a23	0x3e99999a	0x3f000000	0x3faa3722	0xbe11c596	0x3e3851ec	0x3ee82b0d	0x3f1a5e97
0x3dfb7e91	0x3e99999a	0x3f000000	0x3faa3722	0xbe11b1cf	0x3e3851ec	0x3ee843f7	0x3f1a6f27
0x3dfbb2ff	0x3e99999a	0x3f000000	0x3faa3722	0xbe119e08	0x3e3851ec	0x3ee85ce4	0x3f1a7fba
0x3dfbe76d	0x3e99999a	0x3f000000	0x3faa3722	0xbe118a44	0x3e3851ec	0x3ee875d1	0x3f1a904d
0x3dfc1bda	0x3e99999a	0x3f000000	0x3faa3722	0xbe117681	0x3e3851ec	0x3ee88ebf	0x3f1aa0e0
0x3dfc5048	0x3e99999a	0x3f000000	0x3faa3722	0xbe1162be	0x3e3851ec	0x3ee8a7af	0x3f1ab175
0x3dfc84b6	0x3e99999a	0x3f000000	0x3faa3722	0xbe114efd	0x3e3851ec	0x3ee8c0a0	0x3f1ac20b
0x3dfcb924	0x3e99999a	0x3f000000	0x3faa3722	0xbe113b3e	0x3e3851ec	0x3ee8d98f	0x3f1ad29f
0x3dfced91	0x3e99999a	0x3f000000	0x3faa3722	0xbe112781	0x3e3851ec	0x3ee8f280	0x3f1ae334
0x3dfd21ff	0x3e99999a	0x3f000000	0x3faa3722	0xbe1113c4	0x3e3851ec	0x3ee90b74	0x3f1af3cb
0x3dfd566d	0x3e99999a	0x3f000000	0x3faa3722	0xbe110009	0x3e3851ec	0x3ee92468	0x3f1b0463
0x3dfd8adb	0x3e99999a	0x3f000000	0x3faa3722	0xbe10ec4e	0x3e3851ec	0x3ee93d5e	0x3f1b14fc
0x3dfdbf48	0x3e99999a	0x3f000000	0x3faa3722	0xbe10d896	0x3e3851ec	0x3ee95653	0x3f1b2594
0x3dfdf3b6	0x3e99999a	0x3f000000	0x3faa3722	0xbe10c4de	0x3e3851ec	0x3ee96f4a	0x3f1b362d
0x3dfe2824	0x3e99999a	0x3f000000	0x3faa3722	0xbe10b129	0x3e3851ec	0x3ee98841	0x3f1b46c6
0x3dfe5c92	0x3e99999a	0x3f000000	0x3faa3722	0xbe109d75	0x3e3851ec	0x3ee9a13a	0x3f1b5761
0x3dfe9100	0x3e99999a	0x3f000000	0x3faa3722	0xbe1089c1	0x3e3851ec	0x3ee9ba34	0x3f1b67fd
0x3dfec56d	0x3e99999a	0x3f000000	0x3faa3722	0xbe107610	0x3e3851ec	0x3ee9d32e	0x3f1b7898
0x3dfef9db	0x3e99999a	0x3f000000	0x3faa3722	0xbe10625e	0x3e3851ec	0x3ee9ec2c	0x3f1b8936
0x3dff2e49	0x3e99999a	0x3f000000	0x3faa3722	0xbe104eb0	0x3e3851ec	0x3eea0527	0x3f1b99d2
0x3dff62b7	0x3e99999a	0x3f000000	0x3faa3722	0xbe103b01	0x3e3851ec	0x3eea1e25	0x3f1baa70
0x3dff9724	0x3e99999a	0x3f000000	0x3faa3722	0xbe102755	0x3e3851ec	0x3eea3723	0x3f1bbb0e
0x3dffcb92	0x3e99999a	0x3f000000	0x3faa3722	0xbe1013ab	0x3e3851ec	0x3eea5021	0x3f1bcbac
0x3e000000	0x3e99999a	0x3f000000	0x3faa3722	0xbe100000	0x3e3851ec	0x3eea6924	0x3f1bdc4e
0x3e001a37	0x3e99999a	0x3f000000	0x3faa3722	0xbe0fec57	0x3e3851ec	0x3eea8226	0x3f1becee
0x3e00346e	0x3e99999a	0x3f000000	0x3faa3722	0xbe0fd8b0	0x3e3851ec	0x3eea9b27	0x3f1bfd8e
0x3e004ea5	0x3e99999a	0x3f000000	0x3faa3722	0xbe0fc50b	0x3e3851ec	0x3eeab42a	0x3f1c0e30
0x3e0068dc	0x3e99999a	0x3f000000	0x3faa3722	0xbe0fb166	0x3e3851ec	0x3eeacd2f	0x3f1c1ed2
0x3e008312	0x3e99999a	0x3f000000	0x3faa3722	0xbe0f9dc3	0x3e3851ec	0x3eeae634	0x3f1c2f75
0x3e009d49	0x3e99999a	0x3f000000	0x3faa3722	0xbe0f8a22	0x3e3851ec	0x3eeaff39	0x3f1c4018
0x3e00b780	0x3e99999a	0x3f000000	0x3faa3722	0xbe0f7681	0x3e3851ec	0x3eeb1841	0x3f1c50bd
0x3e00d1b7	0x3e99999a	0x3f000000	0x3faa3722	0xbe0f62e1	0x3e3851ec	0x3eeb314b	0x3f1c6163
0x3e00ebee	0x3e99999a	0x3f000000	0x3faa3722	0xbe0f4f44	0x3e3851ec	0x3eeb4a52	0x3f1c7207
0x3e010625	0x3e99999a	0x3f000000	0x3faa3722	0xbe0f3ba8	0x3e3851ec	0x3eeb635c	0x3f1c82ad
0x3e01205c	0x3e99999a	0x3f000000	0x3faa3722	0xbe0f280c	0x3e3851ec	0x3eeb7c68	0x3f1c9354
0x3e013a93	0x3e99999a	0x3f000000	0x3faa3722	0xbe0f1472	0x3e3851ec	0x3eeb9574	0x3f1ca3fb
0x3e0154ca	0x3e99999a	0x3f000000	0x3faa3722	0xbe0f00da	0x3e3851ec	0x3eebae81	0x3f1cb4a3
0x3e016f00	0x3e99999a	0x3f000000	0x3faa3722	0xbe0eed44	0x3e3851ec	0x3eebc78e	0x3f1cc54b
0x3e018937	0x3e99999a	0x3f000000	0x3faa3722	0xbe0ed9ad	0x3e3851ec	0x3eebe09e	0x3f1cd5f6
0x3e01a36e	0x3e99999a	0x3f000000	0x3faa3722	0xbe0ec619	0x3e3851ec	0x3eebf9ad	0x3f1ce69f
0x3e01bda5	0x3e99999a	0x3f000000	0x3faa3722	0xbe0eb287	0x3e3851ec	0x3eec12bd	0x3f1cf749
0x3e01d7dc	0x3e99999a	0x3f000000	0x3faa3722	0xbe0e9ef4	0x3e3851ec	0x3eec2bd0	0x3f1d07f5
0x3e01f213	0x3e99999a	0x3f000000	0x3faa3722	0xbe0e8b63	0x3e3851ec	0x3eec44e3	0x3f1d18a1
0x3e020c4a	0x3e99999a	0x3f000000	0x3faa3722	0xbe0e77d5	0x3e3851ec	0x3eec5df6	0x3f1d294d
0x3e022681	0x3e99999a	0x3f000000	0x3faa3722	0xbe0e6448	0x3e3851ec	0x3eec7709	0x3f1d39f9
0x3e0240b8	0x3e99999a	0x3f000000	0x3faa3722	0xbe0e50bb	0x3e3851ec	0x3eec9020	0x3f1d4aa8
0x3e025aee	0x3e99999a	0x3f000000	0x3faa3722	0xbe0e3d31	0x3e3851ec	0x3eeca934	0x3f1d5b54
0x3e027525	0x3e99999a	0x3f000000	0x3faa3722	0xbe0e29a8	0x3e3851ec	0x3eecc24b	0x3f1d6c03
0x3e028f5c	0x3e99999a	0x3f000000	0x3faa3722	0xbe0e161e	0x3e3851ec	0x3eecdb65	0x3f1d7cb4
0x3e02a993	0x3e99999a	0x3f000000	0x3faa3722	0xbe0e0297	0x3e3851ec	0x3eecf47e	0x3f1d8d64
0x3e02c3ca	0x3e99999a	0x3f000000	0x3faa3722	0xbe0def12	0x3e3851ec	0x3eed0d97	0x3f1d9e14
0x3e02de01	0x3e99999a	0x3f000000	0x3faa3722	0xbe0ddb8e	0x3e3851ec	0x3eed26b2	0x3f1daec5
0x3e02f838	0x3e99999a	0x3f000000	0x3faa3722	0xbe0dc80a	0x3e3851ec	0x3eed3fd0	0x3f1dbf78
0x3e03126f	0x3e99999a	0x3f000000	0x3faa3722	0xbe0db488	0x3e3851ec	0x3eed58ed	0x3f1dd02b
0x3e032ca5	0x3e99999a	0x3f000000	0x3faa3722	0xbe0da10a	0x3e3851ec	0x3eed7208	0x3f1de0dc
0x3e0346dc	0x3e99999a	0x3f000000	0x3faa3722	0xbe0d8d8a	0x3e3851ec	0x3eed8b28	0x3f1df191
0x3e036113	0x3e99999a	0x3f000000	0x3faa3722	0xbe0d7a0c	0x3e3851ec	0x3eeda449	0x3f1e0246
0x3e037b4a	0x3e99999a	0x3f000000	0x3faa3722	0xbe0d6690	0x3e3851ec	0x3eedbd69	0x3f1e12fb
0x3e039581	0x3e99999a	0x3f000000	0x3faa3722	0xbe0d5316	0x3e3851ec	0x3eedd68a	0x3f1e23b0
0x3e03afb8	0x3e99999a	0x3f000000	0x3faa3722	0xbe0d3f9c	0x3e3851ec	0x3eedefad	0x3f1e3467
0x3e03c9ef	0x3e99999a	0x3f000000	0x3faa3722	0xbe0d2c23	0x3e3851ec	0x3eee08d1	0x3f1e451e
0x3e03e426	0x3e99999a	0x3f000000	0x3faa3722	0xbe0d18ad	0x3e3851ec	0x3eee21f4	0x3f1e55d5
0x3e03fe5d	0x3e99999a	0x3f000000	0x3faa3722	0xbe0d0538	0x3e3851ec	0x3eee3b19	0x3f1e668d
0x3e041893	0x3e99999a	0x3f000000	0x3faa3722	0xbe0cf1c3	0x3e3851ec	0x3eee5440	0x3f1e7746
0x3e0432ca	0x3e99999a	0x3f000000	0x3faa3722	0xbe0cde51	0x3e3851ec	0x3eee6d66	0x3f1e87ff
0x3e044d01	0x3e99999a	0x3f000000	0x3faa3722	0xbe0ccae0	0x3e3851ec	0x3eee868d	0x3f1e98b8
0x3e046738	0x3e99999a	0x3f000000	0x3faa3722	0xbe0cb76f	0x3e3851ec	0x3eee9fb7	0x3f1ea974
0x3e04816f	0x3e99999a	0x3f000000	0x3faa3722	0xbe0ca3ff	0x3e3851ec	0x3eeeb8e2	0x3f1eba30
0x3e049ba6	0x3e99999a	0x3f000000	0x3faa3722	0xbe0c9092	0x3e3851ec	0x3eeed20d	0x3f1ecaeb
0x3e04b5dd	0x3e99999a	0x3f000000	0x3faa3722	0xbe0c7d27	0x3e3851ec	0x3eeeeb37	0x3f1edba7
0x3e04d014	0x3e99999a	0x3f000000	0x3faa3722	0xbe0c69bb	0x3e3851ec	0x3eef0464	0x3f1eec64
0x3e04ea4b	0x3e99999a	0x3f000000	0x3faa3722	0xbe0c5651	0x3e3851ec	0x3eef1d93	0x3f1efd23
0x3e050481	0x3e99999a	0x3f000000	0x3faa3722	0xbe0c42eb	0x3e3851ec	0x3eef36be	0x3f1f0ddf
0x3e051eb8	0x3e99999a	0x3f000000	0x3faa3722	0xbe0c2f84	0x3e3851ec	0x3eef4fee	0x3f1f1e9e
0x3e0538ef	0x3e99999a	0x3f000000	0x3faa3722	0xbe0c1c1e	0x3e3851ec	0x3eef691f	0x3f1f2f5e
0x3e055326	0x3e99999a	0x3f000000	0x3faa3722	0xbe0c08ba	0x3e3851ec	0x3eef8250	0x3f1f401e
0x3e056d5d	0x3e99999a	0x3f000000	0x3faa3722	0xbe0bf558	0x3e3851ec	0x3eef9b81	0x3f1f50de
0x3e058794	0x3e99999a	0x3f000000	0x3faa3722	0xbe0be1f6	0x3e3851ec	0x3eefb4b5	0x3f1f61a0
0x3e05a1cb	0x3e99999a	0x3f000000	0x3faa3722	0xbe0bce95	0x3e3851ec	0x3eefcde9	0x3f1f7262
0x3e05bc02	0x3e99999a	0x3f000000	0x3faa3722	0xbe0bbb37	0x3e3851ec	0x3eefe71d	0x3f1f8324
0x3e05d639	0x3e99999a	0x3f000000	0x3faa3722	0xbe0ba7da	0x3e3851ec	0x3ef00053	0x3f1f93e7
0x3e05f06f	0x3e99999a	0x3f000000	0x3faa3722	0xbe0b947e	0x3e3851ec	0x3ef01989	0x3f1fa4aa
0x3e060aa6	0x3e99999a	0x3f000000	0x3faa3722	0xbe0b8124	0x3e3851ec	0x3ef032c0	0x3f1fb56e
0x3e0624dd	0x3e99999a	0x3f000000	0x3faa3722	0xbe0b6dcb	0x3e3851ec	0x3ef04bf7	0x3f1fc632
0x3e063f14	0x3e99999a	0x3f000000	0x3faa3722	0xbe0b5a72	0x3e3851ec	0x3ef06532	0x3f1fd6f9
0x3e06594b	0x3e99999a	0x3f000000	0x3faa3722	0xbe0b471b	0x3e3851ec	0x3ef07e6d	0x3f1fe7bf
0x3e067382	0x3e99999a	0x3f000000	0x3faa3722	0xbe0b33c6	0x3e3851ec	0x3ef097a7	0x3f1ff885
0x3e068db9	0x3e99999a	0x3f000000	0x3faa3722	0xbe0b2073	0x3e3851ec	0x3ef0b0e2	0x3f20094c
0x3e06a7f0	0x3e99999a	0x3f000000	0x3faa3722	0xbe0b0d1f	0x3e3851ec	0x3ef0ca20	0x3f201a15
0x3e06c227	0x3e99999a	0x3f000000	0x3faa3722	0xbe0af9cd	0x3e3851ec	0x3ef0e35f	0x3f202ade
0x3e06dc5d	0x3e99999a	0x3f000000	0x3faa3722	0xbe0ae67f	0x3e3851ec	0x3ef0fc9b	0x3f203ba5
0x3e06f694	0x3e99999a	0x3f000000	0x3faa3722	0xbe0ad330	0x3e3851ec	0x3ef115db	0x3f204c6f
0x3e0710cb	0x3e99999a	0x3f000000	0x3faa3722	0xbe0abfe2	0x3e3851ec	0x3ef12f1c	0x3f205d3a
0x3e072b02	0x3e99999a	0x3f000000	0x3faa3722	0xbe0aac97	0x3e3851ec	0x3ef1485d	0x3f206e04
0x3e074539	0x3e99999a	0x3f000000	0x3faa3722	0xbe0a994d	0x3e3851ec	0x3ef1619e	0x3f207ecf
0x3e075f70	0x3e99999a	0x3f000000	0x3faa3722	0xbe0a8603	0x3e3851ec	0x3ef17ae2	0x3f208f9c
0x3e0779a7	0x3e99999a	0x3f000000	0x3faa3722	0xbe0a72ba	0x3e3851ec	0x3ef19427	0x3f20a069
0x3e0793de	0x3e99999a	0x3f000000	0x3faa3722	0xbe0a5f74	0x3e3851ec	0x3ef1ad6b	0x3f20b135
0x3e07ae14	0x3e99999a	0x3f000000	0x3faa3722	0xbe0a4c30	0x3e3851ec	0x3ef1c6af	0x3f20c202
0x3e07c84b	0x3e99999a	0x3f000000	0x3faa3722	0xbe0a38eb	0x3e3851ec	0x3ef1dff7	0x3f20d2d1
0x3e07e282	0x3e99999a	0x3f000000	0x3faa3722	0xbe0a25a9	0x3e3851ec	0x3ef1f93e	0x3f20e3a0
0x3e07fcb9	0x3e99999a	0x3f000000	0x3faa3722	0xbe0a1269	0x3e3851ec	0x3ef21285	0x3f20f46e
0x3e0816f0	0x3e99999a	0x3f000000	0x3faa3722	0xbe09ff28	0x3e3851ec	0x3ef22bd0	0x3f210540
0x3e083127	0x3e99999a	0x3f000000	0x3faa3722	0xbe09ebe9	0x3e3851ec	0x3ef2451a	0x3f211610
0x3e084b5e	0x3e99999a	0x3f000000	0x3faa3722	0xbe09d8ad	0x3e3851ec	0x3ef25e64	0x3f2126e1
0x3e086595	0x3e99999a	0x3f000000	0x3faa3722	0xbe09c571	0x3e3851ec	0x3ef277b0	0x3f2137b3
0x3e087fcc	0x3e99999a	0x3f000000	0x3faa3722	0xbe09b236	0x3e3851ec	0x3ef290fd	0x3f214885
0x3e089a02	0x3e99999a	0x3f000000	0x3faa3722	0xbe099efe	0x3e3851ec	0x3ef2aa49	0x3f215957
0x3e08b439	0x3e99999a	0x3f000000	0x3faa3722	0xbe098bc7	0x3e3851ec	0x3ef2c396	0x3f216a2a
0x3e08ce70	0x3e99999a	0x3f000000	0x3faa3722	0xbe09788f	0x3e3851ec	0x3ef2dce8	0x3f217b00
0x3e08e8a7	0x3e99999a	0x3f000000	0x3faa3722	0xbe096559	0x3e3851ec	0x3ef2f639	0x3f218bd5
0x3e0902de	0x3e99999a	0x3f000000	0x3faa3722	0xbe095226	0x3e3851ec	0x3ef30f89	0x3f219caa
0x3e091d15	0x3e99999a	0x3f000000	0x3faa3722	0xbe093ef5	0x3e3851ec	0x3ef328d9	0x3f21ad7e
0x3e09374c	0x3e99999a	0x3f000000	0x3faa3722	0xbe092bc3	0x3e3851ec	0x3ef3422d	0x3f21be55
0x3e095183	0x3e99999a	0x3f000000	0x3faa3722	0xbe091892	0x3e3851ec	0x3ef35b83	0x3f21cf2e
0x3e096bba	0x3e99999a	0x3f000000	0x3faa3722	0xbe090565	0x3e3851ec	0x3ef374d5	0x3f21e004
0x3e0985f0	0x3e99999a	0x3f000000	0x3faa3722	0xbe08f238	0x3e3851ec	0x3ef38e2a	0x3f21f0dc
0x3e09a027	0x3e99999a	0x3f000000	0x3faa3722	0xbe08df0c	0x3e3851ec	0x3ef3a781	0x3f2201b5
0x3e09ba5e	0x3e99999a	0x3f000000	0x3faa3722	0xbe08cbe2	0x3e3851ec	0x3ef3c0d8	0x3f22128e
0x3e09d495	0x3e99999a	0x3f000000	0x3faa3722	0xbe08b8ba	0x3e3851ec	0x3ef3da2f	0x3f222367
0x3e09eecc	0x3e99999a	0x3f000000	0x3faa3722	0xbe08a591	0x3e3851ec	0x3ef3f389	0x3f223443
0x3e0a0903	0x3e99999a	0x3f000000	0x3faa3722	0xbe08926a	0x3e3851ec	0x3ef40ce3	0x3f22451e
0x3e0a233a	0x3e99999a	0x3f000000	0x3faa3722	0xbe087f46	0x3e3851ec	0x3ef4263c	0x3f2255f8
0x3e0a3d71	0x3e99999a	0x3f000000	0x3faa3722	0xbe086c23	0x3e3851ec	0x3ef43f97	0x3f2266d4
0x3e0a57a8	0x3e99999a	0x3f000000	0x3faa3722	0xbe085900	0x3e3851ec	0x3ef458f4	0x3f2277b2
0x3e0a71de	0x3e99999a	0x3f000000	0x3faa3722	0xbe0845df	0x3e3851ec	0x3ef47251	0x3f22888f
0x3e0a8c15	0x3e99999a	0x3f000000	0x3faa3722	0xbe0832c1	0x3e3851ec	0x3ef48bad	0x3f22996b
0x3e0aa64c	0x3e99999a	0x3f000000	0x3faa3722	0xbe081fa1	0x3e3851ec	0x3ef4a50e	0x3f22aa4b
0x3e0ac083	0x3e99999a	0x3f000000	0x3faa3722	0xbe080c84	0x3e3851ec	0x3ef4be6e	0x3f22bb2a
0x3e0adaba	0x3e99999a	0x3f000000	0x3faa3722	0xbe07f969	0x3e3851ec	0x3ef4d7cd	0x3f22cc09
0x3e0af4f1	0x3e99999a	0x3f000000	0x3faa3722	0xbe07e64f	0x3e3851ec	0x3ef4f12f	0x3f22dcea
0x3e0b0f28	0x3e99999a	0x3f000000	0x3faa3722	0xbe07d336	0x3e3851ec	0x3ef50a91	0x3f22edca
0x3e0b295f	0x3e99999a	0x3f000000	0x3faa3722	0xbe07c01d	0x3e3851ec	0x3ef523f6	0x3f22fead
0x3e0b4396	0x3e99999a	0x3f000000	0x3faa3722	0xbe07ad08	0x3e3851ec	0x3ef53d58	0x3f230f8d
0x3e0b5dcc	0x3e99999a	0x3f000000	0x3faa3722	0xbe0799f3	0x3e3851ec	0x3ef556bd	0x3f232070
0x3e0b7803	0x3e99999a	0x3f000000	0x3faa3722	0xbe0786df	0x3e3851ec	0x3ef57023	0x3f233153
0x3e0b923a	0x3e99999a	0x3f000000	0x3faa3722	0xbe0773ce	0x3e3851ec	0x3ef58987	0x3f234235
0x3e0bac71	0x3e99999a	0x3f000000	0x3faa3722	0xbe0760bd	0x3e3851ec	0x3ef5a2f0	0x3f23531a
0x3e0bc6a8	0x3e99999a	0x3f000000	0x3faa3722	0xbe074dad	0x3e3851ec	0x3ef5bc58	0x3f2363ff
0x3e0be0df	0x3e99999a	0x3f000000	0x3faa3722	0xbe073a9e	0x3e3851ec	0x3ef5d5c2	0x3f2374e4
0x3e0bfb16	0x3e99999a	0x3f000000	0x3faa3722	0xbe072792	0x3e3851ec	0x3ef5ef2b	0x3f2385ca
0x3e0c154d	0x3e99999a	0x3f000000	0x3faa3722	0xbe071487	0x3e3851ec	0x3ef60895	0x3f2396af
0x3e0c2f83	0x3e99999a	0x3f000000	0x3faa3722	0xbe07017c	0x3e3851ec	0x3ef62201	0x3f23a797
0x3e0c49ba	0x3e99999a	0x3f000000	0x3faa3722	0xbe06ee74	0x3e3851ec	0x3ef63b6c	0x3f23b87d
0x3e0c63f1	0x3e99999a	0x3f000000	0x3faa3722	0xbe06db6d	0x3e3851ec	0x3ef654d9	0x3f23c965
0x3e0c7e28	0x3e99999a	0x3f000000	0x3faa3722	0xbe06c866	0x3e3851ec	0x3ef66e48	0x3f23da4e
0x3e0c985f	0x3e99999a	0x3f000000	0x3faa3722	0xbe06b561	0x3e3851ec	0x3ef687b6	0x3f23eb37
0x3e0cb296	0x3e99999a	0x3f000000	0x3faa3722	0xbe06a25e	0x3e3851ec	0x3ef6a126	0x3f23fc21
0x3e0ccccd	0x3e99999a	0x3f000000	0x3faa3722	0xbe068f5d	0x3e3851ec	0x3ef6ba95	0x3f240d0a
0x3e0ce704	0x3e99999a	0x3f000000	0x3faa3722	0xbe067c5b	0x3e3851ec	0x3ef6d407	0x3f241df5
0x3e0d013b	0x3e99999a	0x3f000000	0x3faa3722	0xbe06695b	0x3e3851ec	0x3ef6ed7a	0x3f242ee1
0x3e0d1b71	0x3e99999a	0x3f000000	0x3faa3722	0xbe06565f	0x3e3851ec	0x3ef706eb	0x3f243fcb
0x3e0d35a8	0x3e99999a	0x3f000000	0x3faa3722	0xbe064362	0x3e3851ec	0x3ef7205e	0x3f2450b7
0x3e0d4fdf	0x3e99999a	0x3f000000	0x3faa3722	0xbe063065	0x3e3851ec	0x3ef739d5	0x3f2461a6
0x3e0d6a16	0x3e99999a	0x3f000000	0x3faa3722	0xbe061d6c	0x3e3851ec	0x3ef7534a	0x3f247293
0x3e0d844d	0x3e99999a	0x3f000000	0x3faa3722	0xbe060a74	0x3e3851ec	0x3ef76cbe	0x3f24837f
0x3e0d9e84	0x3e99999a	0x3f000000	0x3faa3722	0xbe05f77c	0x3e3851ec	0x3ef78636	0x3f24946f
0x3e0db8bb	0x3e99999a	0x3f000000	0x3faa3722	0xbe05e485	0x3e3851ec	0x3ef79fb0	0x3f24a55f
0x3e0dd2f2	0x3e99999a	0x3f000000	0x3faa3722	0xbe05d191	0x3e3851ec	0x3ef7b927	0x3f24b64e
0x3e0ded29	0x3e99999a	0x3f000000	0x3faa3722	0xbe05be9e	0x3e3851ec	0x3ef7d2a0	0x3f24c73d
0x3e0e075f	0x3e99999a	0x3f000000	0x3faa3722	0xbe05abac	0x3e3851ec	0x3ef7ec1a	0x3f24d82e
0x3e0e2196	0x3e99999a	0x3f000000	0x3faa3722	0xbe0598bc	0x3e3851ec	0x3ef80594	0x3f24e91e
0x3e0e3bcd	0x3e99999a	0x3f000000	0x3faa3722	0xbe0585cd	0x3e3851ec	0x3ef81f10	0x3f24fa10
0x3e0e5604	0x3e99999a	0x3f000000	0x3faa3722	0xbe0572de	0x3e3851ec	0x3ef8388e	0x3f250b03
0x3e0e703b	0x3e99999a	0x3f000000	0x3faa3722	0xbe055ff1	0x3e3851ec	0x3ef8520c	0x3f251bf7
0x3e0e8a72	0x3e99999a	0x3f000000	0x3faa3722	0xbe054d06	0x3e3851ec	0x3ef86b8a	0x3f252cea
0x3e0ea4a9	0x3e99999a	0x3f000000	0x3faa3722	0xbe053a1d	0x3e3851ec	0x3ef88507	0x3f253ddc
0x3e0ebee0	0x3e99999a	0x3f000000	0x3faa3722	0xbe052734	0x3e3851ec	0x3ef89e88	0x3f254ed1
0x3e0ed917	0x3e99999a	0x3f000000	0x3faa3722	0xbe05144c	0x3e3851ec	0x3ef8b80a	0x3f255fc7
0x3e0ef34d	0x3e99999a	0x3f000000	0x3faa3722	0xbe050168	0x3e3851ec	0x3ef8d189	0x3f2570bb
0x3e0f0d84	0x3e99999a	0x3f000000	0x3faa3722	0xbe04ee83	0x3e3851ec	0x3ef8eb0c	0x3f2581b2
0x3e0f27bb	0x3e99999a	0x3f000000	0x3faa3722	0xbe04db9f	0x3e3851ec	0x3ef90490	0x3f2592a9
0x3e0f41f2	0x3e99999a	0x3f000000	0x3faa3722	0xbe04c8bd	0x3e3851ec	0x3ef91e14	0x3f25a3a0
0x3e0f5c29	0x3e99999a	0x3f000000	0x3faa3722	0xbe04b5dd	0x3e3851ec	0x3ef93798	0x3f25b497
0x3e0f7660	0x3e99999a	0x3f000000	0x3faa3722	0xbe04a2fd	0x3e3851ec	0x3ef9511f	0x3f25c590
0x3e0f9097	0x3e99999a	0x3f000000	0x3faa3722	0xbe04901f	0x3e3851ec	0x3ef96aa5	0x3f25d689
0x3e0faace	0x3e99999a	0x3f000000	0x3faa3722	0xbe047d43	0x3e3851ec	0x3ef9842c	0x3f25e782
0x3e0fc505	0x3e99999a	0x3f000000	0x3faa3722	0xbe046a69	0x3e3851ec	0x3ef99db1	0x3f25f87a
0x3e0fdf3b	0x3e99999a	0x3f000000	0x3faa3722	0xbe04578e	0x3e3851ec	0x3ef9b73d	0x3f260976
0x3e0ff972	0x3e99999a	0x3f000000	0x3faa3722	0xbe0444b6	0x3e3851ec	0x3ef9d0c5	0x3f261a70
0x3e1013a9	0x3e99999a	0x3f000000	0x3faa3722	0xbe0431e0	0x3e3851ec	0x3ef9ea4e	0x3f262b6a
0x3e102de0	0x3e99999a	0x3f000000	0x3faa3722	0xbe041f09	0x3e3851ec	0x3efa03da	0x3f263c67
0x3e104817	0x3e99999a	0x3f000000	0x3faa3722	0xbe040c34	0x3e3851ec	0x3efa1d67	0x3f264d64
0x3e10624e	0x3e99999a	0x3f000000	0x3faa3722	0xbe03f961	0x3e3851ec	0x3efa36f3	0x3f265e60
0x3e107c85	0x3e99999a	0x3f000000	0x3faa3722	0xbe03e690	0x3e3851ec	0x3efa5080	0x3f266f5e
0x3e1096bc	0x3e99999a	0x3f000000	0x3faa3722	0xbe03d3bf	0x3e3851ec	0x3efa6a0f	0x3f26805c
0x3e10b0f2	0x3e99999a	0x3f000000	0x3faa3722	0xbe03c0f1	0x3e3851ec	0x3efa839c	0x3f269159
0x3e10cb29	0x3e99999a	0x3f000000	0x3faa3722	0xbe03ae24	0x3e3851ec	0x3efa9d2b	0x3f26a258
0x3e10e560	0x3e99999a	0x3f000000	0x3faa3722	0xbe039b56	0x3e3851ec	0x3efab6be	0x3f26b359
0x3e10ff97	0x3e99999a	0x3f000000	0x3faa3722	0xbe03888b	0x3e3851ec	0x3efad04f	0x3f26c459
0x3e1119ce	0x3e99999a	0x3f000000	0x3faa3722	0xbe0375c1	0x3e3851ec	0x3efae9e1	0x3f26d559
0x3e113405	0x3e99999a	0x3f000000	0x3faa3722	0xbe0362fa	0x3e3851ec	0x3efb0373	0x3f26e659
0x3e114e3c	0x3e99999a	0x3f000000	0x3faa3722	0xbe035032	0x3e3851ec	0x3efb1d07	0x3f26f75b
0x3e116873	0x3e99999a	0x3f000000	0x3faa3722	0xbe033d6c	0x3e3851ec	0x3efb369c	0x3f27085e
0x3e1182aa	0x3e99999a	0x3f000000	0x3faa3722	0xbe032aa8	0x3e3851ec	0x3efb5032	0x3f271961
0x3e119ce0	0x3e99999a	0x3f000000	0x3faa3722	0xbe0317e5	0x3e3851ec	0x3efb69c8	0x3f272a64
0x3e11b717	0x3e99999a	0x3f000000	0x3faa3722	0xbe030523	0x3e3851ec	0x3efb835f	0x3f273b68
0x3e11d14e	0x3e99999a	0x3f000000	0x3faa3722	0xbe02f263	0x3e3851ec	0x3efb9cf6	0x3f274c6b
0x3e11eb85	0x3e99999a	0x3f000000	0x3faa3722	0xbe02dfa5	0x3e3851ec	0x3efbb68d	0x3f275d6f
0x3e1205bc	0x3e99999a	0x3f000000	0x3faa3722	0xbe02cce7	0x3e3851ec	0x3efbd026	0x3f276e74
0x3e121ff3	0x3e99999a	0x3f000000	0x3faa3722	0xbe02ba2a	0x3e3851ec	0x3efbe9c1	0x3f277f7b
0x3e123a2a	0x3e99999a	0x3f000000	0x3faa3722	0xbe02a76f	0x3e3851ec	0x3efc035c	0x3f279081
0x3e125461	0x3e99999a	0x3f000000	0x3faa3722	0xbe0294b6	0x3e3851ec	0x3efc1cf7	0x3f27a188
0x3e126e98	0x3e99999a	0x3f000000	0x3faa3722	0xbe0281fd	0x3e3851ec	0x3efc3694	0x3f27b290
0x3e1288ce	0x3e99999a	0x3f000000	0x3faa3722	0xbe026f47	0x3e3851ec	0x3efc502f	0x3f27c396
0x3e12a305	0x3e99999a	0x3f000000	0x3faa3722	0xbe025c92	0x3e3851ec	0x3efc69cd	0x3f27d49e
0x3e12bd3c	0x3e99999a	0x3f000000	0x3faa3722	0xbe0249dd	0x3e3851ec	0x3efc836c	0x3f27e5a7
0x3e12d773	0x3e99999a	0x3f000000	0x3faa3722	0xbe023729	0x3e3851ec	0x3efc9d0c	0x3f27f6b1
0x3e12f1aa	0x3e99999a	0x3f000000	0x3faa3722	0xbe022479	0x3e3851ec	0x3efcb6ab	0x3f2807ba
0x3e130be1	0x3e99999a	0x3f000000	0x3faa3722	0xbe0211c9	0x3e3851ec	0x3efcd04b	0x3f2818c4
0x3e132618	0x3e99999a	0x3f000000	0x3faa3722	0xbe01ff19	0x3e3851ec	0x3efce9ed	0x3f2829cf
0x3e13404f	0x3e99999a	0x3f000000	0x3faa3722	0xbe01ec6b	0x3e3851ec	0x3efd0391	0x3f283adc
0x3e135a86	0x3e99999a	0x3f000000	0x3faa3722	0xbe01d9bf	0x3e3851ec	0x3efd1d33	0x3f284be7
0x3e1374bc	0x3e99999a	0x3f000000	0x3faa3722	0xbe01c715	0x3e3851ec	0x3efd36d6	0x3f285cf3
0x3e138ef3	0x3e99999a	0x3f000000	0x3faa3722	0xbe01b46b	0x3e3851ec	0x3efd507b	0x3f286e00
0x3e13a92a	0x3e99999a	0x3f000000	0x3faa3722	0xbe01a1c4	0x3e3851ec	0x3efd6a1f	0x3f287f0c
0x3e13c361	0x3e99999a	0x3f000000	0x3faa3722	0xbe018f1d	0x3e3851ec	0x3efd83c5	0x3f28901a
0x3e13dd98	0x3e99999a	0x3f000000	0x3faa3722	0xbe017c77	0x3e3851ec	0x3efd9d6d	0x3f28a129
0x3e13f7cf	0x3e99999a	0x3f000000	0x3faa3722	0xbe0169d2	0x3e3851ec	0x3efdb716	0x3f28b239
0x3e141206	0x3e99999a	0x3f000000	0x3faa3722	0xbe015730	0x3e3851ec	0x3efdd0bd	0x3f28c347
0x3e142c3d	0x3e99999a	0x3f000000	0x3faa3722	0xbe01448f	0x3e3851ec	0x3efdea64	0x3f28d455
0x3e144674	0x3e99999a	0x3f000000	0x3faa3722	0xbe0131ee	0x3e3851ec	0x3efe0410	0x3f28e567
0x3e1460aa	0x3e99999a	0x3f000000	0x3faa3722	0xbe011f50	0x3e3851ec	0x3efe1db9	0x3f28f677
0x3e147ae1	0x3e99999a	0x3f000000	0x3faa3722	0xbe010cb3	0x3e3851ec	0x3efe3764	0x3f290788
0x3e149518	0x3e99999a	0x3f000000	0x3faa3722	0xbe00fa17	0x3e3851ec	0x3efe5110	0x3f29189a
0x3e14af4f	0x3e99999a	0x3f000000	0x3faa3722	0xbe00e77b	0x3e3851ec	0x3efe6abe	0x3f2929ad
0x3e14c986	0x3e99999a	0x3f000000	0x3faa3722	0xbe00d4e2	0x3e3851ec	0x3efe846b	0x3f293abf
0x3e14e3bd	0x3e99999a	0x3f000000	0x3faa3722	0xbe00c24b	0x3e3851ec	0x3efe9e18	0x3f294bd2
0x3e14fdf4	0x3e99999a	0x3f000000	0x3faa3722	0xbe00afb4	0x3e3851ec	0x3efeb7c7	0x3f295ce5
0x3e15182b	0x3e99999a	0x3f000000	0x3faa3722	0xbe009d1d	0x3e3851ec	0x3efed17a	0x3f296dfc
0x3e153261	0x3e99999a	0x3f000000	0x3faa3722	0xbe008a8b	0x3e3851ec	0x3efeeb26	0x3f297f0e
0x3e154c98	0x3e99999a	0x3f000000	0x3faa3722	0xbe0077f8	0x3e3851ec	0x3eff04d8	0x3f299023
0x3e1566cf	0x3e99999a	0x3f000000	0x3faa3722	0xbe006566	0x3e3851ec	0x3eff1e8b	0x3f29a13a
0x3e158106	0x3e99999a	0x3f000000	0x3faa3722	0xbe0052d7	0x3e3851ec	0x3eff383c	0x3f29b24f
0x3e159b3d	0x3e99999a	0x3f000000	0x3faa3722	0xbe004048	0x3e3851ec	0x3eff51f0	0x3f29c366
0x3e15b574	0x3e99999a	0x3f000000	0x3faa3722	0xbe002dba	0x3e3851ec	0x3eff6ba5	0x3f29d47e
0x3e15cfab	0x3e99999a	0x3f000000	0x3faa3722	0xbe001b2e	0x3e3851ec	0x3eff855a	0x3f29e595
0x3e15e9e2	0x3e99999a	0x3f000000	0x3faa3722	0xbe0008a4	0x3e3851ec	0x3eff9f0f	0x3f29f6ad
0x3e160419	0x3e99999a	0x3f000000	0x3faa3722	0xbdffec36	0x3e3851ec	0x3effb8c4	0x3f2a07c5
0x3e161e4f	0x3e99999a	0x3f000000	0x3faa3722	0xbdffc725	0x3e3851ec	0x3effd27c	0x3f2a18df
0x3e163886	0x3e99999a	0x3f000000	0x3faa3722	0xbdffa219	0x3e3851ec	0x3effec33	0x3f2a29f8
0x3e1652bd	0x3e99999a	0x3f000000	0x3faa3722	0xbdff7d10	0x3e3851ec	0x3f0002f5	0x3f2a3b11
0x3e166cf4	0x3e99999a	0x3f000000	0x3faa3722	0xbdff5806	0x3e3851ec	0x3f000fd3	0x3f2a4c2d
0x3e16872b	0x3e99999a	0x3f000000	0x3faa3722	0xbdff32ff	0x3e3851ec	0x3f001cb0	0x3f2a5d48
0x3e16a162	0x3e99999a	0x3f000000	0x3faa3722	0xbdff0dfe	0x3e3851ec	0x3f00298d	0x3f2a6e63
0x3e16bb99	0x3e99999a	0x3f000000	0x3faa3722	0xbdfee900	0x3e3851ec	0x3f00366a	0x3f2a7f7e
0x3e16d5d0	0x3e99999a	0x3f000000	0x3faa3722	0xbdfec401	0x3e3851ec	0x3f004348	0x3f2a909b
0x3e16f007	0x3e99999a	0x3f000000	0x3faa3722	0xbdfe9f05	0x3e3851ec	0x3f005027	0x3f2aa1b8
0x3e170a3d	0x3e99999a	0x3f000000	0x3faa3722	0xbdfe7a12	0x3e3851ec	0x3f005d04	0x3f2ab2d3
0x3e172474	0x3e99999a	0x3f000000	0x3faa3722	0xbdfe551b	0x3e3851ec	0x3f0069e4	0x3f2ac3f2
0x3e173eab	0x3e99999a	0x3f000000	0x3faa3722	0xbdfe3027	0x3e3851ec	0x3f0076c4	0x3f2ad511
0x3e1758e2	0x3e99999a	0x3f000000	0x3faa3722	0xbdfe0b39	0x3e3851ec	0x3f0083a3	0x3f2ae62f
0x3e177319	0x3e99999a	0x3f000000	0x3faa3722	0xbdfde64d	0x3e3851ec	0x3f009083	0x3f2af74e
0x3e178d50	0x3e99999a	0x3f000000	0x3faa3722	0xbdfdc161	0x3e3851ec	0x3f009d64	0x3f2b086f
0x3e17a787	0x3e99999a	0x3f000000	0x3faa3722	0xbdfd9c78	0x3e3851ec	0x3f00aa46	0x3f2b1990
0x3e17c1be	0x3e99999a	0x3f000000	0x3faa3722	0xbdfd7794	0x3e3851ec	0x3f00b726	0x3f2b2aaf
0x3e17dbf5	0x3e99999a	0x3f000000	0x3faa3722	0xbdfd52b3	0x3e3851ec	0x3f00c407	0x3f2b3bd0
0x3e17f62b	0x3e99999a	0x3f000000	0x3faa3722	0xbdfd2dd2	0x3e3851ec	0x3f00d0ea	0x3f2b4cf3
0x3e181062	0x3e99999a	0x3f000000	0x3faa3722	0xbdfd08f7	0x3e3851ec	0x3f00ddcb	0x3f2b5e13
0x3e182a99	0x3e99999a	0x3f000000	0x3faa3722	0xbdfce41e	0x3e3851ec	0x3f00eaad	0x3f2b6f35
0x3e1844d0	0x3e99999a	0x3f000000	0x3faa3722	0xbdfcbf45	0x3e3851ec	0x3f00f791	0x3f2b8059
0x3e185f07	0x3e99999a	0x3f000000	0x3faa3722	0xbdfc9a6e	0x3e3851ec	0x3f010475	0x3f2b917e
0x3e18793e	0x3e99999a	0x3f000000	0x3faa3722	0xbdfc759e	0x3e3851ec	0x3f011158	0x3f2ba2a1
0x3e189375	0x3e99999a	0x3f000000	0x3faa3722	0xbdfc50cf	0x3e3851ec	0x3f011e3b	0x3f2bb3c4
0x3e18adac	0x3e99999a	0x3f000000	0x3faa3722	0xbdfc2c01	0x3e3851ec	0x3f012b21	0x3f2bc4eb
0x3e18c7e3	0x3e99999a	0x3f000000	0x3faa3722	0xbdfc0735	0x3e3851ec	0x3f013806	0x3f2bd610
0x3e18e219	0x3e99999a	0x3f000000	0x3faa3722	0xbdfbe272	0x3e3851ec	0x3f0144e9	0x3f2be733
0x3e18fc50	0x3e99999a	0x3f000000	0x3faa3722	0xbdfbbdac	0x3e3851ec	0x3f0151cf	0x3f2bf85a
0x3e191687	0x3e99999a	0x3f000000	0x3faa3722	0xbdfb98e8	0x3e3851ec	0x3f015eb5	0x3f2c0981
0x3e1930be	0x3e99999a	0x3f000000	0x3faa3722	0xbdfb742a	0x3e3851ec	0x3f016b9b	0x3f2c1aa8
0x3e194af5	0x3e99999a	0x3f000000	0x3faa3722	0xbdfb4f6f	0x3e3851ec	0x3f017881	0x3f2c2bcf
0x3e19652c	0x3e99999a	0x3f000000	0x3faa3722	0xbdfb2ab3	0x3e3851ec	0x3f018568	0x3f2c3cf8
0x3e197f63	0x3e99999a	0x3f000000	0x3faa3722	0xbdfb05fa	0x3e3851ec	0x3f019250	0x3f2c4e22
0x3e19999a	0x3e99999a	0x3f000000	0x3faa3722	0xbdfae147	0x3e3851ec	0x3f019f36	0x3f2c5f49
0x3e19b3d0	0x3e99999a	0x3f000000	0x3faa3722	0xbdfabc96	0x3e3851ec	0x3f01ac1e	0x3f2c7072
0x3e19ce07	0x3e99999a	0x3f000000	0x3faa3722	0xbdfa97e6	0x3e3851ec	0x3f01b907	0x3f2c819d
0x3e19e83e	0x3e99999a	0x3f000000	0x3faa3722	0xbdfa733a	0x3e3851ec	0x3f01c5ef	0x3f2c92c7
0x3e1a0275	0x3e99999a	0x3f000000	0x3faa3722	0xbdfa4e92	0x3e3851ec	0x3f01d2d7	0x3f2ca3f1
0x3e1a1cac	0x3e99999a	0x3f000000	0x3faa3722	0xbdfa29e9	0x3e3851ec	0x3f01dfc1	0x3f2cb51d
0x3e1a36e3	0x3e99999a	0x3f000000	0x3faa3722	0xbdfa0543	0x3e3851ec	0x3f01ecaa	0x3f2cc648
0x3e1a511a	0x3e99999a	0x3f000000	0x3faa3722	0xbdf9e0a2	0x3e3851ec	0x3f01f994	0x3f2cd774
0x3e1a6b51	0x3e99999a	0x3f000000	0x3faa3722	0xbdf9bc05	0x3e3851ec	0x3f02067d	0x3f2ce89f
0x3e1a8588	0x3e99999a	0x3f000000	0x3faa3722	0xbdf99767	0x3e3851ec	0x3f021368	0x3f2cf9cd
0x3e1a9fbe	0x3e99999a	0x3f000000	0x3faa3722	0xbdf972ce	0x3e3851ec	0x3f022053	0x3f2d0afb
0x3e1ab9f5	0x3e99999a	0x3f000000	0x3faa3722	0xbdf94e38	0x3e3851ec	0x3f022d3e	0x3f2d1c28
0x3e1ad42c	0x3e99999a	0x3f000000	0x3faa3722	0xbdf929a2	0x3e3851ec	0x3f023a29	0x3f2d2d56
0x3e1aee63	0x3e99999a	0x3f000000	0x3faa3722	0xbdf9050f	0x3e3851ec	0x3f024716	0x3f2d3e86
0x3e1b089a	0x3e99999a	0x3f000000	0x3faa3722	0xbdf8e081	0x3e3851ec	0x3f025402	0x3f2d4fb5
0x3e1b22d1	0x3e99999a	0x3f000000	0x3faa3722	0xbdf8bbf6	0x3e3851ec	0x3f0260ee	0x3f2d60e4
0x3e1b3d08	0x3e99999a	0x3f000000	0x3faa3722	0xbdf8976b	0x3e3851ec	0x3f026ddb	0x3f2d7215
0x3e1b573f	0x3e99999a	0x3f000000	0x3faa3722	0xbdf872e3	0x3e3851ec	0x3f027ac9	0x3f2d8346
0x3e1b7176	0x3e99999a	0x3f000000	0x3faa3722	0xbdf84e60	0x3e3851ec	0x3f0287b6	0x3f2d9477
0x3e1b8bac	0x3e99999a	0x3f000000	0x3faa3722	0xbdf829df	0x3e3851ec	0x3f0294a3	0x3f2da5a7
0x3e1ba5e3	0x3e99999a	0x3f000000	0x3faa3722	0xbdf8055f	0x3e3851ec	0x3f02a191	0x3f2db6d9
0x3e1bc01a	0x3e99999a	0x3f000000	0x3faa3722	0xbdf7e0e4	0x3e3851ec	0x3f02ae7f	0x3f2dc80a
0x3e1bda51	0x3e99999a	0x3f000000	0x3faa3722	0xbdf7bc6c	0x3e3851ec	0x3f02bb6e	0x3f2dd93d
0x3e1bf488	0x3e99999a	0x3f000000	0x3faa3722	0xbdf797f3	0x3e3851ec	0x3f02c85e	0x3f2dea72
0x3e1c0ebf	0x3e99999a	0x3f000000	0x3faa3722	0xbdf7737d	0x3e3851ec	0x3f02d54e	0x3f2dfba6
0x3e1c28f6	0x3e99999a	0x3f000000	0x3faa3722	0xbdf74f0d	0x3e3851ec	0x3f02e23d	0x3f2e0cd9
0x3e1c432d	0x3e99999a	0x3f000000	0x3faa3722	0xbdf72aa0	0x3e3851ec	0x3f02ef2c	0x3f2e1e0c
0x3e1c5d64	0x3e99999a	0x3f000000	0x3faa3722	0xbdf70632	0x3e3851ec	0x3f02fc1e	0x3f2e2f43
0x3e1c779a	0x3e99999a	0x3f000000	0x3faa3722	0xbdf6e1ca	0x3e3851ec	0x3f03090e	0x3f2e4077
0x3e1c91d1	0x3e99999a	0x3f000000	0x3faa3722	0xbdf6bd64	0x3e3851ec	0x3f0315ff	0x3f2e51ad
0x3e1cac08	0x3e99999a	0x3f000000	0x3faa3722	0xbdf698ff	0x3e3851ec	0x3f0322f0	0x3f2e62e3
0x3e1cc63f	0x3e99999a	0x3f000000	0x3faa3722	0xbdf6749c	0x3e3851ec	0x3f032fe3	0x3f2e741b
0x3e1ce076	0x3e99999a	0x3f000000	0x3faa3722	0xbdf6503e	0x3e3851ec	0x3f033cd4	0x3f2e8551
0x3e1cfaad	0x3e99999a	0x3f000000	0x3faa3722	0xbdf62be4	0x3e3851ec	0x3f0349c6	0x3f2e9688
0x3e1d14e4	0x3e99999a	0x3f000000	0x3faa3722	0xbdf60789	0x3e3851ec	0x3f0356b9	0x3f2ea7c0
0x3e1d2f1b	0x3e99999a	0x3f000000	0x3faa3722	0xbdf5e331	0x3e3851ec	0x3f0363ad	0x3f2eb8f9
0x3e1d4952	0x3e99999a	0x3f000000	0x3faa3722	0xbdf5bede	0x3e3851ec	0x3f03709f	0x3f2eca30
0x3e1d6388	0x3e99999a	0x3f000000	0x3faa3722	0xbdf59a8e	0x3e3851ec	0x3f037d93	0x3f2edb6a
0x3e1d7dbf	0x3e99999a	0x3f000000	0x3faa3722	0xbdf5763e	0x3e3851ec	0x3f038a87	0x3f2eeca4
0x3e1d97f6	0x3e99999a	0x3f000000	0x3faa3722	0xbdf551f3	0x3e3851ec	0x3f03977b	0x3f2efddd
0x3e1db22d	0x3e99999a	0x3f000000	0x3faa3722	0xbdf52dab	0x3e3851ec	0x3f03a46f	0x3f2f0f17
0x3e1dcc64	0x3e99999a	0x3f000000	0x3faa3722	0xbdf50963	0x3e3851ec	0x3f03b164	0x3f2f2052
0x3e1de69b	0x3e99999a	0x3f000000	0x3faa3722	0xbdf4e51e	0x3e3851ec	0x3f03be5a	0x3f2f318e
0x3e1e00d2	0x3e99999a	0x3f000000	0x3faa3722	0xbdf4c0de	0x3e3851ec	0x3f03cb4f	0x3f2f42c9
0x3e1e1b09	0x3e99999a	0x3f000000	0x3faa3722	0xbdf49ca0	0x3e3851ec	0x3f03d845	0x3f2f5406
0x3e1e353f	0x3e99999a	0x3f000000	0x3faa3722	0xbdf47863	0x3e3851ec	0x3f03e53b	0x3f2f6542
0x3e1e4f76	0x3e99999a	0x3f000000	0x3faa3722	0xbdf4542b	0x3e3851ec	0x3f03f231	0x3f2f767e
0x3e1e69ad	0x3e99999a	0x3f000000	0x3faa3722	0xbdf42ff6	0x3e3851ec	0x3f03ff28	0x3f2f87bc
0x3e1e83e4	0x3e99999a	0x3f000000	0x3faa3722	0xbdf40bc1	0x3e3851ec	0x3f040c1f	0x3f2f98f9
0x3e1e9e1b	0x3e99999a	0x3f000000	0x3faa3722	0xbdf3e78e	0x3e3851ec	0x3f041917	0x3f2faa38
0x3e1eb852	0x3e99999a	0x3f000000	0x3faa3722	0xbdf3c361	0x3e3851ec	0x3f04260e	0x3f2fbb76
0x3e1ed289	0x3e99999a	0x3f000000	0x3faa3722	0xbdf39f37	0x3e3851ec	0x3f043306	0x3f2fccb5
0x3e1eecc0	0x3e99999a	0x3f000000	0x3faa3722	0xbdf37b0c	0x3e3851ec	0x3f043fff	0x3f2fddf5
0x3e1f06f7	0x3e99999a	0x3f000000	0x3faa3722	0xbdf356e4	0x3e3851ec	0x3f044cf8	0x3f2fef36
0x3e1f212d	0x3e99999a	0x3f000000	0x3faa3722	0xbdf332c4	0x3e3851ec	0x3f0459f0	0x3f300075
0x3e1f3b64	0x3e99999a	0x3f000000	0x3faa3722	0xbdf30ea2	0x3e3851ec	0x3f0466e9	0x3f3011b5
0x3e1f559b	0x3e99999a	0x3f000000	0x3faa3722	0xbdf2ea82	0x3e3851ec	0x3f0473e4	0x3f3022f8
0x3e1f6fd2	0x3e99999a	0x3f000000	0x3faa3722	0xbdf2c668	0x3e3851ec	0x3f0480dd	0x3f303438
0x3e1f8a09	0x3e99999a	0x3f000000	0x3faa3722	0xbdf2a250	0x3e3851ec	0x3f048dd7	0x3f30457a
0x3e1fa440	0x3e99999a	0x3f000000	0x3faa3722	0xbdf27e38	0x3e3851ec	0x3f049ad2	0x3f3056bd
0x3e1fbe77	0x3e99999a	0x3f000000	0x3faa3722	0xbdf25a23	0x3e3851ec	0x3f04a7cd	0x3f306800
0x3e1fd8ae	0x3e99999a	0x3f000000	0x3faa3722	0xbdf23614	0x3e3851ec	0x3f04b4c8	0x3f307943
0x3e1ff2e5	0x3e99999a	0x3f000000	0x3faa3722	0xbdf21207	0x3e3851ec	0x3f04c1c3	0x3f308a86
0x3e200d1b	0x3e99999a	0x3f000000	0x3faa3722	0xbdf1edfa	0x3e3851ec	0x3f04cebf	0x3f309bca
0x3e202752	0x3e99999a	0x3f000000	0x3faa3722	0xbdf1c9f2	0x3e3851ec	0x3f04dbba	0x3f30ad0d
0x3e204189	0x3e99999a	0x3f000000	0x3faa3722	0xbdf1a5ed	0x3e3851ec	0x3f04e8b7	0x3f30be52
0x3e205bc0	0x3e99999a	0x3f000000	0x3faa3722	0xbdf181e8	0x3e3851ec	0x3f04f5b3	0x3f30cf97
0x3e2075f7	0x3e99999a	0x3f000000	0x3faa3722	0xbdf15de6	0x3e3851ec	0x3f0502b1	0x3f30e0de
0x3e20902e	0x3e99999a	0x3f000000	0x3faa3722	0xbdf139e9	0x3e3851ec	0x3f050fae	0x3f30f223
0x3e20aa65	0x3e99999a	0x3f000000	0x3faa3722	0xbdf115ef	0x3e3851ec	0x3f051cab	0x3f310369
0x3e20c49c	0x3e99999a	0x3f000000	0x3faa3722	0xbdf0f1f5	0x3e3851ec	0x3f0529a9	0x3f3114b0
0x3e20ded3	0x3e99999a	0x3f000000	0x3faa3722	0xbdf0cdfd	0x3e3851ec	0x3f0536a8	0x3f3125f8
0x3e20f909	0x3e99999a	0x3f000000	0x3faa3722	0xbdf0aa0e	0x3e3851ec	0x3f0543a5	0x3f31373e
0x3e211340	0x3e99999a	0x3f000000	0x3faa3722	0xbdf0861c	0x3e3851ec	0x3f0550a4	0x3f314886
0x3e212d77	0x3e99999a	0x3f000000	0x3faa3722	0xbdf0622d	0x3e3851ec	0x3f055da3	0x3f3159ce
0x3e2147ae	0x3e99999a	0x3f000000	0x3faa3722	0xbdf03e42	0x3e3851ec	0x3f056aa3	0x3f316b18
0x3e2161e5	0x3e99999a	0x3f000000	0x3faa3722	0xbdf01a5b	0x3e3851ec	0x3f0577a1	0x3f317c5f
0x3e217c1c	0x3e99999a	0x3f000000	0x3faa3722	0xbdeff674	0x3e3851ec	0x3f0584a2	0x3f318daa
0x3e219653	0x3e99999a	0x3f000000	0x3faa3722	0xbdefd28f	0x3e3851ec	0x3f0591a2	0x3f319ef3
0x3e21b08a	0x3e99999a	0x3f000000	0x3faa3722	0xbdefaeb0	0x3e3851ec	0x3f059ea2	0x3f31b03d
0x3e21cac1	0x3e99999a	0x3f000000	0x3faa3722	0xbdef8ad3	0x3e3851ec	0x3f05aba3	0x3f31c188
0x3e21e4f7	0x3e99999a	0x3f000000	0x3faa3722	0xbdef66f6	0x3e3851ec	0x3f05b8a5	0x3f31d2d4
0x3e21ff2e	0x3e99999a	0x3f000000	0x3faa3722	0xbdef431f	0x3e3851ec	0x3f05c5a5	0x3f31e41e
0x3e221965	0x3e99999a	0x3f000000	0x3faa3722	0xbdef1f4b	0x3e3851ec	0x3f05d2a6	0x3f31f569
0x3e22339c	0x3e99999a	0x3f000000	0x3faa3722	0xbdeefb76	0x3e3851ec	0x3f05dfa9	0x3f3206b6
0x3e224dd3	0x3e99999a	0x3f000000	0x3faa3722	0xbdeed7a4	0x3e3851ec	0x3f05ecac	0x3f321804
0x3e22680a	0x3e99999a	0x3f000000	0x3faa3722	0xbdeeb3d7	0x3e3851ec	0x3f05f9ae	0x3f322950
0x3e228241	0x3e99999a	0x3f000000	0x3faa3722	0xbdee900e	0x3e3851ec	0x3f0606b0	0x3f323a9c
0x3e229c78	0x3e99999a	0x3f000000	0x3faa3722	0xbdee6c44	0x3e3851ec	0x3f0613b4	0x3f324beb
0x3e22b6ae	0x3e99999a	0x3f000000	0x3faa3722	0xbdee487f	0x3e3851ec	0x3f0620b7	0x3f325d39
0x3e22d0e5	0x3e99999a	0x3f000000	0x3faa3722	0xbdee24be	0x3e3851ec	0x3f062db9	0x3f326e85
0x3e22eb1c	0x3e99999a	0x3f000000	0x3faa3722	0xbdee00fc	0x3e3851ec	0x3f063abe	0x3f327fd5
0x3e230553	0x3e99999a	0x3f000000	0x3faa3722	0xbdeddd3d	0x3e3851ec	0x3f0647c3	0x3f329125
0x3e231f8a	0x3e99999a	0x3f000000	0x3faa3722	0xbdedb983	0x3e3851ec	0x3f0654c7	0x3f32a274
0x3e2339c1	0x3e99999a	0x3f000000	0x3faa3722	0xbded95cc	0x3e3851ec	0x3f0661cb	0x3f32b3c3
0x3e2353f8	0x3e99999a	0x3f000000	0x3faa3722	0xbded7215	0x3e3851ec	0x3f066ed1	0x3f32c515
0x3e236e2f	0x3e99999a	0x3f000000	0x3faa3722	0xbded4e60	0x3e3851ec	0x3f067bd7	0x3f32d666
0x3e238866	0x3e99999a	0x3f000000	0x3faa3722	0xbded2ab1	0x3e3851ec	0x3f0688dc	0x3f32e7b7
0x3e23a29c	0x3e99999a	0x3f000000	0x3faa3722	0xbded0705	0x3e3851ec	0x3f0695e1	0x3f32f907
0x3e23bcd3	0x3e99999a	0x3f000000	0x3faa3722	0xbdece359	0x3e3851ec	0x3f06a2e8	0x3f330a5a
0x3e23d70a	0x3e99999a	0x3f000000	0x3faa3722	0xbdecbfb2	0x3e3851ec	0x3f06afee	0x3f331bab
0x3e23f141	0x3e99999a	0x3f000000	0x3faa3722	0xbdec9c0d	0x3e3851ec	0x3f06bcf5	0x3f332cfe
0x3e240b78	0x3e99999a	0x3f000000	0x3faa3722	0xbdec7869	0x3e3851ec	0x3f06c9fc	0x3f333e51
0x3e2425af	0x3e99999a	0x3f000000	0x3faa3722	0xbdec54c8	0x3e3851ec	0x3f06d704	0x3f334fa6
0x3e243fe6	0x3e99999a	0x3f000000	0x3faa3722	0xbdec312b	0x3e3851ec	0x3f06e40b	0x3f3360f8
0x3e245a1d	0x3e99999a	0x3f000000	0x3faa3722	0xbdec0d92	0x3e3851ec	0x3f06f112	0x3f33724b
0x3e247454	0x3e99999a	0x3f000000	0x3faa3722	0xbdebe9f8	0x3e3851ec	0x3f06fe1b	0x3f3383a1
0x3e248e8a	0x3e99999a	0x3f000000	0x3faa3722	0xbdebc664	0x3e3851ec	0x3f070b23	0x3f3394f5
0x3e24a8c1	0x3e99999a	0x3f000000	0x3faa3722	0xbdeba2d3	0x3e3851ec	0x3f07182b	0x3f33a649
0x3e24c2f8	0x3e99999a	0x3f000000	0x3faa3722	0xbdeb7f41	0x3e3851ec	0x3f072535	0x3f33b7a0
0x3e24dd2f	0x3e99999a	0x3f000000	0x3faa3722	0xbdeb5bb2	0x3e3851ec	0x3f07323f	0x3f33c8f7
0x3e24f766	0x3e99999a	0x3f000000	0x3faa3722	0xbdeb3829	0x3e3851ec	0x3f073f47	0x3f33da4b
0x3e25119d	0x3e99999a	0x3f000000	0x3faa3722	0xbdeb14a2	0x3e3851ec	0x3f074c51	0x3f33eba2
0x3e252bd4	0x3e99999a	0x3f000000	0x3faa3722	0xbdeaf11b	0x3e3851ec	0x3f07595b	0x3f33fcf9
0x3e25460b	0x3e99999a	0x3f000000	0x3faa3722	0xbdeacd97	0x3e3851ec	0x3f076666	0x3f340e51
0x3e256042	0x3e99999a	0x3f000000	0x3faa3722	0xbdeaaa19	0x3e3851ec	0x3f077370	0x3f341fa8
0x3e257a78	0x3e99999a	0x3f000000	0x3faa3722	0xbdea869d	0x3e3851ec	0x3f07807b	0x3f343101
0x3e2594af	0x3e99999a	0x3f000000	0x3faa3722	0xbdea6321	0x3e3851ec	0x3f078d87	0x3f34425a
0x3e25aee6	0x3e99999a	0x3f000000	0x3faa3722	0xbdea3faa	0x3e3851ec	0x3f079a91	0x3f3453b1
0x3e25c91d	0x3e99999a	0x3f000000	0x3faa3722	0xbdea1c36	0x3e3851ec	0x3f07a79d	0x3f34650b
0x3e25e354	0x3e99999a	0x3f000000	0x3faa3722	0xbde9f8c2	0x3e3851ec	0x3f07b4a9	0x3f347664
0x3e25fd8b	0x3e99999a	0x3f000000	0x3faa3722	0xbde9d551	0x3e3851ec	0x3f07c1b6	0x3f3487bf
0x3e2617c2	0x3e99999a	0x3f000000	0x3faa3722	0xbde9b1e5	0x3e3851ec	0x3f07cec2	0x3f349919
0x3e2631f9	0x3e99999a	0x3f000000	0x3faa3722	0xbde98e7c	0x3e3851ec	0x3f07dbce	0x3f34aa72
0x3e264c30	0x3e99999a	0x3f000000	0x3faa3722	0xbde96b12	0x3e3851ec	0x3f07e8dc	0x3f34bbce
0x3e266666	0x3e99999a	0x3f000000	0x3faa3722	0xbde947af	0x3e3851ec	0x3f07f5e8	0x3f34cd28
0x3e26809d	0x3e99999a	0x3f000000	0x3faa3722	0xbde9244d	0x3e3851ec	0x3f0802f6	0x3f34de84
0x3e269ad4	0x3e99999a	0x3f000000	0x3faa3722	0xbde900ec	0x3e3851ec	0x3f081004	0x3f34efe0
0x3e26b50b	0x3e99999a	0x3f000000	0x3faa3722	0xbde8dd8e	0x3e3851ec	0x3f081d12	0x3f35013d
0x3e26cf42	0x3e99999a	0x3f000000	0x3faa3722	0xbde8ba35	0x3e3851ec	0x3f082a20	0x3f351299
0x3e26e979	0x3e99999a	0x3f000000	0x3faa3722	0xbde896de	0x3e3851ec	0x3f08372e	0x3f3523f5
0x3e2703b0	0x3e99999a	0x3f000000	0x3faa3722	0xbde87388	0x3e3851ec	0x3f08443e	0x3f353554
0x3e271de7	0x3e99999a	0x3f000000	0x3faa3722	0xbde85034	0x3e3851ec	0x3f08514d	0x3f3546b1
0x3e27381d	0x3e99999a	0x3f000000	0x3faa3722	0xbde82ce8	0x3e3851ec	0x3f085e5b	0x3f35580e
0x3e275254	0x3e99999a	0x3f000000	0x3faa3722	0xbde8099a	0x3e3851ec	0x3f086b6b	0x3f35696d
0x3e276c8b	0x3e99999a	0x3f000000	0x3faa3722	0xbde7e64e	0x3e3851ec	0x3f08787c	0x3f357acd
0x3e2786c2	0x3e99999a	0x3f000000	0x3faa3722	0xbde7c308	0x3e3851ec	0x3f08858c	0x3f358c2c
0x3e27a0f9	0x3e99999a	0x3f000000	0x3faa3722	0xbde79fc4	0x3e3851ec	0x3f08929b	0x3f359d89
0x3e27bb30	0x3e99999a	0x3f000000	0x3faa3722	0xbde77c81	0x3e3851ec	0x3f089fac	0x3f35aee9
0x3e27d567	0x3e99999a	0x3f000000	0x3faa3722	0xbde75940	0x3e3851ec	0x3f08acbe	0x3f35c04b
0x3e27ef9e	0x3e99999a	0x3f000000	0x3faa3722	0xbde73604	0x3e3851ec	0x3f08b9cf	0x3f35d1ab
0x3e2809d5	0x3e99999a	0x3f000000	0x3faa3722	0xbde712cb	0x3e3851ec	0x3f08c6e0	0x3f35e30b
0x3e28240b	0x3e99999a	0x3f000000	0x3faa3722	0xbde6ef92	0x3e3851ec	0x3f08d3f2	0x3f35f46d
0x3e283e42	0x3e99999a	0x3f000000	0x3faa3722	0xbde6cc5f	0x3e3851ec	0x3f08e103	0x3f3605cd
0x3e285879	0x3e99999a	0x3f000000	0x3faa3722	0xbde6a92e	0x3e3851ec	0x3f08ee14	0x3f36172d
0x3e2872b0	0x3e99999a	0x3f000000	0x3faa3722	0xbde685fd	0x3e3851ec	0x3f08fb28	0x3f362891
0x3e288ce7	0x3e99999a	0x3f000000	0x3faa3722	0xbde662cf	0x3e3851ec	0x3f09083b	0x3f3639f4
0x3e28a71e	0x3e99999a	0x3f000000	0x3faa3722	0xbde63fa6	0x3e3851ec	0x3f09154d	0x3f364b56
0x3e28c155	0x3e99999a	0x3f000000	0x3faa3722	0xbde61c80	0x3e3851ec	0x3f092260	0x3f365cb9
0x3e28db8c	0x3e99999a	0x3f000000	0x3faa3722	0xbde5f95a	0x3e3851ec	0x3f092f74	0x3f366e1d
0x3e28f5c3	0x3e99999a	0x3f000000	0x3faa3722	0xbde5d637	0x3e3851ec	0x3f093c88	0x3f367f81
0x3e290ff9	0x3e99999a	0x3f000000	0x3faa3722	0xbde5b31b	0x3e3851ec	0x3f09499a	0x3f3690e3
0x3e292a30	0x3e99999a	0x3f000000	0x3faa3722	0xbde58ffd	0x3e3851ec	0x3f0956af	0x3f36a248
0x3e294467	0x3e99999a	0x3f000000	0x3faa3722	0xbde56ce2	0x3e3851ec	0x3f0963c4	0x3f36b3ae
0x3e295e9e	0x3e99999a	0x3f000000	0x3faa3722	0xbde549cc	0x3e3851ec	0x3f0970d8	0x3f36c512
0x3e2978d5	0x3e99999a	0x3f000000	0x3faa3722	0xbde526b8	0x3e3851ec	0x3f097ded	0x3f36d677
0x3e29930c	0x3e99999a	0x3f000000	0x3faa3722	0xbde503a5	0x3e3851ec	0x3f098b02	0x3f36e7dd
0x3e29ad43	0x3e99999a	0x3f000000	0x3faa3722	0xbde4e095	0x3e3851ec	0x3f099818	0x3f36f944
0x3e29c77a	0x3e99999a	0x3f000000	0x3faa3722	0xbde4bd89	0x3e3851ec	0x3f09a52d	0x3f370aa9
0x3e29e1b1	0x3e99999a	0x3f000000	0x3faa3722	0xbde49a81	0x3e3851ec	0x3f09b243	0x3f371c10
0x3e29fbe7	0x3e99999a	0x3f000000	0x3faa3722	0xbde47778	0x3e3851ec	0x3f09bf59	0x3f372d77
0x3e2a161e	0x3e99999a	0x3f000000	0x3faa3722	0xbde45475	0x3e3851ec	0x3f09cc6f	0x3f373ede
0x3e2a3055	0x3e99999a	0x3f000000	0x3faa3722	0xbde43174	0x3e3851ec	0x3f09d985	0x3f375045
0x3e2a4a8c	0x3e99999a	0x3f000000	0x3faa3722	0xbde40e74	0x3e3851ec	0x3f09e69d	0x3f3761ae
0x3e2a64c3	0x3e99999a	0x3f000000	0x3faa3722	0xbde3eb76	0x3e3851ec	0x3f09f3b4	0x3f377316
0x3e2a7efa	0x3e99999a	0x3f000000	0x3faa3722	0xbde3c87e	0x3e3851ec	0x3f0a00cb	0x3f37847f
0x3e2a9931	0x3e99999a	0x3f000000	0x3faa3722	0xbde3a588	0x3e3851ec	0x3f0a0de1	0x3f3795e5
0x3e2ab368	0x3e99999a	0x3f000000	0x3faa3722	0xbde38292	0x3e3851ec	0x3f0a1afa	0x3f37a750
0x3e2acd9f	0x3e99999a	0x3f000000	0x3faa3722	0xbde35f9f	0x3e3851ec	0x3f0a2813	0x3f37b8bb
0x3e2ae7d5	0x3e99999a	0x3f000000	0x3faa3722	0xbde33cb4	0x3e3851ec	0x3f0a352a	0x3f37ca23
0x3e2b020c	0x3e99999a	0x3f000000	0x3faa3722	0xbde319c6	0x3e3851ec	0x3f0a4242	0x3f37db8d
0x3e2b1c43	0x3e99999a	0x3f000000	0x3faa3722	0xbde2f6db	0x3e3851ec	0x3f0a4f5c	0x3f37ecf9
0x3e2b367a	0x3e99999a	0x3f000000	0x3faa3722	0xbde2d3f5	0x3e3851ec	0x3f0a5c74	0x3f37fe63
0x3e2b50b1	0x3e99999a	0x3f000000	0x3faa3722	0xbde2b112	0x3e3851ec	0x3f0a698d	0x3f380fcd
0x3e2b6ae8	0x3e99999a	0x3f000000	0x3faa3722	0xbde28e2f	0x3e3851ec	0x3f0a76a7	0x3f38213a
0x3e2b851f	0x3e99999a	0x3f000000	0x3faa3722	0xbde26b4f	0x3e3851ec	0x3f0a83c1	0x3f3832a6
0x3e2b9f56	0x3e99999a	0x3f000000	0x3faa3722	0xbde24874	0x3e3851ec	0x3f0a90da	0x3f384411
0x3e2bb98c	0x3e99999a	0x3f000000	0x3faa3722	0xbde2259c	0x3e3851ec	0x3f0a9df4	0x3f38557d
0x3e2bd3c3	0x3e99999a	0x3f000000	0x3faa3722	0xbde202c4	0x3e3851ec	0x3f0aab0f	0x3f3866ea
0x3e2bedfa	0x3e99999a	0x3f000000	0x3faa3722	0xbde1dff1	0x3e3851ec	0x3f0ab829	0x3f387856
0x3e2c0831	0x3e99999a	0x3f000000	0x3faa3722	0xbde1bd20	0x3e3851ec	0x3f0ac543	0x3f3889c3
0x3e2c2268	0x3e99999a	0x3f000000	0x3faa3722	0xbde19a50	0x3e3851ec	0x3f0ad25e	0x3f389b30
0x3e2c3c9f	0x3e99999a	0x3f000000	0x3faa3722	0xbde17783	0x3e3851ec	0x3f0adf7a	0x3f38ac9f
0x3e2c56d6	0x3e99999a	0x3f000000	0x3faa3722	0xbde154bb	0x3e3851ec	0x3f0aec95	0x3f38be0c
0x3e2c710d	0x3e99999a	0x3f000000	0x3faa3722	0xbde131f5	0x3e3851ec	0x3f0af9b0	0x3f38cf7a
0x3e2c8b44	0x3e99999a	0x3f000000	0x3faa3722	0xbde10f30	0x3e3851ec	0x3f0b06cc	0x3f38e0e9
0x3e2ca57a	0x3e99999a	0x3f000000	0x3faa3722	0xbde0ec6f	0x3e3851ec	0x3f0b13e9	0x3f38f259
0x3e2cbfb1	0x3e99999a	0x3f000000	0x3faa3722	0xbde0c9b2	0x3e3851ec	0x3f0b2105	0x3f3903c8
0x3e2cd9e8	0x3e99999a	0x3f000000	0x3faa3722	0xbde0a6f5	0x3e3851ec	0x3f0b2e21	0x3f391537
0x3e2cf41f	0x3e99999a	0x3f000000	0x3faa3722	0xbde0843a	0x3e3851ec	0x3f0b3b3f	0x3f3926a8
0x3e2d0e56	0x3e99999a	0x3f000000	0x3faa3722	0xbde06185	0x3e3851ec	0x3f0b485b	0x3f393817
0x3e2d288d	0x3e99999a	0x3f000000	0x3faa3722	0xbde03ed2	0x3e3851ec	0x3f0b5578	0x3f394987
0x3e2d42c4	0x3e99999a	0x3f000000	0x3faa3722	0xbde01c1f	0x3e3851ec	0x3f0b6296	0x3f395af9
0x3e2d5cfb	0x3e99999a	0x3f000000	0x3faa3722	0xbddff96f	0x3e3851ec	0x3f0b6fb4	0x3f396c6a
0x3e2d7732	0x3e99999a	0x3f000000	0x3faa3722	0xbddfd6c5	0x3e3851ec	0x3f0b7cd1	0x3f397dda
0x3e2d9168	0x3e99999a	0x3f000000	0x3faa3722	0xbddfb41d	0x3e3851ec	0x3f0b89ef	0x3f398f4c
0x3e2dab9f	0x3e99999a	0x3f000000	0x3faa3722	0xbddf9175	0x3e3851ec	0x3f0b970e	0x3f39a0bf
0x3e2dc5d6	0x3e99999a	0x3f000000	0x3faa3722	0xbddf6ed2	0x3e3851ec	0x3f0ba42c	0x3f39b230
0x3e2de00d	0x3e99999a	0x3f000000	0x3faa3722	0xbddf4c32	0x3e3851ec	0x3f0bb14b	0x3f39c3a3
0x3e2dfa44	0x3e99999a	0x3f000000	0x3faa3722	0xbddf2992	0x3e3851ec	0x3f0bbe6a	0x3f39d516
0x3e2e147b	0x3e99999a	0x3f000000	0x3faa3722	0xbddf06f5	0x3e3851ec	0x3f0bcb8a	0x3f39e68a
0x3e2e2eb2	0x3e99999a	0x3f000000	0x3faa3722	0xbddee45d	0x3e3851ec	0x3f0bd8a9	0x3f39f7fd
0x3e2e48e9	0x3e99999a	0x3f000000	0x3faa3722	0xbddec1c8	0x3e3851ec	0x3f0be5c8	0x3f3a0970
0x3e2e6320	0x3e99999a	0x3f000000	0x3faa3722	0xbdde9f33	0x3e3851ec	0x3f0bf2e8	0x3f3a1ae4
0x3e2e7d56	0x3e99999a	0x3f000000	0x3faa3722	0xbdde7ca3	0x3e3851ec	0x3f0c0008	0x3f3a2c58
0x3e2e978d	0x3e99999a	0x3f000000	0x3faa3722	0xbdde5a16	0x3e3851ec	0x3f0c0d27	0x3f3a3dcb
0x3e2eb1c4	0x3e99999a	0x3f000000	0x3faa3722	0xbdde3789	0x3e3851ec	0x3f0c1a48	0x3f3a4f40
0x3e2ecbfb	0x3e99999a	0x3f000000	0x3faa3722	0xbdde14ff	0x3e3851ec	0x3f0c2769	0x3f3a60b6
0x3e2ee632	0x3e99999a	0x3f000000	0x3faa3722	0xbdddf279	0x3e3851ec	0x3f0c348a	0x3f3a722b
0x3e2f0069	0x3e99999a	0x3f000000	0x3faa3722	0xbdddcff7	0x3e3851ec	0x3f0c41aa	0x3f3a839f
0x3e2f1aa0	0x3e99999a	0x3f000000	0x3faa3722	0xbdddad75	0x3e3851ec	0x3f0c4ecc	0x3f3a9516
0x3e2f34d7	0x3e99999a	0x3f000000	0x3faa3722	0xbddd8af5	0x3e3851ec	0x3f0c5bee	0x3f3aa68d
0x3e2f4f0e	0x3e99999a	0x3f000000	0x3faa3722	0xbddd687b	0x3e3851ec	0x3f0c6910	0x3f3ab804
0x3e2f6944	0x3e99999a	0x3f000000	0x3faa3722	0xbddd4603	0x3e3851ec	0x3f0c7631	0x3f3ac979
0x3e2f837b	0x3e99999a	0x3f000000	0x3faa3722	0xbddd238c	0x3e3851ec	0x3f0c8353	0x3f3adaf0
0x3e2f9db2	0x3e99999a	0x3f000000	0x3faa3722	0xbddd0119	0x3e3851ec	0x3f0c9076	0x3f3aec68
0x3e2fb7e9	0x3e99999a	0x3f000000	0x3faa3722	0xbddcdeaa	0x3e3851ec	0x3f0c9d97	0x3f3afdde
0x3e2fd220	0x3e99999a	0x3f000000	0x3faa3722	0xbddcbc3a	0x3e3851ec	0x3f0caabb	0x3f3b0f57
0x3e2fec57	0x3e99999a	0x3f000000	0x3faa3722	0xbddc99cd	0x3e3851ec	0x3f0cb7de	0x3f3b20cf
0x3e30068e	0x3e99999a	0x3f000000	0x3faa3722	0xbddc7766	0x3e3851ec	0x3f0cc501	0x3f3b3247
0x3e3020c5	0x3e99999a	0x3f000000	0x3faa3722	0xbddc5501	0x3e3851ec	0x3f0cd224	0x3f3b43c0
0x3e303afb	0x3e99999a	0x3f000000	0x3faa3722	0xbddc329c	0x3e3851ec	0x3f0cdf48	0x3f3b5539
0x3e305532	0x3e99999a	0x3f000000	0x3faa3722	0xbddc103d	0x3e3851ec	0x3f0cec6b	0x3f3b66b1
0x3e306f69	0x3e99999a	0x3f000000	0x3faa3722	0xbddbede0	0x3e3851ec	0x3f0cf98e	0x3f3b7829
0x3e3089a0	0x3e99999a	0x3f000000	0x3faa3722	0xbddbcb83	0x3e3851ec	0x3f0d06b3	0x3f3b89a4
0x3e30a3d7	0x3e99999a	0x3f000000	0x3faa3722	0xbddba929	0x3e3851ec	0x3f0d13d8	0x3f3b9b1f
0x3e30be0e	0x3e99999a	0x3f000000	0x3faa3722	0xbddb86d4	0x3e3851ec	0x3f0d20fc	0x3f3bac98
0x3e30d845	0x3e99999a	0x3f000000	0x3faa3722	0xbddb6482	0x3e3851ec	0x3f0d2e20	0x3f3bbe12
0x3e30f27c	0x3e99999a	0x3f000000	0x3faa3722	0xbddb4230	0x3e3851ec	0x3f0d3b45	0x3f3bcf8d
0x3e310cb3	0x3e99999a	0x3f000000	0x3faa3722	0xbddb1fe1	0x3e3851ec	0x3f0d486b	0x3f3be109
0x3e3126e9	0x3e99999a	0x3f000000	0x3faa3722	0xbddafd99	0x3e3851ec	0x3f0d558f	0x3f3bf282
0x3e314120	0x3e99999a	0x3f000000	0x3faa3722	0xbddadb4f	0x3e3851ec	0x3f0d62b5	0x3f3c03fe
0x3e315b57	0x3e99999a	0x3f000000	0x3faa3722	0xbddab908	0x3e3851ec	0x3f0d6fdc	0x3f3c157c
0x3e31758e	0x3e99999a	0x3f000000	0x3faa3722	0xbdda96c6	0x3e3851ec	0x3f0d7d01	0x3f3c26f7
0x3e318fc5	0x3e99999a	0x3f000000	0x3faa3722	0xbdda7487	0x3e3851ec	0x3f0d8a26	0x3f3c3871
0x3e31a9fc	0x3e99999a	0x3f000000	0x3faa3722	0xbdda5248	0x3e3851ec	0x3f0d974d	0x3f3c49ef
0x3e31c433	0x3e99999a	0x3f000000	0x3faa3722	0xbdda300b	0x3e3851ec	0x3f0da474	0x3f3c5b6c
0x3e31de6a	0x3e99999a	0x3f000000	0x3faa3722	0xbdda0dd4	0x3e3851ec	0x3f0db19a	0x3f3c6ce8
0x3e31f8a1	0x3e99999a	0x3f000000	0x3faa3722	0xbdd9eb9f	0x3e3851ec	0x3f0dbec1	0x3f3c7e66
0x3e3212d7	0x3e99999a	0x3f000000	0x3faa3722	0xbdd9c96b	0x3e3851ec	0x3f0dcbe8	0x3f3c8fe3
0x3e322d0e	0x3e99999a	0x3f000000	0x3faa3722	0xbdd9a73c	0x3e3851ec	0x3f0dd90f	0x3f3ca161
0x3e324745	0x3e99999a	0x3f000000	0x3faa3722	0xbdd9850f	0x3e3851ec	0x3f0de636	0x3f3cb2de
0x3e32617c	0x3e99999a	0x3f000000	0x3faa3722	0xbdd962e3	0x3e3851ec	0x3f0df35e	0x3f3cc45d
0x3e327bb3	0x3e99999a	0x3f000000	0x3faa3722	0xbdd940b9	0x3e3851ec	0x3f0e0086	0x3f3cd5dc
0x3e3295ea	0x3e99999a	0x3f000000	0x3faa3722	0xbdd91e95	0x3e3851ec	0x3f0e0dad	0x3f3ce759
0x3e32b021	0x3e99999a	0x3f000000	0x3faa3722	0xbdd8fc73	0x3e3851ec	0x3f0e1ad6	0x3f3cf8d9
0x3e32ca58	0x3e99999a	0x3f000000	0x3faa3722	0xbdd8da51	0x3e3851ec	0x3f0e27ff	0x3f3d0a5a
0x3e32e48f	0x3e99999a	0x3f000000	0x3faa3722	0xbdd8b832	0x3e3851ec	0x3f0e3528	0x3f3d1bda
0x3e32fec5	0x3e99999a	0x3f000000	0x3faa3722	0xbdd8961b	0x3e3851ec	0x3f0e424f	0x3f3d2d57
0x3e3318fc	0x3e99999a	0x3f000000	0x3faa3722	0xbdd87401	0x3e3851ec	0x3f0e4f78	0x3f3d3ed7
0x3e333333	0x3e99999a	0x3f000000	0x3faa3722	0xbdd851ea	0x3e3851ec	0x3f0e5ca2	0x3f3d5059
0x3e334d6a	0x3e99999a	0x3f000000	0x3faa3722	0xbdd82fd9	0x3e3851ec	0x3f0e69ca	0x3f3d61d8
0x3e3367a1	0x3e99999a	0x3f000000	0x3faa3722	0xbdd80dca	0x3e3851ec	0x3f0e76f3	0x3f3d7358
0x3e3381d8	0x3e99999a	0x3f000000	0x3faa3722	0xbdd7ebbb	0x3e3851ec	0x3f0e841d	0x3f3d84d9
0x3e339c0f	0x3e99999a	0x3f000000	0x3faa3722	0xbdd7c9af	0x3e3851ec	0x3f0e9148	0x3f3d965c
0x3e33b646	0x3e99999a	0x3f000000	0x3faa3722	0xbdd7a7a8	0x3e3851ec	0x3f0e9e71	0x3f3da7dc
0x3e33d07d	0x3e99999a	0x3f000000	0x3faa3722	0xbdd785a4	0x3e3851ec	0x3f0eab9a	0x3f3db95c
0x3e33eab3	0x3e99999a	0x3f000000	0x3faa3722	0xbdd7639f	0x3e3851ec	0x3f0eb8c6	0x3f3dcae0
0x3e3404ea	0x3e99999a	0x3f000000	0x3faa3722	0xbdd741a1	0x3e3851ec	0x3f0ec5ef	0x3f3ddc60
0x3e341f21	0x3e99999a	0x3f000000	0x3faa3722	0xbdd71fa4	0x3e3851ec	0x3f0ed31a	0x3f3dede3
0x3e343958	0x3e99999a	0x3f000000	0x3faa3722	0xbdd6fda8	0x3e3851ec	0x3f0ee045	0x3f3dff66
0x3e34538f	0x3e99999a	0x3f000000	0x3faa3722	0xbdd6dbaf	0x3e3851ec	0x3f0eed71	0x3f3e10ea
0x3e346dc6	0x3e99999a	0x3f000000	0x3faa3722	0xbdd6b9bb	0x3e3851ec	0x3f0efa9b	0x3f3e226c
0x3e3487fd	0x3e99999a	0x3f000000	0x3faa3722	0xbdd697c9	0x3e3851ec	0x3f0f07c6	0x3f3e33ee
0x3e34a234	0x3e99999a	0x3f000000	0x3faa3722	0xbdd675d8	0x3e3851ec	0x3f0f14f2	0x3f3e4572
0x3e34bc6a	0x3e99999a	0x3f000000	0x3faa3722	0xbdd653ec	0x3e3851ec	0x3f0f221d	0x3f3e56f5
0x3e34d6a1	0x3e99999a	0x3f000000	0x3faa3722	0xbdd63202	0x3e3851ec	0x3f0f2f49	0x3f3e6879
0x3e34f0d8	0x3e99999a	0x3f000000	0x3faa3722	0xbdd61019	0x3e3851ec	0x3f0f3c75	0x3f3e79fd
0x3e350b0f	0x3e99999a	0x3f000000	0x3faa3722	0xbdd5ee33	0x3e3851ec	0x3f0f49a2	0x3f3e8b83
0x3e352546	0x3e99999a	0x3f000000	0x3faa3722	0xbdd5cc51	0x3e3851ec	0x3f0f56ce	0x3f3e9d07
0x3e353f7d	0x3e99999a	0x3f000000	0x3faa3722	0xbdd5aa73	0x3e3851ec	0x3f0f63fa	0x3f3eae8b
0x3e3559b4	0x3e99999a	0x3f000000	0x3faa3722	0xbdd58894	0x3e3851ec	0x3f0f7127	0x3f3ec011
0x3e3573eb	0x3e99999a	0x3f000000	0x3faa3722	0xbdd566b8	0x3e3851ec	0x3f0f7e55	0x3f3ed197
0x3e358e22	0x3e99999a	0x3f000000	0x3faa3722	0xbdd544e1	0x3e3851ec	0x3f0f8b81	0x3f3ee31b
0x3e35a858	0x3e99999a	0x3f000000	0x3faa3722	0xbdd5230e	0x3e3851ec	0x3f0f98ad	0x3f3ef4a0
0x3e35c28f	0x3e99999a	0x3f000000	0x3faa3722	0xbdd5013a	0x3e3851ec	0x3f0fa5db	0x3f3f0626
0x3e35dcc6	0x3e99999a	0x3f000000	0x3faa3722	0xbdd4df6b	0x3e3851ec	0x3f0fb308	0x3f3f17ac
0x3e35f6fd	0x3e99999a	0x3f000000	0x3faa3722	0xbdd4bd9f	0x3e3851ec	0x3f0fc035	0x3f3f2931
0x3e361134	0x3e99999a	0x3f000000	0x3faa3722	0xbdd49bd4	0x3e3851ec	0x3f0fcd64	0x3f3f3ab9
0x3e362b6b	0x3e99999a	0x3f000000	0x3faa3722	0xbdd47a0a	0x3e3851ec	0x3f0fda93	0x3f3f4c41
0x3e3645a2	0x3e99999a	0x3f000000	0x3faa3722	0xbdd45847	0x3e3851ec	0x3f0fe7c0	0x3f3f5dc7
0x3e365fd9	0x3e99999a	0x3f000000	0x3faa3722	0xbdd43686	0x3e3851ec	0x3f0ff4ee	0x3f3f6f4e
0x3e367a10	0x3e99999a	0x3f000000	0x3faa3722	0xbdd414c4	0x3e3851ec	0x3f10021d	0x3f3f80d6
0x3e369446	0x3e99999a	0x3f000000	0x3faa3722	0xbdd3f309	0x3e3851ec	0x3f100f4b	0x3f3f925c
0x3e36ae7d	0x3e99999a	0x3f000000	0x3faa3722	0xbdd3d150	0x3e3851ec	0x3f101c79	0x3f3fa3e3
0x3e36c8b4	0x3e99999a	0x3f000000	0x3faa3722	0xbdd3af97	0x3e3851ec	0x3f1029a9	0x3f3fb56d
0x3e36e2eb	0x3e99999a	0x3f000000	0x3faa3722	0xbdd38de0	0x3e3851ec	0x3f1036d9	0x3f3fc6f6
0x3e36fd22	0x3e99999a	0x3f000000	0x3faa3722	0xbdd36c2f	0x3e3851ec	0x3f104407	0x3f3fd87d
0x3e371759	0x3e99999a	0x3f000000	0x3faa3722	0xbdd34a81	0x3e3851ec	0x3f105136	0x3f3fea05
0x3e373190	0x3e99999a	0x3f000000	0x3faa3722	0xbdd328d3	0x3e3851ec	0x3f105e66	0x3f3ffb8e
0x3e374bc7	0x3e99999a	0x3f000000	0x3faa3722	0xbdd30727	0x3e3851ec	0x3f106b96	0x3f400d18
0x3e3765fe	0x3e99999a	0x3f000000	0x3faa3722	0xbdd2e581	0x3e3851ec	0x3f1078c6	0x3f401ea1
0x3e378034	0x3e99999a	0x3f000000	0x3faa3722	0xbdd2c3dd	0x3e3851ec	0x3f1085f6	0x3f40302b
0x3e379a6b	0x3e99999a	0x3f000000	0x3faa3722	0xbdd2a23a	0x3e3851ec	0x3f109326	0x3f4041b4
0x3e37b4a2	0x3e99999a	0x3f000000	0x3faa3722	0xbdd2809c	0x3e3851ec	0x3f10a056	0x3f40533e
0x3e37ced9	0x3e99999a	0x3f000000	0x3faa3722	0xbdd25f00	0x3e3851ec	0x3f10ad86	0x3f4064c7
0x3e37e910	0x3e99999a	0x3f000000	0x3faa3722	0xbdd23d65	0x3e3851ec	0x3f10bab7	0x3f407652
0x3e380347	0x3e99999a	0x3f000000	0x3faa3722	0xbdd21bcc	0x3e3851ec	0x3f10c7e8	0x3f4087dc
0x3e381d7e	0x3e99999a	0x3f000000	0x3faa3722	0xbdd1fa38	0x3e3851ec	0x3f10d519	0x3f409967
0x3e3837b5	0x3e99999a	0x3f000000	0x3faa3722	0xbdd1d8a7	0x3e3851ec	0x3f10e249	0x3f40aaf1
0x3e3851ec	0x3e99999a	0x3f000000	0x3faa3722	0xbdd1b717	0x3e3851ec	0x3f10ef7b	0x3f40bc7d
0x3e386c22	0x3e99999a	0x3f000000	0x3faa3722	0xbdd1958b	0x3e3851ec	0x3f10fcac	0x3f40ce08
0x3e388659	0x3e99999a	0x3f000000	0x3faa3722	0xbdd17403	0x3e3851ec	0x3f1109dd	0x3f40df92
0x3e38a090	0x3e99999a	0x3f000000	0x3faa3722	0xbdd1527a	0x3e3851ec	0x3f11170f	0x3f40f11e
0x3e38bac7	0x3e99999a	0x3f000000	0x3faa3722	0xbdd130f4	0x3e3851ec	0x3f112441	0x3f4102aa
0x3e38d4fe	0x3e99999a	0x3f000000	0x3faa3722	0xbdd10f73	0x3e3851ec	0x3f113173	0x3f411437
0x3e38ef35	0x3e99999a	0x3f000000	0x3faa3722	0xbdd0edf5	0x3e3851ec	0x3f113ea5	0x3f4125c3
0x3e39096c	0x3e99999a	0x3f000000	0x3faa3722	0xbdd0cc77	0x3e3851ec	0x3f114bd7	0x3f41374f
0x3e3923a3	0x3e99999a	0x3f000000	0x3faa3722	0xbdd0aafc	0x3e3851ec	0x3f11590a	0x3f4148dc
0x3e393dd9	0x3e99999a	0x3f000000	0x3faa3722	0xbdd08989	0x3e3851ec	0x3f11663b	0x3f415a67
0x3e395810	0x3e99999a	0x3f000000	0x3faa3722	0xbdd06813	0x3e3851ec	0x3f11736e	0x3f416bf4
0x3e397247	0x3e99999a	0x3f000000	0x3faa3722	0xbdd046a0	0x3e3851ec	0x3f1180a1	0x3f417d82
0x3e398c7e	0x3e99999a	0x3f000000	0x3faa3722	0xbdd02532	0x3e3851ec	0x3f118dd4	0x3f418f0f
0x3e39a6b5	0x3e99999a	0x3f000000	0x3faa3722	0xbdd003c6	0x3e3851ec	0x3f119b06	0x3f41a09b
0x3e39c0ec	0x3e99999a	0x3f000000	0x3faa3722	0xbdcfe25b	0x3e3851ec	0x3f11a83a	0x3f41b22a
0x3e39db23	0x3e99999a	0x3f000000	0x3faa3722	0xbdcfc0f3	0x3e3851ec	0x3f11b56e	0x3f41c3b9
0x3e39f55a	0x3e99999a	0x3f000000	0x3faa3722	0xbdcf9f90	0x3e3851ec	0x3f11c2a1	0x3f41d546
0x3e3a0f91	0x3e99999a	0x3f000000	0x3faa3722	0xbdcf7e2f	0x3e3851ec	0x3f11cfd4	0x3f41e6d4
0x3e3a29c7	0x3e99999a	0x3f000000	0x3faa3722	0xbdcf5ccf	0x3e3851ec	0x3f11dd08	0x3f41f862
0x3e3a43fe	0x3e99999a	0x3f000000	0x3faa3722	0xbdcf3b74	0x3e3851ec	0x3f11ea3c	0x3f4209f1
0x3e3a5e35	0x3e99999a	0x3f000000	0x3faa3722	0xbdcf1a1b	0x3e3851ec	0x3f11f76f	0x3f421b7f
0x3e3a786c	0x3e99999a	0x3f000000	0x3faa3722	0xbdcef8c3	0x3e3851ec	0x3f1204a4	0x3f422d0f
0x3e3a92a3	0x3e99999a	0x3f000000	0x3faa3722	0xbdced76d	0x3e3851ec	0x3f1211d9	0x3f423e9f
0x3e3aacda	0x3e99999a	0x3f000000	0x3faa3722	0xbdceb61d	0x3e3851ec	0x3f121f0c	0x3f42502c
0x3e3ac711	0x3e99999a	0x3f000000	0x3faa3722	0xbdce94cf	0x3e3851ec	0x3f122c41	0x3f4261bc
0x3e3ae148	0x3e99999a	0x3f000000	0x3faa3722	0xbdce7381	0x3e3851ec	0x3f123976	0x3f42734c
0x3e3afb7f	0x3e99999a	0x3f000000	0x3faa3722	0xbdce5237	0x3e3851ec	0x3f1246ab	0x3f4284dc
0x3e3b15b5	0x3e99999a	0x3f000000	0x3faa3722	0xbdce30f3	0x3e3851ec	0x3f1253de	0x3f42966a
0x3e3b2fec	0x3e99999a	0x3f000000	0x3faa3722	0xbdce0fae	0x3e3851ec	0x3f126114	0x3f42a7fb
0x3e3b4a23	0x3e99999a	0x3f000000	0x3faa3722	0xbdcdee6b	0x3e3851ec	0x3f126e49	0x3f42b98b
0x3e3b645a	0x3e99999a	0x3f000000	0x3faa3722	0xbdcdcd2d	0x3e3851ec	0x3f127b7f	0x3f42cb1d
0x3e3b7e91	0x3e99999a	0x3f000000	0x3faa3722	0xbdcdabf2	0x3e3851ec	0x3f1288b4	0x3f42dcad
0x3e3b98c8	0x3e99999a	0x3f000000	0x3faa3722	0xbdcd8ab8	0x3e3851ec	0x3f1295e9	0x3f42ee3d
0x3e3bb2ff	0x3e99999a	0x3f000000	0x3faa3722	0xbdcd6980	0x3e3851ec	0x3f12a31f	0x3f42ffce
0x3e3bcd36	0x3e99999a	0x3f000000	0x3faa3722	0xbdcd484d	0x3e3851ec	0x3f12b054	0x3f43115e
0x3e3be76d	0x3e99999a	0x3f000000	0x3faa3722	0xbdcd271c	0x3e3851ec	0x3f12bd8a	0x3f4322f0
0x3e3c01a3	0x3e99999a	0x3f000000	0x3faa3722	0xbdcd05ec	0x3e3851ec	0x3f12cac1	0x3f433482
0x3e3c1bda	0x3e99999a	0x3f000000	0x3faa3722	0xbdcce4c2	0x3e3851ec	0x3f12d7f6	0x3f434613
0x3e3c3611	0x3e99999a	0x3f000000	0x3faa3722	0xbdccc399	0x3e3851ec	0x3f12e52c	0x3f4357a4
0x3e3c5048	0x3e99999a	0x3f000000	0x3faa3722	0xbdcca271	0x3e3851ec	0x3f12f263	0x3f436937
0x3e3c6a7f	0x3e99999a	0x3f000000	0x3faa3722	0xbdcc814c	0x3e3851ec	0x3f12ff9a	0x3f437ac9
0x3e3c84b6	0x3e99999a	0x3f000000	0x3faa3722	0xbdcc602c	0x3e3851ec	0x3f130cd0	0x3f438c5b
0x3e3c9eed	0x3e99999a	0x3f000000	0x3faa3722	0xbdcc3f0f	0x3e3851ec	0x3f131a06	0x3f439dec
0x3e3cb924	0x3e99999a	0x3f000000	0x3faa3722	0xbdcc1df1	0x3e3851ec	0x3f13273e	0x3f43af80
0x3e3cd35b	0x3e99999a	0x3f000000	0x3faa3722	0xbdcbfcd7	0x3e3851ec	0x3f133475	0x3f43c113
0x3e3ced91	0x3e99999a	0x3f000000	0x3faa3722	0xbdcbdbc4	0x3e3851ec	0x3f1341aa	0x3f43d2a3
0x3e3d07c8	0x3e99999a	0x3f000000	0x3faa3722	0xbdcbbaaf	0x3e3851ec	0x3f134ee2	0x3f43e437
0x3e3d21ff	0x3e99999a	0x3f000000	0x3faa3722	0xbdcb999c	0x3e3851ec	0x3f135c1a	0x3f43f5cb
0x3e3d3c36	0x3e99999a	0x3f000000	0x3faa3722	0xbdcb788f	0x3e3851ec	0x3f136951	0x3f44075e
0x3e3d566d	0x3e99999a	0x3f000000	0x3faa3722	0xbdcb5784	0x3e3851ec	0x3f137688	0x3f4418f1
0x3e3d70a4	0x3e99999a	0x3f000000	0x3faa3722	0xbdcb367a	0x3e3851ec	0x3f1383c0	0x3f442a85
0x3e3d8adb	0x3e99999a	0x3f000000	0x3faa3722	0xbdcb1572	0x3e3851ec	0x3f1390f8	0x3f443c19
0x3e3da512	0x3e99999a	0x3f000000	0x3faa3722	0xbdcaf470	0x3e3851ec	0x3f139e2f	0x3f444dac
0x3e3dbf48	0x3e99999a	0x3f000000	0x3faa3722	0xbdcad370	0x3e3851ec	0x3f13ab67	0x3f445f40
0x3e3dd97f	0x3e99999a	0x3f000000	0x3faa3722	0xbdcab270	0x3e3851ec	0x3f13b8a0	0x3f4470d5
0x3e3df3b6	0x3e99999a	0x3f000000	0x3faa3722	0xbdca9175	0x3e3851ec	0x3f13c5d8	0x3f448269
0x3e3e0ded	0x3e99999a	0x3f000000	0x3faa3722	0xbdca707e	0x3e3851ec	0x3f13d30f	0x3f4493fc
0x3e3e2824	0x3e99999a	0x3f000000	0x3faa3722	0xbdca4f86	0x3e3851ec	0x3f13e048	0x3f44a591
0x3e3e425b	0x3e99999a	0x3f000000	0x3faa3722	0xbdca2e91	0x3e3851ec	0x3f13ed81	0x3f44b727
0x3e3e5c92	0x3e99999a	0x3f000000	0x3faa3722	0xbdca0da1	0x3e3851ec	0x3f13fab9	0x3f44c8bb
0x3e3e76c9	0x3e99999a	0x3f000000	0x3faa3722	0xbdc9ecb4	0x3e3851ec	0x3f1407f1	0x3f44da4f
0x3e3e9100	0x3e99999a	0x3f000000	0x3faa3722	0xbdc9cbc7	0x3e3851ec	0x3f14152b	0x3f44ebe6
0x3e3eab36	0x3e99999a	0x3f000000	0x3faa3722	0xbdc9aadf	0x3e3851ec	0x3f142263	0x3f44fd7a
0x3e3ec56d	0x3e99999a	0x3f000000	0x3faa3722	0xbdc989fa	0x3e3851ec	0x3f142f9c	0x3f450f0f
0x3e3edfa4	0x3e99999a	0x3f000000	0x3faa3722	0xbdc96915	0x3e3851ec	0x3f143cd5	0x3f4520a4
0x3e3ef9db	0x3e99999a	0x3f000000	0x3faa3722	0xbdc94833	0x3e3851ec	0x3f144a0f	0x3f45323b
0x3e3f1412	0x3e99999a	0x3f000000	0x3faa3722	0xbdc92756	0x3e3851ec	0x3f145748	0x3f4543d1
0x3e3f2e49	0x3e99999a	0x3f000000	0x3faa3722	0xbdc9067c	0x3e3851ec	0x3f146480	0x3f455565
0x3e3f4880	0x3e99999a	0x3f000000	0x3faa3722	0xbdc8e5a2	0x3e3851ec	0x3f1471bb	0x3f4566fd
0x3e3f62b7	0x3e99999a	0x3f000000	0x3faa3722	0xbdc8c4ca	0x3e3851ec	0x3f147ef5	0x3f457893
0x3e3f7cee	0x3e99999a	0x3f000000	0x3faa3722	0xbdc8a3f8	0x3e3851ec	0x3f148c2e	0x3f458a29
0x3e3f9724	0x3e99999a	0x3f000000	0x3faa3722	0xbdc88328	0x3e3851ec	0x3f149967	0x3f459bbe
0x3e3fb15b	0x3e99999a	0x3f000000	0x3faa3722	0xbdc86259	0x3e3851ec	0x3f14a6a2	0x3f45ad56
0x3e3fcb92	0x3e99999a	0x3f000000	0x3faa3722	0xbdc8418f	0x3e3851ec	0x3f14b3db	0x3f45beec
0x3e3fe5c9	0x3e99999a	0x3f000000	0x3faa3722	0xbdc820c7	0x3e3851ec	0x3f14c115	0x3f45d082
0x3e400000	0x3e99999a	0x3f000000	0x3faa3722	0xbdc80000	0x3e3851ec	0x3f14ce4f	0x3f45e219
0x3e401a37	0x3e99999a	0x3f000000	0x3faa3722	0xbdc7df3b	0x3e3851ec	0x3f14db8a	0x3f45f3b1
0x3e40346e	0x3e99999a	0x3f000000	0x3faa3722	0xbdc7be7c	0x3e3851ec	0x3f14e8c4	0x3f460548
0x3e404ea5	0x3e99999a	0x3f000000	0x3faa3722	0xbdc79dbf	0x3e3851ec	0x3f14f5fe	0x3f4616df
0x3e4068dc	0x3e99999a	0x3f000000	0x3faa3722	0xbdc77d02	0x3e3851ec	0x3f150339	0x3f462877
0x3e408312	0x3e99999a	0x3f000000	0x3faa3722	0xbdc75c4b	0x3e3851ec	0x3f151073	0x3f463a0d
0x3e409d49	0x3e99999a	0x3f000000	0x3faa3722	0xbdc73b96	0x3e3851ec	0x3f151dad	0x3f464ba4
0x3e40b780	0x3e99999a	0x3f000000	0x3faa3722	0xbdc71ae2	0x3e3851ec	0x3f152ae8	0x3f465d3c
0x3e40d1b7	0x3e99999a	0x3f000000	0x3faa3722	0xbdc6fa30	0x3e3851ec	0x3f153824	0x3f466ed6
0x3e40ebee	0x3e99999a	0x3f000000	0x3faa3722	0xbdc6d983	0x3e3851ec	0x3f15455f	0x3f46806e
0x3e410625	0x3e99999a	0x3f000000	0x3faa3722	0xbdc6b8d9	0x3e3851ec	0x3f155299	0x3f469204
0x3e41205c	0x3e99999a	0x3f000000	0x3faa3722	0xbdc6982f	0x3e3851ec	0x3f155fd5	0x3f46a39e
0x3e413a93	0x3e99999a	0x3f000000	0x3faa3722	0xbdc67788	0x3e3851ec	0x3f156d10	0x3f46b536
0x3e4154ca	0x3e99999a	0x3f000000	0x3faa3722	0xbdc656e6	0x3e3851ec	0x3f157a4b	0x3f46c6ce
0x3e416f00	0x3e99999a	0x3f000000	0x3faa3722	0xbdc63647	0x3e3851ec	0x3f158786	0x3f46d866
0x3e418937	0x3e99999a	0x3f000000	0x3faa3722	0xbdc615a8	0x3e3851ec	0x3f1594c2	0x3f46e9ff
0x3e41a36e	0x3e99999a	0x3f000000	0x3faa3722	0xbdc5f50e	0x3e3851ec	0x3f15a1fd	0x3f46fb97
0x3e41bda5	0x3e99999a	0x3f000000	0x3faa3722	0xbdc5d477	0x3e3851ec	0x3f15af38	0x3f470d2f
0x3e41d7dc	0x3e99999a	0x3f000000	0x3faa3722	0xbdc5b3e0	0x3e3851ec	0x3f15bc75	0x3f471eca
0x3e41f213	0x3e99999a	0x3f000000	0x3faa3722	0xbdc5934c	0x3e3851ec	0x3f15c9b0	0x3f473062
0x3e420c4a	0x3e99999a	0x3f000000	0x3faa3722	0xbdc572bc	0x3e3851ec	0x3f15d6ec	0x3f4741fc
0x3e422681	0x3e99999a	0x3f000000	0x3faa3722	0xbdc55230	0x3e3851ec	0x3f15e427	0x3f475394
0x3e4240b8	0x3e99999a	0x3f000000	0x3faa3722	0xbdc531a4	0x3e3851ec	0x3f15f164	0x3f47652e
0x3e425aee	0x3e99999a	0x3f000000	0x3faa3722	0xbdc5111d	0x3e3851ec	0x3f15fea0	0x3f4776c8
0x3e427525	0x3e99999a	0x3f000000	0x3faa3722	0xbdc4f098	0x3e3851ec	0x3f160bdb	0x3f478860
0x3e428f5c	0x3e99999a	0x3f000000	0x3faa3722	0xbdc4d014	0x3e3851ec	0x3f161918	0x3f4799fb
0x3e42a993	0x3e99999a	0x3f000000	0x3faa3722	0xbdc4af92	0x3e3851ec	0x3f162655	0x3f47ab95
0x3e42c3ca	0x3e99999a	0x3f000000	0x3faa3722	0xbdc48f16	0x3e3851ec	0x3f163391	0x3f47bd2f
0x3e42de01	0x3e99999a	0x3f000000	0x3faa3722	0xbdc46e9c	0x3e3851ec	0x3f1640cd	0x3f47cec8
0x3e42f838	0x3e99999a	0x3f000000	0x3faa3722	0xbdc44e23	0x3e3851ec	0x3f164e0a	0x3f47e063
0x3e43126f	0x3e99999a	0x3f000000	0x3faa3722	0xbdc42dac	0x3e3851ec	0x3f165b47	0x3f47f1fd
0x3e432ca5	0x3e99999a	0x3f000000	0x3faa3722	0xbdc40d3d	0x3e3851ec	0x3f166882	0x3f480396
0x3e4346dc	0x3e99999a	0x3f000000	0x3faa3722	0xbdc3eccb	0x3e3851ec	0x3f1675c0	0x3f481532
0x3e436113	0x3e99999a	0x3f000000	0x3faa3722	0xbdc3cc5d	0x3e3851ec	0x3f1682fc	0x3f4826cb
0x3e437b4a	0x3e99999a	0x3f000000	0x3faa3722	0xbdc3abf3	0x3e3851ec	0x3f169039	0x3f483866
0x3e439581	0x3e99999a	0x3f000000	0x3faa3722	0xbdc38b8c	0x3e3851ec	0x3f169d76	0x3f484a00
0x3e43afb8	0x3e99999a	0x3f000000	0x3faa3722	0xbdc36b25	0x3e3851ec	0x3f16aab4	0x3f485b9c
0x3e43c9ef	0x3e99999a	0x3f000000	0x3faa3722	0xbdc34ac1	0x3e3851ec	0x3f16b7f1	0x3f486d37
0x3e43e426	0x3e99999a	0x3f000000	0x3faa3722	0xbdc32a63	0x3e3851ec	0x3f16c52d	0x3f487ed1
0x3e43fe5d	0x3e99999a	0x3f000000	0x3faa3722	0xbdc30a06	0x3e3851ec	0x3f16d26b	0x3f48906d
0x3e441893	0x3e99999a	0x3f000000	0x3faa3722	0xbdc2e9aa	0x3e3851ec	0x3f16dfa9	0x3f48a209
0x3e4432ca	0x3e99999a	0x3f000000	0x3faa3722	0xbdc2c954	0x3e3851ec	0x3f16ece5	0x3f48b3a2
0x3e444d01	0x3e99999a	0x3f000000	0x3faa3722	0xbdc2a900	0x3e3851ec	0x3f16fa21	0x3f48c53b
0x3e446738	0x3e99999a	0x3f000000	0x3faa3722	0xbdc288ac	0x3e3851ec	0x3f170760	0x3f48d6d9
0x3e44816f	0x3e99999a	0x3f000000	0x3faa3722	0xbdc2685a	0x3e3851ec	0x3f17149e	0x3f48e875
0x3e449ba6	0x3e99999a	0x3f000000	0x3faa3722	0xbdc2480e	0x3e3851ec	0x3f1721db	0x3f48fa10
0x3e44b5dd	0x3e99999a	0x3f000000	0x3faa3722	0xbdc227c5	0x3e3851ec	0x3f172f18	0x3f490baa
0x3e44d014	0x3e99999a	0x3f000000	0x3faa3722	0xbdc2077c	0x3e3851ec	0x3f173c56	0x3f491d46
0x3e44ea4b	0x3e99999a	0x3f000000	0x3faa3722	0xbdc1e735	0x3e3851ec	0x3f174995	0x3f492ee4
0x3e450481	0x3e99999a	0x3f000000	0x3faa3722	0xbdc1c6f7	0x3e3851ec	0x3f1756d1	0x3f49407d
0x3e451eb8	0x3e99999a	0x3f000000	0x3faa3722	0xbdc1a6b5	0x3e3851ec	0x3f17640f	0x3f495219
0x3e4538ef	0x3e99999a	0x3f000000	0x3faa3722	0xbdc18677	0x3e3851ec	0x3f17714e	0x3f4963b7
0x3e455326	0x3e99999a	0x3f000000	0x3faa3722	0xbdc1663e	0x3e3851ec	0x3f177e8b	0x3f497551
0x3e456d5d	0x3e99999a	0x3f000000	0x3faa3722	0xbdc14607	0x3e3851ec	0x3f178bc9	0x3f4986ed
0x3e458794	0x3e99999a	0x3f000000	0x3faa3722	0xbdc125d1	0x3e3851ec	0x3f179907	0x3f499889
0x3e45a1cb	0x3e99999a	0x3f000000	0x3faa3722	0xbdc1059d	0x3e3851ec	0x3f17a646	0x3f49aa27
0x3e45bc02	0x3e99999a	0x3f000000	0x3faa3722	0xbdc0e56f	0x3e3851ec	0x3f17b384	0x3f49bbc3
0x3e45d639	0x3e99999a	0x3f000000	0x3faa3722	0xbdc0c543	0x3e3851ec	0x3f17c0c1	0x3f49cd5d
0x3e45f06f	0x3e99999a	0x3f000000	0x3faa3722	0xbdc0a517	0x3e3851ec	0x3f17ce01	0x3f49defc
0x3e460aa6	0x3e99999a	0x3f000000	0x3faa3722	0xbdc084f1	0x3e3851ec	0x3f17db3e	0x3f49f097
0x3e4624dd	0x3e99999a	0x3f000000	0x3faa3722	0xbdc064cd	0x3e3851ec	0x3f17e87c	0x3f4a0233
0x3e463f14	0x3e99999a	0x3f000000	0x3faa3722	0xbdc044a9	0x3e3851ec	0x3f17f5bb	0x3f4a13d0
0x3e46594b	0x3e99999a	0x3f000000	0x3faa3722	0xbdc02488	0x3e3851ec	0x3f1802fb	0x3f4a256f
0x3e467382	0x3e99999a	0x3f000000	0x3faa3722	0xbdc0046d	0x3e3851ec	0x3f181038	0x3f4a370a
0x3e468db9	0x3e99999a	0x3f000000	0x3faa3722	0xbdbfe454	0x3e3851ec	0x3f181d76	0x3f4a48a6
0x3e46a7f0	0x3e99999a	0x3f000000	0x3faa3722	0xbdbfc43b	0x3e3851ec	0x3f182ab6	0x3f4a5a44
0x3e46c227	0x3e99999a	0x3f000000	0x3faa3722	0xbdbfa425	0x3e3851ec	0x3f1837f5	0x3f4a6be2
0x3e46dc5d	0x3e99999a	0x3f000000	0x3faa3722	0xbdbf8416	0x3e3851ec	0x3f184532	0x3f4a7d7d
0x3e46f694	0x3e99999a	0x3f000000	0x3faa3722	0xbdbf6405	0x3e3851ec	0x3f185271	0x3f4a8f1a
0x3e4710cb	0x3e99999a	0x3f000000	0x3faa3722	0xbdbf43f7	0x3e3851ec	0x3f185fb0	0x3f4aa0b7
0x3e472b02	0x3e99999a	0x3f000000	0x3faa3722	0xbdbf23ee	0x3e3851ec	0x3f186cef	0x3f4ab255
0x3e474539	0x3e99999a	0x3f000000	0x3faa3722	0xbdbf03e8	0x3e3851ec	0x3f187a2d	0x3f4ac3f1
0x3e475f70	0x3e99999a	0x3f000000	0x3faa3722	0xbdbee3e2	0x3e3851ec	0x3f18876d	0x3f4ad58f
0x3e4779a7	0x3e99999a	0x3f000000	0x3faa3722	0xbdbec3df	0x3e3851ec	0x3f1894ac	0x3f4ae72d
0x3e4793de	0x3e99999a	0x3f000000	0x3faa3722	0xbdbea3e0	0x3e3851ec	0x3f18a1eb	0x3f4af8ca
0x3e47ae14	0x3e99999a	0x3f000000	0x3faa3722	0xbdbe83e5	0x3e3851ec	0x3f18af29	0x3f4b0a66
0x3e47c84b	0x3e99999a	0x3f000000	0x3faa3722	0xbdbe63e9	0x3e3851ec	0x3f18bc69	0x3f4b1c05
0x3e47e282	0x3e99999a	0x3f000000	0x3faa3722	0xbdbe43f3	0x3e3851ec	0x3f18c9a8	0x3f4b2da2
0x3e47fcb9	0x3e99999a	0x3f000000	0x3faa3722	0xbdbe2400	0x3e3851ec	0x3f18d6e6	0x3f4b3f3e
0x3e4816f0	0x3e99999a	0x3f000000	0x3faa3722	0xbdbe040d	0x3e3851ec	0x3f18e426	0x3f4b50dd
0x3e483127	0x3e99999a	0x3f000000	0x3faa3722	0xbdbde41c	0x3e3851ec	0x3f18f166	0x3f4b627c
0x3e484b5e	0x3e99999a	0x3f000000	0x3faa3722	0xbdbdc431	0x3e3851ec	0x3f18fea4	0x3f4b7418
0x3e486595	0x3e99999a	0x3f000000	0x3faa3722	0xbdbda448	0x3e3851ec	0x3f190be3	0x3f4b85b5
0x3e487fcc	0x3e99999a	0x3f000000	0x3faa3722	0xbdbd845f	0x3e3851ec	0x3f191923	0x3f4b9754
0x3e489a02	0x3e99999a	0x3f000000	0x3faa3722	0xbdbd647c	0x3e3851ec	0x3f192662	0x3f4ba8f1
0x3e48b439	0x3e99999a	0x3f000000	0x3faa3722	0xbdbd449b	0x3e3851ec	0x3f1933a1	0x3f4bba8f
0x3e48ce70	0x3e99999a	0x3f000000	0x3faa3722	0xbdbd24bb	0x3e3851ec	0x3f1940e1	0x3f4bcc2d
0x3e48e8a7	0x3e99999a	0x3f000000	0x3faa3722	0xbdbd04dd	0x3e3851ec	0x3f194e21	0x3f4bddcc
0x3e4902de	0x3e99999a	0x3f000000	0x3faa3722	0xbdbce504	0x3e3851ec	0x3f195b60	0x3f4bef69
0x3e491d15	0x3e99999a	0x3f000000	0x3faa3722	0xbdbcc52e	0x3e3851ec	0x3f19689f	0x3f4c0107
0x3e49374c	0x3e99999a	0x3f000000	0x3faa3722	0xbdbca559	0x3e3851ec	0x3f1975df	0x3f4c12a6
0x3e495183	0x3e99999a	0x3f000000	0x3faa3722	0xbdbc8586	0x3e3851ec	0x3f19831f	0x3f4c2444
0x3e496bba	0x3e99999a	0x3f000000	0x3faa3722	0xbdbc65b8	0x3e3851ec	0x3f19905e	0x3f4c35e2
0x3e4985f0	0x3e99999a	0x3f000000	0x3faa3722	0xbdbc45ec	0x3e3851ec	0x3f199d9d	0x3f4c477f
0x3e49a027	0x3e99999a	0x3f000000	0x3faa3722	0xbdbc2622	0x3e3851ec	0x3f19aadd	0x3f4c591e
0x3e49ba5e	0x3e99999a	0x3f000000	0x3faa3722	0xbdbc065c	0x3e3851ec	0x3f19b81c	0x3f4c6abb
0x3e49d495	0x3e99999a	0x3f000000	0x3faa3722	0xbdbbe698	0x3e3851ec	0x3f19c55c	0x3f4c7c5a
0x3e49eecc	0x3e99999a	0x3f000000	0x3faa3722	0xbdbbc6d6	0x3e3851ec	0x3f19d29c	0x3f4c8df9
0x3e4a0903	0x3e99999a	0x3f000000	0x3faa3722	0xbdbba715	0x3e3851ec	0x3f19dfdc	0x3f4c9f97
0x3e4a233a	0x3e99999a	0x3f000000	0x3faa3722	0xbdbb875a	0x3e3851ec	0x3f19ed1c	0x3f4cb136
0x3e4a3d71	0x3e99999a	0x3f000000	0x3faa3722	0xbdbb67a2	0x3e3851ec	0x3f19fa5b	0x3f4cc2d3
0x3e4a57a8	0x3e99999a	0x3f000000	0x3faa3722	0xbdbb47ea	0x3e3851ec	0x3f1a079b	0x3f4cd472
0x3e4a71de	0x3e99999a	0x3f000000	0x3faa3722	0xbdbb2836	0x3e3851ec	0x3f1a14db	0x3f4ce611
0x3e4a8c15	0x3e99999a	0x3f000000	0x3faa3722	0xbdbb0886	0x3e3851ec	0x3f1a221a	0x3f4cf7ae
0x3e4aa64c	0x3e99999a	0x3f000000	0x3faa3722	0xbdbae8d6	0x3e3851ec	0x3f1a2f5a	0x3f4d094d
0x3e4ac083	0x3e99999a	0x3f000000	0x3faa3722	0xbdbac929	0x3e3851ec	0x3f1a3c9a	0x3f4d1aec
0x3e4adaba	0x3e99999a	0x3f000000	0x3faa3722	0xbdbaa980	0x3e3851ec	0x3f1a49da	0x3f4d2c8a
0x3e4af4f1	0x3e99999a	0x3f000000	0x3faa3722	0xbdba89db	0x3e3851ec	0x3f1a5719	0x3f4d3e28
0x3e4b0f28	0x3e99999a	0x3f000000	0x3faa3722	0xbdba6a35	0x3e3851ec	0x3f1a6459	0x3f4d4fc6
0x3e4b295f	0x3e99999a	0x3f000000	0x3faa3722	0xbdba4a92	0x3e3851ec	0x3f1a719a	0x3f4d6166
0x3e4b4396	0x3e99999a	0x3f000000	0x3faa3722	0xbdba2af5	0x3e3851ec	0x3f1a7ed9	0x3f4d7304
0x3e4b5dcc	0x3e99999a	0x3f000000	0x3faa3722	0xbdba0b5a	0x3e3851ec	0x3f1a8c19	0x3f4d84a2
0x3e4b7803	0x3e99999a	0x3f000000	0x3faa3722	0xbdb9ebbf	0x3e3851ec	0x3f1a9959	0x3f4d9641
0x3e4b923a	0x3e99999a	0x3f000000	0x3faa3722	0xbdb9cc2a	0x3e3851ec	0x3f1aa699	0x3f4da7e0
0x3e4bac71	0x3e99999a	0x3f000000	0x3faa3722	0xbdb9ac97	0x3e3851ec	0x3f1ab3d8	0x3f4db97d
0x3e4bc6a8	0x3e99999a	0x3f000000	0x3faa3722	0xbdb98d04	0x3e3851ec	0x3f1ac119	0x3f4dcb1d
0x3e4be0df	0x3e99999a	0x3f000000	0x3faa3722	0xbdb96d74	0x3e3851ec	0x3f1ace59	0x3f4ddcbc
0x3e4bfb16	0x3e99999a	0x3f000000	0x3faa3722	0xbdb94dea	0x3e3851ec	0x3f1adb98	0x3f4dee59
0x3e4c154d	0x3e99999a	0x3f000000	0x3faa3722	0xbdb92e61	0x3e3851ec	0x3f1ae8d9	0x3f4dfff9
0x3e4c2f83	0x3e99999a	0x3f000000	0x3faa3722	0xbdb90eda	0x3e3851ec	0x3f1af619	0x3f4e1198
0x3e4c49ba	0x3e99999a	0x3f000000	0x3faa3722	0xbdb8ef57	0x3e3851ec	0x3f1b0358	0x3f4e2335
0x3e4c63f1	0x3e99999a	0x3f000000	0x3faa3722	0xbdb8cfd7	0x3e3851ec	0x3f1b1098	0x3f4e34d4
0x3e4c7e28	0x3e99999a	0x3f000000	0x3faa3722	0xbdb8b057	0x3e3851ec	0x3f1b1dd9	0x3f4e4674
0x3e4c985f	0x3e99999a	0x3f000000	0x3faa3722	0xbdb890da	0x3e3851ec	0x3f1b2b19	0x3f4e5813
0x3e4cb296	0x3e99999a	0x3f000000	0x3faa3722	0xbdb87162	0x3e3851ec	0x3f1b3858	0x3f4e69b0
0x3e4ccccd	0x3e99999a	0x3f000000	0x3faa3722	0xbdb851ec	0x3e3851ec	0x3f1b4598	0x3f4e7b4f
0x3e4ce704	0x3e99999a	0x3f000000	0x3faa3722	0xbdb83277	0x3e3851ec	0x3f1b52d9	0x3f4e8cef
0x3e4d013b	0x3e99999a	0x3f000000	0x3faa3722	0xbdb81305	0x3e3851ec	0x3f1b6019	0x3f4e9e8e
0x3e4d1b71	0x3e99999a	0x3f000000	0x3faa3722	0xbdb7f39a	0x3e3851ec	0x3f1b6d57	0x3f4eb02a
0x3e4d35a8	0x3e99999a	0x3f000000	0x3faa3722	0xbdb7d42d	0x3e3851ec	0x3f1b7a98	0x3f4ec1ca
0x3e4d4fdf	0x3e99999a	0x3f000000	0x3faa3722	0xbdb7b4c3	0x3e3851ec	0x3f1b87d8	0x3f4ed369
0x3e4d6a16	0x3e99999a	0x3f000000	0x3faa3722	0xbdb7955e	0x3e3851ec	0x3f1b9518	0x3f4ee507
0x3e4d844d	0x3e99999a	0x3f000000	0x3faa3722	0xbdb775fb	0x3e3851ec	0x3f1ba257	0x3f4ef6a5
0x3e4d9e84	0x3e99999a	0x3f000000	0x3faa3722	0xbdb75699	0x3e3851ec	0x3f1baf98	0x3f4f0845
0x3e4db8bb	0x3e99999a	0x3f000000	0x3faa3722	0xbdb73739	0x3e3851ec	0x3f1bbcd8	0x3f4f19e3
0x3e4dd2f2	0x3e99999a	0x3f000000	0x3faa3722	0xbdb717df	0x3e3851ec	0x3f1bca18	0x3f4f2b82
0x3e4ded29	0x3e99999a	0x3f000000	0x3faa3722	0xbdb6f887	0x3e3851ec	0x3f1bd757	0x3f4f3d1f
0x3e4e075f	0x3e99999a	0x3f000000	0x3faa3722	0xbdb6d92f	0x3e3851ec	0x3f1be498	0x3f4f4ec0
0x3e4e2196	0x3e99999a	0x3f000000	0x3faa3722	0xbdb6b9dd	0x3e3851ec	0x3f1bf1d7	0x3f4f605d
0x3e4e3bcd	0x3e99999a	0x3f000000	0x3faa3722	0xbdb69a8d	0x3e3851ec	0x3f1bff17	0x3f4f71fc
0x3e4e5604	0x3e99999a	0x3f000000	0x3faa3722	0xbdb67b3e	0x3e3851ec	0x3f1c0c57	0x3f4f839a
0x3e4e703b	0x3e99999a	0x3f000000	0x3faa3722	0xbdb65bf1	0x3e3851ec	0x3f1c1998	0x3f4f953a
0x3e4e8a72	0x3e99999a	0x3f000000	0x3faa3722	0xbdb63ca9	0x3e3851ec	0x3f1c26d7	0x3f4fa6d8
0x3e4ea4a9	0x3e99999a	0x3f000000	0x3faa3722	0xbdb61d64	0x3e3851ec	0x3f1c3416	0x3f4fb875
0x3e4ebee0	0x3e99999a	0x3f000000	0x3faa3722	0xbdb5fe1f	0x3e3851ec	0x3f1c4157	0x3f4fca15
0x3e4ed917	0x3e99999a	0x3f000000	0x3faa3722	0xbdb5dedd	0x3e3851ec	0x3f1c4e97	0x3f4fdbb4
0x3e4ef34d	0x3e99999a	0x3f000000	0x3faa3722	0xbdb5bfa3	0x3e3851ec	0x3f1c5bd6	0x3f4fed51
0x3e4f0d84	0x3e99999a	0x3f000000	0x3faa3722	0xbdb5a066	0x3e3851ec	0x3f1c6916	0x3f4ffef0
0x3e4f27bb	0x3e99999a	0x3f000000	0x3faa3722	0xbdb5812c	0x3e3851ec	0x3f1c7656	0x3f50108f
0x3e4f41f2	0x3e99999a	0x3f000000	0x3faa3722	0xbdb561f7	0x3e3851ec	0x3f1c8396	0x3f50222d
0x3e4f5c29	0x3e99999a	0x3f000000	0x3faa3722	0xbdb542c5	0x3e3851ec	0x3f1c90d5	0x3f5033cb
0x3e4f7660	0x3e99999a	0x3f000000	0x3faa3722	0xbdb52393	0x3e3851ec	0x3f1c9e15	0x3f504569
0x3e4f9097	0x3e99999a	0x3f000000	0x3faa3722	0xbdb50464	0x3e3851ec	0x3f1cab55	0x3f505708
0x3e4faace	0x3e99999a	0x3f000000	0x3faa3722	0xbdb4e53a	0x3e3851ec	0x3f1cb895	0x3f5068a7
0x3e4fc505	0x3e99999a	0x3f000000	0x3faa3722	0xbdb4c612	0x3e3851ec	0x3f1cc5d4	0x3f507a44
0x3e4fdf3b	0x3e99999a	0x3f000000	0x3faa3722	0xbdb4a6eb	0x3e3851ec	0x3f1cd314	0x3f508be3
0x3e4ff972	0x3e99999a	0x3f000000	0x3faa3722	0xbdb487c9	0x3e3851ec	0x3f1ce053	0x3f509d80
0x3e5013a9	0x3e99999a	0x3f000000	0x3faa3722	0xbdb468a9	0x3e3851ec	0x3f1ced92	0x3f50af1e
0x3e502de0	0x3e99999a	0x3f000000	0x3faa3722	0xbdb4498a	0x3e3851ec	0x3f1cfad2	0x3f50c0bc
0x3e504817	0x3e99999a	0x3f000000	0x3faa3722	0xbdb42a6e	0x3e3851ec	0x3f1d0813	0x3f50d25c
0x3e50624e	0x3e99999a	0x3f000000	0x3faa3722	0xbdb40b56	0x3e3851ec	0x3f1d1552	0x3f50e3fa
0x3e507c85	0x3e99999a	0x3f000000	0x3faa3722	0xbdb3ec42	0x3e3851ec	0x3f1d2291	0x3f50f597
0x3e5096bc	0x3e99999a	0x3f000000	0x3faa3722	0xbdb3cd2d	0x3e3851ec	0x3f1d2fd1	0x3f510736
0x3e50b0f2	0x3e99999a	0x3f000000	0x3faa3722	0xbdb3ae1e	0x3e3851ec	0x3f1d3d10	0x3f5118d3
0x3e50cb29	0x3e99999a	0x3f000000	0x3faa3722	0xbdb38f11	0x3e3851ec	0x3f1d4a4f	0x3f512a71
0x3e50e560	0x3e99999a	0x3f000000	0x3faa3722	0xbdb37005	0x3e3851ec	0x3f1d578f	0x3f513c0f
0x3e50ff97	0x3e99999a	0x3f000000	0x3faa3722	0xbdb350fb	0x3e3851ec	0x3f1d64cf	0x3f514dae
0x3e5119ce	0x3e99999a	0x3f000000	0x3faa3722	0xbdb331f6	0x3e3851ec	0x3f1d720e	0x3f515f4b
0x3e513405	0x3e99999a	0x3f000000	0x3faa3722	0xbdb312f5	0x3e3851ec	0x3f1d7f4c	0x3f5170e7
0x3e514e3c	0x3e99999a	0x3f000000	0x3faa3722	0xbdb2f3f3	0x3e3851ec	0x3f1d8c8c	0x3f518286
0x3e516873	0x3e99999a	0x3f000000	0x3faa3722	0xbdb2d4f4	0x3e3851ec	0x3f1d99cc	0x3f519425
0x3e5182aa	0x3e99999a	0x3f000000	0x3faa3722	0xbdb2b5fa	0x3e3851ec	0x3f1da70b	0x3f51a5c2
0x3e519ce0	0x3e99999a	0x3f000000	0x3faa3722	0xbdb29703	0x3e3851ec	0x3f1db449	0x3f51b75e
0x3e51b717	0x3e99999a	0x3f000000	0x3faa3722	0xbdb2780c	0x3e3851ec	0x3f1dc189	0x3f51c8fd
0x3e51d14e	0x3e99999a	0x3f000000	0x3faa3722	0xbdb2591a	0x3e3851ec	0x3f1dcec8	0x3f51da9a
0x3e51eb85	0x3e99999a	0x3f000000	0x3faa3722	0xbdb23a2b	0x3e3851ec	0x3f1ddc06	0x3f51ec36
0x3e5205bc	0x3e99999a	0x3f000000	0x3faa3722	0xbdb21b3c	0x3e3851ec	0x3f1de946	0x3f51fdd5
0x3e521ff3	0x3e99999a	0x3f000000	0x3faa3722	0xbdb1fc50	0x3e3851ec	0x3f1df685	0x3f520f73
0x3e523a2a	0x3e99999a	0x3f000000	0x3faa3722	0xbdb1dd69	0x3e3851ec	0x3f1e03c4	0x3f522110
0x3e525461	0x3e99999a	0x3f000000	0x3faa3722	0xbdb1be85	0x3e3851ec	0x3f1e1102	0x3f5232ac
0x3e526e98	0x3e99999a	0x3f000000	0x3faa3722	0xbdb19fa1	0x3e3851ec	0x3f1e1e41	0x3f524449
0x3e5288ce	0x3e99999a	0x3f000000	0x3faa3722	0xbdb180c2	0x3e3851ec	0x3f1e2b80	0x3f5255e7
0x3e52a305	0x3e99999a	0x3f000000	0x3faa3722	0xbdb161e5	0x3e3851ec	0x3f1e38be	0x3f526783
0x3e52bd3c	0x3e99999a	0x3f000000	0x3faa3722	0xbdb14309	0x3e3851ec	0x3f1e45fe	0x3f527921
0x3e52d773	0x3e99999a	0x3f000000	0x3faa3722	0xbdb12430	0x3e3851ec	0x3f1e533d	0x3f528abf
0x3e52f1aa	0x3e99999a	0x3f000000	0x3faa3722	0xbdb1055c	0x3e3851ec	0x3f1e607b	0x3f529c5b
0x3e530be1	0x3e99999a	0x3f000000	0x3faa3722	0xbdb0e68a	0x3e3851ec	0x3f1e6db9	0x3f52adf7
0x3e532618	0x3e99999a	0x3f000000	0x3faa3722	0xbdb0c7b9	0x3e3851ec	0x3f1e7af8	0x3f52bf94
0x3e53404f	0x3e99999a	0x3f000000	0x3faa3722	0xbdb0a8ea	0x3e3851ec	0x3f1e8837	0x3f52d132
0x3e535a86	0x3e99999a	0x3f000000	0x3faa3722	0xbdb08a20	0x3e3851ec	0x3f1e9575	0x3f52e2ce
0x3e5374bc	0x3e99999a	0x3f000000	0x3faa3722	0xbdb06b5a	0x3e3851ec	0x3f1ea2b3	0x3f52f46a
0x3e538ef3	0x3e99999a	0x3f000000	0x3faa3722	0xbdb04c93	0x3e3851ec	0x3f1eaff2	0x3f530607
0x3e53a92a	0x3e99999a	0x3f000000	0x3faa3722	0xbdb02dd2	0x3e3851ec	0x3f1ebd30	0x3f5317a3
0x3e53c361	0x3e99999a	0x3f000000	0x3faa3722	0xbdb00f13	0x3e3851ec	0x3f1eca6e	0x3f53293f
0x3e53dd98	0x3e99999a	0x3f000000	0x3faa3722	0xbdaff054	0x3e3851ec	0x3f1ed7ad	0x3f533add
0x3e53f7cf	0x3e99999a	0x3f000000	0x3faa3722	0xbdafd198	0x3e3851ec	0x3f1ee4eb	0x3f534c79
0x3e541206	0x3e99999a	0x3f000000	0x3faa3722	0xbdafb2e2	0x3e3851ec	0x3f1ef229	0x3f535e15
0x3e542c3d	0x3e99999a	0x3f000000	0x3faa3722	0xbdaf942e	0x3e3851ec	0x3f1eff66	0x3f536faf
0x3e544674	0x3e99999a	0x3f000000	0x3faa3722	0xbdaf757a	0x3e3851ec	0x3f1f0ca5	0x3f53814d
0x3e5460aa	0x3e99999a	0x3f000000	0x3faa3722	0xbdaf56cb	0x3e3851ec	0x3f1f19e2	0x3f5392e8
0x3e547ae1	0x3e99999a	0x3f000000	0x3faa3722	0xbdaf381f	0x3e3851ec	0x3f1f2720	0x3f53a484
0x3e549518	0x3e99999a	0x3f000000	0x3faa3722	0xbdaf1973	0x3e3851ec	0x3f1f345e	0x3f53b620
0x3e54af4f	0x3e99999a	0x3f000000	0x3faa3722	0xbdaefaca	0x3e3851ec	0x3f1f419d	0x3f53c7bd
0x3e54c986	0x3e99999a	0x3f000000	0x3faa3722	0xbdaedc26	0x3e3851ec	0x3f1f4eda	0x3f53d958
0x3e54e3bd	0x3e99999a	0x3f000000	0x3faa3722	0xbdaebd85	0x3e3851ec	0x3f1f5c17	0x3f53eaf2
0x3e54fdf4	0x3e99999a	0x3f000000	0x3faa3722	0xbdae9ee4	0x3e3851ec	0x3f1f6955	0x3f53fc8e
0x3e55182b	0x3e99999a	0x3f000000	0x3faa3722	0xbdae8046	0x3e3851ec	0x3f1f7693	0x3f540e2b
0x3e553261	0x3e99999a	0x3f000000	0x3faa3722	0xbdae61af	0x3e3851ec	0x3f1f83cf	0x3f541fc4
0x3e554c98	0x3e99999a	0x3f000000	0x3faa3722	0xbdae4316	0x3e3851ec	0x3f1f910d	0x3f543160
0x3e5566cf	0x3e99999a	0x3f000000	0x3faa3722	0xbdae2480	0x3e3851ec	0x3f1f9e4b	0x3f5442fc
0x3e558106	0x3e99999a	0x3f000000	0x3faa3722	0xbdae05ef	0x3e3851ec	0x3f1fab87	0x3f545495
0x3e559b3d	0x3e99999a	0x3f000000	0x3faa3722	0xbdade760	0x3e3851ec	0x3f1fb8c4	0x3f546630
0x3e55b574	0x3e99999a	0x3f000000	0x3faa3722	0xbdadc8d2	0x3e3851ec	0x3f1fc602	0x3f5477cc
0x3e55cfab	0x3e99999a	0x3f000000	0x3faa3722	0xbdadaa46	0x3e3851ec	0x3f1fd340	0x3f548968
0x3e55e9e2	0x3e99999a	0x3f000000	0x3faa3722	0xbdad8bc0	0x3e3851ec	0x3f1fe07c	0x3f549b02
0x3e560419	0x3e99999a	0x3f000000	0x3faa3722	0xbdad6d3c	0x3e3851ec	0x3f1fedb9	0x3f54ac9c
0x3e561e4f	0x3e99999a	0x3f000000	0x3faa3722	0xbdad4eb9	0x3e3851ec	0x3f1ffaf6	0x3f54be37
0x3e563886	0x3e99999a	0x3f000000	0x3faa3722	0xbdad303a	0x3e3851ec	0x3f200832	0x3f54cfd0
0x3e5652bd	0x3e99999a	0x3f000000	0x3faa3722	0xbdad11bf	0x3e3851ec	0x3f20156e	0x3f54e16a
0x3e566cf4	0x3e99999a	0x3f000000	0x3faa3722	0xbdacf343	0x3e3851ec	0x3f2022ac	0x3f54f306
0x3e56872b	0x3e99999a	0x3f000000	0x3faa3722	0xbdacd4ca	0x3e3851ec	0x3f202fe9	0x3f5504a1
0x3e56a162	0x3e99999a	0x3f000000	0x3faa3722	0xbdacb657	0x3e3851ec	0x3f203d25	0x3f55163a
0x3e56bb99	0x3e99999a	0x3f000000	0x3faa3722	0xbdac97e6	0x3e3851ec	0x3f204a61	0x3f5527d3
0x3e56d5d0	0x3e99999a	0x3f000000	0x3faa3722	0xbdac7975	0x3e3851ec	0x3f20579e	0x3f55396e
0x3e56f007	0x3e99999a	0x3f000000	0x3faa3722	0xbdac5b07	0x3e3851ec	0x3f2064db	0x3f554b09
0x3e570a3d	0x3e99999a	0x3f000000	0x3faa3722	0xbdac3ca1	0x3e3851ec	0x3f207215	0x3f555ca0
0x3e572474	0x3e99999a	0x3f000000	0x3faa3722	0xbdac1e38	0x3e3851ec	0x3f207f52	0x3f556e3a
0x3e573eab	0x3e99999a	0x3f000000	0x3faa3722	0xbdabffd2	0x3e3851ec	0x3f208c8f	0x3f557fd5
0x3e5758e2	0x3e99999a	0x3f000000	0x3faa3722	0xbdabe171	0x3e3851ec	0x3f2099ca	0x3f55916d
0x3e577319	0x3e99999a	0x3f000000	0x3faa3722	0xbdabc313	0x3e3851ec	0x3f20a706	0x3f55a306
0x3e578d50	0x3e99999a	0x3f000000	0x3faa3722	0xbdaba4b5	0x3e3851ec	0x3f20b442	0x3f55b4a0
0x3e57a787	0x3e99999a	0x3f000000	0x3faa3722	0xbdab865a	0x3e3851ec	0x3f20c17e	0x3f55c639
0x3e57c1be	0x3e99999a	0x3f000000	0x3faa3722	0xbdab6804	0x3e3851ec	0x3f20ceb9	0x3f55d7d1
0x3e57dbf5	0x3e99999a	0x3f000000	0x3faa3722	0xbdab49b0	0x3e3851ec	0x3f20dbf5	0x3f55e96b
0x3e57f62b	0x3e99999a	0x3f000000	0x3faa3722	0xbdab2b5d	0x3e3851ec	0x3f20e931	0x3f55fb04
0x3e581062	0x3e99999a	0x3f000000	0x3faa3722	0xbdab0d0f	0x3e3851ec	0x3f20f66c	0x3f560c9c
0x3e582a99	0x3e99999a	0x3f000000	0x3faa3722	0xbdaaeec4	0x3e3851ec	0x3f2103a6	0x3f561e33
0x3e5844d0	0x3e99999a	0x3f000000	0x3faa3722	0xbdaad079	0x3e3851ec	0x3f2110e2	0x3f562fcc
0x3e585f07	0x3e99999a	0x3f000000	0x3faa3722	0xbdaab230	0x3e3851ec	0x3f211e1e	0x3f564166
0x3e58793e	0x3e99999a	0x3f000000	0x3faa3722	0xbdaa93ed	0x3e3851ec	0x3f212b59	0x3f5652fe
0x3e589375	0x3e99999a	0x3f000000	0x3faa3722	0xbdaa75ac	0x3e3851ec	0x3f213893	0x3f566494
0x3e58adac	0x3e99999a	0x3f000000	0x3faa3722	0xbdaa576c	0x3e3851ec	0x3f2145cf	0x3f56762e
0x3e58c7e3	0x3e99999a	0x3f000000	0x3faa3722	0xbdaa392e	0x3e3851ec	0x3f21530a	0x3f5687c6
0x3e58e219	0x3e99999a	0x3f000000	0x3faa3722	0xbdaa1af8	0x3e3851ec	0x3f216043	0x3f56995b
0x3e58fc50	0x3e99999a	0x3f000000	0x3faa3722	0xbda9fcc0	0x3e3851ec	0x3f216d7e	0x3f56aaf3
0x3e591687	0x3e99999a	0x3f000000	0x3faa3722	0xbda9de8a	0x3e3851ec	0x3f217ab9	0x3f56bc8b
0x3e5930be	0x3e99999a	0x3f000000	0x3faa3722	0xbda9c05a	0x3e3851ec	0x3f2187f3	0x3f56ce22
0x3e594af5	0x3e99999a	0x3f000000	0x3faa3722	0xbda9a22c	0x3e3851ec	0x3f21952d	0x3f56dfb9
0x3e59652c	0x3e99999a	0x3f000000	0x3faa3722	0xbda983fe	0x3e3851ec	0x3f21a268	0x3f56f151
0x3e597f63	0x3e99999a	0x3f000000	0x3faa3722	0xbda965d3	0x3e3851ec	0x3f21afa3	0x3f5702e9
0x3e59999a	0x3e99999a	0x3f000000	0x3faa3722	0xbda947ae	0x3e3851ec	0x3f21bcdc	0x3f57147e
0x3e59b3d0	0x3e99999a	0x3f000000	0x3faa3722	0xbda9298a	0x3e3851ec	0x3f21ca16	0x3f572615
0x3e59ce07	0x3e99999a	0x3f000000	0x3faa3722	0xbda90b68	0x3e3851ec	0x3f21d750	0x3f5737ac
0x3e59e83e	0x3e99999a	0x3f000000	0x3faa3722	0xbda8ed4a	0x3e3851ec	0x3f21e489	0x3f574941
0x3e5a0275	0x3e99999a	0x3f000000	0x3faa3722	0xbda8cf2f	0x3e3851ec	0x3f21f1c3	0x3f575ad8
0x3e5a1cac	0x3e99999a	0x3f000000	0x3faa3722	0xbda8b114	0x3e3851ec	0x3f21fefd	0x3f576c6f
0x3e5a36e3	0x3e99999a	0x3f000000	0x3faa3722	0xbda892fc	0x3e3851ec	0x3f220c37	0x3f577e05
0x3e5a511a	0x3e99999a	0x3f000000	0x3faa3722	0xbda874e9	0x3e3851ec	0x3f221970	0x3f578f9b
0x3e5a6b51	0x3e99999a	0x3f000000	0x3faa3722	0xbda856d9	0x3e3851ec	0x3f2226a8	0x3f57a12f
0x3e5a8588	0x3e99999a	0x3f000000	0x3faa3722	0xbda838c9	0x3e3851ec	0x3f2233e2	0x3f57b2c6
0x3e5a9fbe	0x3e99999a	0x3f000000	0x3faa3722	0xbda81abe	0x3e3851ec	0x3f22411b	0x3f57c45b
0x3e5ab9f5	0x3e99999a	0x3f000000	0x3faa3722	0xbda7fcb5	0x3e3851ec	0x3f224e53	0x3f57d5ef
0x3e5ad42c	0x3e99999a	0x3f000000	0x3faa3722	0xbda7dead	0x3e3851ec	0x3f225b8d	0x3f57e786
0x3e5aee63	0x3e99999a	0x3f000000	0x3faa3722	0xbda7c0a8	0x3e3851ec	0x3f2268c6	0x3f57f91b
0x3e5b089a	0x3e99999a	0x3f000000	0x3faa3722	0xbda7a2a8	0x3e3851ec	0x3f2275fe	0x3f580aaf
0x3e5b22d1	0x3e99999a	0x3f000000	0x3faa3722	0xbda784aa	0x3e3851ec	0x3f228336	0x3f581c43
0x3e5b3d08	0x3e99999a	0x3f000000	0x3faa3722	0xbda766ad	0x3e3851ec	0x3f22906f	0x3f582dd9
0x3e5b573f	0x3e99999a	0x3f000000	0x3faa3722	0xbda748b3	0x3e3851ec	0x3f229da8	0x3f583f6e
0x3e5b7176	0x3e99999a	0x3f000000	0x3faa3722	0xbda72abd	0x3e3851ec	0x3f22aae0	0x3f585102
0x3e5b8bac	0x3e99999a	0x3f000000	0x3faa3722	0xbda70cca	0x3e3851ec	0x3f22b818	0x3f586296
0x3e5ba5e3	0x3e99999a	0x3f000000	0x3faa3722	0xbda6eed8	0x3e3851ec	0x3f22c550	0x3f58742a
0x3e5bc01a	0x3e99999a	0x3f000000	0x3faa3722	0xbda6d0ea	0x3e3851ec	0x3f22d288	0x3f5885be
0x3e5bda51	0x3e99999a	0x3f000000	0x3faa3722	0xbda6b300	0x3e3851ec	0x3f22dfbe	0x3f589750
0x3e5bf488	0x3e99999a	0x3f000000	0x3faa3722	0xbda69515	0x3e3851ec	0x3f22ecf7	0x3f58a8e5
0x3e5c0ebf	0x3e99999a	0x3f000000	0x3faa3722	0xbda6772d	0x3e3851ec	0x3f22fa2f	0x3f58ba79
0x3e5c28f6	0x3e99999a	0x3f000000	0x3faa3722	0xbda6594b	0x3e3851ec	0x3f230766	0x3f58cc0c
0x3e5c432d	0x3e99999a	0x3f000000	0x3faa3722	0xbda63b6b	0x3e3851ec	0x3f23149d	0x3f58dd9f
0x3e5c5d64	0x3e99999a	0x3f000000	0x3faa3722	0xbda61d8b	0x3e3851ec	0x3f2321d5	0x3f58ef33
0x3e5c779a	0x3e99999a	0x3f000000	0x3faa3722	0xbda5ffb0	0x3e3851ec	0x3f232f0b	0x3f5900c4
0x3e5c91d1	0x3e99999a	0x3f000000	0x3faa3722	0xbda5e1d8	0x3e3851ec	0x3f233c42	0x3f591257
0x3e5cac08	0x3e99999a	0x3f000000	0x3faa3722	0xbda5c401	0x3e3851ec	0x3f234979	0x3f5923ea
0x3e5cc63f	0x3e99999a	0x3f000000	0x3faa3722	0xbda5a62c	0x3e3851ec	0x3f2356b0	0x3f59357c
0x3e5ce076	0x3e99999a	0x3f000000	0x3faa3722	0xbda5885c	0x3e3851ec	0x3f2363e7	0x3f59470f
0x3e5cfaad	0x3e99999a	0x3f000000	0x3faa3722	0xbda56a8f	0x3e3851ec	0x3f23711c	0x3f59589f
0x3e5d14e4	0x3e99999a	0x3f000000	0x3faa3722	0xbda54cc2	0x3e3851ec	0x3f237e53	0x3f596a32
0x3e5d2f1b	0x3e99999a	0x3f000000	0x3faa3722	0xbda52ef8	0x3e3851ec	0x3f238b8a	0x3f597bc5
0x3e5d4952	0x3e99999a	0x3f000000	0x3faa3722	0xbda51132	0x3e3851ec	0x3f2398c0	0x3f598d56
0x3e5d6388	0x3e99999a	0x3f000000	0x3faa3722	0xbda4f370	0x3e3851ec	0x3f23a5f5	0x3f599ee6
0x3e5d7dbf	0x3e99999a	0x3f000000	0x3faa3722	0xbda4d5ae	0x3e3851ec	0x3f23b32c	0x3f59b079
0x3e5d97f6	0x3e99999a	0x3f000000	0x3faa3722	0xbda4b7f0	0x3e3851ec	0x3f23c061	0x3f59c209
0x3e5db22d	0x3e99999a	0x3f000000	0x3faa3722	0xbda49a36	0x3e3851ec	0x3f23cd96	0x3f59d399
0x3e5dcc64	0x3e99999a	0x3f000000	0x3faa3722	0xbda47c7c	0x3e3851ec	0x3f23dacc	0x3f59e52a
0x3e5de69b	0x3e99999a	0x3f000000	0x3faa3722	0xbda45ec5	0x3e3851ec	0x3f23e802	0x3f59f6bc
0x3e5e00d2	0x3e99999a	0x3f000000	0x3faa3722	0xbda44112	0x3e3851ec	0x3f23f537	0x3f5a084c
0x3e5e1b09	0x3e99999a	0x3f000000	0x3faa3722	0xbda42362	0x3e3851ec	0x3f24026c	0x3f5a19dc
0x3e5e353f	0x3e99999a	0x3f000000	0x3faa3722	0xbda405b3	0x3e3851ec	0x3f240fa1	0x3f5a2b6c
0x3e5e4f76	0x3e99999a	0x3f000000	0x3faa3722	0xbda3e809	0x3e3851ec	0x3f241cd5	0x3f5a3cfb
0x3e5e69ad	0x3e99999a	0x3f000000	0x3faa3722	0xbda3ca61	0x3e3851ec	0x3f242a09	0x3f5a4e8a
0x3e5e83e4	0x3e99999a	0x3f000000	0x3faa3722	0xbda3acba	0x3e3851ec	0x3f24373e	0x3f5a601a
0x3e5e9e1b	0x3e99999a	0x3f000000	0x3faa3722	0xbda38f15	0x3e3851ec	0x3f244474	0x3f5a71ab
0x3e5eb852	0x3e99999a	0x3f000000	0x3faa3722	0xbda37175	0x3e3851ec	0x3f2451a8	0x3f5a833a
0x3e5ed289	0x3e99999a	0x3f000000	0x3faa3722	0xbda353d9	0x3e3851ec	0x3f245edb	0x3f5a94c7
0x3e5eecc0	0x3e99999a	0x3f000000	0x3faa3722	0xbda3363c	0x3e3851ec	0x3f246c10	0x3f5aa657
0x3e5f06f7	0x3e99999a	0x3f000000	0x3faa3722	0xbda318a2	0x3e3851ec	0x3f247944	0x3f5ab7e6
0x3e5f212d	0x3e99999a	0x3f000000	0x3faa3722	0xbda2fb0f	0x3e3851ec	0x3f248677	0x3f5ac974
0x3e5f3b64	0x3e99999a	0x3f000000	0x3faa3722	0xbda2dd7b	0x3e3851ec	0x3f2493ab	0x3f5adb02
0x3e5f559b	0x3e99999a	0x3f000000	0x3faa3722	0xbda2bfe9	0x3e3851ec	0x3f24a0df	0x3f5aec91
0x3e5f6fd2	0x3e99999a	0x3f000000	0x3faa3722	0xbda2a25c	0x3e3851ec	0x3f24ae12	0x3f5afe1e
0x3e5f8a09	0x3e99999a	0x3f000000	0x3faa3722	0xbda284d2	0x3e3851ec	0x3f24bb44	0x3f5b0fab
0x3e5fa440	0x3e99999a	0x3f000000	0x3faa3722	0xbda26748	0x3e3851ec	0x3f24c878	0x3f5b2139
0x3e5fbe77	0x3e99999a	0x3f000000	0x3faa3722	0xbda249c1	0x3e3851ec	0x3f24d5ab	0x3f5b32c7
0x3e5fd8ae	0x3e99999a	0x3f000000	0x3faa3722	0xbda22c3f	0x3e3851ec	0x3f24e2de	0x3f5b4454
0x3e5ff2e5	0x3e99999a	0x3f000000	0x3faa3722	0xbda20ec0	0x3e3851ec	0x3f24f010	0x3f5b55e0
0x3e600d1b	0x3e99999a	0x3f000000	0x3faa3722	0xbda1f141	0x3e3851ec	0x3f24fd43	0x3f5b676e
0x3e602752	0x3e99999a	0x3f000000	0x3faa3722	0xbda1d3c7	0x3e3851ec	0x3f250a74	0x3f5b78f8
0x3e604189	0x3e99999a	0x3f000000	0x3faa3722	0xbda1b64f	0x3e3851ec	0x3f2517a6	0x3f5b8a84
0x3e605bc0	0x3e99999a	0x3f000000	0x3faa3722	0xbda198d8	0x3e3851ec	0x3f2524d9	0x3f5b9c12
0x3e6075f7	0x3e99999a	0x3f000000	0x3faa3722	0xbda17b64	0x3e3851ec	0x3f25320b	0x3f5bad9e
0x3e60902e	0x3e99999a	0x3f000000	0x3faa3722	0xbda15df5	0x3e3851ec	0x3f253f3c	0x3f5bbf29
0x3e60aa65	0x3e99999a	0x3f000000	0x3faa3722	0xbda14088	0x3e3851ec	0x3f254c6e	0x3f5bd0b5
0x3e60c49c	0x3e99999a	0x3f000000	0x3faa3722	0xbda1231c	0x3e3851ec	0x3f25599f	0x3f5be240
0x3e60ded3	0x3e99999a	0x3f000000	0x3faa3722	0xbda105b2	0x3e3851ec	0x3f2566d2	0x3f5bf3cd
0x3e60f909	0x3e99999a	0x3f000000	0x3faa3722	0xbda0e850	0x3e3851ec	0x3f257401	0x3f5c0555
0x3e611340	0x3e99999a	0x3f000000	0x3faa3722	0xbda0caec	0x3e3851ec	0x3f258133	0x3f5c16e1
0x3e612d77	0x3e99999a	0x3f000000	0x3faa3722	0xbda0ad8b	0x3e3851ec	0x3f258e64	0x3f5c286c
0x3e6147ae	0x3e99999a	0x3f000000	0x3faa3722	0xbda0902e	0x3e3851ec	0x3f259b94	0x3f5c39f5
0x3e6161e5	0x3e99999a	0x3f000000	0x3faa3722	0xbda072d4	0x3e3851ec	0x3f25a8c4	0x3f5c4b7f
0x3e617c1c	0x3e99999a	0x3f000000	0x3faa3722	0xbda0557b	0x3e3851ec	0x3f25b5f5	0x3f5c5d0a
0x3e619653	0x3e99999a	0x3f000000	0x3faa3722	0xbda03824	0x3e3851ec	0x3f25c326	0x3f5c6e94
0x3e61b08a	0x3e99999a	0x3f000000	0x3faa3722	0xbda01ad2	0x3e3851ec	0x3f25d056	0x3f5c801e
0x3e61cac1	0x3e99999a	0x3f000000	0x3faa3722	0xbd9ffd83	0x3e3851ec	0x3f25dd85	0x3f5c91a6
0x3e61e4f7	0x3e99999a	0x3f000000	0x3faa3722	0xbd9fe034	0x3e3851ec	0x3f25eab5	0x3f5ca32f
0x3e61ff2e	0x3e99999a	0x3f000000	0x3faa3722	0xbd9fc2eb	0x3e3851ec	0x3f25f7e4	0x3f5cb4b7
0x3e621965	0x3e99999a	0x3f000000	0x3faa3722	0xbd9fa5a4	0x3e3851ec	0x3f260513	0x3f5cc640
0x3e62339c	0x3e99999a	0x3f000000	0x3faa3722	0xbd9f885d	0x3e3851ec	0x3f261243	0x3f5cd7c9
0x3e624dd3	0x3e99999a	0x3f000000	0x3faa3722	0xbd9f6b19	0x3e3851ec	0x3f261f73	0x3f5ce952
0x3e62680a	0x3e99999a	0x3f000000	0x3faa3722	0xbd9f4dda	0x3e3851ec	0x3f262ca1	0x3f5cfad9
0x3e628241	0x3e99999a	0x3f000000	0x3faa3722	0xbd9f309e	0x3e3851ec	0x3f2639cf	0x3f5d0c60
0x3e629c78	0x3e99999a	0x3f000000	0x3faa3722	0xbd9f1362	0x3e3851ec	0x3f2646fe	0x3f5d1de8
0x3e62b6ae	0x3e99999a	0x3f000000	0x3faa3722	0xbd9ef62b	0x3e3851ec	0x3f26542c	0x3f5d2f6f
0x3e62d0e5	0x3e99999a	0x3f000000	0x3faa3722	0xbd9ed8f7	0x3e3851ec	0x3f26615a	0x3f5d40f6
0x3e62eb1c	0x3e99999a	0x3f000000	0x3faa3722	0xbd9ebbc3	0x3e3851ec	0x3f266e89	0x3f5d527e
0x3e630553	0x3e99999a	0x3f000000	0x3faa3722	0xbd9e9e92	0x3e3851ec	0x3f267bb7	0x3f5d6404
0x3e631f8a	0x3e99999a	0x3f000000	0x3faa3722	0xbd9e8165	0x3e3851ec	0x3f2688e5	0x3f5d758b
0x3e6339c1	0x3e99999a	0x3f000000	0x3faa3722	0xbd9e643c	0x3e3851ec	0x3f269612	0x3f5d8711
0x3e6353f8	0x3e99999a	0x3f000000	0x3faa3722	0xbd9e4713	0x3e3851ec	0x3f26a340	0x3f5d9897
0x3e636e2f	0x3e99999a	0x3f000000	0x3faa3722	0xbd9e29ec	0x3e3851ec	0x3f26b06e	0x3f5daa1e
0x3e638866	0x3e99999a	0x3f000000	0x3faa3722	0xbd9e0ccb	0x3e3851ec	0x3f26bd9a	0x3f5dbba2
0x3e63a29c	0x3e99999a	0x3f000000	0x3faa3722	0xbd9defac	0x3e3851ec	0x3f26cac6	0x3f5dcd26
0x3e63bcd3	0x3e99999a	0x3f000000	0x3faa3722	0xbd9dd28e	0x3e3851ec	0x3f26d7f4	0x3f5ddead
0x3e63d70a	0x3e99999a	0x3f000000	0x3faa3722	0xbd9db574	0x3e3851ec	0x3f26e520	0x3f5df031
0x3e63f141	0x3e99999a	0x3f000000	0x3faa3722	0xbd9d985d	0x3e3851ec	0x3f26f24c	0x3f5e01b5
0x3e640b78	0x3e99999a	0x3f000000	0x3faa3722	0xbd9d7b47	0x3e3851ec	0x3f26ff79	0x3f5e133b
0x3e6425af	0x3e99999a	0x3f000000	0x3faa3722	0xbd9d5e34	0x3e3851ec	0x3f270ca5	0x3f5e24bf
0x3e643fe6	0x3e99999a	0x3f000000	0x3faa3722	0xbd9d4125	0x3e3851ec	0x3f2719d0	0x3f5e3642
0x3e645a1d	0x3e99999a	0x3f000000	0x3faa3722	0xbd9d2419	0x3e3851ec	0x3f2726fb	0x3f5e47c5
0x3e647454	0x3e99999a	0x3f000000	0x3faa3722	0xbd9d070d	0x3e3851ec	0x3f273428	0x3f5e594a
0x3e648e8a	0x3e99999a	0x3f000000	0x3faa3722	0xbd9cea07	0x3e3851ec	0x3f274152	0x3f5e6acb
0x3e64a8c1	0x3e99999a	0x3f000000	0x3faa3722	0xbd9ccd03	0x3e3851ec	0x3f274e7d	0x3f5e7c4e
0x3e64c2f8	0x3e99999a	0x3f000000	0x3faa3722	0xbd9cafff	0x3e3851ec	0x3f275ba9	0x3f5e8dd2
0x3e64dd2f	0x3e99999a	0x3f000000	0x3faa3722	0xbd9c92fe	0x3e3851ec	0x3f2768d4	0x3f5e9f55
0x3e64f766	0x3e99999a	0x3f000000	0x3faa3722	0xbd9c7602	0x3e3851ec	0x3f2775fe	0x3f5eb0d7
0x3e65119d	0x3e99999a	0x3f000000	0x3faa3722	0xbd9c5909	0x3e3851ec	0x3f278328	0x3f5ec258
0x3e652bd4	0x3e99999a	0x3f000000	0x3faa3722	0xbd9c3c10	0x3e3851ec	0x3f279053	0x3f5ed3db
0x3e65460b	0x3e99999a	0x3f000000	0x3faa3722	0xbd9c1f1a	0x3e3851ec	0x3f279d7d	0x3f5ee55c
0x3e656042	0x3e99999a	0x3f000000	0x3faa3722	0xbd9c0229	0x3e3851ec	0x3f27aaa7	0x3f5ef6de
0x3e657a78	0x3e99999a	0x3f000000	0x3faa3722	0xbd9be53b	0x3e3851ec	0x3f27b7cf	0x3f5f085c
0x3e6594af	0x3e99999a	0x3f000000	0x3faa3722	0xbd9bc84d	0x3e3851ec	0x3f27c4f9	0x3f5f19de
0x3e65aee6	0x3e99999a	0x3f000000	0x3faa3722	0xbd9bab63	0x3e3851ec	0x3f27d223	0x3f5f2b5f
0x3e65c91d	0x3e99999a	0x3f000000	0x3faa3722	0xbd9b8e7d	0x3e3851ec	0x3f27df4b	0x3f5f3cde
0x3e65e354	0x3e99999a	0x3f000000	0x3faa3722	0xbd9b7197	0x3e3851ec	0x3f27ec75	0x3f5f4e60
0x3e65fd8b	0x3e99999a	0x3f000000	0x3faa3722	0xbd9b54b4	0x3e3851ec	0x3f27f99d	0x3f5f5fde
0x3e6617c2	0x3e99999a	0x3f000000	0x3faa3722	0xbd9b37d5	0x3e3851ec	0x3f2806c6	0x3f5f715f
0x3e6631f9	0x3e99999a	0x3f000000	0x3faa3722	0xbd9b1afa	0x3e3851ec	0x3f2813ed	0x3f5f82dc
0x3e664c30	0x3e99999a	0x3f000000	0x3faa3722	0xbd9afe1e	0x3e3851ec	0x3f282117	0x3f5f945d
0x3e666666	0x3e99999a	0x3f000000	0x3faa3722	0xbd9ae148	0x3e3851ec	0x3f282e3e	0x3f5fa5db
0x3e66809d	0x3e99999a	0x3f000000	0x3faa3722	0xbd9ac474	0x3e3851ec	0x3f283b65	0x3f5fb758
0x3e669ad4	0x3e99999a	0x3f000000	0x3faa3722	0xbd9aa7a1	0x3e3851ec	0x3f28488d	0x3f5fc8d7
0x3e66b50b	0x3e99999a	0x3f000000	0x3faa3722	0xbd9a8ad1	0x3e3851ec	0x3f2855b5	0x3f5fda56
0x3e66cf42	0x3e99999a	0x3f000000	0x3faa3722	0xbd9a6e05	0x3e3851ec	0x3f2862db	0x3f5febd2
0x3e66e979	0x3e99999a	0x3f000000	0x3faa3722	0xbd9a513c	0x3e3851ec	0x3f287002	0x3f5ffd50
0x3e6703b0	0x3e99999a	0x3f000000	0x3faa3722	0xbd9a3474	0x3e3851ec	0x3f287d29	0x3f600ecd
0x3e671de7	0x3e99999a	0x3f000000	0x3faa3722	0xbd9a17ae	0x3e3851ec	0x3f288a50	0x3f60204a
0x3e67381d	0x3e99999a	0x3f000000	0x3faa3722	0xbd99faef	0x3e3851ec	0x3f289775	0x3f6031c5
0x3e675254	0x3e99999a	0x3f000000	0x3faa3722	0xbd99de2f	0x3e3851ec	0x3f28a49c	0x3f604343
0x3e676c8b	0x3e99999a	0x3f000000	0x3faa3722	0xbd99c171	0x3e3851ec	0x3f28b1c2	0x3f6054bf
0x3e6786c2	0x3e99999a	0x3f000000	0x3faa3722	0xbd99a4b9	0x3e3851ec	0x3f28bee7	0x3f60663a
0x3e67a0f9	0x3e99999a	0x3f000000	0x3faa3722	0xbd998802	0x3e3851ec	0x3f28cc0d	0x3f6077b6
0x3e67bb30	0x3e99999a	0x3f000000	0x3faa3722	0xbd996b4d	0x3e3851ec	0x3f28d932	0x3f608931
0x3e67d567	0x3e99999a	0x3f000000	0x3faa3722	0xbd994e9a	0x3e3851ec	0x3f28e658	0x3f609aad
0x3e67ef9e	0x3e99999a	0x3f000000	0x3faa3722	0xbd9931ec	0x3e3851ec	0x3f28f37d	0x3f60ac28
0x3e6809d5	0x3e99999a	0x3f000000	0x3faa3722	0xbd991540	0x3e3851ec	0x3f2900a1	0x3f60bda1
0x3e68240b	0x3e99999a	0x3f000000	0x3faa3722	0xbd98f895	0x3e3851ec	0x3f290dc6	0x3f60cf1c
0x3e683e42	0x3e99999a	0x3f000000	0x3faa3722	0xbd98dbef	0x3e3851ec	0x3f291aea	0x3f60e095
0x3e685879	0x3e99999a	0x3f000000	0x3faa3722	0xbd98bf4c	0x3e3851ec	0x3f29280d	0x3f60f20d
0x3e6872b0	0x3e99999a	0x3f000000	0x3faa3722	0xbd98a2a9	0x3e3851ec	0x3f293532	0x3f610388
0x3e688ce7	0x3e99999a	0x3f000000	0x3faa3722	0xbd988609	0x3e3851ec	0x3f294256	0x3f611502
0x3e68a71e	0x3e99999a	0x3f000000	0x3faa3722	0xbd98696e	0x3e3851ec	0x3f294f79	0x3f61267a
0x3e68c155	0x3e99999a	0x3f000000	0x3faa3722	0xbd984cd5	0x3e3851ec	0x3f295c9c	0x3f6137f2
0x3e68db8c	0x3e99999a	0x3f000000	0x3faa3722	0xbd98303d	0x3e3851ec	0x3f2969bf	0x3f61496a
0x3e68f5c3	0x3e99999a	0x3f000000	0x3faa3722	0xbd9813a8	0x3e3851ec	0x3f2976e2	0x3f615ae2
0x3e690ff9	0x3e99999a	0x3f000000	0x3faa3722	0xbd97f719	0x3e3851ec	0x3f298403	0x3f616c58
0x3e692a30	0x3e99999a	0x3f000000	0x3faa3722	0xbd97da89	0x3e3851ec	0x3f299126	0x3f617dd0
0x3e694467	0x3e99999a	0x3f000000	0x3faa3722	0xbd97bdfc	0x3e3851ec	0x3f299e49	0x3f618f48
0x3e695e9e	0x3e99999a	0x3f000000	0x3faa3722	0xbd97a173	0x3e3851ec	0x3f29ab6b	0x3f61a0bf
0x3e6978d5	0x3e99999a	0x3f000000	0x3faa3722	0xbd9784ed	0x3e3851ec	0x3f29b88c	0x3f61b234
0x3e69930c	0x3e99999a	0x3f000000	0x3faa3722	0xbd976868	0x3e3851ec	0x3f29c5ae	0x3f61c3ab
0x3e69ad43	0x3e99999a	0x3f000000	0x3faa3722	0xbd974be6	0x3e3851ec	0x3f29d2cf	0x3f61d521
0x3e69c77a	0x3e99999a	0x3f000000	0x3faa3722	0xbd972f68	0x3e3851ec	0x3f29dff0	0x3f61e696
0x3e69e1b1	0x3e99999a	0x3f000000	0x3faa3722	0xbd9712ed	0x3e3851ec	0x3f29ed10	0x3f61f80a
0x3e69fbe7	0x3e99999a	0x3f000000	0x3faa3722	0xbd96f672	0x3e3851ec	0x3f29fa31	0x3f620980
0x3e6a161e	0x3e99999a	0x3f000000	0x3faa3722	0xbd96d9fc	0x3e3851ec	0x3f2a0752	0x3f621af5
0x3e6a3055	0x3e99999a	0x3f000000	0x3faa3722	0xbd96bd89	0x3e3851ec	0x3f2a1471	0x3f622c68
0x3e6a4a8c	0x3e99999a	0x3f000000	0x3faa3722	0xbd96a117	0x3e3851ec	0x3f2a2191	0x3f623ddc
0x3e6a64c3	0x3e99999a	0x3f000000	0x3faa3722	0xbd9684a7	0x3e3851ec	0x3f2a2eb2	0x3f624f52
0x3e6a7efa	0x3e99999a	0x3f000000	0x3faa3722	0xbd96683c	0x3e3851ec	0x3f2a3bd1	0x3f6260c4
0x3e6a9931	0x3e99999a	0x3f000000	0x3faa3722	0xbd964bd4	0x3e3851ec	0x3f2a48ef	0x3f627236
0x3e6ab368	0x3e99999a	0x3f000000	0x3faa3722	0xbd962f6c	0x3e3851ec	0x3f2a560f	0x3f6283aa
0x3e6acd9f	0x3e99999a	0x3f000000	0x3faa3722	0xbd961307	0x3e3851ec	0x3f2a632e	0x3f62951d
0x3e6ae7d5	0x3e99999a	0x3f000000	0x3faa3722	0xbd95f6a9	0x3e3851ec	0x3f2a704b	0x3f62a68d
0x3e6b020c	0x3e99999a	0x3f000000	0x3faa3722	0xbd95da49	0x3e3851ec	0x3f2a7d6a	0x3f62b800
0x3e6b1c43	0x3e99999a	0x3f000000	0x3faa3722	0xbd95bdec	0x3e3851ec	0x3f2a8a89	0x3f62c973
0x3e6b367a	0x3e99999a	0x3f000000	0x3faa3722	0xbd95a194	0x3e3851ec	0x3f2a97a6	0x3f62dae3
0x3e6b50b1	0x3e99999a	0x3f000000	0x3faa3722	0xbd95853e	0x3e3851ec	0x3f2aa4c3	0x3f62ec53
0x3e6b6ae8	0x3e99999a	0x3f000000	0x3faa3722	0xbd9568e9	0x3e3851ec	0x3f2ab1e1	0x3f62fdc5
0x3e6b851f	0x3e99999a	0x3f000000	0x3faa3722	0xbd954c97	0x3e3851ec	0x3f2abeff	0x3f630f36
0x3e6b9f56	0x3e99999a	0x3f000000	0x3faa3722	0xbd95304a	0x3e3851ec	0x3f2acc1b	0x3f6320a5
0x3e6bb98c	0x3e99999a	0x3f000000	0x3faa3722	0xbd9513ff	0x3e3851ec	0x3f2ad938	0x3f633215
0x3e6bd3c3	0x3e99999a	0x3f000000	0x3faa3722	0xbd94f7b5	0x3e3851ec	0x3f2ae654	0x3f634384
0x3e6bedfa	0x3e99999a	0x3f000000	0x3faa3722	0xbd94db6f	0x3e3851ec	0x3f2af370	0x3f6354f3
0x3e6c0831	0x3e99999a	0x3f000000	0x3faa3722	0xbd94bf2c	0x3e3851ec	0x3f2b008c	0x3f636662
0x3e6c2268	0x3e99999a	0x3f000000	0x3faa3722	0xbd94a2ea	0x3e3851ec	0x3f2b0da8	0x3f6377d0
0x3e6c3c9f	0x3e99999a	0x3f000000	0x3faa3722	0xbd9486ab	0x3e3851ec	0x3f2b1ac4	0x3f63893f
0x3e6c56d6	0x3e99999a	0x3f000000	0x3faa3722	0xbd946a70	0x3e3851ec	0x3f2b27df	0x3f639aad
0x3e6c710d	0x3e99999a	0x3f000000	0x3faa3722	0xbd944e38	0x3e3851ec	0x3f2b34fa	0x3f63ac1a
0x3e6c8b44	0x3e99999a	0x3f000000	0x3faa3722	0xbd943201	0x3e3851ec	0x3f2b4214	0x3f63bd86
0x3e6ca57a	0x3e99999a	0x3f000000	0x3faa3722	0xbd9415ce	0x3e3851ec	0x3f2b4f2f	0x3f63cef4
0x3e6cbfb1	0x3e99999a	0x3f000000	0x3faa3722	0xbd93f99e	0x3e3851ec	0x3f2b5c48	0x3f63e05f
0x3e6cd9e8	0x3e99999a	0x3f000000	0x3faa3722	0xbd93dd6f	0x3e3851ec	0x3f2b6963	0x3f63f1cc
0x3e6cf41f	0x3e99999a	0x3f000000	0x3faa3722	0xbd93c142	0x3e3851ec	0x3f2b767d	0x3f640338
0x3e6d0e56	0x3e99999a	0x3f000000	0x3faa3722	0xbd93a51a	0x3e3851ec	0x3f2b8396	0x3f6414a3
0x3e6d288d	0x3e99999a	0x3f000000	0x3faa3722	0xbd9388f5	0x3e3851ec	0x3f2b90af	0x3f64260e
0x3e6d42c4	0x3e99999a	0x3f000000	0x3faa3722	0xbd936cd0	0x3e3851ec	0x3f2b9dc9	0x3f64377a
0x3e6d5cfb	0x3e99999a	0x3f000000	0x3faa3722	0xbd9350ae	0x3e3851ec	0x3f2baae2	0x3f6448e5
0x3e6d7732	0x3e99999a	0x3f000000	0x3faa3722	0xbd933491	0x3e3851ec	0x3f2bb7fa	0x3f645a4f
0x3e6d9168	0x3e99999a	0x3f000000	0x3faa3722	0xbd931877	0x3e3851ec	0x3f2bc512	0x3f646bb8
0x3e6dab9f	0x3e99999a	0x3f000000	0x3faa3722	0xbd92fc5d	0x3e3851ec	0x3f2bd22a	0x3f647d22
0x3e6dc5d6	0x3e99999a	0x3f000000	0x3faa3722	0xbd92e048	0x3e3851ec	0x3f2bdf42	0x3f648e8b
0x3e6de00d	0x3e99999a	0x3f000000	0x3faa3722	0xbd92c435	0x3e3851ec	0x3f2bec59	0x3f649ff3
0x3e6dfa44	0x3e99999a	0x3f000000	0x3faa3722	0xbd92a823	0x3e3851ec	0x3f2bf971	0x3f64b15d
0x3e6e147b	0x3e99999a	0x3f000000	0x3faa3722	0xbd928c14	0x3e3851ec	0x3f2c0688	0x3f64c2c5
0x3e6e2eb2	0x3e99999a	0x3f000000	0x3faa3722	0xbd92700a	0x3e3851ec	0x3f2c139e	0x3f64d42c
0x3e6e48e9	0x3e99999a	0x3f000000	0x3faa3722	0xbd925402	0x3e3851ec	0x3f2c20b4	0x3f64e593
0x3e6e6320	0x3e99999a	0x3f000000	0x3faa3722	0xbd9237fb	0x3e3851ec	0x3f2c2dcb	0x3f64f6fb
0x3e6e7d56	0x3e99999a	0x3f000000	0x3faa3722	0xbd921bf9	0x3e3851ec	0x3f2c3ae0	0x3f650861
0x3e6e978d	0x3e99999a	0x3f000000	0x3faa3722	0xbd91fff9	0x3e3851ec	0x3f2c47f6	0x3f6519c7
0x3e6eb1c4	0x3e99999a	0x3f000000	0x3faa3722	0xbd91e3fa	0x3e3851ec	0x3f2c550c	0x3f652b2e
0x3e6ecbfb	0x3e99999a	0x3f000000	0x3faa3722	0xbd91c7fe	0x3e3851ec	0x3f2c6221	0x3f653c94
0x3e6ee632	0x3e99999a	0x3f000000	0x3faa3722	0xbd91ac06	0x3e3851ec	0x3f2c6f36	0x3f654df9
0x3e6f0069	0x3e99999a	0x3f000000	0x3faa3722	0xbd919011	0x3e3851ec	0x3f2c7c4a	0x3f655f5e
0x3e6f1aa0	0x3e99999a	0x3f000000	0x3faa3722	0xbd91741d	0x3e3851ec	0x3f2c895f	0x3f6570c3
0x3e6f34d7	0x3e99999a	0x3f000000	0x3faa3722	0xbd91582b	0x3e3851ec	0x3f2c9674	0x3f658229
0x3e6f4f0e	0x3e99999a	0x3f000000	0x3faa3722	0xbd913c3e	0x3e3851ec	0x3f2ca387	0x3f65938b
0x3e6f6944	0x3e99999a	0x3f000000	0x3faa3722	0xbd912054	0x3e3851ec	0x3f2cb09a	0x3f65a4ee
0x3e6f837b	0x3e99999a	0x3f000000	0x3faa3722	0xbd91046b	0x3e3851ec	0x3f2cbdae	0x3f65b652
0x3e6f9db2	0x3e99999a	0x3f000000	0x3faa3722	0xbd90e886	0x3e3851ec	0x3f2ccac1	0x3f65c7b5
0x3e6fb7e9	0x3e99999a	0x3f000000	0x3faa3722	0xbd90cca4	0x3e3851ec	0x3f2cd7d3	0x3f65d917
0x3e6fd220	0x3e99999a	0x3f000000	0x3faa3722	0xbd90b0c2	0x3e3851ec	0x3f2ce4e6	0x3f65ea7a
0x3e6fec57	0x3e99999a	0x3f000000	0x3faa3722	0xbd9094e3	0x3e3851ec	0x3f2cf1f9	0x3f65fbdd
0x3e70068e	0x3e99999a	0x3f000000	0x3faa3722	0xbd907909	0x3e3851ec	0x3f2cff0b	0x3f660d3e
0x3e7020c5	0x3e99999a	0x3f000000	0x3faa3722	0xbd905d32	0x3e3851ec	0x3f2d0c1b	0x3f661e9d
0x3e703afb	0x3e99999a	0x3f000000	0x3faa3722	0xbd90415b	0x3e3851ec	0x3f2d192e	0x3f663000
0x3e705532	0x3e99999a	0x3f000000	0x3faa3722	0xbd902589	0x3e3851ec	0x3f2d263e	0x3f66415f
0x3e706f69	0x3e99999a	0x3f000000	0x3faa3722	0xbd9009ba	0x3e3851ec	0x3f2d334e	0x3f6652be
0x3e7089a0	0x3e99999a	0x3f000000	0x3faa3722	0xbd8fedeb	0x3e3851ec	0x3f2d4060	0x3f66641f
0x3e70a3d7	0x3e99999a	0x3f000000	0x3faa3722	0xbd8fd21f	0x3e3851ec	0x3f2d4d71	0x3f66757f
0x3e70be0e	0x3e99999a	0x3f000000	0x3faa3722	0xbd8fb658	0x3e3851ec	0x3f2d5a80	0x3f6686dd
0x3e70d845	0x3e99999a	0x3f000000	0x3faa3722	0xbd8f9a93	0x3e3851ec	0x3f2d6790	0x3f66983c
0x3e70f27c	0x3e99999a	0x3f000000	0x3faa3722	0xbd8f7ecf	0x3e3851ec	0x3f2d74a0	0x3f66a99b
0x3e710cb3	0x3e99999a	0x3f000000	0x3faa3722	0xbd8f630e	0x3e3851ec	0x3f2d81af	0x3f66baf8
0x3e7126e9	0x3e99999a	0x3f000000	0x3faa3722	0xbd8f4753	0x3e3851ec	0x3f2d8ebd	0x3f66cc54
0x3e714120	0x3e99999a	0x3f000000	0x3faa3722	0xbd8f2b97	0x3e3851ec	0x3f2d9bcc	0x3f66ddb2
0x3e715b57	0x3e99999a	0x3f000000	0x3faa3722	0xbd8f0fde	0x3e3851ec	0x3f2da8db	0x3f66ef10
0x3e71758e	0x3e99999a	0x3f000000	0x3faa3722	0xbd8ef42a	0x3e3851ec	0x3f2db5e8	0x3f67006a
0x3e718fc5	0x3e99999a	0x3f000000	0x3faa3722	0xbd8ed878	0x3e3851ec	0x3f2dc2f6	0x3f6711c7
0x3e71a9fc	0x3e99999a	0x3f000000	0x3faa3722	0xbd8ebcc7	0x3e3851ec	0x3f2dd004	0x3f672323
0x3e71c433	0x3e99999a	0x3f000000	0x3faa3722	0xbd8ea118	0x3e3851ec	0x3f2ddd12	0x3f67347f
0x3e71de6a	0x3e99999a	0x3f000000	0x3faa3722	0xbd8e856e	0x3e3851ec	0x3f2dea1e	0x3f6745d9
0x3e71f8a1	0x3e99999a	0x3f000000	0x3faa3722	0xbd8e69c7	0x3e3851ec	0x3f2df72a	0x3f675732
0x3e7212d7	0x3e99999a	0x3f000000	0x3faa3722	0xbd8e4e21	0x3e3851ec	0x3f2e0437	0x3f67688d
0x3e722d0e	0x3e99999a	0x3f000000	0x3faa3722	0xbd8e327f	0x3e3851ec	0x3f2e1143	0x3f6779e7
0x3e724745	0x3e99999a	0x3f000000	0x3faa3722	0xbd8e16e0	0x3e3851ec	0x3f2e1e4e	0x3f678b3f
0x3e72617c	0x3e99999a	0x3f000000	0x3faa3722	0xbd8dfb42	0x3e3851ec	0x3f2e2b5a	0x3f679c98
0x3e727bb3	0x3e99999a	0x3f000000	0x3faa3722	0xbd8ddfa6	0x3e3851ec	0x3f2e3866	0x3f67adf2
0x3e7295ea	0x3e99999a	0x3f000000	0x3faa3722	0xbd8dc40f	0x3e3851ec	0x3f2e4570	0x3f67bf49
0x3e72b021	0x3e99999a	0x3f000000	0x3faa3722	0xbd8da87b	0x3e3851ec	0x3f2e527b	0x3f67d0a1
0x3e72ca58	0x3e99999a	0x3f000000	0x3faa3722	0xbd8d8ce7	0x3e3851ec	0x3f2e5f86	0x3f67e1f9
0x3e72e48f	0x3e99999a	0x3f000000	0x3faa3722	0xbd8d7156	0x3e3851ec	0x3f2e6c90	0x3f67f350
0x3e72fec5	0x3e99999a	0x3f000000	0x3faa3722	0xbd8d55cc	0x3e3851ec	0x3f2e7998	0x3f6804a4
0x3e7318fc	0x3e99999a	0x3f000000	0x3faa3722	0xbd8d3a40	0x3e3851ec	0x3f2e86a2	0x3f6815fb
0x3e733333	0x3e99999a	0x3f000000	0x3faa3722	0xbd8d1eb7	0x3e3851ec	0x3f2e93ac	0x3f682752
0x3e734d6a	0x3e99999a	0x3f000000	0x3faa3722	0xbd8d0333	0x3e3851ec	0x3f2ea0b5	0x3f6838a8
0x3e7367a1	0x3e99999a	0x3f000000	0x3faa3722	0xbd8ce7b2	0x3e3851ec	0x3f2eadbc	0x3f6849fb
0x3e7381d8	0x3e99999a	0x3f000000	0x3faa3722	0xbd8ccc31	0x3e3851ec	0x3f2ebac5	0x3f685b50
0x3e739c0f	0x3e99999a	0x3f000000	0x3faa3722	0xbd8cb0b3	0x3e3851ec	0x3f2ec7ce	0x3f686ca6
0x3e73b646	0x3e99999a	0x3f000000	0x3faa3722	0xbd8c9539	0x3e3851ec	0x3f2ed4d5	0x3f687df9
0x3e73d07d	0x3e99999a	0x3f000000	0x3faa3722	0xbd8c79c3	0x3e3851ec	0x3f2ee1db	0x3f688f4a
0x3e73eab3	0x3e99999a	0x3f000000	0x3faa3722	0xbd8c5e4c	0x3e3851ec	0x3f2eeee4	0x3f68a0a0
0x3e7404ea	0x3e99999a	0x3f000000	0x3faa3722	0xbd8c42db	0x3e3851ec	0x3f2efbea	0x3f68b1f2
0x3e741f21	0x3e99999a	0x3f000000	0x3faa3722	0xbd8c276c	0x3e3851ec	0x3f2f08f0	0x3f68c343
0x3e743958	0x3e99999a	0x3f000000	0x3faa3722	0xbd8c0bfe	0x3e3851ec	0x3f2f15f7	0x3f68d496
0x3e74538f	0x3e99999a	0x3f000000	0x3faa3722	0xbd8bf093	0x3e3851ec	0x3f2f22fd	0x3f68e5e8
0x3e746dc6	0x3e99999a	0x3f000000	0x3faa3722	0xbd8bd52c	0x3e3851ec	0x3f2f3002	0x3f68f738
0x3e7487fd	0x3e99999a	0x3f000000	0x3faa3722	0xbd8bb9c8	0x3e3851ec	0x3f2f3d07	0x3f690888
0x3e74a234	0x3e99999a	0x3f000000	0x3faa3722	0xbd8b9e65	0x3e3851ec	0x3f2f4a0c	0x3f6919d8
0x3e74bc6a	0x3e99999a	0x3f000000	0x3faa3722	0xbd8b8306	0x3e3851ec	0x3f2f5710	0x3f692b27
0x3e74d6a1	0x3e99999a	0x3f000000	0x3faa3722	0xbd8b67aa	0x3e3851ec	0x3f2f6414	0x3f693c76
0x3e74f0d8	0x3e99999a	0x3f000000	0x3faa3722	0xbd8b4c4f	0x3e3851ec	0x3f2f7119	0x3f694dc6
0x3e750b0f	0x3e99999a	0x3f000000	0x3faa3722	0xbd8b30f7	0x3e3851ec	0x3f2f7e1c	0x3f695f14
0x3e752546	0x3e99999a	0x3f000000	0x3faa3722	0xbd8b15a3	0x3e3851ec	0x3f2f8b1f	0x3f697062
0x3e753f7d	0x3e99999a	0x3f000000	0x3faa3722	0xbd8afa52	0x3e3851ec	0x3f2f9822	0x3f6981af
0x3e7559b4	0x3e99999a	0x3f000000	0x3faa3722	0xbd8adf01	0x3e3851ec	0x3f2fa525	0x3f6992fd
0x3e7573eb	0x3e99999a	0x3f000000	0x3faa3722	0xbd8ac3b3	0x3e3851ec	0x3f2fb228	0x3f69a44a
0x3e758e22	0x3e99999a	0x3f000000	0x3faa3722	0xbd8aa86a	0x3e3851ec	0x3f2fbf2a	0x3f69b597
0x3e75a858	0x3e99999a	0x3f000000	0x3faa3722	0xbd8a8d24	0x3e3851ec	0x3f2fcc2b	0x3f69c6e2
0x3e75c28f	0x3e99999a	0x3f000000	0x3faa3722	0xbd8a71de	0x3e3851ec	0x3f2fd92d	0x3f69d82e
0x3e75dcc6	0x3e99999a	0x3f000000	0x3faa3722	0xbd8a569d	0x3e3851ec	0x3f2fe62e	0x3f69e979
0x3e75f6fd	0x3e99999a	0x3f000000	0x3faa3722	0xbd8a3b5e	0x3e3851ec	0x3f2ff32e	0x3f69fac2
0x3e761134	0x3e99999a	0x3f000000	0x3faa3722	0xbd8a2021	0x3e3851ec	0x3f30002f	0x3f6a0c0d
0x3e762b6b	0x3e99999a	0x3f000000	0x3faa3722	0xbd8a04e5	0x3e3851ec	0x3f300d30	0x3f6a1d58
0x3e7645a2	0x3e99999a	0x3f000000	0x3faa3722	0xbd89e9af	0x3e3851ec	0x3f301a2f	0x3f6a2ea0
0x3e765fd9	0x3e99999a	0x3f000000	0x3faa3722	0xbd89ce7c	0x3e3851ec	0x3f30272e	0x3f6a3fe9
0x3e767a10	0x3e99999a	0x3f000000	0x3faa3722	0xbd89b348	0x3e3851ec	0x3f30342e	0x3f6a5132
0x3e769446	0x3e99999a	0x3f000000	0x3faa3722	0xbd89981a	0x3e3851ec	0x3f30412c	0x3f6a6279
0x3e76ae7d	0x3e99999a	0x3f000000	0x3faa3722	0xbd897cef	0x3e3851ec	0x3f304e2a	0x3f6a73c0
0x3e76c8b4	0x3e99999a	0x3f000000	0x3faa3722	0xbd8961c4	0x3e3851ec	0x3f305b29	0x3f6a8508
0x3e76e2eb	0x3e99999a	0x3f000000	0x3faa3722	0xbd89469b	0x3e3851ec	0x3f306828	0x3f6a9651
0x3e76fd22	0x3e99999a	0x3f000000	0x3faa3722	0xbd892b78	0x3e3851ec	0x3f307525	0x3f6aa796
0x3e771759	0x3e99999a	0x3f000000	0x3faa3722	0xbd891057	0x3e3851ec	0x3f308221	0x3f6ab8db
0x3e773190	0x3e99999a	0x3f000000	0x3faa3722	0xbd88f537	0x3e3851ec	0x3f308f1f	0x3f6aca22
0x3e774bc7	0x3e99999a	0x3f000000	0x3faa3722	0xbd88da19	0x3e3851ec	0x3f309c1c	0x3f6adb67
0x3e7765fe	0x3e99999a	0x3f000000	0x3faa3722	0xbd88bf00	0x3e3851ec	0x3f30a918	0x3f6aecab
0x3e778034	0x3e99999a	0x3f000000	0x3faa3722	0xbd88a3ea	0x3e3851ec	0x3f30b614	0x3f6afdf0
0x3e779a6b	0x3e99999a	0x3f000000	0x3faa3722	0xbd8888d5	0x3e3851ec	0x3f30c30f	0x3f6b0f33
0x3e77b4a2	0x3e99999a	0x3f000000	0x3faa3722	0xbd886dc4	0x3e3851ec	0x3f30d00a	0x3f6b2076
0x3e77ced9	0x3e99999a	0x3f000000	0x3faa3722	0xbd8852b6	0x3e3851ec	0x3f30dd05	0x3f6b31b9
0x3e77e910	0x3e99999a	0x3f000000	0x3faa3722	0xbd8837a9	0x3e3851ec	0x3f30ea00	0x3f6b42fc
0x3e780347	0x3e99999a	0x3f000000	0x3faa3722	0xbd881c9e	0x3e3851ec	0x3f30f6fa	0x3f6b543d
0x3e781d7e	0x3e99999a	0x3f000000	0x3faa3722	0xbd880198	0x3e3851ec	0x3f3103f4	0x3f6b657f
0x3e7837b5	0x3e99999a	0x3f000000	0x3faa3722	0xbd87e694	0x3e3851ec	0x3f3110ed	0x3f6b76bf
0x3e7851ec	0x3e99999a	0x3f000000	0x3faa3722	0xbd87cb92	0x3e3851ec	0x3f311de7	0x3f6b8801
0x3e786c22	0x3e99999a	0x3f000000	0x3faa3722	0xbd87b094	0x3e3851ec	0x3f312adf	0x3f6b9940
0x3e788659	0x3e99999a	0x3f000000	0x3faa3722	0xbd879599	0x3e3851ec	0x3f3137d7	0x3f6baa7f
0x3e78a090	0x3e99999a	0x3f000000	0x3faa3722	0xbd877a9e	0x3e3851ec	0x3f3144d0	0x3f6bbbbf
0x3e78bac7	0x3e99999a	0x3f000000	0x3faa3722	0xbd875fa6	0x3e3851ec	0x3f3151c9	0x3f6bccff
0x3e78d4fe	0x3e99999a	0x3f000000	0x3faa3722	0xbd8744b3	0x3e3851ec	0x3f315ec0	0x3f6bde3d
0x3e78ef35	0x3e99999a	0x3f000000	0x3faa3722	0xbd8729c2	0x3e3851ec	0x3f316bb6	0x3f6bef79
0x3e79096c	0x3e99999a	0x3f000000	0x3faa3722	0xbd870ed2	0x3e3851ec	0x3f3178ae	0x3f6c00b8
0x3e7923a3	0x3e99999a	0x3f000000	0x3faa3722	0xbd86f3e5	0x3e3851ec	0x3f3185a5	0x3f6c11f6
0x3e793dd9	0x3e99999a	0x3f000000	0x3faa3722	0xbd86d8ff	0x3e3851ec	0x3f319299	0x3f6c232f
0x3e795810	0x3e99999a	0x3f000000	0x3faa3722	0xbd86be17	0x3e3851ec	0x3f319f90	0x3f6c346d
0x3e797247	0x3e99999a	0x3f000000	0x3faa3722	0xbd86a332	0x3e3851ec	0x3f31ac86	0x3f6c45a9
0x3e798c7e	0x3e99999a	0x3f000000	0x3faa3722	0xbd868851	0x3e3851ec	0x3f31b97b	0x3f6c56e4
0x3e79a6b5	0x3e99999a	0x3f000000	0x3faa3722	0xbd866d73	0x3e3851ec	0x3f31c66f	0x3f6c681e
0x3e79c0ec	0x3e99999a	0x3f000000	0x3faa3722	0xbd865296	0x3e3851ec	0x3f31d364	0x3f6c7959
0x3e79db23	0x3e99999a	0x3f000000	0x3faa3722	0xbd8637bc	0x3e3851ec	0x3f31e058	0x3f6c8a93
0x3e79f55a	0x3e99999a	0x3f000000	0x3faa3722	0xbd861ce6	0x3e3851ec	0x3f31ed4c	0x3f6c9bcc
0x3e7a0f91	0x3e99999a	0x3f000000	0x3faa3722	0xbd860213	0x3e3851ec	0x3f31fa3e	0x3f6cad03
0x3e7a29c7	0x3e99999a	0x3f000000	0x3faa3722	0xbd85e741	0x3e3851ec	0x3f320732	0x3f6cbe3d
0x3e7a43fe	0x3e99999a	0x3f000000	0x3faa3722	0xbd85cc73	0x3e3851ec	0x3f321424	0x3f6ccf74
0x3e7a5e35	0x3e99999a	0x3f000000	0x3faa3722	0xbd85b1a8	0x3e3851ec	0x3f322116	0x3f6ce0ab
0x3e7a786c	0x3e99999a	0x3f000000	0x3faa3722	0xbd8596de	0x3e3851ec	0x3f322e08	0x3f6cf1e2
0x3e7a92a3	0x3e99999a	0x3f000000	0x3faa3722	0xbd857c16	0x3e3851ec	0x3f323afa	0x3f6d0319
0x3e7aacda	0x3e99999a	0x3f000000	0x3faa3722	0xbd856153	0x3e3851ec	0x3f3247eb	0x3f6d144e
0x3e7ac711	0x3e99999a	0x3f000000	0x3faa3722	0xbd854693	0x3e3851ec	0x3f3254dc	0x3f6d2584
0x3e7ae148	0x3e99999a	0x3f000000	0x3faa3722	0xbd852bd3	0x3e3851ec	0x3f3261cd	0x3f6d36ba
0x3e7afb7f	0x3e99999a	0x3f000000	0x3faa3722	0xbd851117	0x3e3851ec	0x3f326ebd	0x3f6d47ee
0x3e7b15b5	0x3e99999a	0x3f000000	0x3faa3722	0xbd84f660	0x3e3851ec	0x3f327bac	0x3f6d5921
0x3e7b2fec	0x3e99999a	0x3f000000	0x3faa3722	0xbd84dba9	0x3e3851ec	0x3f32889c	0x3f6d6a55
0x3e7b4a23	0x3e99999a	0x3f000000	0x3faa3722	0xbd84c0f4	0x3e3851ec	0x3f32958b	0x3f6d7b88
0x3e7b645a	0x3e99999a	0x3f000000	0x3faa3722	0xbd84a644	0x3e3851ec	0x3f32a279	0x3f6d8cba
0x3e7b7e91	0x3e99999a	0x3f000000	0x3faa3722	0xbd848b96	0x3e3851ec	0x3f32af68	0x3f6d9ded
0x3e7b98c8	0x3e99999a	0x3f000000	0x3faa3722	0xbd8470ea	0x3e3851ec	0x3f32bc56	0x3f6daf1f
0x3e7bb2ff	0x3e99999a	0x3f000000	0x3faa3722	0xbd845640	0x3e3851ec	0x3f32c943	0x3f6dc04f
0x3e7bcd36	0x3e99999a	0x3f000000	0x3faa3722	0xbd843b9a	0x3e3851ec	0x3f32d631	0x3f6dd181
0x3e7be76d	0x3e99999a	0x3f000000	0x3faa3722	0xbd8420f7	0x3e3851ec	0x3f32e31d	0x3f6de2b0
0x3e7c01a3	0x3e99999a	0x3f000000	0x3faa3722	0xbd840655	0x3e3851ec	0x3f32f00a	0x3f6df3e0
0x3e7c1bda	0x3e99999a	0x3f000000	0x3faa3722	0xbd83ebb8	0x3e3851ec	0x3f32fcf6	0x3f6e050f
0x3e7c3611	0x3e99999a	0x3f000000	0x3faa3722	0xbd83d11d	0x3e3851ec	0x3f3309e1	0x3f6e163d
0x3e7c5048	0x3e99999a	0x3f000000	0x3faa3722	0xbd83b683	0x3e3851ec	0x3f3316cd	0x3f6e276c
0x3e7c6a7f	0x3e99999a	0x3f000000	0x3faa3722	0xbd839bec	0x3e3851ec	0x3f3323b8	0x3f6e3899
0x3e7c84b6	0x3e99999a	0x3f000000	0x3faa3722	0xbd83815a	0x3e3851ec	0x3f3330a2	0x3f6e49c6
0x3e7c9eed	0x3e99999a	0x3f000000	0x3faa3722	0xbd8366ca	0x3e3851ec	0x3f333d8c	0x3f6e5af2
0x3e7cb924	0x3e99999a	0x3f000000	0x3faa3722	0xbd834c3a	0x3e3851ec	0x3f334a77	0x3f6e6c20
0x3e7cd35b	0x3e99999a	0x3f000000	0x3faa3722	0xbd8331ae	0x3e3851ec	0x3f335761	0x3f6e7d4c
0x3e7ced91	0x3e99999a	0x3f000000	0x3faa3722	0xbd831728	0x3e3851ec	0x3f336448	0x3f6e8e74
0x3e7d07c8	0x3e99999a	0x3f000000	0x3faa3722	0xbd82fca1	0x3e3851ec	0x3f337132	0x3f6e9fa1
0x3e7d21ff	0x3e99999a	0x3f000000	0x3faa3722	0xbd82e21c	0x3e3851ec	0x3f337e1b	0x3f6eb0cc
0x3e7d3c36	0x3e99999a	0x3f000000	0x3faa3722	0xbd82c79c	0x3e3851ec	0x3f338b02	0x3f6ec1f4
0x3e7d566d	0x3e99999a	0x3f000000	0x3faa3722	0xbd82ad1f	0x3e3851ec	0x3f3397e9	0x3f6ed31c
0x3e7d70a4	0x3e99999a	0x3f000000	0x3faa3722	0xbd8292a3	0x3e3851ec	0x3f33a4d1	0x3f6ee446
0x3e7d8adb	0x3e99999a	0x3f000000	0x3faa3722	0xbd827829	0x3e3851ec	0x3f33b1b9	0x3f6ef570
0x3e7da512	0x3e99999a	0x3f000000	0x3faa3722	0xbd825db4	0x3e3851ec	0x3f33be9e	0x3f6f0695
0x3e7dbf48	0x3e99999a	0x3f000000	0x3faa3722	0xbd824342	0x3e3851ec	0x3f33cb84	0x3f6f17bd
0x3e7dd97f	0x3e99999a	0x3f000000	0x3faa3722	0xbd8228d0	0x3e3851ec	0x3f33d86a	0x3f6f28e4
0x3e7df3b6	0x3e99999a	0x3f000000	0x3faa3722	0xbd820e63	0x3e3851ec	0x3f33e54f	0x3f6f3a09
0x3e7e0ded	0x3e99999a	0x3f000000	0x3faa3722	0xbd81f3f9	0x3e3851ec	0x3f33f233	0x3f6f4b2e
0x3e7e2824	0x3e99999a	0x3f000000	0x3faa3722	0xbd81d98f	0x3e3851ec	0x3f33ff19	0x3f6f5c55
0x3e7e425b	0x3e99999a	0x3f000000	0x3faa3722	0xbd81bf28	0x3e3851ec	0x3f340bfd	0x3f6f6d79
0x3e7e5c92	0x3e99999a	0x3f000000	0x3faa3722	0xbd81a4c6	0x3e3851ec	0x3f3418e1	0x3f6f7e9d
0x3e7e76c9	0x3e99999a	0x3f000000	0x3faa3722	0xbd818a66	0x3e3851ec	0x3f3425c3	0x3f6f8fbf
0x3e7e9100	0x3e99999a	0x3f000000	0x3faa3722	0xbd817007	0x3e3851ec	0x3f3432a7	0x3f6fa0e3
0x3e7eab36	0x3e99999a	0x3f000000	0x3faa3722	0xbd8155ad	0x3e3851ec	0x3f343f89	0x3f6fb205
0x3e7ec56d	0x3e99999a	0x3f000000	0x3faa3722	0xbd813b55	0x3e3851ec	0x3f344c6b	0x3f6fc327
0x3e7edfa4	0x3e99999a	0x3f000000	0x3faa3722	0xbd8120fe	0x3e3851ec	0x3f34594e	0x3f6fd44a
0x3e7ef9db	0x3e99999a	0x3f000000	0x3faa3722	0xbd8106aa	0x3e3851ec	0x3f34662f	0x3f6fe56a
0x3e7f1412	0x3e99999a	0x3f000000	0x3faa3722	0xbd80ec5b	0x3e3851ec	0x3f347310	0x3f6ff68b
0x3e7f2e49	0x3e99999a	0x3f000000	0x3faa3722	0xbd80d20e	0x3e3851ec	0x3f347ff0	0x3f7007aa
0x3e7f4880	0x3e99999a	0x3f000000	0x3faa3722	0xbd80b7c2	0x3e3851ec	0x3f348cd1	0x3f7018ca
0x3e7f62b7	0x3e99999a	0x3f000000	0x3faa3722	0xbd809d78	0x3e3851ec	0x3f3499b1	0x3f7029e9
0x3e7f7cee	0x3e99999a	0x3f000000	0x3faa3722	0xbd808334	0x3e3851ec	0x3f34a690	0x3f703b07
0x3e7f9724	0x3e99999a	0x3f000000	0x3faa3722	0xbd8068f1	0x3e3851ec	0x3f34b36f	0x3f704c25
0x3e7fb15b	0x3e99999a	0x3f000000	0x3faa3722	0xbd804eb0	0x3e3851ec	0x3f34c04e	0x3f705d42
0x3e7fcb92	0x3e99999a	0x3f000000	0x3faa3722	0xbd803473	0x3e3851ec	0x3f34cd2c	0x3f706e5f
0x3e7fe5c9	0x3e99999a	0x3f000000	0x3faa3722	0xbd801a39	0x3e3851ec	0x3f34da09	0x3f707f7a
0x3e800000	0x3e99999a	0x3f000000	0x3faa3722	0xbd800000	0x3e3851ec	0x3f34e6e7	0x3f709096
0x3e800d1b	0x3e99999a	0x3f000000	0x3faa3722	0xbd7fcb97	0x3e3851ec	0x3f34f3c3	0x3f70a1b0
0x3e801a37	0x3e99999a	0x3f000000	0x3faa3722	0xbd7f972f	0x3e3851ec	0x3f3500a1	0x3f70b2cc
0x3e802752	0x3e99999a	0x3f000000	0x3faa3722	0xbd7f62d0	0x3e3851ec	0x3f350d7c	0x3f70c3e5
0x3e80346e	0x3e99999a	0x3f000000	0x3faa3722	0xbd7f2e73	0x3e3851ec	0x3f351a59	0x3f70d500
0x3e804189	0x3e99999a	0x3f000000	0x3faa3722	0xbd7efa1f	0x3e3851ec	0x3f352734	0x3f70e618
0x3e804ea5	0x3e99999a	0x3f000000	0x3faa3722	0xbd7ec5cd	0x3e3851ec	0x3f353410	0x3f70f732
0x3e805bc0	0x3e99999a	0x3f000000	0x3faa3722	0xbd7e9184	0x3e3851ec	0x3f3540ea	0x3f710849
0x3e8068dc	0x3e99999a	0x3f000000	0x3faa3722	0xbd7e5d3c	0x3e3851ec	0x3f354dc4	0x3f711960
0x3e8075f7	0x3e99999a	0x3f000000	0x3faa3722	0xbd7e28fd	0x3e3851ec	0x3f355a9e	0x3f712a77
0x3e808312	0x3e99999a	0x3f000000	0x3faa3722	0xbd7df4c4	0x3e3851ec	0x3f356777	0x3f713b8d
0x3e80902e	0x3e99999a	0x3f000000	0x3faa3722	0xbd7dc08d	0x3e3851ec	0x3f357450	0x3f714ca2
0x3e809d49	0x3e99999a	0x3f000000	0x3faa3722	0xbd7d8c5f	0x3e3851ec	0x3f358128	0x3f715db7
0x3e80aa65	0x3e99999a	0x3f000000	0x3faa3722	0xbd7d5832	0x3e3851ec	0x3f358e01	0x3f716ecd
0x3e80b780	0x3e99999a	0x3f000000	0x3faa3722	0xbd7d240e	0x3e3851ec	0x3f359ad8	0x3f717fe0
0x3e80c49c	0x3e99999a	0x3f000000	0x3faa3722	0xbd7cefec	0x3e3851ec	0x3f35a7b0	0x3f7190f4
0x3e80d1b7	0x3e99999a	0x3f000000	0x3faa3722	0xbd7cbbd3	0x3e3851ec	0x3f35b486	0x3f71a206
0x3e80ded3	0x3e99999a	0x3f000000	0x3faa3722	0xbd7c87bc	0x3e3851ec	0x3f35c15d	0x3f71b319
0x3e80ebee	0x3e99999a	0x3f000000	0x3faa3722	0xbd7c53ae	0x3e3851ec	0x3f35ce33	0x3f71c42b
0x3e80f909	0x3e99999a	0x3f000000	0x3faa3722	0xbd7c1fa5	0x3e3851ec	0x3f35db08	0x3f71d53b
0x3e810625	0x3e99999a	0x3f000000	0x3faa3722	0xbd7beb9e	0x3e3851ec	0x3f35e7de	0x3f71e64d
0x3e811340	0x3e99999a	0x3f000000	0x3faa3722	0xbd7bb7a0	0x3e3851ec	0x3f35f4b2	0x3f71f75c
0x3e81205c	0x3e99999a	0x3f000000	0x3faa3722	0xbd7b83a3	0x3e3851ec	0x3f360187	0x3f72086c
0x3e812d77	0x3e99999a	0x3f000000	0x3faa3722	0xbd7b4fb0	0x3e3851ec	0x3f360e5b	0x3f72197b
0x3e813a93	0x3e99999a	0x3f000000	0x3faa3722	0xbd7b1bbe	0x3e3851ec	0x3f361b2f	0x3f722a8a
0x3e8147ae	0x3e99999a	0x3f000000	0x3faa3722	0xbd7ae7d6	0x3e3851ec	0x3f362801	0x3f723b97
0x3e8154ca	0x3e99999a	0x3f000000	0x3faa3722	0xbd7ab3ef	0x3e3851ec	0x3f3634d4	0x3f724ca5
0x3e8161e5	0x3e99999a	0x3f000000	0x3faa3722	0xbd7a8011	0x3e3851ec	0x3f3641a6	0x3f725db1
0x3e816f00	0x3e99999a	0x3f000000	0x3faa3722	0xbd7a4c39	0x3e3851ec	0x3f364e78	0x3f726ebe
0x3e817c1c	0x3e99999a	0x3f000000	0x3faa3722	0xbd7a1862	0x3e3851ec	0x3f365b4a	0x3f727fca
0x3e818937	0x3e99999a	0x3f000000	0x3faa3722	0xbd79e494	0x3e3851ec	0x3f36681b	0x3f7290d5
0x3e819653	0x3e99999a	0x3f000000	0x3faa3722	0xbd79b0c8	0x3e3851ec	0x3f3674eb	0x3f72a1df
0x3e81a36e	0x3e99999a	0x3f000000	0x3faa3722	0xbd797d05	0x3e3851ec	0x3f3681bb	0x3f72b2e9
0x3e81b08a	0x3e99999a	0x3f000000	0x3faa3722	0xbd794943	0x3e3851ec	0x3f368e8b	0x3f72c3f2
0x3e81bda5	0x3e99999a	0x3f000000	0x3faa3722	0xbd79158b	0x3e3851ec	0x3f369b5a	0x3f72d4fb
0x3e81cac1	0x3e99999a	0x3f000000	0x3faa3722	0xbd78e1d4	0x3e3851ec	0x3f36a82a	0x3f72e605
0x3e81d7dc	0x3e99999a	0x3f000000	0x3faa3722	0xbd78ae27	0x3e3851ec	0x3f36b4f7	0x3f72f70a
0x3e81e4f7	0x3e99999a	0x3f000000	0x3faa3722	0xbd787a7f	0x3e3851ec	0x3f36c1c5	0x3f730811
0x3e81f213	0x3e99999a	0x3f000000	0x3faa3722	0xbd7846d8	0x3e3851ec	0x3f36ce93	0x3f731919
0x3e81ff2e	0x3e99999a	0x3f000000	0x3faa3722	0xbd78133b	0x3e3851ec	0x3f36db60	0x3f732a1e
0x3e820c4a	0x3e99999a	0x3f000000	0x3faa3722	0xbd77df9f	0x3e3851ec	0x3f36e82d	0x3f733b24
0x3e821965	0x3e99999a	0x3f000000	0x3faa3722	0xbd77ac0c	0x3e3851ec	0x3f36f4f9	0x3f734c29
0x3e822681	0x3e99999a	0x3f000000	0x3faa3722	0xbd77787b	0x3e3851ec	0x3f3701c5	0x3f735d2d
0x3e82339c	0x3e99999a	0x3f000000	0x3faa3722	0xbd7744f3	0x3e3851ec	0x3f370e90	0x3f736e30
0x3e8240b8	0x3e99999a	0x3f000000	0x3faa3722	0xbd77116d	0x3e3851ec	0x3f371b5c	0x3f737f35
0x3e824dd3	0x3e99999a	0x3f000000	0x3faa3722	0xbd76ddf0	0x3e3851ec	0x3f372826	0x3f739036
0x3e825aee	0x3e99999a	0x3f000000	0x3faa3722	0xbd76aa78	0x3e3851ec	0x3f3734ef	0x3f73a137
0x3e82680a	0x3e99999a	0x3f000000	0x3faa3722	0xbd767702	0x3e3851ec	0x3f3741b9	0x3f73b239
0x3e827525	0x3e99999a	0x3f000000	0x3faa3722	0xbd764395	0x3e3851ec	0x3f374e82	0x3f73c339
0x3e828241	0x3e99999a	0x3f000000	0x3faa3722	0xbd761029	0x3e3851ec	0x3f375b4b	0x3f73d43a
0x3e828f5c	0x3e99999a	0x3f000000	0x3faa3722	0xbd75dcc7	0x3e3851ec	0x3f376813	0x3f73e539
0x3e829c78	0x3e99999a	0x3f000000	0x3faa3722	0xbd75a966	0x3e3851ec	0x3f3774dc	0x3f73f639
0x3e82a993	0x3e99999a	0x3f000000	0x3faa3722	0xbd75760e	0x3e3851ec	0x3f3781a3	0x3f740737
0x3e82b6ae	0x3e99999a	0x3f000000	0x3faa3722	0xbd7542bc	0x3e3851ec	0x3f378e69	0x3f741833
0x3e82c3ca	0x3e99999a	0x3f000000	0x3faa3722	0xbd750f6c	0x3e3851ec	0x3f379b30	0x3f742931
0x3e82d0e5	0x3e99999a	0x3f000000	0x3faa3722	0xbd74dc24	0x3e3851ec	0x3f37a7f6	0x3f743a2e
0x3e82de01	0x3e99999a	0x3f000000	0x3faa3722	0xbd74a8de	0x3e3851ec	0x3f37b4bc	0x3f744b2a
0x3e82eb1c	0x3e99999a	0x3f000000	0x3faa3722	0xbd7475a1	0x3e3851ec	0x3f37c181	0x3f745c25
0x3e82f838	0x3e99999a	0x3f000000	0x3faa3722	0xbd744266	0x3e3851ec	0x3f37ce46	0x3f746d20
0x3e830553	0x3e99999a	0x3f000000	0x3faa3722	0xbd740f34	0x3e3851ec	0x3f37db0a	0x3f747e1a
0x3e83126f	0x3e99999a	0x3f000000	0x3faa3722	0xbd73dc04	0x3e3851ec	0x3f37e7ce	0x3f748f14
0x3e831f8a	0x3e99999a	0x3f000000	0x3faa3722	0xbd73a8dc	0x3e3851ec	0x3f37f491	0x3f74a00d
0x3e832ca5	0x3e99999a	0x3f000000	0x3faa3722	0xbd7375bb	0x3e3851ec	0x3f380153	0x3f74b104
0x3e8339c1	0x3e99999a	0x3f000000	0x3faa3722	0xbd73429a	0x3e3851ec	0x3f380e16	0x3f74c1fc
0x3e8346dc	0x3e99999a	0x3f000000	0x3faa3722	0xbd730f83	0x3e3851ec	0x3f381ad8	0x3f74d2f3
0x3e8353f8	0x3e99999a	0x3f000000	0x3faa3722	0xbd72dc6d	0x3e3851ec	0x3f38279a	0x3f74e3ea
0x3e836113	0x3e99999a	0x3f000000	0x3faa3722	0xbd72a961	0x3e3851ec	0x3f38345a	0x3f74f4df
0x3e836e2f	0x3e99999a	0x3f000000	0x3faa3722	0xbd727656	0x3e3851ec	0x3f38411b	0x3f7505d5
0x3e837b4a	0x3e99999a	0x3f000000	0x3faa3722	0xbd724354	0x3e3851ec	0x3f384ddb	0x3f7516c9
0x3e838866	0x3e99999a	0x3f000000	0x3faa3722	0xbd721054	0x3e3851ec	0x3f385a9b	0x3f7527be
0x3e839581	0x3e99999a	0x3f000000	0x3faa3722	0xbd71dd5d	0x3e3851ec	0x3f38675a	0x3f7538b1
0x3e83a29c	0x3e99999a	0x3f000000	0x3faa3722	0xbd71aa6c	0x3e3851ec	0x3f387418	0x3f7549a3
0x3e83afb8	0x3e99999a	0x3f000000	0x3faa3722	0xbd71777c	0x3e3851ec	0x3f3880d7	0x3f755a96
0x3e83bcd3	0x3e99999a	0x3f000000	0x3faa3722	0xbd714495	0x3e3851ec	0x3f388d94	0x3f756b86
0x3e83c9ef	0x3e99999a	0x3f000000	0x3faa3722	0xbd7111b0	0x3e3851ec	0x3f389a52	0x3f757c78
0x3e83d70a	0x3e99999a	0x3f000000	0x3faa3722	0xbd70ded3	0x3e3851ec	0x3f38a70f	0x3f758d69
0x3e83e426	0x3e99999a	0x3f000000	0x3faa3722	0xbd70abf9	0x3e3851ec	0x3f38b3cc	0x3f759e59
0x3e83f141	0x3e99999a	0x3f000000	0x3faa3722	0xbd707928	0x3e3851ec	0x3f38c087	0x3f75af47
0x3e83fe5d	0x3e99999a	0x3f000000	0x3faa3722	0xbd704658	0x3e3851ec	0x3f38cd43	0x3f75c036
0x3e840b78	0x3e99999a	0x3f000000	0x3faa3722	0xbd701391	0x3e3851ec	0x3f38d9fe	0x3f75d124
0x3e841893	0x3e99999a	0x3f000000	0x3faa3722	0xbd6fe0d0	0x3e3851ec	0x3f38e6b8	0x3f75e211
0x3e8425af	0x3e99999a	0x3f000000	0x3faa3722	0xbd6fae10	0x3e3851ec	0x3f38f373	0x3f75f2fe
0x3e8432ca	0x3e99999a	0x3f000000	0x3faa3722	0xbd6f7b5a	0x3e3851ec	0x3f39002c	0x3f7603ea
0x3e843fe6	0x3e99999a	0x3f000000	0x3faa3722	0xbd6f48a5	0x3e3851ec	0x3f390ce5	0x3f7614d5
0x3e844d01	0x3e99999a	0x3f000000	0x3faa3722	0xbd6f15f9	0x3e3851ec	0x3f39199e	0x3f7625c0
0x3e845a1d	0x3e99999a	0x3f000000	0x3faa3722	0xbd6ee34f	0x3e3851ec	0x3f392656	0x3f7636aa
0x3e846738	0x3e99999a	0x3f000000	0x3faa3722	0xbd6eb0ad	0x3e3851ec	0x3f39330e	0x3f764794
0x3e847454	0x3e99999a	0x3f000000	0x3faa3722	0xbd6e7e0e	0x3e3851ec	0x3f393fc5	0x3f76587c
0x3e84816f	0x3e99999a	0x3f000000	0x3faa3722	0xbd6e4b78	0x3e3851ec	0x3f394c7c	0x3f766965
0x3e848e8a	0x3e99999a	0x3f000000	0x3faa3722	0xbd6e18e7	0x3e3851ec	0x3f395932	0x3f767a4c
0x3e849ba6	0x3e99999a	0x3f000000	0x3faa3722	0xbd6de657	0x3e3851ec	0x3f3965e8	0x3f768b33
0x3e84a8c1	0x3e99999a	0x3f000000	0x3faa3722	0xbd6db3d1	0x3e3851ec	0x3f39729d	0x3f769c19
0x3e84b5dd	0x3e99999a	0x3f000000	0x3faa3722	0xbd6d814c	0x3e3851ec	0x3f397f52	0x3f76acff
0x3e84c2f8	0x3e99999a	0x3f000000	0x3faa3722	0xbd6d4ed1	0x3e3851ec	0x3f398c06	0x3f76bde3
0x3e84d014	0x3e99999a	0x3f000000	0x3faa3722	0xbd6d1c57	0x3e3851ec	0x3f3998bb	0x3f76cec9
0x3e84dd2f	0x3e99999a	0x3f000000	0x3faa3722	0xbd6ce9e6	0x3e3851ec	0x3f39a56e	0x3f76dfac
0x3e84ea4b	0x3e99999a	0x3f000000	0x3faa3722	0xbd6cb777	0x3e3851ec	0x3f39b221	0x3f76f090
0x3e84f766	0x3e99999a	0x3f000000	0x3faa3722	0xbd6c8511	0x3e3851ec	0x3f39bed3	0x3f770172
0x3e850481	0x3e99999a	0x3f000000	0x3faa3722	0xbd6c52b0	0x3e3851ec	0x3f39cb85	0x3f771253
0x3e85119d	0x3e99999a	0x3f000000	0x3faa3722	0xbd6c2051	0x3e3851ec	0x3f39d837	0x3f772335
0x3e851eb8	0x3e99999a	0x3f000000	0x3faa3722	0xbd6bedfb	0x3e3851ec	0x3f39e4e7	0x3f773415
0x3e852bd4	0x3e99999a	0x3f000000	0x3faa3722	0xbd6bbba7	0x3e3851ec	0x3f39f198	0x3f7744f5
0x3e8538ef	0x3e99999a	0x3f000000	0x3faa3722	0xbd6b895c	0x3e3851ec	0x3f39fe48	0x3f7755d4
0x3e85460b	0x3e99999a	0x3f000000	0x3faa3722	0xbd6b5712	0x3e3851ec	0x3f3a0af8	0x3f7766b4
0x3e855326	0x3e99999a	0x3f000000	0x3faa3722	0xbd6b24d2	0x3e3851ec	0x3f3a17a6	0x3f777790
0x3e856042	0x3e99999a	0x3f000000	0x3faa3722	0xbd6af293	0x3e3851ec	0x3f3a2456	0x3f77886f
0x3e856d5d	0x3e99999a	0x3f000000	0x3faa3722	0xbd6ac05d	0x3e3851ec	0x3f3a3103	0x3f77994b
0x3e857a78	0x3e99999a	0x3f000000	0x3faa3722	0xbd6a8e2d	0x3e3851ec	0x3f3a3db0	0x3f77aa26
0x3e858794	0x3e99999a	0x3f000000	0x3faa3722	0xbd6a5bfe	0x3e3851ec	0x3f3a4a5e	0x3f77bb02
0x3e8594af	0x3e99999a	0x3f000000	0x3faa3722	0xbd6a29d9	0x3e3851ec	0x3f3a570a	0x3f77cbdc
0x3e85a1cb	0x3e99999a	0x3f000000	0x3faa3722	0xbd69f7b5	0x3e3851ec	0x3f3a63b7	0x3f77dcb7
0x3e85aee6	0x3e99999a	0x3f000000	0x3faa3722	0xbd69c59a	0x3e3851ec	0x3f3a7062	0x3f77ed90
0x3e85bc02	0x3e99999a	0x3f000000	0x3faa3722	0xbd699381	0x3e3851ec	0x3f3a7d0d	0x3f77fe69
0x3e85c91d	0x3e99999a	0x3f000000	0x3faa3722	0xbd696171	0x3e3851ec	0x3f3a89b8	0x3f780f41
0x3e85d639	0x3e99999a	0x3f000000	0x3faa3722	0xbd692f62	0x3e3851ec	0x3f3a9662	0x3f782018
0x3e85e354	0x3e99999a	0x3f000000	0x3faa3722	0xbd68fd5d	0x3e3851ec	0x3f3aa30b	0x3f7830ee
0x3e85f06f	0x3e99999a	0x3f000000	0x3faa3722	0xbd68cb5d	0x3e3851ec	0x3f3aafb4	0x3f7841c4
0x3e85fd8b	0x3e99999a	0x3f000000	0x3faa3722	0xbd68995e	0x3e3851ec	0x3f3abc5d	0x3f78529a
0x3e860aa6	0x3e99999a	0x3f000000	0x3faa3722	0xbd686769	0x3e3851ec	0x3f3ac905	0x3f78636f
0x3e8617c2	0x3e99999a	0x3f000000	0x3faa3722	0xbd683575	0x3e3851ec	0x3f3ad5ad	0x3f787443
0x3e8624dd	0x3e99999a	0x3f000000	0x3faa3722	0xbd68038b	0x3e3851ec	0x3f3ae253	0x3f788515
0x3e8631f9	0x3e99999a	0x3f000000	0x3faa3722	0xbd67d1a2	0x3e3851ec	0x3f3aeefb	0x3f7895ea
0x3e863f14	0x3e99999a	0x3f000000	0x3faa3722	0xbd679fc2	0x3e3851ec	0x3f3afba0	0x3f78a6ba
0x3e864c30	0x3e99999a	0x3f000000	0x3faa3722	0xbd676de4	0x3e3851ec	0x3f3b0846	0x3f78b78c
0x3e86594b	0x3e99999a	0x3f000000	0x3faa3722	0xbd673c0f	0x3e3851ec	0x3f3b14eb	0x3f78c85d
0x3e866666	0x3e99999a	0x3f000000	0x3faa3722	0xbd670a3f	0x3e3851ec	0x3f3b218f	0x3f78d92c
0x3e867382	0x3e99999a	0x3f000000	0x3faa3722	0xbd66d871	0x3e3851ec	0x3f3b2e33	0x3f78e9fb
0x3e86809d	0x3e99999a	0x3f000000	0x3faa3722	0xbd66a6ac	0x3e3851ec	0x3f3b3ad7	0x3f78facb
0x3e868db9	0x3e99999a	0x3f000000	0x3faa3722	0xbd6674e9	0x3e3851ec	0x3f3b477a	0x3f790b98
0x3e869ad4	0x3e99999a	0x3f000000	0x3faa3722	0xbd66432e	0x3e3851ec	0x3f3b541c	0x3f791c65
0x3e86a7f0	0x3e99999a	0x3f000000	0x3faa3722	0xbd661176	0x3e3851ec	0x3f3b60bf	0x3f792d33
0x3e86b50b	0x3e99999a	0x3f000000	0x3faa3722	0xbd65dfc6	0x3e3851ec	0x3f3b6d60	0x3f793dfe
0x3e86c227	0x3e99999a	0x3f000000	0x3faa3722	0xbd65ae18	0x3e3851ec	0x3f3b7a01	0x3f794eca
0x3e86cf42	0x3e99999a	0x3f000000	0x3faa3722	0xbd657c74	0x3e3851ec	0x3f3b86a1	0x3f795f93
0x3e86dc5d	0x3e99999a	0x3f000000	0x3faa3722	0xbd654ad4	0x3e3851ec	0x3f3b9341	0x3f79705d
0x3e86e979	0x3e99999a	0x3f000000	0x3faa3722	0xbd651936	0x3e3851ec	0x3f3b9fe1	0x3f798127
0x3e86f694	0x3e99999a	0x3f000000	0x3faa3722	0xbd64e7a2	0x3e3851ec	0x3f3bac7f	0x3f7991ef
0x3e8703b0	0x3e99999a	0x3f000000	0x3faa3722	0xbd64b60f	0x3e3851ec	0x3f3bb91e	0x3f79a2b7
0x3e8710cb	0x3e99999a	0x3f000000	0x3faa3722	0xbd648485	0x3e3851ec	0x3f3bc5bc	0x3f79b37f
0x3e871de7	0x3e99999a	0x3f000000	0x3faa3722	0xbd6452fd	0x3e3851ec	0x3f3bd25a	0x3f79c446
0x3e872b02	0x3e99999a	0x3f000000	0x3faa3722	0xbd64217d	0x3e3851ec	0x3f3bdef6	0x3f79d50a
0x3e87381d	0x3e99999a	0x3f000000	0x3faa3722	0xbd63f004	0x3e3851ec	0x3f3beb92	0x3f79e5cf
0x3e874539	0x3e99999a	0x3f000000	0x3faa3722	0xbd63be8b	0x3e3851ec	0x3f3bf82e	0x3f79f694
0x3e875254	0x3e99999a	0x3f000000	0x3faa3722	0xbd638d1c	0x3e3851ec	0x3f3c04c9	0x3f7a0757
0x3e875f70	0x3e99999a	0x3f000000	0x3faa3722	0xbd635baf	0x3e3851ec	0x3f3c1164	0x3f7a181a
0x3e876c8b	0x3e99999a	0x3f000000	0x3faa3722	0xbd632a4a	0x3e3851ec	0x3f3c1dfe	0x3f7a28dc
0x3e8779a7	0x3e99999a	0x3f000000	0x3faa3722	0xbd62f8e8	0x3e3851ec	0x3f3c2a98	0x3f7a399e
0x3e8786c2	0x3e99999a	0x3f000000	0x3faa3722	0xbd62c78e	0x3e3851ec	0x3f3c3731	0x3f7a4a5f
0x3e8793de	0x3e99999a	0x3f000000	0x3faa3722	0xbd629636	0x3e3851ec	0x3f3c43ca	0x3f7a5b1f
0x3e87a0f9	0x3e99999a	0x3f000000	0x3faa3722	0xbd6264e7	0x3e3851ec	0x3f3c5062	0x3f7a6bdf
0x3e87ae14	0x3e99999a	0x3f000000	0x3faa3722	0xbd62339e	0x3e3851ec	0x3f3c5cf9	0x3f7a7c9d
0x3e87bb30	0x3e99999a	0x3f000000	0x3faa3722	0xbd620256	0x3e3851ec	0x3f3c6991	0x3f7a8d5c
0x3e87c84b	0x3e99999a	0x3f000000	0x3faa3722	0xbd61d117	0x3e3851ec	0x3f3c7627	0x3f7a9e19
0x3e87d567	0x3e99999a	0x3f000000	0x3faa3722	0xbd619fda	0x3e3851ec	0x3f3c82bd	0x3f7aaed5
0x3e87e282	0x3e99999a	0x3f000000	0x3faa3722	0xbd616ea6	0x3e3851ec	0x3f3c8f52	0x3f7abf91
0x3e87ef9e	0x3e99999a	0x3f000000	0x3faa3722	0xbd613d74	0x3e3851ec	0x3f3c9be7	0x3f7ad04c
0x3e87fcb9	0x3e99999a	0x3f000000	0x3faa3722	0xbd610c4a	0x3e3851ec	0x3f3ca87c	0x3f7ae107
0x3e8809d5	0x3e99999a	0x3f000000	0x3faa3722	0xbd60db23	0x3e3851ec	0x3f3cb510	0x3f7af1c1
0x3e8816f0	0x3e99999a	0x3f000000	0x3faa3722	0xbd60aa04	0x3e3851ec	0x3f3cc1a3	0x3f7b027a
0x3e88240b	0x3e99999a	0x3f000000	0x3faa3722	0xbd6078eb	0x3e3851ec	0x3f3cce35	0x3f7b1331
0x3e883127	0x3e99999a	0x3f000000	0x3faa3722	0xbd6047d3	0x3e3851ec	0x3f3cdac8	0x3f7b23ea
0x3e883e42	0x3e99999a	0x3f000000	0x3faa3722	0xbd6016c5	0x3e3851ec	0x3f3ce759	0x3f7b34a0
0x3e884b5e	0x3e99999a	0x3f000000	0x3faa3722	0xbd5fe5b8	0x3e3851ec	0x3f3cf3eb	0x3f7b4557
0x3e885879	0x3e99999a	0x3f000000	0x3faa3722	0xbd5fb4b5	0x3e3851ec	0x3f3d007b	0x3f7b560c
0x3e886595	0x3e99999a	0x3f000000	0x3faa3722	0xbd5f83b2	0x3e3851ec	0x3f3d0d0c	0x3f7b66c2
0x3e8872b0	0x3e99999a	0x3f000000	0x3faa3722	0xbd5f52ba	0x3e3851ec	0x3f3d199b	0x3f7b7775
0x3e887fcc	0x3e99999a	0x3f000000	0x3faa3722	0xbd5f21c2	0x3e3851ec	0x3f3d262a	0x3f7b8828
0x3e888ce7	0x3e99999a	0x3f000000	0x3faa3722	0xbd5ef0d4	0x3e3851ec	0x3f3d32b8	0x3f7b98da
0x3e889a02	0x3e99999a	0x3f000000	0x3faa3722	0xbd5ebfeb	0x3e3851ec	0x3f3d3f46	0x3f7ba98c
0x3e88a71e	0x3e99999a	0x3f000000	0x3faa3722	0xbd5e8f04	0x3e3851ec	0x3f3d4bd4	0x3f7bba3e
0x3e88b439	0x3e99999a	0x3f000000	0x3faa3722	0xbd5e5e26	0x3e3851ec	0x3f3d5860	0x3f7bcaee
0x3e88c155	0x3e99999a	0x3f000000	0x3faa3722	0xbd5e2d49	0x3e3851ec	0x3f3d64ed	0x3f7bdb9e
0x3e88ce70	0x3e99999a	0x3f000000	0x3faa3722	0xbd5dfc76	0x3e3851ec	0x3f3d7178	0x3f7bec4c
0x3e88db8c	0x3e99999a	0x3f000000	0x3faa3722	0xbd5dcba4	0x3e3851ec	0x3f3d7e04	0x3f7bfcfc
0x3e88e8a7	0x3e99999a	0x3f000000	0x3faa3722	0xbd5d9adb	0x3e3851ec	0x3f3d8a8e	0x3f7c0da8
0x3e88f5c3	0x3e99999a	0x3f000000	0x3faa3722	0xbd5d6a14	0x3e3851ec	0x3f3d9719	0x3f7c1e56
0x3e8902de	0x3e99999a	0x3f000000	0x3faa3722	0xbd5d3957	0x3e3851ec	0x3f3da3a2	0x3f7c2f02
0x3e890ff9	0x3e99999a	0x3f000000	0x3faa3722	0xbd5d089e	0x3e3851ec	0x3f3db02a	0x3f7c3fac
0x3e891d15	0x3e99999a	0x3f000000	0x3faa3722	0xbd5cd7e7	0x3e3851ec	0x3f3dbcb3	0x3f7c5057
0x3e892a30	0x3e99999a	0x3f000000	0x3faa3722	0xbd5ca739	0x3e3851ec	0x3f3dc93a	0x3f7c6100
0x3e89374c	0x3e99999a	0x3f000000	0x3faa3722	0xbd5c768d	0x3e3851ec	0x3f3dd5c2	0x3f7c71aa
0x3e894467	0x3e99999a	0x3f000000	0x3faa3722	0xbd5c45ea	0x3e3851ec	0x3f3de249	0x3f7c8253
0x3e895183	0x3e99999a	0x3f000000	0x3faa3722	0xbd5c1549	0x3e3851ec	0x3f3deecf	0x3f7c92fa
0x3e895e9e	0x3e99999a	0x3f000000	0x3faa3722	0xbd5be4b0	0x3e3851ec	0x3f3dfb55	0x3f7ca3a1
0x3e896bba	0x3e99999a	0x3f000000	0x3faa3722	0xbd5bb41a	0x3e3851ec	0x3f3e07da	0x3f7cb447
0x3e8978d5	0x3e99999a	0x3f000000	0x3faa3722	0xbd5b838c	0x3e3851ec	0x3f3e145e	0x3f7cc4ec
0x3e8985f0	0x3e99999a	0x3f000000	0x3faa3722	0xbd5b5304	0x3e3851ec	0x3f3e20e2	0x3f7cd591
0x3e89930c	0x3e99999a	0x3f000000	0x3faa3722	0xbd5b227d	0x3e3851ec	0x3f3e2d66	0x3f7ce635
0x3e89a027	0x3e99999a	0x3f000000	0x3faa3722	0xbd5af200	0x3e3851ec	0x3f3e39e8	0x3f7cf6d8
0x3e89ad43	0x3e99999a	0x3f000000	0x3faa3722	0xbd5ac184	0x3e3851ec	0x3f3e466b	0x3f7d077b
0x3e89ba5e	0x3e99999a	0x3f000000	0x3faa3722	0xbd5a9111	0x3e3851ec	0x3f3e52ec	0x3f7d181c
0x3e89c77a	0x3e99999a	0x3f000000	0x3faa3722	0xbd5a60a0	0x3e3851ec	0x3f3e5f6e	0x3f7d28be
0x3e89d495	0x3e99999a	0x3f000000	0x3faa3722	0xbd5a3038	0x3e3851ec	0x3f3e6bee	0x3f7d395d
0x3e89e1b1	0x3e99999a	0x3f000000	0x3faa3722	0xbd59ffd2	0x3e3851ec	0x3f3e786e	0x3f7d49fc
0x3e89eecc	0x3e99999a	0x3f000000	0x3faa3722	0xbd59cf74	0x3e3851ec	0x3f3e84ee	0x3f7d5a9c
0x3e89fbe7	0x3e99999a	0x3f000000	0x3faa3722	0xbd599f1c	0x3e3851ec	0x3f3e916c	0x3f7d6b39
0x3e8a0903	0x3e99999a	0x3f000000	0x3faa3722	0xbd596ec6	0x3e3851ec	0x3f3e9deb	0x3f7d7bd7
0x3e8a161e	0x3e99999a	0x3f000000	0x3faa3722	0xbd593e79	0x3e3851ec	0x3f3eaa68	0x3f7d8c72
0x3e8a233a	0x3e99999a	0x3f000000	0x3faa3722	0xbd590e2e	0x3e3851ec	0x3f3eb6e6	0x3f7d9d0f
0x3e8a3055	0x3e99999a	0x3f000000	0x3faa3722	0xbd58ddeb	0x3e3851ec	0x3f3ec362	0x3f7dada9
0x3e8a3d71	0x3e99999a	0x3f000000	0x3faa3722	0xbd58adaa	0x3e3851ec	0x3f3ecfdf	0x3f7dbe44
0x3e8a4a8c	0x3e99999a	0x3f000000	0x3faa3722	0xbd587d73	0x3e3851ec	0x3f3edc59	0x3f7dcedc
0x3e8a57a8	0x3e99999a	0x3f000000	0x3faa3722	0xbd584d3d	0x3e3851ec	0x3f3ee8d5	0x3f7ddf76
0x3e8a64c3	0x3e99999a	0x3f000000	0x3faa3722	0xbd581d10	0x3e3851ec	0x3f3ef54f	0x3f7df00d
0x3e8a71de	0x3e99999a	0x3f000000	0x3faa3722	0xbd57ece8	0x3e3851ec	0x3f3f01c8	0x3f7e00a3
0x3e8a7efa	0x3e99999a	0x3f000000	0x3faa3722	0xbd57bcc2	0x3e3851ec	0x3f3f0e42	0x3f7e113b
0x3e8a8c15	0x3e99999a	0x3f000000	0x3faa3722	0xbd578ca5	0x3e3851ec	0x3f3f1aba	0x3f7e21cf
0x3e8a9931	0x3e99999a	0x3f000000	0x3faa3722	0xbd575c8a	0x3e3851ec	0x3f3f2733	0x3f7e3265
0x3e8aa64c	0x3e99999a	0x3f000000	0x3faa3722	0xbd572c78	0x3e3851ec	0x3f3f33aa	0x3f7e42f9
0x3e8ab368	0x3e99999a	0x3f000000	0x3faa3722	0xbd56fc67	0x3e3851ec	0x3f3f4021	0x3f7e538c
0x3e8ac083	0x3e99999a	0x3f000000	0x3faa3722	0xbd56cc60	0x3e3851ec	0x3f3f4c97	0x3f7e641e
0x3e8acd9f	0x3e99999a	0x3f000000	0x3faa3722	0xbd569c5a	0x3e3851ec	0x3f3f590d	0x3f7e74b0
0x3e8adaba	0x3e99999a	0x3f000000	0x3faa3722	0xbd566c5e	0x3e3851ec	0x3f3f6581	0x3f7e8540
0x3e8ae7d5	0x3e99999a	0x3f000000	0x3faa3722	0xbd563c66	0x3e3851ec	0x3f3f71f6	0x3f7e95d1
0x3e8af4f1	0x3e99999a	0x3f000000	0x3faa3722	0xbd560c71	0x3e3851ec	0x3f3f7e6a	0x3f7ea660
0x3e8b020c	0x3e99999a	0x3f000000	0x3faa3722	0xbd55dc84	0x3e3851ec	0x3f3f8add	0x3f7eb6ee
0x3e8b0f28	0x3e99999a	0x3f000000	0x3faa3722	0xbd55ac99	0x3e3851ec	0x3f3f9751	0x3f7ec77d
0x3e8b1c43	0x3e99999a	0x3f000000	0x3faa3722	0xbd557cb8	0x3e3851ec	0x3f3fa3c2	0x3f7ed809
0x3e8b295f	0x3e99999a	0x3f000000	0x3faa3722	0xbd554cd7	0x3e3851ec	0x3f3fb034	0x3f7ee896
0x3e8b367a	0x3e99999a	0x3f000000	0x3faa3722	0xbd551d00	0x3e3851ec	0x3f3fbca5	0x3f7ef921
0x3e8b4396	0x3e99999a	0x3f000000	0x3faa3722	0xbd54ed2b	0x3e3851ec	0x3f3fc916	0x3f7f09ad
0x3e8b50b1	0x3e99999a	0x3f000000	0x3faa3722	0xbd54bd5f	0x3e3851ec	0x3f3fd585	0x3f7f1a35
0x3e8b5dcc	0x3e99999a	0x3f000000	0x3faa3722	0xbd548d98	0x3e3851ec	0x3f3fe1f4	0x3f7f2abe
0x3e8b6ae8	0x3e99999a	0x3f000000	0x3faa3722	0xbd545dd2	0x3e3851ec	0x3f3fee63	0x3f7f3b47
0x3e8b7803	0x3e99999a	0x3f000000	0x3faa3722	0xbd542e16	0x3e3851ec	0x3f3ffad1	0x3f7f4bce
0x3e8b851f	0x3e99999a	0x3f000000	0x3faa3722	0xbd53fe5c	0x3e3851ec	0x3f40073e	0x3f7f5c54
0x3e8b923a	0x3e99999a	0x3f000000	0x3faa3722	0xbd53ceaa	0x3e3851ec	0x3f4013ab	0x3f7f6cdb
0x3e8b9f56	0x3e99999a	0x3f000000	0x3faa3722	0xbd539efa	0x3e3851ec	0x3f402018	0x3f7f7d61
0x3e8bac71	0x3e99999a	0x3f000000	0x3faa3722	0xbd536f53	0x3e3851ec	0x3f402c83	0x3f7f8de4
0x3e8bb98c	0x3e99999a	0x3f000000	0x3faa3722	0xbd533fb2	0x3e3851ec	0x3f4038ee	0x3f7f9e68
0x3e8bc6a8	0x3e99999a	0x3f000000	0x3faa3722	0xbd531012	0x3e3851ec	0x3f404559	0x3f7faeeb
0x3e8bd3c3	0x3e99999a	0x3f000000	0x3faa3722	0xbd52e07c	0x3e3851ec	0x3f4051c2	0x3f7fbf6c
0x3e8be0df	0x3e99999a	0x3f000000	0x3faa3722	0xbd52b0e7	0x3e3851ec	0x3f405e2c	0x3f7fcfee
0x3e8bedfa	0x3e99999a	0x3f000000	0x3faa3722	0xbd52815b	0x3e3851ec	0x3f406a94	0x3f7fe06d
0x3e8bfb16	0x3e99999a	0x3f000000	0x3faa3722	0xbd5251d1	0x3e3851ec	0x3f4076fd	0x3f7ff0ee
0x3e8c0831	0x3e99999a	0x3f000000	0x3faa3722	0xbd52224f	0x3e3851ec	0x3f408364	0x3f8000b6
0x3e8c154d	0x3e99999a	0x3f000000	0x3faa3722	0xbd51f2d0	0x3e3851ec	0x3f408fcb	0x3f8008f5
0x3e8c2268	0x3e99999a	0x3f000000	0x3faa3722	0xbd51c359	0x3e3851ec	0x3f409c31	0x3f801134
0x3e8c2f83	0x3e99999a	0x3f000000	0x3faa3722	0xbd5193e8	0x3e3851ec	0x3f40a897	0x3f801972
0x3e8c3c9f	0x3e99999a	0x3f000000	0x3faa3722	0xbd516479	0x3e3851ec	0x3f40b4fc	0x3f8021b0
0x3e8c49ba	0x3e99999a	0x3f000000	0x3faa3722	0xbd513513	0x3e3851ec	0x3f40c160	0x3f8029ed
0x3e8c56d6	0x3e99999a	0x3f000000	0x3faa3722	0xbd5105ae	0x3e3851ec	0x3f40cdc4	0x3f80322a
0x3e8c63f1	0x3e99999a	0x3f000000	0x3faa3722	0xbd50d652	0x3e3851ec	0x3f40da27	0x3f803a66
0x3e8c710d	0x3e99999a	0x3f000000	0x3faa3722	0xbd50a6f9	0x3e3851ec	0x3f40e68a	0x3f8042a3
0x3e8c7e28	0x3e99999a	0x3f000000	0x3faa3722	0xbd5077a8	0x3e3851ec	0x3f40f2ec	0x3f804adf
0x3e8c8b44	0x3e99999a	0x3f000000	0x3faa3722	0xbd504859	0x3e3851ec	0x3f40ff4e	0x3f80531a
0x3e8c985f	0x3e99999a	0x3f000000	0x3faa3722	0xbd501912	0x3e3851ec	0x3f410bae	0x3f805b55
0x3e8ca57a	0x3e99999a	0x3f000000	0x3faa3722	0xbd4fe9d2	0x3e3851ec	0x3f41180e	0x3f80638f
0x3e8cb296	0x3e99999a	0x3f000000	0x3faa3722	0xbd4fba93	0x3e3851ec	0x3f41246e	0x3f806bca
0x3e8cbfb1	0x3e99999a	0x3f000000	0x3faa3722	0xbd4f8b5d	0x3e3851ec	0x3f4130cd	0x3f807403
0x3e8ccccd	0x3e99999a	0x3f000000	0x3faa3722	0xbd4f5c28	0x3e3851ec	0x3f413d2c	0x3f807c3d
0x3e8cd9e8	0x3e99999a	0x3f000000	0x3faa3722	0xbd4f2cfd	0x3e3851ec	0x3f414989	0x3f808475
0x3e8ce704	0x3e99999a	0x3f000000	0x3faa3722	0xbd4efdd3	0x3e3851ec	0x3f4155e6	0x3f808cae
0x3e8cf41f	0x3e99999a	0x3f000000	0x3faa3722	0xbd4eceb3	0x3e3851ec	0x3f416242	0x3f8094e6
0x3e8d013b	0x3e99999a	0x3f000000	0x3faa3722	0xbd4e9f94	0x3e3851ec	0x3f416e9f	0x3f809d1e
0x3e8d0e56	0x3e99999a	0x3f000000	0x3faa3722	0xbd4e707e	0x3e3851ec	0x3f417afa	0x3f80a555
0x3e8d1b71	0x3e99999a	0x3f000000	0x3faa3722	0xbd4e416e	0x3e3851ec	0x3f418754	0x3f80ad8c
0x3e8d288d	0x3e99999a	0x3f000000	0x3faa3722	0xbd4e125f	0x3e3851ec	0x3f4193af	0x3f80b5c3
0x3e8d35a8	0x3e99999a	0x3f000000	0x3faa3722	0xbd4de359	0x3e3851ec	0x3f41a007	0x3f80bdf8
0x3e8d42c4	0x3e99999a	0x3f000000	0x3faa3722	0xbd4db455	0x3e3851ec	0x3f41ac61	0x3f80c62e
0x3e8d4fdf	0x3e99999a	0x3f000000	0x3faa3722	0xbd4d855a	0x3e3851ec	0x3f41b8b9	0x3f80ce63
0x3e8d5cfb	0x3e99999a	0x3f000000	0x3faa3722	0xbd4d5661	0x3e3851ec	0x3f41c510	0x3f80d698
0x3e8d6a16	0x3e99999a	0x3f000000	0x3faa3722	0xbd4d2771	0x3e3851ec	0x3f41d167	0x3f80decc
0x3e8d7732	0x3e99999a	0x3f000000	0x3faa3722	0xbd4cf882	0x3e3851ec	0x3f41ddbe	0x3f80e701
0x3e8d844d	0x3e99999a	0x3f000000	0x3faa3722	0xbd4cc99d	0x3e3851ec	0x3f41ea13	0x3f80ef34
0x3e8d9168	0x3e99999a	0x3f000000	0x3faa3722	0xbd4c9abd	0x3e3851ec	0x3f41f668	0x3f80f767
0x3e8d9e84	0x3e99999a	0x3f000000	0x3faa3722	0xbd4c6bde	0x3e3851ec	0x3f4202bc	0x3f80ff99
0x3e8dab9f	0x3e99999a	0x3f000000	0x3faa3722	0xbd4c3d09	0x3e3851ec	0x3f420f10	0x3f8107cc
0x3e8db8bb	0x3e99999a	0x3f000000	0x3faa3722	0xbd4c0e35	0x3e3851ec	0x3f421b63	0x3f810ffd
0x3e8dc5d6	0x3e99999a	0x3f000000	0x3faa3722	0xbd4bdf6a	0x3e3851ec	0x3f4227b6	0x3f81182f
0x3e8dd2f2	0x3e99999a	0x3f000000	0x3faa3722	0xbd4bb0a2	0x3e3851ec	0x3f423408	0x3f812060
0x3e8de00d	0x3e99999a	0x3f000000	0x3faa3722	0xbd4b81e2	0x3e3851ec	0x3f424059	0x3f812891
0x3e8ded29	0x3e99999a	0x3f000000	0x3faa3722	0xbd4b5323	0x3e3851ec	0x3f424caa	0x3f8130c1
0x3e8dfa44	0x3e99999a	0x3f000000	0x3faa3722	0xbd4b246e	0x3e3851ec	0x3f4258f9	0x3f8138f0
0x3e8e075f	0x3e99999a	0x3f000000	0x3faa3722	0xbd4af5be	0x3e3851ec	0x3f426548	0x3f81411f
0x3e8e147b	0x3e99999a	0x3f000000	0x3faa3722	0xbd4ac710	0x3e3851ec	0x3f427198	0x3f81494f
0x3e8e2196	0x3e99999a	0x3f000000	0x3faa3722	0xbd4a986b	0x3e3851ec	0x3f427de5	0x3f81517d
0x3e8e2eb2	0x3e99999a	0x3f000000	0x3faa3722	0xbd4a69c8	0x3e3851ec	0x3f428a33	0x3f8159ab
0x3e8e3bcd	0x3e99999a	0x3f000000	0x3faa3722	0xbd4a3b2e	0x3e3851ec	0x3f42967f	0x3f8161d9
0x3e8e48e9	0x3e99999a	0x3f000000	0x3faa3722	0xbd4a0c95	0x3e3851ec	0x3f42a2cc	0x3f816a06
0x3e8e5604	0x3e99999a	0x3f000000	0x3faa3722	0xbd49de05	0x3e3851ec	0x3f42af17	0x3f817233
0x3e8e6320	0x3e99999a	0x3f000000	0x3faa3722	0xbd49af78	0x3e3851ec	0x3f42bb63	0x3f817a60
0x3e8e703b	0x3e99999a	0x3f000000	0x3faa3722	0xbd4980f3	0x3e3851ec	0x3f42c7ac	0x3f81828b
0x3e8e7d56	0x3e99999a	0x3f000000	0x3faa3722	0xbd495273	0x3e3851ec	0x3f42d3f5	0x3f818ab6
0x3e8e8a72	0x3e99999a	0x3f000000	0x3faa3722	0xbd4923f5	0x3e3851ec	0x3f42e03f	0x3f8192e2
0x3e8e978d	0x3e99999a	0x3f000000	0x3faa3722	0xbd48f581	0x3e3851ec	0x3f42ec87	0x3f819b0c
0x3e8ea4a9	0x3e99999a	0x3f000000	0x3faa3722	0xbd48c70e	0x3e3851ec	0x3f42f8cf	0x3f81a337
0x3e8eb1c4	0x3e99999a	0x3f000000	0x3faa3722	0xbd4898a4	0x3e3851ec	0x3f430515	0x3f81ab60
0x3e8ebee0	0x3e99999a	0x3f000000	0x3faa3722	0xbd486a3b	0x3e3851ec	0x3f43115c	0x3f81b38a
0x3e8ecbfb	0x3e99999a	0x3f000000	0x3faa3722	0xbd483bdc	0x3e3851ec	0x3f431da1	0x3f81bbb2
0x3e8ed917	0x3e99999a	0x3f000000	0x3faa3722	0xbd480d7e	0x3e3851ec	0x3f4329e7	0x3f81c3db
0x3e8ee632	0x3e99999a	0x3f000000	0x3faa3722	0xbd47df2a	0x3e3851ec	0x3f43362b	0x3f81cc03
0x3e8ef34d	0x3e99999a	0x3f000000	0x3faa3722	0xbd47b0db	0x3e3851ec	0x3f43426e	0x3f81d42a
0x3e8f0069	0x3e99999a	0x3f000000	0x3faa3722	0xbd47828d	0x3e3851ec	0x3f434eb2	0x3f81dc52
0x3e8f0d84	0x3e99999a	0x3f000000	0x3faa3722	0xbd475449	0x3e3851ec	0x3f435af4	0x3f81e479
0x3e8f1aa0	0x3e99999a	0x3f000000	0x3faa3722	0xbd472606	0x3e3851ec	0x3f436737	0x3f81eca0
0x3e8f27bb	0x3e99999a	0x3f000000	0x3faa3722	0xbd46f7cc	0x3e3851ec	0x3f437377	0x3f81f4c5
0x3e8f34d7	0x3e99999a	0x3f000000	0x3faa3722	0xbd46c994	0x3e3851ec	0x3f437fb8	0x3f81fceb
0x3e8f41f2	0x3e99999a	0x3f000000	0x3faa3722	0xbd469b65	0x3e3851ec	0x3f438bf8	0x3f820510
0x3e8f4f0e	0x3e99999a	0x3f000000	0x3faa3722	0xbd466d38	0x3e3851ec	0x3f439837	0x3f820d34
0x3e8f5c29	0x3e99999a	0x3f000000	0x3faa3722	0xbd463f14	0x3e3851ec	0x3f43a475	0x3f821558
0x3e8f6944	0x3e99999a	0x3f000000	0x3faa3722	0xbd4610f5	0x3e3851ec	0x3f43b0b3	0x3f821d7c
0x3e8f7660	0x3e99999a	0x3f000000	0x3faa3722	0xbd45e2d8	0x3e3851ec	0x3f43bcf1	0x3f8225a0
0x3e8f837b	0x3e99999a	0x3f000000	0x3faa3722	0xbd45b4c4	0x3e3851ec	0x3f43c92c	0x3f822dc1
0x3e8f9097	0x3e99999a	0x3f000000	0x3faa3722	0xbd4586b1	0x3e3851ec	0x3f43d569	0x3f8235e5
0x3e8f9db2	0x3e99999a	0x3f000000	0x3faa3722	0xbd4558a8	0x3e3851ec	0x3f43e1a4	0x3f823e06
0x3e8faace	0x3e99999a	0x3f000000	0x3faa3722	0xbd452aa0	0x3e3851ec	0x3f43eddf	0x3f824628
0x3e8fb7e9	0x3e99999a	0x3f000000	0x3faa3722	0xbd44fca2	0x3e3851ec	0x3f43fa18	0x3f824e49
0x3e8fc505	0x3e99999a	0x3f000000	0x3faa3722	0xbd44cea5	0x3e3851ec	0x3f440652	0x3f82566a
0x3e8fd220	0x3e99999a	0x3f000000	0x3faa3722	0xbd44a0b1	0x3e3851ec	0x3f44128a	0x3f825e8a
0x3e8fdf3b	0x3e99999a	0x3f000000	0x3faa3722	0xbd4472c2	0x3e3851ec	0x3f441ec2	0x3f8266a9
0x3e8fec57	0x3e99999a	0x3f000000	0x3faa3722	0xbd4444d6	0x3e3851ec	0x3f442af9	0x3f826ec9
0x3e8ff972	0x3e99999a	0x3f000000	0x3faa3722	0xbd4416f2	0x3e3851ec	0x3f44372f	0x3f8276e7
0x3e90068e	0x3e99999a	0x3f000000	0x3faa3722	0xbd43e910	0x3e3851ec	0x3f444366	0x3f827f06
0x3e9013a9	0x3e99999a	0x3f000000	0x3faa3722	0xbd43bb37	0x3e3851ec	0x3f444f9a	0x3f828723
0x3e9020c5	0x3e99999a	0x3f000000	0x3faa3722	0xbd438d5f	0x3e3851ec	0x3f445bd0	0x3f828f42
0x3e902de0	0x3e99999a	0x3f000000	0x3faa3722	0xbd435f91	0x3e3851ec	0x3f446803	0x3f82975e
0x3e903afb	0x3e99999a	0x3f000000	0x3faa3722	0xbd4331c8	0x3e3851ec	0x3f447436	0x3f829f7b
0x3e904817	0x3e99999a	0x3f000000	0x3faa3722	0xbd430401	0x3e3851ec	0x3f448069	0x3f82a797
0x3e905532	0x3e99999a	0x3f000000	0x3faa3722	0xbd42d642	0x3e3851ec	0x3f448c9b	0x3f82afb3
0x3e90624e	0x3e99999a	0x3f000000	0x3faa3722	0xbd42a886	0x3e3851ec	0x3f4498cc	0x3f82b7ce
0x3e906f69	0x3e99999a	0x3f000000	0x3faa3722	0xbd427ad2	0x3e3851ec	0x3f44a4fc	0x3f82bfe9
0x3e907c85	0x3e99999a	0x3f000000	0x3faa3722	0xbd424d21	0x3e3851ec	0x3f44b12c	0x3f82c803
0x3e9089a0	0x3e99999a	0x3f000000	0x3faa3722	0xbd421f78	0x3e3851ec	0x3f44bd5b	0x3f82d01d
0x3e9096bc	0x3e99999a	0x3f000000	0x3faa3722	0xbd41f1d1	0x3e3851ec	0x3f44c98a	0x3f82d837
0x3e90a3d7	0x3e99999a	0x3f000000	0x3faa3722	0xbd41c433	0x3e3851ec	0x3f44d5b7	0x3f82e050
0x3e90b0f2	0x3e99999a	0x3f000000	0x3faa3722	0xbd41969a	0x3e3851ec	0x3f44e1e4	0x3f82e868
0x3e90be0e	0x3e99999a	0x3f000000	0x3faa3722	0xbd416903	0x3e3851ec	0x3f44ee11	0x3f82f081
0x3e90cb29	0x3e99999a	0x3f000000	0x3faa3722	0xbd413b75	0x3e3851ec	0x3f44fa3d	0x3f82f898
0x3e90d845	0x3e99999a	0x3f000000	0x3faa3722	0xbd410de9	0x3e3851ec	0x3f450668	0x3f8300b0
0x3e90e560	0x3e99999a	0x3f000000	0x3faa3722	0xbd40e066	0x3e3851ec	0x3f451292	0x3f8308c6
0x3e90f27c	0x3e99999a	0x3f000000	0x3faa3722	0xbd40b2e5	0x3e3851ec	0x3f451ebc	0x3f8310dd
0x3e90ff97	0x3e99999a	0x3f000000	0x3faa3722	0xbd40856c	0x3e3851ec	0x3f452ae5	0x3f8318f2
0x3e910cb3	0x3e99999a	0x3f000000	0x3faa3722	0xbd4057f6	0x3e3851ec	0x3f45370e	0x3f832108
0x3e9119ce	0x3e99999a	0x3f000000	0x3faa3722	0xbd402a88	0x3e3851ec	0x3f454335	0x3f83291d
0x3e9126e9	0x3e99999a	0x3f000000	0x3faa3722	0xbd3ffd1f	0x3e3851ec	0x3f454f5c	0x3f833131
0x3e913405	0x3e99999a	0x3f000000	0x3faa3722	0xbd3fcfb9	0x3e3851ec	0x3f455b82	0x3f833945
0x3e914120	0x3e99999a	0x3f000000	0x3faa3722	0xbd3fa25b	0x3e3851ec	0x3f4567a7	0x3f834158
0x3e914e3c	0x3e99999a	0x3f000000	0x3faa3722	0xbd3f7500	0x3e3851ec	0x3f4573cd	0x3f83496c
0x3e915b57	0x3e99999a	0x3f000000	0x3faa3722	0xbd3f47ad	0x3e3851ec	0x3f457ff1	0x3f83517f
0x3e916873	0x3e99999a	0x3f000000	0x3faa3722	0xbd3f1a5c	0x3e3851ec	0x3f458c14	0x3f835991
0x3e91758e	0x3e99999a	0x3f000000	0x3faa3722	0xbd3eed13	0x3e3851ec	0x3f459837	0x3f8361a2
0x3e9182aa	0x3e99999a	0x3f000000	0x3faa3722	0xbd3ebfcd	0x3e3851ec	0x3f45a459	0x3f8369b4
0x3e918fc5	0x3e99999a	0x3f000000	0x3faa3722	0xbd3e9290	0x3e3851ec	0x3f45b07b	0x3f8371c5
0x3e919ce0	0x3e99999a	0x3f000000	0x3faa3722	0xbd3e6558	0x3e3851ec	0x3f45bc9b	0x3f8379d5
0x3e91a9fc	0x3e99999a	0x3f000000	0x3faa3722	0xbd3e3821	0x3e3851ec	0x3f45c8bc	0x3f8381e5
0x3e91b717	0x3e99999a	0x3f000000	0x3faa3722	0xbd3e0af4	0x3e3851ec	0x3f45d4da	0x3f8389f4
0x3e91c433	0x3e99999a	0x3f000000	0x3faa3722	0xbd3dddc9	0x3e3851ec	0x3f45e0f9	0x3f839203
0x3e91d14e	0x3e99999a	0x3f000000	0x3faa3722	0xbd3db0a6	0x3e3851ec	0x3f45ed17	0x3f839a11
0x3e91de6a	0x3e99999a	0x3f000000	0x3faa3722	0xbd3d8385	0x3e3851ec	0x3f45f935	0x3f83a220
0x3e91eb85	0x3e99999a	0x3f000000	0x3faa3722	0xbd3d566d	0x3e3851ec	0x3f460551	0x3f83aa2d
0x3e91f8a1	0x3e99999a	0x3f000000	0x3faa3722	0xbd3d2957	0x3e3851ec	0x3f46116d	0x3f83b23a
0x3e9205bc	0x3e99999a	0x3f000000	0x3faa3722	0xbd3cfc4a	0x3e3851ec	0x3f461d88	0x3f83ba47
0x3e9212d7	0x3e99999a	0x3f000000	0x3faa3722	0xbd3ccf42	0x3e3851ec	0x3f4629a2	0x3f83c253
0x3e921ff3	0x3e99999a	0x3f000000	0x3faa3722	0xbd3ca23d	0x3e3851ec	0x3f4635bc	0x3f83ca5f
0x3e922d0e	0x3e99999a	0x3f000000	0x3faa3722	0xbd3c7540	0x3e3851ec	0x3f4641d5	0x3f83d26a
0x3e923a2a	0x3e99999a	0x3f000000	0x3faa3722	0xbd3c4844	0x3e3851ec	0x3f464dee	0x3f83da75
0x3e924745	0x3e99999a	0x3f000000	0x3faa3722	0xbd3c1b52	0x3e3851ec	0x3f465a05	0x3f83e27f
0x3e925461	0x3e99999a	0x3f000000	0x3faa3722	0xbd3bee62	0x3e3851ec	0x3f46661c	0x3f83ea89
0x3e92617c	0x3e99999a	0x3f000000	0x3faa3722	0xbd3bc17a	0x3e3851ec	0x3f467232	0x3f83f292
0x3e926e98	0x3e99999a	0x3f000000	0x3faa3722	0xbd3b9495	0x3e3851ec	0x3f467e48	0x3f83fa9b
0x3e927bb3	0x3e99999a	0x3f000000	0x3faa3722	0xbd3b67b8	0x3e3851ec	0x3f468a5c	0x3f8402a3
0x3e9288ce	0x3e99999a	0x3f000000	0x3faa3722	0xbd3b3ae0	0x3e3851ec	0x3f469670	0x3f840aab
0x3e9295ea	0x3e99999a	0x3f000000	0x3faa3722	0xbd3b0e0b	0x3e3851ec	0x3f46a284	0x3f8412b3
0x3e92a305	0x3e99999a	0x3f000000	0x3faa3722	0xbd3ae13e	0x3e3851ec	0x3f46ae96	0x3f841aba
0x3e92b021	0x3e99999a	0x3f000000	0x3faa3722	0xbd3ab473	0x3e3851ec	0x3f46baa9	0x3f8422c1
0x3e92bd3c	0x3e99999a	0x3f000000	0x3faa3722	0xbd3a87b1	0x3e3851ec	0x3f46c6b9	0x3f842ac6
0x3e92ca58	0x3e99999a	0x3f000000	0x3faa3722	0xbd3a5af1	0x3e3851ec	0x3f46d2ca	0x3f8432cc
0x3e92d773	0x3e99999a	0x3f000000	0x3faa3722	0xbd3a2e3a	0x3e3851ec	0x3f46deda	0x3f843ad1
0x3e92e48f	0x3e99999a	0x3f000000	0x3faa3722	0xbd3a0185	0x3e3851ec	0x3f46eae9	0x3f8442d6
0x3e92f1aa	0x3e99999a	0x3f000000	0x3faa3722	0xbd39d4d8	0x3e3851ec	0x3f46f6f7	0x3f844ada
0x3e92fec5	0x3e99999a	0x3f000000	0x3faa3722	0xbd39a831	0x3e3851ec	0x3f470304	0x3f8452dd
0x3e930be1	0x3e99999a	0x3f000000	0x3faa3722	0xbd397b8c	0x3e3851ec	0x3f470f12	0x3f845ae1
0x3e9318fc	0x3e99999a	0x3f000000	0x3faa3722	0xbd394eef	0x3e3851ec	0x3f471b1e	0x3f8462e3
0x3e932618	0x3e99999a	0x3f000000	0x3faa3722	0xbd392255	0x3e3851ec	0x3f472729	0x3f846ae5
0x3e933333	0x3e99999a	0x3f000000	0x3faa3722	0xbd38f5c3	0x3e3851ec	0x3f473334	0x3f8472e7
0x3e93404f	0x3e99999a	0x3f000000	0x3faa3722	0xbd38c934	0x3e3851ec	0x3f473f3e	0x3f847ae8
0x3e934d6a	0x3e99999a	0x3f000000	0x3faa3722	0xbd389cad	0x3e3851ec	0x3f474b47	0x3f8482e9
0x3e935a86	0x3e99999a	0x3f000000	0x3faa3722	0xbd387028	0x3e3851ec	0x3f475750	0x3f848ae9
0x3e9367a1	0x3e99999a	0x3f000000	0x3faa3722	0xbd3843ab	0x3e3851ec	0x3f476358	0x3f8492e9
0x3e9374bc	0x3e99999a	0x3f000000	0x3faa3722	0xbd381735	0x3e3851ec	0x3f476f5e	0x3f849ae8
0x3e9381d8	0x3e99999a	0x3f000000	0x3faa3722	0xbd37eac0	0x3e3851ec	0x3f477b65	0x3f84a2e7
0x3e938ef3	0x3e99999a	0x3f000000	0x3faa3722	0xbd37be54	0x3e3851ec	0x3f47876b	0x3f84aae6
0x3e939c0f	0x3e99999a	0x3f000000	0x3faa3722	0xbd3791e9	0x3e3851ec	0x3f479370	0x3f84b2e4
0x3e93a92a	0x3e99999a	0x3f000000	0x3faa3722	0xbd376588	0x3e3851ec	0x3f479f74	0x3f84bae1
0x3e93b646	0x3e99999a	0x3f000000	0x3faa3722	0xbd373929	0x3e3851ec	0x3f47ab78	0x3f84c2de
0x3e93c361	0x3e99999a	0x3f000000	0x3faa3722	0xbd370cd2	0x3e3851ec	0x3f47b77a	0x3f84cada
0x3e93d07d	0x3e99999a	0x3f000000	0x3faa3722	0xbd36e07d	0x3e3851ec	0x3f47c37d	0x3f84d2d7
0x3e93dd98	0x3e99999a	0x3f000000	0x3faa3722	0xbd36b431	0x3e3851ec	0x3f47cf7e	0x3f84dad2
0x3e93eab3	0x3e99999a	0x3f000000	0x3faa3722	0xbd3687eb	0x3e3851ec	0x3f47db7e	0x3f84e2cc
0x3e93f7cf	0x3e99999a	0x3f000000	0x3faa3722	0xbd365ba6	0x3e3851ec	0x3f47e77e	0x3f84eac7
0x3e9404ea	0x3e99999a	0x3f000000	0x3faa3722	0xbd362f6b	0x3e3851ec	0x3f47f37c	0x3f84f2c0
0x3e941206	0x3e99999a	0x3f000000	0x3faa3722	0xbd360331	0x3e3851ec	0x3f47ff7b	0x3f84faba
0x3e941f21	0x3e99999a	0x3f000000	0x3faa3722	0xbd35d700	0x3e3851ec	0x3f480b79	0x3f8502b3
0x3e942c3d	0x3e99999a	0x3f000000	0x3faa3722	0xbd35aad1	0x3e3851ec	0x3f481776	0x3f850aac
0x3e943958	0x3e99999a	0x3f000000	0x3faa3722	0xbd357eaa	0x3e3851ec	0x3f482372	0x3f8512a4
0x3e944674	0x3e99999a	0x3f000000	0x3faa3722	0xbd355286	0x3e3851ec	0x3f482f6e	0x3f851a9c
0x3e94538f	0x3e99999a	0x3f000000	0x3faa3722	0xbd35266a	0x3e3851ec	0x3f483b68	0x3f852292
0x3e9460aa	0x3e99999a	0x3f000000	0x3faa3722	0xbd34fa54	0x3e3851ec	0x3f484761	0x3f852a88
0x3e946dc6	0x3e99999a	0x3f000000	0x3faa3722	0xbd34ce40	0x3e3851ec	0x3f48535b	0x3f85327f
0x3e947ae1	0x3e99999a	0x3f000000	0x3faa3722	0xbd34a235	0x3e3851ec	0x3f485f53	0x3f853a74
0x3e9487fd	0x3e99999a	0x3f000000	0x3faa3722	0xbd34762b	0x3e3851ec	0x3f486b4b	0x3f854269
0x3e949518	0x3e99999a	0x3f000000	0x3faa3722	0xbd344a2a	0x3e3851ec	0x3f487742	0x3f854a5e
0x3e94a234	0x3e99999a	0x3f000000	0x3faa3722	0xbd341e2c	0x3e3851ec	0x3f488338	0x3f855252
0x3e94af4f	0x3e99999a	0x3f000000	0x3faa3722	0xbd33f236	0x3e3851ec	0x3f488f2d	0x3f855a45
0x3e94bc6a	0x3e99999a	0x3f000000	0x3faa3722	0xbd33c645	0x3e3851ec	0x3f489b22	0x3f856239
0x3e94c986	0x3e99999a	0x3f000000	0x3faa3722	0xbd339a56	0x3e3851ec	0x3f48a716	0x3f856a2b
0x3e94d6a1	0x3e99999a	0x3f000000	0x3faa3722	0xbd336e70	0x3e3851ec	0x3f48b309	0x3f85721d
0x3e94e3bd	0x3e99999a	0x3f000000	0x3faa3722	0xbd33428d	0x3e3851ec	0x3f48befc	0x3f857a0f
0x3e94f0d8	0x3e99999a	0x3f000000	0x3faa3722	0xbd3316b1	0x3e3851ec	0x3f48caed	0x3f858200
0x3e94fdf4	0x3e99999a	0x3f000000	0x3faa3722	0xbd32ead8	0x3e3851ec	0x3f48d6df	0x3f8589f1
0x3e950b0f	0x3e99999a	0x3f000000	0x3faa3722	0xbd32bf08	0x3e3851ec	0x3f48e2ce	0x3f8591e0
0x3e95182b	0x3e99999a	0x3f000000	0x3faa3722	0xbd329339	0x3e3851ec	0x3f48eebe	0x3f8599d0
0x3e952546	0x3e99999a	0x3f000000	0x3faa3722	0xbd326774	0x3e3851ec	0x3f48faad	0x3f85a1bf
0x3e953261	0x3e99999a	0x3f000000	0x3faa3722	0xbd323bb3	0x3e3851ec	0x3f49069a	0x3f85a9ad
0x3e953f7d	0x3e99999a	0x3f000000	0x3faa3722	0xbd320ff5	0x3e3851ec	0x3f491288	0x3f85b19c
0x3e954c98	0x3e99999a	0x3f000000	0x3faa3722	0xbd31e43f	0x3e3851ec	0x3f491e74	0x3f85b989
0x3e9559b4	0x3e99999a	0x3f000000	0x3faa3722	0xbd31b88c	0x3e3851ec	0x3f492a60	0x3f85c177
0x3e9566cf	0x3e99999a	0x3f000000	0x3faa3722	0xbd318ce1	0x3e3851ec	0x3f49364a	0x3f85c963
0x3e9573eb	0x3e99999a	0x3f000000	0x3faa3722	0xbd316138	0x3e3851ec	0x3f494235	0x3f85d14f
0x3e958106	0x3e99999a	0x3f000000	0x3faa3722	0xbd313598	0x3e3851ec	0x3f494e1e	0x3f85d93a
0x3e958e22	0x3e99999a	0x3f000000	0x3faa3722	0xbd3109fa	0x3e3851ec	0x3f495a07	0x3f85e126
0x3e959b3d	0x3e99999a	0x3f000000	0x3faa3722	0xbd30de65	0x3e3851ec	0x3f4965ee	0x3f85e910
0x3e95a858	0x3e99999a	0x3f000000	0x3faa3722	0xbd30b2d5	0x3e3851ec	0x3f4971d5	0x3f85f0fa
0x3e95b574	0x3e99999a	0x3f000000	0x3faa3722	0xbd308747	0x3e3851ec	0x3f497dbc	0x3f85f8e4
0x3e95c28f	0x3e99999a	0x3f000000	0x3faa3722	0xbd305bc1	0x3e3851ec	0x3f4989a1	0x3f8600cc
0x3e95cfab	0x3e99999a	0x3f000000	0x3faa3722	0xbd30303e	0x3e3851ec	0x3f499587	0x3f8608b6
0x3e95dcc6	0x3e99999a	0x3f000000	0x3faa3722	0xbd3004c4	0x3e3851ec	0x3f49a16a	0x3f86109d
0x3e95e9e2	0x3e99999a	0x3f000000	0x3faa3722	0xbd2fd94b	0x3e3851ec	0x3f49ad4e	0x3f861885
0x3e95f6fd	0x3e99999a	0x3f000000	0x3faa3722	0xbd2faddb	0x3e3851ec	0x3f49b930	0x3f86206b
0x3e960419	0x3e99999a	0x3f000000	0x3faa3722	0xbd2f826d	0x3e3851ec	0x3f49c512	0x3f862852
0x3e961134	0x3e99999a	0x3f000000	0x3faa3722	0xbd2f5708	0x3e3851ec	0x3f49d0f3	0x3f863038
0x3e961e4f	0x3e99999a	0x3f000000	0x3faa3722	0xbd2f2ba9	0x3e3851ec	0x3f49dcd2	0x3f86381d
0x3e962b6b	0x3e99999a	0x3f000000	0x3faa3722	0xbd2f004b	0x3e3851ec	0x3f49e8b3	0x3f864003
0x3e963886	0x3e99999a	0x3f000000	0x3faa3722	0xbd2ed4f6	0x3e3851ec	0x3f49f491	0x3f8647e7
0x3e9645a2	0x3e99999a	0x3f000000	0x3faa3722	0xbd2ea9a3	0x3e3851ec	0x3f4a006f	0x3f864fcb
0x3e9652bd	0x3e99999a	0x3f000000	0x3faa3722	0xbd2e7e59	0x3e3851ec	0x3f4a0c4c	0x3f8657ae
0x3e965fd9	0x3e99999a	0x3f000000	0x3faa3722	0xbd2e5311	0x3e3851ec	0x3f4a1828	0x3f865f91
0x3e966cf4	0x3e99999a	0x3f000000	0x3faa3722	0xbd2e27d1	0x3e3851ec	0x3f4a2404	0x3f866773
0x3e967a10	0x3e99999a	0x3f000000	0x3faa3722	0xbd2dfc94	0x3e3851ec	0x3f4a2fdf	0x3f866f55
0x3e96872b	0x3e99999a	0x3f000000	0x3faa3722	0xbd2dd15f	0x3e3851ec	0x3f4a3bb9	0x3f867737
0x3e969446	0x3e99999a	0x3f000000	0x3faa3722	0xbd2da630	0x3e3851ec	0x3f4a4791	0x3f867f17
0x3e96a162	0x3e99999a	0x3f000000	0x3faa3722	0xbd2d7b02	0x3e3851ec	0x3f4a536a	0x3f8686f7
0x3e96ae7d	0x3e99999a	0x3f000000	0x3faa3722	0xbd2d4fde	0x3e3851ec	0x3f4a5f41	0x3f868ed7
0x3e96bb99	0x3e99999a	0x3f000000	0x3faa3722	0xbd2d24bb	0x3e3851ec	0x3f4a6b19	0x3f8696b6
0x3e96c8b4	0x3e99999a	0x3f000000	0x3faa3722	0xbd2cf9a1	0x3e3851ec	0x3f4a76ee	0x3f869e94
0x3e96d5d0	0x3e99999a	0x3f000000	0x3faa3722	0xbd2cce89	0x3e3851ec	0x3f4a82c4	0x3f86a673
0x3e96e2eb	0x3e99999a	0x3f000000	0x3faa3722	0xbd2ca37a	0x3e3851ec	0x3f4a8e98	0x3f86ae50
0x3e96f007	0x3e99999a	0x3f000000	0x3faa3722	0xbd2c786d	0x3e3851ec	0x3f4a9a6d	0x3f86b62e
0x3e96fd22	0x3e99999a	0x3f000000	0x3faa3722	0xbd2c4d69	0x3e3851ec	0x3f4aa63f	0x3f86be0a
0x3e970a3d	0x3e99999a	0x3f000000	0x3faa3722	0xbd2c2269	0x3e3851ec	0x3f4ab211	0x3f86c5e6
0x3e971759	0x3e99999a	0x3f000000	0x3faa3722	0xbd2bf76c	0x3e3851ec	0x3f4abde3	0x3f86cdc2
0x3e972474	0x3e99999a	0x3f000000	0x3faa3722	0xbd2bcc78	0x3e3851ec	0x3f4ac9b3	0x3f86d59d
0x3e973190	0x3e99999a	0x3f000000	0x3faa3722	0xbd2ba186	0x3e3851ec	0x3f4ad583	0x3f86dd78
0x3e973eab	0x3e99999a	0x3f000000	0x3faa3722	0xbd2b769c	0x3e3851ec	0x3f4ae152	0x3f86e552
0x3e974bc7	0x3e99999a	0x3f000000	0x3faa3722	0xbd2b4bb5	0x3e3851ec	0x3f4aed21	0x3f86ed2c
0x3e9758e2	0x3e99999a	0x3f000000	0x3faa3722	0xbd2b20d6	0x3e3851ec	0x3f4af8ee	0x3f86f504
0x3e9765fe	0x3e99999a	0x3f000000	0x3faa3722	0xbd2af5f9	0x3e3851ec	0x3f4b04bb	0x3f86fcdd
0x3e977319	0x3e99999a	0x3f000000	0x3faa3722	0xbd2acb25	0x3e3851ec	0x3f4b1086	0x3f8704b5
0x3e978034	0x3e99999a	0x3f000000	0x3faa3722	0xbd2aa056	0x3e3851ec	0x3f4b1c51	0x3f870c8c
0x3e978d50	0x3e99999a	0x3f000000	0x3faa3722	0xbd2a758a	0x3e3851ec	0x3f4b281c	0x3f871463
0x3e979a6b	0x3e99999a	0x3f000000	0x3faa3722	0xbd2a4ac5	0x3e3851ec	0x3f4b33e5	0x3f871c39
0x3e97a787	0x3e99999a	0x3f000000	0x3faa3722	0xbd2a2004	0x3e3851ec	0x3f4b3fae	0x3f87240f
0x3e97b4a2	0x3e99999a	0x3f000000	0x3faa3722	0xbd29f54a	0x3e3851ec	0x3f4b4b75	0x3f872be4
0x3e97c1be	0x3e99999a	0x3f000000	0x3faa3722	0xbd29ca93	0x3e3851ec	0x3f4b573d	0x3f8733b9
0x3e97ced9	0x3e99999a	0x3f000000	0x3faa3722	0xbd299fe4	0x3e3851ec	0x3f4b6303	0x3f873b8d
0x3e97dbf5	0x3e99999a	0x3f000000	0x3faa3722	0xbd297538	0x3e3851ec	0x3f4b6ec9	0x3f874361
0x3e97e910	0x3e99999a	0x3f000000	0x3faa3722	0xbd294a94	0x3e3851ec	0x3f4b7a8d	0x3f874b34
0x3e97f62b	0x3e99999a	0x3f000000	0x3faa3722	0xbd291ff6	0x3e3851ec	0x3f4b8650	0x3f875306
0x3e980347	0x3e99999a	0x3f000000	0x3faa3722	0xbd28f559	0x3e3851ec	0x3f4b9214	0x3f875ad9
0x3e981062	0x3e99999a	0x3f000000	0x3faa3722	0xbd28cac6	0x3e3851ec	0x3f4b9dd6	0x3f8762aa
0x3e981d7e	0x3e99999a	0x3f000000	0x3faa3722	0xbd28a034	0x3e3851ec	0x3f4ba998	0x3f876a7b
0x3e982a99	0x3e99999a	0x3f000000	0x3faa3722	0xbd2875ab	0x3e3851ec	0x3f4bb558	0x3f87724b
0x3e9837b5	0x3e99999a	0x3f000000	0x3faa3722	0xbd284b24	0x3e3851ec	0x3f4bc119	0x3f877a1c
0x3e9844d0	0x3e99999a	0x3f000000	0x3faa3722	0xbd2820a6	0x3e3851ec	0x3f4bccd7	0x3f8781eb
0x3e9851ec	0x3e99999a	0x3f000000	0x3faa3722	0xbd27f62a	0x3e3851ec	0x3f4bd896	0x3f8789ba
0x3e985f07	0x3e99999a	0x3f000000	0x3faa3722	0xbd27cbb6	0x3e3851ec	0x3f4be453	0x3f879188
0x3e986c22	0x3e99999a	0x3f000000	0x3faa3722	0xbd27a148	0x3e3851ec	0x3f4bf00f	0x3f879956
0x3e98793e	0x3e99999a	0x3f000000	0x3faa3722	0xbd2776dc	0x3e3851ec	0x3f4bfbcb	0x3f87a123
0x3e988659	0x3e99999a	0x3f000000	0x3faa3722	0xbd274c79	0x3e3851ec	0x3f4c0786	0x3f87a8f0
0x3e989375	0x3e99999a	0x3f000000	0x3faa3722	0xbd272217	0x3e3851ec	0x3f4c1341	0x3f87b0bc
0x3e98a090	0x3e99999a	0x3f000000	0x3faa3722	0xbd26f7bf	0x3e3851ec	0x3f4c1efa	0x3f87b888
0x3e98adac	0x3e99999a	0x3f000000	0x3faa3722	0xbd26cd68	0x3e3851ec	0x3f4c2ab3	0x3f87c053
0x3e98bac7	0x3e99999a	0x3f000000	0x3faa3722	0xbd26a31a	0x3e3851ec	0x3f4c366a	0x3f87c81d
0x3e98c7e3	0x3e99999a	0x3f000000	0x3faa3722	0xbd2678cf	0x3e3851ec	0x3f4c4222	0x3f87cfe8
0x3e98d4fe	0x3e99999a	0x3f000000	0x3faa3722	0xbd264e8b	0x3e3851ec	0x3f4c4dd7	0x3f87d7b1
0x3e98e219	0x3e99999a	0x3f000000	0x3faa3722	0xbd26244e	0x3e3851ec	0x3f4c598c	0x3f87df79
0x3e98ef35	0x3e99999a	0x3f000000	0x3faa3722	0xbd25fa12	0x3e3851ec	0x3f4c6541	0x3f87e742
0x3e98fc50	0x3e99999a	0x3f000000	0x3faa3722	0xbd25cfdf	0x3e3851ec	0x3f4c70f4	0x3f87ef09
0x3e99096c	0x3e99999a	0x3f000000	0x3faa3722	0xbd25a5ae	0x3e3851ec	0x3f4c7ca8	0x3f87f6d2
0x3e991687	0x3e99999a	0x3f000000	0x3faa3722	0xbd257b85	0x3e3851ec	0x3f4c885a	0x3f87fe98
0x3e9923a3	0x3e99999a	0x3f000000	0x3faa3722	0xbd25515f	0x3e3851ec	0x3f4c940b	0x3f88065e
0x3e9930be	0x3e99999a	0x3f000000	0x3faa3722	0xbd252742	0x3e3851ec	0x3f4c9fbb	0x3f880e24
0x3e993dd9	0x3e99999a	0x3f000000	0x3faa3722	0xbd24fd29	0x3e3851ec	0x3f4cab6a	0x3f8815e8
0x3e994af5	0x3e99999a	0x3f000000	0x3faa3722	0xbd24d313	0x3e3851ec	0x3f4cb71a	0x3f881dae
0x3e995810	0x3e99999a	0x3f000000	0x3faa3722	0xbd24a906	0x3e3851ec	0x3f4cc2c7	0x3f882571
0x3e99652c	0x3e99999a	0x3f000000	0x3faa3722	0xbd247efa	0x3e3851ec	0x3f4cce75	0x3f882d35
0x3e997247	0x3e99999a	0x3f000000	0x3faa3722	0xbd2454f8	0x3e3851ec	0x3f4cda20	0x3f8834f7
0x3e997f63	0x3e99999a	0x3f000000	0x3faa3722	0xbd242af7	0x3e3851ec	0x3f4ce5cc	0x3f883cba
0x3e998c7e	0x3e99999a	0x3f000000	0x3faa3722	0xbd2400ff	0x3e3851ec	0x3f4cf177	0x3f88447c
0x3e99999a	0x3e99999a	0x3f000000	0x3faa3722	0xbd23d709	0x3e3851ec	0x3f4cfd21	0x3f884c3e
0x3e99a6b5	0x3e99999a	0x3f000000	0x3faa3722	0xbd23ad1c	0x3e3851ec	0x3f4d08c9	0x3f8853fe
0x3e99b3d0	0x3e99999a	0x3f000000	0x3faa3722	0xbd238334	0x3e3851ec	0x3f4d1471	0x3f885bbe
0x3e99c0ec	0x3e99999a	0x3f000000	0x3faa3722	0xbd23594e	0x3e3851ec	0x3f4d2019	0x3f88637e
0x3e99ce07	0x3e99999a	0x3f000000	0x3faa3722	0xbd232f71	0x3e3851ec	0x3f4d2bbf	0x3f886b3c
0x3e99db23	0x3e99999a	0x3f000000	0x3faa3722	0xbd230596	0x3e3851ec	0x3f4d3765	0x3f8872fb
0x3e99e83e	0x3e99999a	0x3f000000	0x3faa3722	0xbd22dbc3	0x3e3851ec	0x3f4d430a	0x3f887ab9
0x3e99f55a	0x3e99999a	0x3f000000	0x3faa3722	0xbd22b1f3	0x3e3851ec	0x3f4d4eae	0x3f888277
0x3e9a0275	0x3e99999a	0x3f000000	0x3faa3722	0xbd22882b	0x3e3851ec	0x3f4d5a51	0x3f888a33
0x3e9a0f91	0x3e99999a	0x3f000000	0x3faa3722	0xbd225e66	0x3e3851ec	0x3f4d65f3	0x3f8891f0
0x3e9a1cac	0x3e99999a	0x3f000000	0x3faa3722	0xbd2234a9	0x3e3851ec	0x3f4d7194	0x3f8899ab
0x3e9a29c7	0x3e99999a	0x3f000000	0x3faa3722	0xbd220af1	0x3e3851ec	0x3f4d7d35	0x3f88a166
0x3e9a36e3	0x3e99999a	0x3f000000	0x3faa3722	0xbd21e13c	0x3e3851ec	0x3f4d88d5	0x3f88a921
0x3e9a43fe	0x3e99999a	0x3f000000	0x3faa3722	0xbd21b78f	0x3e3851ec	0x3f4d9474	0x3f88b0db
0x3e9a511a	0x3e99999a	0x3f000000	0x3faa3722	0xbd218de4	0x3e3851ec	0x3f4da012	0x3f88b895
0x3e9a5e35	0x3e99999a	0x3f000000	0x3faa3722	0xbd216442	0x3e3851ec	0x3f4dabaf	0x3f88c04d
0x3e9a6b51	0x3e99999a	0x3f000000	0x3faa3722	0xbd213aa2	0x3e3851ec	0x3f4db74c	0x3f88c806
0x3e9a786c	0x3e99999a	0x3f000000	0x3faa3722	0xbd21110a	0x3e3851ec	0x3f4dc2e7	0x3f88cfbe
0x3e9a8588	0x3e99999a	0x3f000000	0x3faa3722	0xbd20e775	0x3e3851ec	0x3f4dce82	0x3f88d775
0x3e9a92a3	0x3e99999a	0x3f000000	0x3faa3722	0xbd20bde8	0x3e3851ec	0x3f4dda1c	0x3f88df2c
0x3e9a9fbe	0x3e99999a	0x3f000000	0x3faa3722	0xbd209461	0x3e3851ec	0x3f4de5b4	0x3f88e6e1
0x3e9aacda	0x3e99999a	0x3f000000	0x3faa3722	0xbd206adc	0x3e3851ec	0x3f4df14d	0x3f88ee97
0x3e9ab9f5	0x3e99999a	0x3f000000	0x3faa3722	0xbd20415f	0x3e3851ec	0x3f4dfce4	0x3f88f64c
0x3e9ac711	0x3e99999a	0x3f000000	0x3faa3722	0xbd2017e5	0x3e3851ec	0x3f4e087b	0x3f88fe01
0x3e9ad42c	0x3e99999a	0x3f000000	0x3faa3722	0xbd1fee73	0x3e3851ec	0x3f4e1410	0x3f8905b4
0x3e9ae148	0x3e99999a	0x3f000000	0x3faa3722	0xbd1fc503	0x3e3851ec	0x3f4e1fa6	0x3f890d68
0x3e9aee63	0x3e99999a	0x3f000000	0x3faa3722	0xbd1f9b9c	0x3e3851ec	0x3f4e2b39	0x3f89151b
0x3e9afb7f	0x3e99999a	0x3f000000	0x3faa3722	0xbd1f7237	0x3e3851ec	0x3f4e36cd	0x3f891ccd
0x3e9b089a	0x3e99999a	0x3f000000	0x3faa3722	0xbd1f48db	0x3e3851ec	0x3f4e425f	0x3f89247f
0x3e9b15b5	0x3e99999a	0x3f000000	0x3faa3722	0xbd1f1f84	0x3e3851ec	0x3f4e4df0	0x3f892c30
0x3e9b22d1	0x3e99999a	0x3f000000	0x3faa3722	0xbd1ef62f	0x3e3851ec	0x3f4e5981	0x3f8933e0
0x3e9b2fec	0x3e99999a	0x3f000000	0x3faa3722	0xbd1ecce3	0x3e3851ec	0x3f4e6510	0x3f893b90
0x3e9b3d08	0x3e99999a	0x3f000000	0x3faa3722	0xbd1ea399	0x3e3851ec	0x3f4e709f	0x3f89433f
0x3e9b4a23	0x3e99999a	0x3f000000	0x3faa3722	0xbd1e7a57	0x3e3851ec	0x3f4e7c2d	0x3f894aee
0x3e9b573f	0x3e99999a	0x3f000000	0x3faa3722	0xbd1e5118	0x3e3851ec	0x3f4e87ba	0x3f89529c
0x3e9b645a	0x3e99999a	0x3f000000	0x3faa3722	0xbd1e27e1	0x3e3851ec	0x3f4e9346	0x3f895a4a
0x3e9b7176	0x3e99999a	0x3f000000	0x3faa3722	0xbd1dfead	0x3e3851ec	0x3f4e9ed2	0x3f8961f7
0x3e9b7e91	0x3e99999a	0x3f000000	0x3faa3722	0xbd1dd581	0x3e3851ec	0x3f4eaa5c	0x3f8969a3
0x3e9b8bac	0x3e99999a	0x3f000000	0x3faa3722	0xbd1dac5a	0x3e3851ec	0x3f4eb5e6	0x3f89714f
0x3e9b98c8	0x3e99999a	0x3f000000	0x3faa3722	0xbd1d8335	0x3e3851ec	0x3f4ec16f	0x3f8978fb
0x3e9ba5e3	0x3e99999a	0x3f000000	0x3faa3722	0xbd1d5a1a	0x3e3851ec	0x3f4eccf6	0x3f8980a5
0x3e9bb2ff	0x3e99999a	0x3f000000	0x3faa3722	0xbd1d3100	0x3e3851ec	0x3f4ed87e	0x3f898850
0x3e9bc01a	0x3e99999a	0x3f000000	0x3faa3722	0xbd1d07ef	0x3e3851ec	0x3f4ee404	0x3f898ff9
0x3e9bcd36	0x3e99999a	0x3f000000	0x3faa3722	0xbd1cdee0	0x3e3851ec	0x3f4eef89	0x3f8997a2
0x3e9bda51	0x3e99999a	0x3f000000	0x3faa3722	0xbd1cb5d9	0x3e3851ec	0x3f4efb0e	0x3f899f4b
0x3e9be76d	0x3e99999a	0x3f000000	0x3faa3722	0xbd1c8cd5	0x3e3851ec	0x3f4f0692	0x3f89a6f3
0x3e9bf488	0x3e99999a	0x3f000000	0x3faa3722	0xbd1c63d9	0x3e3851ec	0x3f4f1214	0x3f89ae9a
0x3e9c01a3	0x3e99999a	0x3f000000	0x3faa3722	0xbd1c3ae3	0x3e3851ec	0x3f4f1d96	0x3f89b640
0x3e9c0ebf	0x3e99999a	0x3f000000	0x3faa3722	0xbd1c11ef	0x3e3851ec	0x3f4f2917	0x3f89bde7
0x3e9c1bda	0x3e99999a	0x3f000000	0x3faa3722	0xbd1be903	0x3e3851ec	0x3f4f3497	0x3f89c58c
0x3e9c28f6	0x3e99999a	0x3f000000	0x3faa3722	0xbd1bc019	0x3e3851ec	0x3f4f4017	0x3f89cd32
0x3e9c3611	0x3e99999a	0x3f000000	0x3faa3722	0xbd1b9739	0x3e3851ec	0x3f4f4b95	0x3f89d4d6
0x3e9c432d	0x3e99999a	0x3f000000	0x3faa3722	0xbd1b6e5a	0x3e3851ec	0x3f4f5713	0x3f89dc7a
0x3e9c5048	0x3e99999a	0x3f000000	0x3faa3722	0xbd1b4584	0x3e3851ec	0x3f4f628f	0x3f89e41d
0x3e9c5d64	0x3e99999a	0x3f000000	0x3faa3722	0xbd1b1cb0	0x3e3851ec	0x3f4f6e0b	0x3f89ebbf
0x3e9c6a7f	0x3e99999a	0x3f000000	0x3faa3722	0xbd1af3e4	0x3e3851ec	0x3f4f7986	0x3f89f362
0x3e9c779a	0x3e99999a	0x3f000000	0x3faa3722	0xbd1acb1e	0x3e3851ec	0x3f4f8500	0x3f89fb03
0x3e9c84b6	0x3e99999a	0x3f000000	0x3faa3722	0xbd1aa25a	0x3e3851ec	0x3f4f9079	0x3f8a02a4
0x3e9c91d1	0x3e99999a	0x3f000000	0x3faa3722	0xbd1a799f	0x3e3851ec	0x3f4f9bf1	0x3f8a0a44
0x3e9c9eed	0x3e99999a	0x3f000000	0x3faa3722	0xbd1a50e6	0x3e3851ec	0x3f4fa769	0x3f8a11e4
0x3e9cac08	0x3e99999a	0x3f000000	0x3faa3722	0xbd1a2835	0x3e3851ec	0x3f4fb2df	0x3f8a1983
0x3e9cb924	0x3e99999a	0x3f000000	0x3faa3722	0xbd19ff87	0x3e3851ec	0x3f4fbe55	0x3f8a2122
0x3e9cc63f	0x3e99999a	0x3f000000	0x3faa3722	0xbd19d6e1	0x3e3851ec	0x3f4fc9ca	0x3f8a28c0
0x3e9cd35b	0x3e99999a	0x3f000000	0x3faa3722	0xbd19ae3e	0x3e3851ec	0x3f4fd53e	0x3f8a305e
0x3e9ce076	0x3e99999a	0x3f000000	0x3faa3722	0xbd1985a2	0x3e3851ec	0x3f4fe0b1	0x3f8a37fa
0x3e9ced91	0x3e99999a	0x3f000000	0x3faa3722	0xbd195d0d	0x3e3851ec	0x3f4fec22	0x3f8a3f96
0x3e9cfaad	0x3e99999a	0x3f000000	0x3faa3722	0xbd193479	0x3e3851ec	0x3f4ff794	0x3f8a4732
0x3e9d07c8	0x3e99999a	0x3f000000	0x3faa3722	0xbd190bee	0x3e3851ec	0x3f500304	0x3f8a4ecd
0x3e9d14e4	0x3e99999a	0x3f000000	0x3faa3722	0xbd18e365	0x3e3851ec	0x3f500e74	0x3f8a5668
0x3e9d21ff	0x3e99999a	0x3f000000	0x3faa3722	0xbd18bae5	0x3e3851ec	0x3f5019e2	0x3f8a5e01
0x3e9d2f1b	0x3e99999a	0x3f000000	0x3faa3722	0xbd189267	0x3e3851ec	0x3f502551	0x3f8a659b
0x3e9d3c36	0x3e99999a	0x3f000000	0x3faa3722	0xbd1869f2	0x3e3851ec	0x3f5030bd	0x3f8a6d34
0x3e9d4952	0x3e99999a	0x3f000000	0x3faa3722	0xbd18417e	0x3e3851ec	0x3f503c29	0x3f8a74cc
0x3e9d566d	0x3e99999a	0x3f000000	0x3faa3722	0xbd181913	0x3e3851ec	0x3f504794	0x3f8a7c63
0x3e9d6388	0x3e99999a	0x3f000000	0x3faa3722	0xbd17f0ae	0x3e3851ec	0x3f5052fe	0x3f8a83fa
0x3e9d70a4	0x3e99999a	0x3f000000	0x3faa3722	0xbd17c84b	0x3e3851ec	0x3f505e67	0x3f8a8b90
0x3e9d7dbf	0x3e99999a	0x3f000000	0x3faa3722	0xbd179ff0	0x3e3851ec	0x3f5069cf	0x3f8a9326
0x3e9d8adb	0x3e99999a	0x3f000000	0x3faa3722	0xbd177798	0x3e3851ec	0x3f507537	0x3f8a9abb
0x3e9d97f6	0x3e99999a	0x3f000000	0x3faa3722	0xbd174f48	0x3e3851ec	0x3f50809d	0x3f8aa250
0x3e9da512	0x3e99999a	0x3f000000	0x3faa3722	0xbd1726fa	0x3e3851ec	0x3f508c04	0x3f8aa9e4
0x3e9db22d	0x3e99999a	0x3f000000	0x3faa3722	0xbd16feb5	0x3e3851ec	0x3f509768	0x3f8ab177
0x3e9dbf48	0x3e99999a	0x3f000000	0x3faa3722	0xbd16d675	0x3e3851ec	0x3f50a2cb	0x3f8ab909
0x3e9dcc64	0x3e99999a	0x3f000000	0x3faa3722	0xbd16ae37	0x3e3851ec	0x3f50ae2f	0x3f8ac09c
0x3e9dd97f	0x3e99999a	0x3f000000	0x3faa3722	0xbd168602	0x3e3851ec	0x3f50b991	0x3f8ac82e
0x3e9de69b	0x3e99999a	0x3f000000	0x3faa3722	0xbd165dcf	0x3e3851ec	0x3f50c4f2	0x3f8acfbf
0x3e9df3b6	0x3e99999a	0x3f000000	0x3faa3722	0xbd1635a5	0x3e3851ec	0x3f50d052	0x3f8ad74f
0x3e9e00d2	0x3e99999a	0x3f000000	0x3faa3722	0xbd160d7d	0x3e3851ec	0x3f50dbb2	0x3f8adedf
0x3e9e0ded	0x3e99999a	0x3f000000	0x3faa3722	0xbd15e55d	0x3e3851ec	0x3f50e710	0x3f8ae66e
0x3e9e1b09	0x3e99999a	0x3f000000	0x3faa3722	0xbd15bd40	0x3e3851ec	0x3f50f26e	0x3f8aedfd
0x3e9e2824	0x3e99999a	0x3f000000	0x3faa3722	0xbd15952b	0x3e3851ec	0x3f50fdca	0x3f8af58a
0x3e9e353f	0x3e99999a	0x3f000000	0x3faa3722	0xbd156d1b	0x3e3851ec	0x3f510926	0x3f8afd18
0x3e9e425b	0x3e99999a	0x3f000000	0x3faa3722	0xbd15450e	0x3e3851ec	0x3f511481	0x3f8b04a5
0x3e9e4f76	0x3e99999a	0x3f000000	0x3faa3722	0xbd151d09	0x3e3851ec	0x3f511fdb	0x3f8b0c31
0x3e9e5c92	0x3e99999a	0x3f000000	0x3faa3722	0xbd14f507	0x3e3851ec	0x3f512b34	0x3f8b13bd
0x3e9e69ad	0x3e99999a	0x3f000000	0x3faa3722	0xbd14cd0d	0x3e3851ec	0x3f51368c	0x3f8b1b47
0x3e9e76c9	0x3e99999a	0x3f000000	0x3faa3722	0xbd14a515	0x3e3851ec	0x3f5141e4	0x3f8b22d2
0x3e9e83e4	0x3e99999a	0x3f000000	0x3faa3722	0xbd147d26	0x3e3851ec	0x3f514d39	0x3f8b2a5b
0x3e9e9100	0x3e99999a	0x3f000000	0x3faa3722	0xbd145539	0x3e3851ec	0x3f51588f	0x3f8b31e5
0x3e9e9e1b	0x3e99999a	0x3f000000	0x3faa3722	0xbd142d54	0x3e3851ec	0x3f5163e4	0x3f8b396e
0x3e9eab36	0x3e99999a	0x3f000000	0x3faa3722	0xbd140575	0x3e3851ec	0x3f516f37	0x3f8b40f5
0x3e9eb852	0x3e99999a	0x3f000000	0x3faa3722	0xbd13dd98	0x3e3851ec	0x3f517a8a	0x3f8b487d
0x3e9ec56d	0x3e99999a	0x3f000000	0x3faa3722	0xbd13b5c3	0x3e3851ec	0x3f5185db	0x3f8b5003
0x3e9ed289	0x3e99999a	0x3f000000	0x3faa3722	0xbd138df1	0x3e3851ec	0x3f51912d	0x3f8b578a
0x3e9edfa4	0x3e99999a	0x3f000000	0x3faa3722	0xbd136627	0x3e3851ec	0x3f519c7c	0x3f8b5f0f
0x3e9eecc0	0x3e99999a	0x3f000000	0x3faa3722	0xbd133e60	0x3e3851ec	0x3f51a7cc	0x3f8b6694
0x3e9ef9db	0x3e99999a	0x3f000000	0x3faa3722	0xbd1316a1	0x3e3851ec	0x3f51b319	0x3f8b6e18
0x3e9f06f7	0x3e99999a	0x3f000000	0x3faa3722	0xbd12eee4	0x3e3851ec	0x3f51be67	0x3f8b759c
0x3e9f1412	0x3e99999a	0x3f000000	0x3faa3722	0xbd12c730	0x3e3851ec	0x3f51c9b3	0x3f8b7d1f
0x3e9f212d	0x3e99999a	0x3f000000	0x3faa3722	0xbd129f81	0x3e3851ec	0x3f51d4fe	0x3f8b84a1
0x3e9f2e49	0x3e99999a	0x3f000000	0x3faa3722	0xbd1277d4	0x3e3851ec	0x3f51e049	0x3f8b8c24
0x3e9f3b64	0x3e99999a	0x3f000000	0x3faa3722	0xbd125030	0x3e3851ec	0x3f51eb92	0x3f8b93a4
0x3e9f4880	0x3e99999a	0x3f000000	0x3faa3722	0xbd12288e	0x3e3851ec	0x3f51f6db	0x3f8b9b25
0x3e9f559b	0x3e99999a	0x3f000000	0x3faa3722	0xbd1200f5	0x3e3851ec	0x3f520222	0x3f8ba2a5
0x3e9f62b7	0x3e99999a	0x3f000000	0x3faa3722	0xbd11d95e	0x3e3851ec	0x3f520d69	0x3f8baa25
0x3e9f6fd2	0x3e99999a	0x3f000000	0x3faa3722	0xbd11b1cf	0x3e3851ec	0x3f5218af	0x3f8bb1a3
0x3e9f7cee	0x3e99999a	0x3f000000	0x3faa3722	0xbd118a42	0x3e3851ec	0x3f5223f4	0x3f8bb922
0x3e9f8a09	0x3e99999a	0x3f000000	0x3faa3722	0xbd1162be	0x3e3851ec	0x3f522f38	0x3f8bc09f
0x3e9f9724	0x3e99999a	0x3f000000	0x3faa3722	0xbd113b40	0x3e3851ec	0x3f523a7a	0x3f8bc81b
0x3e9fa440	0x3e99999a	0x3f000000	0x3faa3722	0xbd1113c4	0x3e3851ec	0x3f5245bd	0x3f8bcf98
0x3e9fb15b	0x3e99999a	0x3f000000	0x3faa3722	0xbd10ec50	0x3e3851ec	0x3f5250fe	0x3f8bd714
0x3e9fbe77	0x3e99999a	0x3f000000	0x3faa3722	0xbd10c4de	0x3e3851ec	0x3f525c3f	0x3f8bde90
0x3e9fcb92	0x3e99999a	0x3f000000	0x3faa3722	0xbd109d75	0x3e3851ec	0x3f52677e	0x3f8be60a
0x3e9fd8ae	0x3e99999a	0x3f000000	0x3faa3722	0xbd10760e	0x3e3851ec	0x3f5272bc	0x3f8bed83
0x3e9fe5c9	0x3e99999a	0x3f000000	0x3faa3722	0xbd104eb0	0x3e3851ec	0x3f527df9	0x3f8bf4fc
0x3e9ff2e5	0x3e99999a	0x3f000000	0x3faa3722	0xbd102754	0x3e3851ec	0x3f528936	0x3f8bfc75
0x3ea00000	0x3e99999a	0x3f000000	0x3faa3722	0xbd100000	0x3e3851ec	0x3f529472	0x3f8c03ee
0x3ea00d1b	0x3e99999a	0x3f000000	0x3faa3722	0xbd0fd8b2	0x3e3851ec	0x3f529fac	0x3f8c0b64
0x3ea01a37	0x3e99999a	0x3f000000	0x3faa3722	0xbd0fb166	0x3e3851ec	0x3f52aae6	0x3f8c12db
0x3ea02752	0x3e99999a	0x3f000000	0x3faa3722	0xbd0f8a22	0x3e3851ec	0x3f52b61f	0x3f8c1a52
0x3ea0346e	0x3e99999a	0x3f000000	0x3faa3722	0xbd0f62e1	0x3e3851ec	0x3f52c157	0x3f8c21c7
0x3ea04189	0x3e99999a	0x3f000000	0x3faa3722	0xbd0f3ba8	0x3e3851ec	0x3f52cc8d	0x3f8c293c
0x3ea04ea5	0x3e99999a	0x3f000000	0x3faa3722	0xbd0f1472	0x3e3851ec	0x3f52d7c4	0x3f8c30b1
0x3ea05bc0	0x3e99999a	0x3f000000	0x3faa3722	0xbd0eed44	0x3e3851ec	0x3f52e2f8	0x3f8c3823
0x3ea068dc	0x3e99999a	0x3f000000	0x3faa3722	0xbd0ec618	0x3e3851ec	0x3f52ee2d	0x3f8c3f97
0x3ea075f7	0x3e99999a	0x3f000000	0x3faa3722	0xbd0e9ef4	0x3e3851ec	0x3f52f960	0x3f8c4709
0x3ea08312	0x3e99999a	0x3f000000	0x3faa3722	0xbd0e77d6	0x3e3851ec	0x3f530492	0x3f8c4e7b
0x3ea0902e	0x3e99999a	0x3f000000	0x3faa3722	0xbd0e50bb	0x3e3851ec	0x3f530fc3	0x3f8c55ec
0x3ea09d49	0x3e99999a	0x3f000000	0x3faa3722	0xbd0e29a8	0x3e3851ec	0x3f531af3	0x3f8c5d5c
0x3ea0aa65	0x3e99999a	0x3f000000	0x3faa3722	0xbd0e0297	0x3e3851ec	0x3f532623	0x3f8c64cc
0x3ea0b780	0x3e99999a	0x3f000000	0x3faa3722	0xbd0ddb8e	0x3e3851ec	0x3f533151	0x3f8c6c3b
0x3ea0c49c	0x3e99999a	0x3f000000	0x3faa3722	0xbd0db488	0x3e3851ec	0x3f533c7f	0x3f8c73aa
0x3ea0d1b7	0x3e99999a	0x3f000000	0x3faa3722	0xbd0d8d8a	0x3e3851ec	0x3f5347ab	0x3f8c7b18
0x3ea0ded3	0x3e99999a	0x3f000000	0x3faa3722	0xbd0d668f	0x3e3851ec	0x3f5352d7	0x3f8c8286
0x3ea0ebee	0x3e99999a	0x3f000000	0x3faa3722	0xbd0d3f9c	0x3e3851ec	0x3f535e02	0x3f8c89f3
0x3ea0f909	0x3e99999a	0x3f000000	0x3faa3722	0xbd0d18ae	0x3e3851ec	0x3f53692b	0x3f8c915e
0x3ea10625	0x3e99999a	0x3f000000	0x3faa3722	0xbd0cf1c3	0x3e3851ec	0x3f537454	0x3f8c98ca
0x3ea11340	0x3e99999a	0x3f000000	0x3faa3722	0xbd0ccae0	0x3e3851ec	0x3f537f7b	0x3f8ca034
0x3ea1205c	0x3e99999a	0x3f000000	0x3faa3722	0xbd0ca3ff	0x3e3851ec	0x3f538aa3	0x3f8ca79f
0x3ea12d77	0x3e99999a	0x3f000000	0x3faa3722	0xbd0c7d27	0x3e3851ec	0x3f5395c8	0x3f8caf08
0x3ea13a93	0x3e99999a	0x3f000000	0x3faa3722	0xbd0c5651	0x3e3851ec	0x3f53a0ee	0x3f8cb672
0x3ea147ae	0x3e99999a	0x3f000000	0x3faa3722	0xbd0c2f84	0x3e3851ec	0x3f53ac11	0x3f8cbdd9
0x3ea154ca	0x3e99999a	0x3f000000	0x3faa3722	0xbd0c08b9	0x3e3851ec	0x3f53b735	0x3f8cc542
0x3ea161e5	0x3e99999a	0x3f000000	0x3faa3722	0xbd0be1f6	0x3e3851ec	0x3f53c256	0x3f8ccca8
0x3ea16f00	0x3e99999a	0x3f000000	0x3faa3722	0xbd0bbb39	0x3e3851ec	0x3f53cd77	0x3f8cd40e
0x3ea17c1c	0x3e99999a	0x3f000000	0x3faa3722	0xbd0b947e	0x3e3851ec	0x3f53d898	0x3f8cdb75
0x3ea18937	0x3e99999a	0x3f000000	0x3faa3722	0xbd0b6dcb	0x3e3851ec	0x3f53e3b7	0x3f8ce2da
0x3ea19653	0x3e99999a	0x3f000000	0x3faa3722	0xbd0b471b	0x3e3851ec	0x3f53eed5	0x3f8cea3e
0x3ea1a36e	0x3e99999a	0x3f000000	0x3faa3722	0xbd0b2073	0x3e3851ec	0x3f53f9f2	0x3f8cf1a2
0x3ea1b08a	0x3e99999a	0x3f000000	0x3faa3722	0xbd0af9cd	0x3e3851ec	0x3f54050f	0x3f8cf905
0x3ea1bda5	0x3e99999a	0x3f000000	0x3faa3722	0xbd0ad330	0x3e3851ec	0x3f54102a	0x3f8d0068
0x3ea1cac1	0x3e99999a	0x3f000000	0x3faa3722	0xbd0aac95	0x3e3851ec	0x3f541b45	0x3f8d07ca
0x3ea1d7dc	0x3e99999a	0x3f000000	0x3faa3722	0xbd0a8603	0x3e3851ec	0x3f54265e	0x3f8d0f2b
0x3ea1e4f7	0x3e99999a	0x3f000000	0x3faa3722	0xbd0a5f76	0x3e3851ec	0x3f543176	0x3f8d168b
0x3ea1f213	0x3e99999a	0x3f000000	0x3faa3722	0xbd0a38eb	0x3e3851ec	0x3f543c8e	0x3f8d1deb
0x3ea1ff2e	0x3e99999a	0x3f000000	0x3faa3722	0xbd0a1269	0x3e3851ec	0x3f5447a4	0x3f8d254a
0x3ea20c4a	0x3e99999a	0x3f000000	0x3faa3722	0xbd09ebe9	0x3e3851ec	0x3f5452ba	0x3f8d2ca9
0x3ea21965	0x3e99999a	0x3f000000	0x3faa3722	0xbd09c571	0x3e3851ec	0x3f545dcf	0x3f8d3408
0x3ea22681	0x3e99999a	0x3f000000	0x3faa3722	0xbd099efc	0x3e3851ec	0x3f5468e2	0x3f8d3b65
0x3ea2339c	0x3e99999a	0x3f000000	0x3faa3722	0xbd09788f	0x3e3851ec	0x3f5473f5	0x3f8d42c2
0x3ea240b8	0x3e99999a	0x3f000000	0x3faa3722	0xbd095225	0x3e3851ec	0x3f547f07	0x3f8d4a1e
0x3ea24dd3	0x3e99999a	0x3f000000	0x3faa3722	0xbd092bc3	0x3e3851ec	0x3f548a17	0x3f8d5179
0x3ea25aee	0x3e99999a	0x3f000000	0x3faa3722	0xbd090566	0x3e3851ec	0x3f549527	0x3f8d58d4
0x3ea2680a	0x3e99999a	0x3f000000	0x3faa3722	0xbd08df0c	0x3e3851ec	0x3f54a036	0x3f8d602f
0x3ea27525	0x3e99999a	0x3f000000	0x3faa3722	0xbd08b8ba	0x3e3851ec	0x3f54ab43	0x3f8d6788
0x3ea28241	0x3e99999a	0x3f000000	0x3faa3722	0xbd08926a	0x3e3851ec	0x3f54b651	0x3f8d6ee1
0x3ea28f5c	0x3e99999a	0x3f000000	0x3faa3722	0xbd086c23	0x3e3851ec	0x3f54c15c	0x3f8d7639
0x3ea29c78	0x3e99999a	0x3f000000	0x3faa3722	0xbd0845de	0x3e3851ec	0x3f54cc67	0x3f8d7d91
0x3ea2a993	0x3e99999a	0x3f000000	0x3faa3722	0xbd081fa1	0x3e3851ec	0x3f54d771	0x3f8d84e8
0x3ea2b6ae	0x3e99999a	0x3f000000	0x3faa3722	0xbd07f96a	0x3e3851ec	0x3f54e279	0x3f8d8c3d
0x3ea2c3ca	0x3e99999a	0x3f000000	0x3faa3722	0xbd07d336	0x3e3851ec	0x3f54ed82	0x3f8d9394
0x3ea2d0e5	0x3e99999a	0x3f000000	0x3faa3722	0xbd07ad09	0x3e3851ec	0x3f54f888	0x3f8d9ae8
0x3ea2de01	0x3e99999a	0x3f000000	0x3faa3722	0xbd0786df	0x3e3851ec	0x3f55038f	0x3f8da23d
0x3ea2eb1c	0x3e99999a	0x3f000000	0x3faa3722	0xbd0760bd	0x3e3851ec	0x3f550e94	0x3f8da991
0x3ea2f838	0x3e99999a	0x3f000000	0x3faa3722	0xbd073a9e	0x3e3851ec	0x3f551998	0x3f8db0e4
0x3ea30553	0x3e99999a	0x3f000000	0x3faa3722	0xbd071487	0x3e3851ec	0x3f55249b	0x3f8db836
0x3ea3126f	0x3e99999a	0x3f000000	0x3faa3722	0xbd06ee73	0x3e3851ec	0x3f552f9d	0x3f8dbf88
0x3ea31f8a	0x3e99999a	0x3f000000	0x3faa3722	0xbd06c866	0x3e3851ec	0x3f553a9e	0x3f8dc6d9
0x3ea32ca5	0x3e99999a	0x3f000000	0x3faa3722	0xbd06a260	0x3e3851ec	0x3f55459d	0x3f8dce29
0x3ea339c1	0x3e99999a	0x3f000000	0x3faa3722	0xbd067c5b	0x3e3851ec	0x3f55509d	0x3f8dd579
0x3ea346dc	0x3e99999a	0x3f000000	0x3faa3722	0xbd06565f	0x3e3851ec	0x3f555b9b	0x3f8ddcc8
0x3ea353f8	0x3e99999a	0x3f000000	0x3faa3722	0xbd063065	0x3e3851ec	0x3f556699	0x3f8de417
0x3ea36113	0x3e99999a	0x3f000000	0x3faa3722	0xbd060a74	0x3e3851ec	0x3f557194	0x3f8deb64
0x3ea36e2f	0x3e99999a	0x3f000000	0x3faa3722	0xbd05e485	0x3e3851ec	0x3f557c90	0x3f8df2b2
0x3ea37b4a	0x3e99999a	0x3f000000	0x3faa3722	0xbd05be9e	0x3e3851ec	0x3f55878a	0x3f8df9fe
0x3ea38866	0x3e99999a	0x3f000000	0x3faa3722	0xbd0598ba	0x3e3851ec	0x3f559283	0x3f8e014a
0x3ea39581	0x3e99999a	0x3f000000	0x3faa3722	0xbd0572de	0x3e3851ec	0x3f559d7b	0x3f8e0895
0x3ea3a29c	0x3e99999a	0x3f000000	0x3faa3722	0xbd054d08	0x3e3851ec	0x3f55a872	0x3f8e0fdf
0x3ea3afb8	0x3e99999a	0x3f000000	0x3faa3722	0xbd052734	0x3e3851ec	0x3f55b368	0x3f8e1729
0x3ea3bcd3	0x3e99999a	0x3f000000	0x3faa3722	0xbd050168	0x3e3851ec	0x3f55be5d	0x3f8e1e72
0x3ea3c9ef	0x3e99999a	0x3f000000	0x3faa3722	0xbd04db9f	0x3e3851ec	0x3f55c952	0x3f8e25bb
0x3ea3d70a	0x3e99999a	0x3f000000	0x3faa3722	0xbd04b5dd	0x3e3851ec	0x3f55d445	0x3f8e2d03
0x3ea3e426	0x3e99999a	0x3f000000	0x3faa3722	0xbd04901f	0x3e3851ec	0x3f55df37	0x3f8e344a
0x3ea3f141	0x3e99999a	0x3f000000	0x3faa3722	0xbd046a69	0x3e3851ec	0x3f55ea28	0x3f8e3b90
0x3ea3fe5d	0x3e99999a	0x3f000000	0x3faa3722	0xbd0444b5	0x3e3851ec	0x3f55f519	0x3f8e42d7
0x3ea40b78	0x3e99999a	0x3f000000	0x3faa3722	0xbd041f09	0x3e3851ec	0x3f560008	0x3f8e4a1c
0x3ea41893	0x3e99999a	0x3f000000	0x3faa3722	0xbd03f963	0x3e3851ec	0x3f560af6	0x3f8e5160
0x3ea425af	0x3e99999a	0x3f000000	0x3faa3722	0xbd03d3bf	0x3e3851ec	0x3f5615e3	0x3f8e58a4
0x3ea432ca	0x3e99999a	0x3f000000	0x3faa3722	0xbd03ae24	0x3e3851ec	0x3f5620cf	0x3f8e5fe7
0x3ea43fe6	0x3e99999a	0x3f000000	0x3faa3722	0xbd03888b	0x3e3851ec	0x3f562bbb	0x3f8e672a
0x3ea44d01	0x3e99999a	0x3f000000	0x3faa3722	0xbd0362fa	0x3e3851ec	0x3f5636a5	0x3f8e6e6c
0x3ea45a1d	0x3e99999a	0x3f000000	0x3faa3722	0xbd033d6c	0x3e3851ec	0x3f56418e	0x3f8e75ad
0x3ea46738	0x3e99999a	0x3f000000	0x3faa3722	0xbd0317e5	0x3e3851ec	0x3f564c76	0x3f8e7ced
0x3ea47454	0x3e99999a	0x3f000000	0x3faa3722	0xbd02f262	0x3e3851ec	0x3f56575e	0x3f8e842e
0x3ea4816f	0x3e99999a	0x3f000000	0x3faa3722	0xbd02cce7	0x3e3851ec	0x3f566243	0x3f8e8b6c
0x3ea48e8a	0x3e99999a	0x3f000000	0x3faa3722	0xbd02a771	0x3e3851ec	0x3f566d28	0x3f8e92aa
0x3ea49ba6	0x3e99999a	0x3f000000	0x3faa3722	0xbd0281fd	0x3e3851ec	0x3f56780d	0x3f8e99e9
0x3ea4a8c1	0x3e99999a	0x3f000000	0x3faa3722	0xbd025c92	0x3e3851ec	0x3f5682f0	0x3f8ea126
0x3ea4b5dd	0x3e99999a	0x3f000000	0x3faa3722	0xbd023729	0x3e3851ec	0x3f568dd2	0x3f8ea862
0x3ea4c2f8	0x3e99999a	0x3f000000	0x3faa3722	0xbd0211c9	0x3e3851ec	0x3f5698b3	0x3f8eaf9e
0x3ea4d014	0x3e99999a	0x3f000000	0x3faa3722	0xbd01ec6b	0x3e3851ec	0x3f56a394	0x3f8eb6da
0x3ea4dd2f	0x3e99999a	0x3f000000	0x3faa3722	0xbd01c715	0x3e3851ec	0x3f56ae73	0x3f8ebe14
0x3ea4ea4b	0x3e99999a	0x3f000000	0x3faa3722	0xbd01a1c2	0x3e3851ec	0x3f56b951	0x3f8ec54e
0x3ea4f766	0x3e99999a	0x3f000000	0x3faa3722	0xbd017c77	0x3e3851ec	0x3f56c42e	0x3f8ecc87
0x3ea50481	0x3e99999a	0x3f000000	0x3faa3722	0xbd015731	0x3e3851ec	0x3f56cf0a	0x3f8ed3c0
0x3ea5119d	0x3e99999a	0x3f000000	0x3faa3722	0xbd0131ee	0x3e3851ec	0x3f56d9e5	0x3f8edaf7
0x3ea51eb8	0x3e99999a	0x3f000000	0x3faa3722	0xbd010cb3	0x3e3851ec	0x3f56e4bf	0x3f8ee22f
0x3ea52bd4	0x3e99999a	0x3f000000	0x3faa3722	0xbd00e77b	0x3e3851ec	0x3f56ef98	0x3f8ee965
0x3ea538ef	0x3e99999a	0x3f000000	0x3faa3722	0xbd00c24b	0x3e3851ec	0x3f56fa70	0x3f8ef09b
0x3ea5460b	0x3e99999a	0x3f000000	0x3faa3722	0xbd009d1d	0x3e3851ec	0x3f570547	0x3f8ef7d0
0x3ea55326	0x3e99999a	0x3f000000	0x3faa3722	0xbd0077f8	0x3e3851ec	0x3f57101d	0x3f8eff04
0x3ea56042	0x3e99999a	0x3f000000	0x3faa3722	0xbd0052d5	0x3e3851ec	0x3f571af2	0x3f8f0638
0x3ea56d5d	0x3e99999a	0x3f000000	0x3faa3722	0xbd002dba	0x3e3851ec	0x3f5725c6	0x3f8f0d6b
0x3ea57a78	0x3e99999a	0x3f000000	0x3faa3722	0xbd0008a5	0x3e3851ec	0x3f573098	0x3f8f149d
0x3ea58794	0x3e99999a	0x3f000000	0x3faa3722	0xbcffc725	0x3e3851ec	0x3f573b6b	0x3f8f1bcf
0x3ea594af	0x3e99999a	0x3f000000	0x3faa3722	0xbcff7d10	0x3e3851ec	0x3f57463b	0x3f8f2300
0x3ea5a1cb	0x3e99999a	0x3f000000	0x3faa3722	0xbcff32ff	0x3e3851ec	0x3f57510c	0x3f8f2a31
0x3ea5aee6	0x3e99999a	0x3f000000	0x3faa3722	0xbcfee900	0x3e3851ec	0x3f575bda	0x3f8f3160
0x3ea5bc02	0x3e99999a	0x3f000000	0x3faa3722	0xbcfe9f05	0x3e3851ec	0x3f5766a8	0x3f8f388f
0x3ea5c91d	0x3e99999a	0x3f000000	0x3faa3722	0xbcfe551b	0x3e3851ec	0x3f577174	0x3f8f3fbd
0x3ea5d639	0x3e99999a	0x3f000000	0x3faa3722	0xbcfe0b36	0x3e3851ec	0x3f577c41	0x3f8f46eb
0x3ea5e354	0x3e99999a	0x3f000000	0x3faa3722	0xbcfdc161	0x3e3851ec	0x3f57870b	0x3f8f4e18
0x3ea5f06f	0x3e99999a	0x3f000000	0x3faa3722	0xbcfd7797	0x3e3851ec	0x3f5791d4	0x3f8f5544
0x3ea5fd8b	0x3e99999a	0x3f000000	0x3faa3722	0xbcfd2dd2	0x3e3851ec	0x3f579c9e	0x3f8f5c70
0x3ea60aa6	0x3e99999a	0x3f000000	0x3faa3722	0xbcfce41e	0x3e3851ec	0x3f57a765	0x3f8f639b
0x3ea617c2	0x3e99999a	0x3f000000	0x3faa3722	0xbcfc9a6e	0x3e3851ec	0x3f57b22c	0x3f8f6ac5
0x3ea624dd	0x3e99999a	0x3f000000	0x3faa3722	0xbcfc50cf	0x3e3851ec	0x3f57bcf1	0x3f8f71ee
0x3ea631f9	0x3e99999a	0x3f000000	0x3faa3722	0xbcfc0735	0x3e3851ec	0x3f57c7b6	0x3f8f7917
0x3ea63f14	0x3e99999a	0x3f000000	0x3faa3722	0xbcfbbdac	0x3e3851ec	0x3f57d279	0x3f8f803f
0x3ea64c30	0x3e99999a	0x3f000000	0x3faa3722	0xbcfb7427	0x3e3851ec	0x3f57dd3c	0x3f8f8767
0x3ea6594b	0x3e99999a	0x3f000000	0x3faa3722	0xbcfb2ab3	0x3e3851ec	0x3f57e7fd	0x3f8f8e8e
0x3ea66666	0x3e99999a	0x3f000000	0x3faa3722	0xbcfae14a	0x3e3851ec	0x3f57f2bd	0x3f8f95b3
0x3ea67382	0x3e99999a	0x3f000000	0x3faa3722	0xbcfa97e6	0x3e3851ec	0x3f57fd7d	0x3f8f9cd9
0x3ea6809d	0x3e99999a	0x3f000000	0x3faa3722	0xbcfa4e92	0x3e3851ec	0x3f58083b	0x3f8fa3fe
0x3ea68db9	0x3e99999a	0x3f000000	0x3faa3722	0xbcfa0543	0x3e3851ec	0x3f5812f8	0x3f8fab21
0x3ea69ad4	0x3e99999a	0x3f000000	0x3faa3722	0xbcf9bc05	0x3e3851ec	0x3f581db4	0x3f8fb245
0x3ea6a7f0	0x3e99999a	0x3f000000	0x3faa3722	0xbcf972cb	0x3e3851ec	0x3f582870	0x3f8fb968
0x3ea6b50b	0x3e99999a	0x3f000000	0x3faa3722	0xbcf929a2	0x3e3851ec	0x3f58332a	0x3f8fc08a
0x3ea6c227	0x3e99999a	0x3f000000	0x3faa3722	0xbcf8e07f	0x3e3851ec	0x3f583de3	0x3f8fc7ab
0x3ea6cf42	0x3e99999a	0x3f000000	0x3faa3722	0xbcf8976b	0x3e3851ec	0x3f58489b	0x3f8fcecb
0x3ea6dc5d	0x3e99999a	0x3f000000	0x3faa3722	0xbcf84e62	0x3e3851ec	0x3f585352	0x3f8fd5eb
0x3ea6e979	0x3e99999a	0x3f000000	0x3faa3722	0xbcf8055f	0x3e3851ec	0x3f585e08	0x3f8fdd0a
0x3ea6f694	0x3e99999a	0x3f000000	0x3faa3722	0xbcf7bc6c	0x3e3851ec	0x3f5868bc	0x3f8fe428
0x3ea703b0	0x3e99999a	0x3f000000	0x3faa3722	0xbcf7737d	0x3e3851ec	0x3f587371	0x3f8feb47
0x3ea710cb	0x3e99999a	0x3f000000	0x3faa3722	0xbcf72aa0	0x3e3851ec	0x3f587e23	0x3f8ff263
0x3ea71de7	0x3e99999a	0x3f000000	0x3faa3722	0xbcf6e1c7	0x3e3851ec	0x3f5888d6	0x3f8ff980
0x3ea72b02	0x3e99999a	0x3f000000	0x3faa3722	0xbcf698ff	0x3e3851ec	0x3f589386	0x3f90009b
0x3ea7381d	0x3e99999a	0x3f000000	0x3faa3722	0xbcf65041	0x3e3851ec	0x3f589e35	0x3f9007b6
0x3ea74539	0x3e99999a	0x3f000000	0x3faa3722	0xbcf60789	0x3e3851ec	0x3f58a8e4	0x3f900ed0
0x3ea75254	0x3e99999a	0x3f000000	0x3faa3722	0xbcf5bee1	0x3e3851ec	0x3f58b391	0x3f9015ea
0x3ea75f70	0x3e99999a	0x3f000000	0x3faa3722	0xbcf5763e	0x3e3851ec	0x3f58be3e	0x3f901d03
0x3ea76c8b	0x3e99999a	0x3f000000	0x3faa3722	0xbcf52dab	0x3e3851ec	0x3f58c8e9	0x3f90241b
0x3ea779a7	0x3e99999a	0x3f000000	0x3faa3722	0xbcf4e51e	0x3e3851ec	0x3f58d394	0x3f902b33
0x3ea786c2	0x3e99999a	0x3f000000	0x3faa3722	0xbcf49ca0	0x3e3851ec	0x3f58de3d	0x3f903249
0x3ea793de	0x3e99999a	0x3f000000	0x3faa3722	0xbcf45428	0x3e3851ec	0x3f58e8e6	0x3f903960
0x3ea7a0f9	0x3e99999a	0x3f000000	0x3faa3722	0xbcf40bc1	0x3e3851ec	0x3f58f38d	0x3f904075
0x3ea7ae14	0x3e99999a	0x3f000000	0x3faa3722	0xbcf3c364	0x3e3851ec	0x3f58fe33	0x3f904789
0x3ea7bb30	0x3e99999a	0x3f000000	0x3faa3722	0xbcf37b0c	0x3e3851ec	0x3f5908d8	0x3f904e9d
0x3ea7c84b	0x3e99999a	0x3f000000	0x3faa3722	0xbcf332c4	0x3e3851ec	0x3f59137c	0x3f9055b0
0x3ea7d567	0x3e99999a	0x3f000000	0x3faa3722	0xbcf2ea82	0x3e3851ec	0x3f591e20	0x3f905cc4
0x3ea7e282	0x3e99999a	0x3f000000	0x3faa3722	0xbcf2a250	0x3e3851ec	0x3f5928c1	0x3f9063d5
0x3ea7ef9e	0x3e99999a	0x3f000000	0x3faa3722	0xbcf25a23	0x3e3851ec	0x3f593363	0x3f906ae7
0x3ea7fcb9	0x3e99999a	0x3f000000	0x3faa3722	0xbcf21207	0x3e3851ec	0x3f593e02	0x3f9071f7
0x3ea809d5	0x3e99999a	0x3f000000	0x3faa3722	0xbcf1c9f0	0x3e3851ec	0x3f5948a1	0x3f907906
0x3ea816f0	0x3e99999a	0x3f000000	0x3faa3722	0xbcf181e8	0x3e3851ec	0x3f59533f	0x3f908016
0x3ea8240b	0x3e99999a	0x3f000000	0x3faa3722	0xbcf139ec	0x3e3851ec	0x3f595ddb	0x3f908723
0x3ea83127	0x3e99999a	0x3f000000	0x3faa3722	0xbcf0f1f5	0x3e3851ec	0x3f596877	0x3f908e31
0x3ea83e42	0x3e99999a	0x3f000000	0x3faa3722	0xbcf0aa0e	0x3e3851ec	0x3f597311	0x3f90953e
0x3ea84b5e	0x3e99999a	0x3f000000	0x3faa3722	0xbcf0622d	0x3e3851ec	0x3f597dab	0x3f909c4a
0x3ea85879	0x3e99999a	0x3f000000	0x3faa3722	0xbcf01a5b	0x3e3851ec	0x3f598843	0x3f90a356
0x3ea86595	0x3e99999a	0x3f000000	0x3faa3722	0xbcefd28f	0x3e3851ec	0x3f5992db	0x3f90aa61
0x3ea872b0	0x3e99999a	0x3f000000	0x3faa3722	0xbcef8ad3	0x3e3851ec	0x3f599d71	0x3f90b16b
0x3ea87fcc	0x3e99999a	0x3f000000	0x3faa3722	0xbcef431c	0x3e3851ec	0x3f59a806	0x3f90b874
0x3ea88ce7	0x3e99999a	0x3f000000	0x3faa3722	0xbceefb76	0x3e3851ec	0x3f59b29a	0x3f90bf7d
0x3ea89a02	0x3e99999a	0x3f000000	0x3faa3722	0xbceeb3da	0x3e3851ec	0x3f59bd2d	0x3f90c684
0x3ea8a71e	0x3e99999a	0x3f000000	0x3faa3722	0xbcee6c44	0x3e3851ec	0x3f59c7bf	0x3f90cd8c
0x3ea8b439	0x3e99999a	0x3f000000	0x3faa3722	0xbcee24be	0x3e3851ec	0x3f59d250	0x3f90d492
0x3ea8c155	0x3e99999a	0x3f000000	0x3faa3722	0xbceddd3d	0x3e3851ec	0x3f59dce0	0x3f90db98
0x3ea8ce70	0x3e99999a	0x3f000000	0x3faa3722	0xbced95cc	0x3e3851ec	0x3f59e76e	0x3f90e29d
0x3ea8db8c	0x3e99999a	0x3f000000	0x3faa3722	0xbced4e60	0x3e3851ec	0x3f59f1fc	0x3f90e9a1
0x3ea8e8a7	0x3e99999a	0x3f000000	0x3faa3722	0xbced0705	0x3e3851ec	0x3f59fc89	0x3f90f0a5
0x3ea8f5c3	0x3e99999a	0x3f000000	0x3faa3722	0xbcecbfaf	0x3e3851ec	0x3f5a0715	0x3f90f7a8
0x3ea902de	0x3e99999a	0x3f000000	0x3faa3722	0xbcec7869	0x3e3851ec	0x3f5a119f	0x3f90feaa
0x3ea90ff9	0x3e99999a	0x3f000000	0x3faa3722	0xbcec312e	0x3e3851ec	0x3f5a1c28	0x3f9105ac
0x3ea91d15	0x3e99999a	0x3f000000	0x3faa3722	0xbcebe9f8	0x3e3851ec	0x3f5a26b0	0x3f910cac
0x3ea92a30	0x3e99999a	0x3f000000	0x3faa3722	0xbceba2d3	0x3e3851ec	0x3f5a3137	0x3f9113ac
0x3ea9374c	0x3e99999a	0x3f000000	0x3faa3722	0xbceb5bb2	0x3e3851ec	0x3f5a3bbe	0x3f911aac
0x3ea94467	0x3e99999a	0x3f000000	0x3faa3722	0xbceb14a2	0x3e3851ec	0x3f5a4642	0x3f9121aa
0x3ea95183	0x3e99999a	0x3f000000	0x3faa3722	0xbceacd97	0x3e3851ec	0x3f5a50c7	0x3f9128a8
0x3ea95e9e	0x3e99999a	0x3f000000	0x3faa3722	0xbcea869d	0x3e3851ec	0x3f5a5b49	0x3f912fa5
0x3ea96bba	0x3e99999a	0x3f000000	0x3faa3722	0xbcea3fa7	0x3e3851ec	0x3f5a65cb	0x3f9136a2
0x3ea978d5	0x3e99999a	0x3f000000	0x3faa3722	0xbce9f8c2	0x3e3851ec	0x3f5a704c	0x3f913d9e
0x3ea985f0	0x3e99999a	0x3f000000	0x3faa3722	0xbce9b1e8	0x3e3851ec	0x3f5a7acb	0x3f914498
0x3ea9930c	0x3e99999a	0x3f000000	0x3faa3722	0xbce96b12	0x3e3851ec	0x3f5a854a	0x3f914b93
0x3ea9a027	0x3e99999a	0x3f000000	0x3faa3722	0xbce9244d	0x3e3851ec	0x3f5a8fc7	0x3f91528c
0x3ea9ad43	0x3e99999a	0x3f000000	0x3faa3722	0xbce8dd8e	0x3e3851ec	0x3f5a9a44	0x3f915985
0x3ea9ba5e	0x3e99999a	0x3f000000	0x3faa3722	0xbce896de	0x3e3851ec	0x3f5aa4bf	0x3f91607d
0x3ea9c77a	0x3e99999a	0x3f000000	0x3faa3722	0xbce85034	0x3e3851ec	0x3f5aaf39	0x3f916775
0x3ea9d495	0x3e99999a	0x3f000000	0x3faa3722	0xbce8099a	0x3e3851ec	0x3f5ab9b2	0x3f916e6b
0x3ea9e1b1	0x3e99999a	0x3f000000	0x3faa3722	0xbce7c305	0x3e3851ec	0x3f5ac42b	0x3f917562
0x3ea9eecc	0x3e99999a	0x3f000000	0x3faa3722	0xbce77c81	0x3e3851ec	0x3f5acea1	0x3f917c56
0x3ea9fbe7	0x3e99999a	0x3f000000	0x3faa3722	0xbce73607	0x3e3851ec	0x3f5ad917	0x3f91834b
0x3eaa0903	0x3e99999a	0x3f000000	0x3faa3722	0xbce6ef92	0x3e3851ec	0x3f5ae38c	0x3f918a3f
0x3eaa161e	0x3e99999a	0x3f000000	0x3faa3722	0xbce6a92e	0x3e3851ec	0x3f5aedff	0x3f919132
0x3eaa233a	0x3e99999a	0x3f000000	0x3faa3722	0xbce662cf	0x3e3851ec	0x3f5af872	0x3f919824
0x3eaa3055	0x3e99999a	0x3f000000	0x3faa3722	0xbce61c80	0x3e3851ec	0x3f5b02e3	0x3f919f15
0x3eaa3d71	0x3e99999a	0x3f000000	0x3faa3722	0xbce5d637	0x3e3851ec	0x3f5b0d54	0x3f91a607
0x3eaa4a8c	0x3e99999a	0x3f000000	0x3faa3722	0xbce58ffd	0x3e3851ec	0x3f5b17c3	0x3f91acf7
0x3eaa57a8	0x3e99999a	0x3f000000	0x3faa3722	0xbce549c9	0x3e3851ec	0x3f5b2231	0x3f91b3e6
0x3eaa64c3	0x3e99999a	0x3f000000	0x3faa3722	0xbce503a5	0x3e3851ec	0x3f5b2c9e	0x3f91bad5
0x3eaa71de	0x3e99999a	0x3f000000	0x3faa3722	0xbce4bd8c	0x3e3851ec	0x3f5b370a	0x3f91c1c3
0x3eaa7efa	0x3e99999a	0x3f000000	0x3faa3722	0xbce47778	0x3e3851ec	0x3f5b4175	0x3f91c8b0
0x3eaa8c15	0x3e99999a	0x3f000000	0x3faa3722	0xbce43174	0x3e3851ec	0x3f5b4bde	0x3f91cf9c
0x3eaa9931	0x3e99999a	0x3f000000	0x3faa3722	0xbce3eb76	0x3e3851ec	0x3f5b5647	0x3f91d688
0x3eaaa64c	0x3e99999a	0x3f000000	0x3faa3722	0xbce3a588	0x3e3851ec	0x3f5b60ae	0x3f91dd72
0x3eaab368	0x3e99999a	0x3f000000	0x3faa3722	0xbce35f9f	0x3e3851ec	0x3f5b6b15	0x3f91e45d
0x3eaac083	0x3e99999a	0x3f000000	0x3faa3722	0xbce319c6	0x3e3851ec	0x3f5b757a	0x3f91eb46
0x3eaacd9f	0x3e99999a	0x3f000000	0x3faa3722	0xbce2d3f3	0x3e3851ec	0x3f5b7fdf	0x3f91f230
0x3eaadaba	0x3e99999a	0x3f000000	0x3faa3722	0xbce28e2f	0x3e3851ec	0x3f5b8a42	0x3f91f918
0x3eaae7d5	0x3e99999a	0x3f000000	0x3faa3722	0xbce24877	0x3e3851ec	0x3f5b94a3	0x3f91fffe
0x3eaaf4f1	0x3e99999a	0x3f000000	0x3faa3722	0xbce202c4	0x3e3851ec	0x3f5b9f05	0x3f9206e6
0x3eab020c	0x3e99999a	0x3f000000	0x3faa3722	0xbce1bd20	0x3e3851ec	0x3f5ba964	0x3f920dcb
0x3eab0f28	0x3e99999a	0x3f000000	0x3faa3722	0xbce17783	0x3e3851ec	0x3f5bb3c3	0x3f9214b0
0x3eab1c43	0x3e99999a	0x3f000000	0x3faa3722	0xbce131f5	0x3e3851ec	0x3f5bbe20	0x3f921b94
0x3eab295f	0x3e99999a	0x3f000000	0x3faa3722	0xbce0ec6d	0x3e3851ec	0x3f5bc87d	0x3f922278
0x3eab367a	0x3e99999a	0x3f000000	0x3faa3722	0xbce0a6f5	0x3e3851ec	0x3f5bd2d8	0x3f92295b
0x3eab4396	0x3e99999a	0x3f000000	0x3faa3722	0xbce06182	0x3e3851ec	0x3f5bdd33	0x3f92303e
0x3eab50b1	0x3e99999a	0x3f000000	0x3faa3722	0xbce01c1f	0x3e3851ec	0x3f5be78b	0x3f92371e
0x3eab5dcc	0x3e99999a	0x3f000000	0x3faa3722	0xbcdfd6c7	0x3e3851ec	0x3f5bf1e3	0x3f923dff
0x3eab6ae8	0x3e99999a	0x3f000000	0x3faa3722	0xbcdf9175	0x3e3851ec	0x3f5bfc3a	0x3f9244df
0x3eab7803	0x3e99999a	0x3f000000	0x3faa3722	0xbcdf4c32	0x3e3851ec	0x3f5c0690	0x3f924bbe
0x3eab851f	0x3e99999a	0x3f000000	0x3faa3722	0xbcdf06f5	0x3e3851ec	0x3f5c10e5	0x3f92529d
0x3eab923a	0x3e99999a	0x3f000000	0x3faa3722	0xbcdec1c8	0x3e3851ec	0x3f5c1b38	0x3f92597a
0x3eab9f56	0x3e99999a	0x3f000000	0x3faa3722	0xbcde7ca0	0x3e3851ec	0x3f5c258b	0x3f926058
0x3eabac71	0x3e99999a	0x3f000000	0x3faa3722	0xbcde3789	0x3e3851ec	0x3f5c2fdc	0x3f926734
0x3eabb98c	0x3e99999a	0x3f000000	0x3faa3722	0xbcddf27c	0x3e3851ec	0x3f5c3a2c	0x3f926e0f
0x3eabc6a8	0x3e99999a	0x3f000000	0x3faa3722	0xbcddad75	0x3e3851ec	0x3f5c447b	0x3f9274ea
0x3eabd3c3	0x3e99999a	0x3f000000	0x3faa3722	0xbcdd687d	0x3e3851ec	0x3f5c4ec9	0x3f927bc4
0x3eabe0df	0x3e99999a	0x3f000000	0x3faa3722	0xbcdd238c	0x3e3851ec	0x3f5c5916	0x3f92829d
0x3eabedfa	0x3e99999a	0x3f000000	0x3faa3722	0xbcdcdeaa	0x3e3851ec	0x3f5c6361	0x3f928975
0x3eabfb16	0x3e99999a	0x3f000000	0x3faa3722	0xbcdc99cd	0x3e3851ec	0x3f5c6dac	0x3f92904d
0x3eac0831	0x3e99999a	0x3f000000	0x3faa3722	0xbcdc5501	0x3e3851ec	0x3f5c77f5	0x3f929724
0x3eac154d	0x3e99999a	0x3f000000	0x3faa3722	0xbcdc103a	0x3e3851ec	0x3f5c823e	0x3f929dfa
0x3eac2268	0x3e99999a	0x3f000000	0x3faa3722	0xbcdbcb83	0x3e3851ec	0x3f5c8c85	0x3f92a4d0
0x3eac2f83	0x3e99999a	0x3f000000	0x3faa3722	0xbcdb86d7	0x3e3851ec	0x3f5c96cb	0x3f92aba4
0x3eac3c9f	0x3e99999a	0x3f000000	0x3faa3722	0xbcdb4230	0x3e3851ec	0x3f5ca110	0x3f92b279
0x3eac49ba	0x3e99999a	0x3f000000	0x3faa3722	0xbcdafd99	0x3e3851ec	0x3f5cab53	0x3f92b94b
0x3eac56d6	0x3e99999a	0x3f000000	0x3faa3722	0xbcdab908	0x3e3851ec	0x3f5cb597	0x3f92c01f
0x3eac63f1	0x3e99999a	0x3f000000	0x3faa3722	0xbcda7487	0x3e3851ec	0x3f5cbfd8	0x3f92c6f0
0x3eac710d	0x3e99999a	0x3f000000	0x3faa3722	0xbcda300b	0x3e3851ec	0x3f5cca18	0x3f92cdc1
0x3eac7e28	0x3e99999a	0x3f000000	0x3faa3722	0xbcd9eb9f	0x3e3851ec	0x3f5cd457	0x3f92d491
0x3eac8b44	0x3e99999a	0x3f000000	0x3faa3722	0xbcd9a739	0x3e3851ec	0x3f5cde96	0x3f92db61
0x3eac985f	0x3e99999a	0x3f000000	0x3faa3722	0xbcd962e3	0x3e3851ec	0x3f5ce8d3	0x3f92e22f
0x3eaca57a	0x3e99999a	0x3f000000	0x3faa3722	0xbcd91e97	0x3e3851ec	0x3f5cf30e	0x3f92e8fd
0x3eacb296	0x3e99999a	0x3f000000	0x3faa3722	0xbcd8da51	0x3e3851ec	0x3f5cfd49	0x3f92efca
0x3eacbfb1	0x3e99999a	0x3f000000	0x3faa3722	0xbcd8961b	0x3e3851ec	0x3f5d0783	0x3f92f697
0x3eaccccd	0x3e99999a	0x3f000000	0x3faa3722	0xbcd851ea	0x3e3851ec	0x3f5d11bc	0x3f92fd63
0x3eacd9e8	0x3e99999a	0x3f000000	0x3faa3722	0xbcd80dca	0x3e3851ec	0x3f5d1bf2	0x3f93042d
0x3eace704	0x3e99999a	0x3f000000	0x3faa3722	0xbcd7c9af	0x3e3851ec	0x3f5d2629	0x3f930af8
0x3eacf41f	0x3e99999a	0x3f000000	0x3faa3722	0xbcd785a4	0x3e3851ec	0x3f5d305e	0x3f9311c1
0x3ead013b	0x3e99999a	0x3f000000	0x3faa3722	0xbcd7419e	0x3e3851ec	0x3f5d3a92	0x3f93188a
0x3ead0e56	0x3e99999a	0x3f000000	0x3faa3722	0xbcd6fda8	0x3e3851ec	0x3f5d44c5	0x3f931f52
0x3ead1b71	0x3e99999a	0x3f000000	0x3faa3722	0xbcd6b9bd	0x3e3851ec	0x3f5d4ef6	0x3f932619
0x3ead288d	0x3e99999a	0x3f000000	0x3faa3722	0xbcd675d8	0x3e3851ec	0x3f5d5927	0x3f932cdf
0x3ead35a8	0x3e99999a	0x3f000000	0x3faa3722	0xbcd63202	0x3e3851ec	0x3f5d6356	0x3f9333a5
0x3ead42c4	0x3e99999a	0x3f000000	0x3faa3722	0xbcd5ee33	0x3e3851ec	0x3f5d6d84	0x3f933a6a
0x3ead4fdf	0x3e99999a	0x3f000000	0x3faa3722	0xbcd5aa73	0x3e3851ec	0x3f5d77b1	0x3f93412e
0x3ead5cfb	0x3e99999a	0x3f000000	0x3faa3722	0xbcd566b8	0x3e3851ec	0x3f5d81dd	0x3f9347f1
0x3ead6a16	0x3e99999a	0x3f000000	0x3faa3722	0xbcd5230e	0x3e3851ec	0x3f5d8c08	0x3f934eb4
0x3ead7732	0x3e99999a	0x3f000000	0x3faa3722	0xbcd4df69	0x3e3851ec	0x3f5d9632	0x3f935576
0x3ead844d	0x3e99999a	0x3f000000	0x3faa3722	0xbcd49bd4	0x3e3851ec	0x3f5da05a	0x3f935c37
0x3ead9168	0x3e99999a	0x3f000000	0x3faa3722	0xbcd45849	0x3e3851ec	0x3f5daa81	0x3f9362f7
0x3ead9e84	0x3e99999a	0x3f000000	0x3faa3722	0xbcd414c4	0x3e3851ec	0x3f5db4a8	0x3f9369b7
0x3eadab9f	0x3e99999a	0x3f000000	0x3faa3722	0xbcd3d150	0x3e3851ec	0x3f5dbecc	0x3f937075
0x3eadb8bb	0x3e99999a	0x3f000000	0x3faa3722	0xbcd38de0	0x3e3851ec	0x3f5dc8f1	0x3f937734
0x3eadc5d6	0x3e99999a	0x3f000000	0x3faa3722	0xbcd34a81	0x3e3851ec	0x3f5dd313	0x3f937df0
0x3eadd2f2	0x3e99999a	0x3f000000	0x3faa3722	0xbcd30727	0x3e3851ec	0x3f5ddd35	0x3f9384ad
0x3eade00d	0x3e99999a	0x3f000000	0x3faa3722	0xbcd2c3dd	0x3e3851ec	0x3f5de755	0x3f938b69
0x3eaded29	0x3e99999a	0x3f000000	0x3faa3722	0xbcd28099	0x3e3851ec	0x3f5df174	0x3f939223
0x3eadfa44	0x3e99999a	0x3f000000	0x3faa3722	0xbcd23d65	0x3e3851ec	0x3f5dfb92	0x3f9398dd
0x3eae075f	0x3e99999a	0x3f000000	0x3faa3722	0xbcd1fa3b	0x3e3851ec	0x3f5e05af	0x3f939f97
0x3eae147b	0x3e99999a	0x3f000000	0x3faa3722	0xbcd1b717	0x3e3851ec	0x3f5e0fcb	0x3f93a650
0x3eae2196	0x3e99999a	0x3f000000	0x3faa3722	0xbcd17403	0x3e3851ec	0x3f5e19e5	0x3f93ad07
0x3eae2eb2	0x3e99999a	0x3f000000	0x3faa3722	0xbcd130f4	0x3e3851ec	0x3f5e23ff	0x3f93b3bf
0x3eae3bcd	0x3e99999a	0x3f000000	0x3faa3722	0xbcd0edf5	0x3e3851ec	0x3f5e2e17	0x3f93ba75
0x3eae48e9	0x3e99999a	0x3f000000	0x3faa3722	0xbcd0aafc	0x3e3851ec	0x3f5e382f	0x3f93c12b
0x3eae5604	0x3e99999a	0x3f000000	0x3faa3722	0xbcd06813	0x3e3851ec	0x3f5e4244	0x3f93c7df
0x3eae6320	0x3e99999a	0x3f000000	0x3faa3722	0xbcd0252f	0x3e3851ec	0x3f5e4c5a	0x3f93ce94
0x3eae703b	0x3e99999a	0x3f000000	0x3faa3722	0xbccfe25b	0x3e3851ec	0x3f5e566d	0x3f93d546
0x3eae7d56	0x3e99999a	0x3f000000	0x3faa3722	0xbccf9f92	0x3e3851ec	0x3f5e607f	0x3f93dbf9
0x3eae8a72	0x3e99999a	0x3f000000	0x3faa3722	0xbccf5ccf	0x3e3851ec	0x3f5e6a91	0x3f93e2ab
0x3eae978d	0x3e99999a	0x3f000000	0x3faa3722	0xbccf1a1b	0x3e3851ec	0x3f5e74a1	0x3f93e95c
0x3eaea4a9	0x3e99999a	0x3f000000	0x3faa3722	0xbcced76d	0x3e3851ec	0x3f5e7eb0	0x3f93f00c
0x3eaeb1c4	0x3e99999a	0x3f000000	0x3faa3722	0xbcce94cf	0x3e3851ec	0x3f5e88be	0x3f93f6bb
0x3eaebee0	0x3e99999a	0x3f000000	0x3faa3722	0xbcce5237	0x3e3851ec	0x3f5e92cb	0x3f93fd6a
0x3eaecbfb	0x3e99999a	0x3f000000	0x3faa3722	0xbcce0fae	0x3e3851ec	0x3f5e9cd6	0x3f940417
0x3eaed917	0x3e99999a	0x3f000000	0x3faa3722	0xbccdcd2b	0x3e3851ec	0x3f5ea6e1	0x3f940ac5
0x3eaee632	0x3e99999a	0x3f000000	0x3faa3722	0xbccd8ab8	0x3e3851ec	0x3f5eb0ea	0x3f941171
0x3eaef34d	0x3e99999a	0x3f000000	0x3faa3722	0xbccd484f	0x3e3851ec	0x3f5ebaf1	0x3f94181c
0x3eaf0069	0x3e99999a	0x3f000000	0x3faa3722	0xbccd05ec	0x3e3851ec	0x3f5ec4f9	0x3f941ec7
0x3eaf0d84	0x3e99999a	0x3f000000	0x3faa3722	0xbcccc399	0x3e3851ec	0x3f5ecefe	0x3f942571
0x3eaf1aa0	0x3e99999a	0x3f000000	0x3faa3722	0xbccc814c	0x3e3851ec	0x3f5ed903	0x3f942c1a
0x3eaf27bb	0x3e99999a	0x3f000000	0x3faa3722	0xbccc3f0f	0x3e3851ec	0x3f5ee306	0x3f9432c2
0x3eaf34d7	0x3e99999a	0x3f000000	0x3faa3722	0xbccbfcd7	0x3e3851ec	0x3f5eed09	0x3f94396b
0x3eaf41f2	0x3e99999a	0x3f000000	0x3faa3722	0xbccbbaaf	0x3e3851ec	0x3f5ef709	0x3f944011
0x3eaf4f0e	0x3e99999a	0x3f000000	0x3faa3722	0xbccb788c	0x3e3851ec	0x3f5f0109	0x3f9446b7
0x3eaf5c29	0x3e99999a	0x3f000000	0x3faa3722	0xbccb367a	0x3e3851ec	0x3f5f0b08	0x3f944d5c
0x3eaf6944	0x3e99999a	0x3f000000	0x3faa3722	0xbccaf472	0x3e3851ec	0x3f5f1505	0x3f945400
0x3eaf7660	0x3e99999a	0x3f000000	0x3faa3722	0xbccab270	0x3e3851ec	0x3f5f1f01	0x3f945aa4
0x3eaf837b	0x3e99999a	0x3f000000	0x3faa3722	0xbcca707e	0x3e3851ec	0x3f5f28fc	0x3f946147
0x3eaf9097	0x3e99999a	0x3f000000	0x3faa3722	0xbcca2e91	0x3e3851ec	0x3f5f32f6	0x3f9467e9
0x3eaf9db2	0x3e99999a	0x3f000000	0x3faa3722	0xbcc9ecb4	0x3e3851ec	0x3f5f3cef	0x3f946e8a
0x3eafaace	0x3e99999a	0x3f000000	0x3faa3722	0xbcc9aadd	0x3e3851ec	0x3f5f46e7	0x3f94752b
0x3eafb7e9	0x3e99999a	0x3f000000	0x3faa3722	0xbcc96915	0x3e3851ec	0x3f5f50dd	0x3f947bcb
0x3eafc505	0x3e99999a	0x3f000000	0x3faa3722	0xbcc92754	0x3e3851ec	0x3f5f5ad2	0x3f94826a
0x3eafd220	0x3e99999a	0x3f000000	0x3faa3722	0xbcc8e5a2	0x3e3851ec	0x3f5f64c6	0x3f948908
0x3eafdf3b	0x3e99999a	0x3f000000	0x3faa3722	0xbcc8a3fb	0x3e3851ec	0x3f5f6eb9	0x3f948fa5
0x3eafec57	0x3e99999a	0x3f000000	0x3faa3722	0xbcc86259	0x3e3851ec	0x3f5f78ab	0x3f949642
0x3eaff972	0x3e99999a	0x3f000000	0x3faa3722	0xbcc820c7	0x3e3851ec	0x3f5f829b	0x3f949cde
0x3eb0068e	0x3e99999a	0x3f000000	0x3faa3722	0xbcc7df3b	0x3e3851ec	0x3f5f8c8b	0x3f94a379
0x3eb013a9	0x3e99999a	0x3f000000	0x3faa3722	0xbcc79dbf	0x3e3851ec	0x3f5f9678	0x3f94aa13
0x3eb020c5	0x3e99999a	0x3f000000	0x3faa3722	0xbcc75c49	0x3e3851ec	0x3f5fa066	0x3f94b0ad
0x3eb02de0	0x3e99999a	0x3f000000	0x3faa3722	0xbcc71ae2	0x3e3851ec	0x3f5faa51	0x3f94b745
0x3eb03afb	0x3e99999a	0x3f000000	0x3faa3722	0xbcc6d986	0x3e3851ec	0x3f5fb43b	0x3f94bddd
0x3eb04817	0x3e99999a	0x3f000000	0x3faa3722	0xbcc6982f	0x3e3851ec	0x3f5fbe25	0x3f94c474
0x3eb05532	0x3e99999a	0x3f000000	0x3faa3722	0xbcc656e9	0x3e3851ec	0x3f5fc80d	0x3f94cb0a
0x3eb0624e	0x3e99999a	0x3f000000	0x3faa3722	0xbcc615a8	0x3e3851ec	0x3f5fd1f4	0x3f94d1a0
0x3eb06f69	0x3e99999a	0x3f000000	0x3faa3722	0xbcc5d477	0x3e3851ec	0x3f5fdbda	0x3f94d835
0x3eb07c85	0x3e99999a	0x3f000000	0x3faa3722	0xbcc5934c	0x3e3851ec	0x3f5fe5be	0x3f94dec8
0x3eb089a0	0x3e99999a	0x3f000000	0x3faa3722	0xbcc55230	0x3e3851ec	0x3f5fefa1	0x3f94e55b
0x3eb096bc	0x3e99999a	0x3f000000	0x3faa3722	0xbcc5111a	0x3e3851ec	0x3f5ff984	0x3f94ebee
0x3eb0a3d7	0x3e99999a	0x3f000000	0x3faa3722	0xbcc4d014	0x3e3851ec	0x3f600365	0x3f94f280
0x3eb0b0f2	0x3e99999a	0x3f000000	0x3faa3722	0xbcc48f18	0x3e3851ec	0x3f600d44	0x3f94f910
0x3eb0be0e	0x3e99999a	0x3f000000	0x3faa3722	0xbcc44e23	0x3e3851ec	0x3f601723	0x3f94ffa0
0x3eb0cb29	0x3e99999a	0x3f000000	0x3faa3722	0xbcc40d3d	0x3e3851ec	0x3f602100	0x3f95062f
0x3eb0d845	0x3e99999a	0x3f000000	0x3faa3722	0xbcc3cc5d	0x3e3851ec	0x3f602add	0x3f950cbe
0x3eb0e560	0x3e99999a	0x3f000000	0x3faa3722	0xbcc38b8c	0x3e3851ec	0x3f6034b8	0x3f95134b
0x3eb0f27c	0x3e99999a	0x3f000000	0x3faa3722	0xbcc34ac1	0x3e3851ec	0x3f603e92	0x3f9519d8
0x3eb0ff97	0x3e99999a	0x3f000000	0x3faa3722	0xbcc30a06	0x3e3851ec	0x3f60486a	0x3f952064
0x3eb10cb3	0x3e99999a	0x3f000000	0x3faa3722	0xbcc2c951	0x3e3851ec	0x3f605242	0x3f9526ef
0x3eb119ce	0x3e99999a	0x3f000000	0x3faa3722	0xbcc288ac	0x3e3851ec	0x3f605c18	0x3f952d7a
0x3eb126e9	0x3e99999a	0x3f000000	0x3faa3722	0xbcc24811	0x3e3851ec	0x3f6065ec	0x3f953402
0x3eb13405	0x3e99999a	0x3f000000	0x3faa3722	0xbcc2077c	0x3e3851ec	0x3f606fc0	0x3f953a8b
0x3eb14120	0x3e99999a	0x3f000000	0x3faa3722	0xbcc1c6f7	0x3e3851ec	0x3f607993	0x3f954114
0x3eb14e3c	0x3e99999a	0x3f000000	0x3faa3722	0xbcc18677	0x3e3851ec	0x3f608365	0x3f95479b
0x3eb15b57	0x3e99999a	0x3f000000	0x3faa3722	0xbcc14607	0x3e3851ec	0x3f608d35	0x3f954e21
0x3eb16873	0x3e99999a	0x3f000000	0x3faa3722	0xbcc1059d	0x3e3851ec	0x3f609704	0x3f9554a7
0x3eb1758e	0x3e99999a	0x3f000000	0x3faa3722	0xbcc0c543	0x3e3851ec	0x3f60a0d1	0x3f955b2b
0x3eb182aa	0x3e99999a	0x3f000000	0x3faa3722	0xbcc084ee	0x3e3851ec	0x3f60aa9e	0x3f9561af
0x3eb18fc5	0x3e99999a	0x3f000000	0x3faa3722	0xbcc044a9	0x3e3851ec	0x3f60b469	0x3f956832
0x3eb19ce0	0x3e99999a	0x3f000000	0x3faa3722	0xbcc0046f	0x3e3851ec	0x3f60be33	0x3f956eb5
0x3eb1a9fc	0x3e99999a	0x3f000000	0x3faa3722	0xbcbfc43b	0x3e3851ec	0x3f60c7fc	0x3f957536
0x3eb1b717	0x3e99999a	0x3f000000	0x3faa3722	0xbcbf8416	0x3e3851ec	0x3f60d1c4	0x3f957bb7
0x3eb1c433	0x3e99999a	0x3f000000	0x3faa3722	0xbcbf43f7	0x3e3851ec	0x3f60db8b	0x3f958237
0x3eb1d14e	0x3e99999a	0x3f000000	0x3faa3722	0xbcbf03e8	0x3e3851ec	0x3f60e550	0x3f9588b6
0x3eb1de6a	0x3e99999a	0x3f000000	0x3faa3722	0xbcbec3df	0x3e3851ec	0x3f60ef14	0x3f958f35
0x3eb1eb85	0x3e99999a	0x3f000000	0x3faa3722	0xbcbe83e5	0x3e3851ec	0x3f60f8d6	0x3f9595b1
0x3eb1f8a1	0x3e99999a	0x3f000000	0x3faa3722	0xbcbe43f1	0x3e3851ec	0x3f610299	0x3f959c2f
0x3eb205bc	0x3e99999a	0x3f000000	0x3faa3722	0xbcbe040d	0x3e3851ec	0x3f610c59	0x3f95a2ab
0x3eb212d7	0x3e99999a	0x3f000000	0x3faa3722	0xbcbdc433	0x3e3851ec	0x3f611618	0x3f95a926
0x3eb21ff3	0x3e99999a	0x3f000000	0x3faa3722	0xbcbd845f	0x3e3851ec	0x3f611fd6	0x3f95afa0
0x3eb22d0e	0x3e99999a	0x3f000000	0x3faa3722	0xbcbd449b	0x3e3851ec	0x3f612993	0x3f95b619
0x3eb23a2a	0x3e99999a	0x3f000000	0x3faa3722	0xbcbd04dd	0x3e3851ec	0x3f61334f	0x3f95bc92
0x3eb24745	0x3e99999a	0x3f000000	0x3faa3722	0xbcbcc52e	0x3e3851ec	0x3f613d08	0x3f95c309
0x3eb25461	0x3e99999a	0x3f000000	0x3faa3722	0xbcbc8586	0x3e3851ec	0x3f6146c2	0x3f95c981
0x3eb2617c	0x3e99999a	0x3f000000	0x3faa3722	0xbcbc45ec	0x3e3851ec	0x3f61507a	0x3f95cff7
0x3eb26e98	0x3e99999a	0x3f000000	0x3faa3722	0xbcbc0659	0x3e3851ec	0x3f615a31	0x3f95d66d
0x3eb27bb3	0x3e99999a	0x3f000000	0x3faa3722	0xbcbbc6d6	0x3e3851ec	0x3f6163e6	0x3f95dce1
0x3eb288ce	0x3e99999a	0x3f000000	0x3faa3722	0xbcbb875d	0x3e3851ec	0x3f616d9a	0x3f95e355
0x3eb295ea	0x3e99999a	0x3f000000	0x3faa3722	0xbcbb47ea	0x3e3851ec	0x3f61774d	0x3f95e9c8
0x3eb2a305	0x3e99999a	0x3f000000	0x3faa3722	0xbcbb0886	0x3e3851ec	0x3f6180fe	0x3f95f039
0x3eb2b021	0x3e99999a	0x3f000000	0x3faa3722	0xbcbac929	0x3e3851ec	0x3f618aaf	0x3f95f6ab
0x3eb2bd3c	0x3e99999a	0x3f000000	0x3faa3722	0xbcba89db	0x3e3851ec	0x3f61945e	0x3f95fd1b
0x3eb2ca58	0x3e99999a	0x3f000000	0x3faa3722	0xbcba4a92	0x3e3851ec	0x3f619e0d	0x3f96038c
0x3eb2d773	0x3e99999a	0x3f000000	0x3faa3722	0xbcba0b5a	0x3e3851ec	0x3f61a7ba	0x3f9609fb
0x3eb2e48f	0x3e99999a	0x3f000000	0x3faa3722	0xbcb9cc27	0x3e3851ec	0x3f61b166	0x3f961069
0x3eb2f1aa	0x3e99999a	0x3f000000	0x3faa3722	0xbcb98d04	0x3e3851ec	0x3f61bb10	0x3f9616d6
0x3eb2fec5	0x3e99999a	0x3f000000	0x3faa3722	0xbcb94dec	0x3e3851ec	0x3f61c4b9	0x3f961d42
0x3eb30be1	0x3e99999a	0x3f000000	0x3faa3722	0xbcb90eda	0x3e3851ec	0x3f61ce61	0x3f9623ae
0x3eb318fc	0x3e99999a	0x3f000000	0x3faa3722	0xbcb8cfd7	0x3e3851ec	0x3f61d807	0x3f962a18
0x3eb32618	0x3e99999a	0x3f000000	0x3faa3722	0xbcb890da	0x3e3851ec	0x3f61e1ad	0x3f963082
0x3eb33333	0x3e99999a	0x3f000000	0x3faa3722	0xbcb851ec	0x3e3851ec	0x3f61eb51	0x3f9636eb
0x3eb3404f	0x3e99999a	0x3f000000	0x3faa3722	0xbcb81305	0x3e3851ec	0x3f61f4f5	0x3f963d54
0x3eb34d6a	0x3e99999a	0x3f000000	0x3faa3722	0xbcb7d42d	0x3e3851ec	0x3f61fe96	0x3f9643bb
0x3eb35a86	0x3e99999a	0x3f000000	0x3faa3722	0xbcb7955b	0x3e3851ec	0x3f620837	0x3f964a22
0x3eb367a1	0x3e99999a	0x3f000000	0x3faa3722	0xbcb75699	0x3e3851ec	0x3f6211d6	0x3f965088
0x3eb374bc	0x3e99999a	0x3f000000	0x3faa3722	0xbcb717e1	0x3e3851ec	0x3f621b74	0x3f9656ed
0x3eb381d8	0x3e99999a	0x3f000000	0x3faa3722	0xbcb6d92f	0x3e3851ec	0x3f622511	0x3f965d51
0x3eb38ef3	0x3e99999a	0x3f000000	0x3faa3722	0xbcb69a8d	0x3e3851ec	0x3f622eac	0x3f9663b4
0x3eb39c0f	0x3e99999a	0x3f000000	0x3faa3722	0xbcb65bf1	0x3e3851ec	0x3f623847	0x3f966a17
0x3eb3a92a	0x3e99999a	0x3f000000	0x3faa3722	0xbcb61d64	0x3e3851ec	0x3f6241e0	0x3f967079
0x3eb3b646	0x3e99999a	0x3f000000	0x3faa3722	0xbcb5dedd	0x3e3851ec	0x3f624b78	0x3f9676da
0x3eb3c361	0x3e99999a	0x3f000000	0x3faa3722	0xbcb5a066	0x3e3851ec	0x3f62550e	0x3f967d3a
0x3eb3d07d	0x3e99999a	0x3f000000	0x3faa3722	0xbcb561f5	0x3e3851ec	0x3f625ea4	0x3f968399
0x3eb3dd98	0x3e99999a	0x3f000000	0x3faa3722	0xbcb52393	0x3e3851ec	0x3f626838	0x3f9689f8
0x3eb3eab3	0x3e99999a	0x3f000000	0x3faa3722	0xbcb4e53c	0x3e3851ec	0x3f6271cb	0x3f969055
0x3eb3f7cf	0x3e99999a	0x3f000000	0x3faa3722	0xbcb4a6eb	0x3e3851ec	0x3f627b5d	0x3f9696b2
0x3eb404ea	0x3e99999a	0x3f000000	0x3faa3722	0xbcb468a9	0x3e3851ec	0x3f6284ed	0x3f969d0e
0x3eb41206	0x3e99999a	0x3f000000	0x3faa3722	0xbcb42a6e	0x3e3851ec	0x3f628e7c	0x3f96a369
0x3eb41f21	0x3e99999a	0x3f000000	0x3faa3722	0xbcb3ec42	0x3e3851ec	0x3f62980a	0x3f96a9c3
0x3eb42c3d	0x3e99999a	0x3f000000	0x3faa3722	0xbcb3ae1b	0x3e3851ec	0x3f62a197	0x3f96b01d
0x3eb43958	0x3e99999a	0x3f000000	0x3faa3722	0xbcb37005	0x3e3851ec	0x3f62ab22	0x3f96b675
0x3eb44674	0x3e99999a	0x3f000000	0x3faa3722	0xbcb331f4	0x3e3851ec	0x3f62b4ad	0x3f96bcce
0x3eb4538f	0x3e99999a	0x3f000000	0x3faa3722	0xbcb2f3f3	0x3e3851ec	0x3f62be36	0x3f96c325
0x3eb460aa	0x3e99999a	0x3f000000	0x3faa3722	0xbcb2b5fc	0x3e3851ec	0x3f62c7bd	0x3f96c97b
0x3eb46dc6	0x3e99999a	0x3f000000	0x3faa3722	0xbcb2780c	0x3e3851ec	0x3f62d144	0x3f96cfd0
0x3eb47ae1	0x3e99999a	0x3f000000	0x3faa3722	0xbcb23a2b	0x3e3851ec	0x3f62dac9	0x3f96d625
0x3eb487fd	0x3e99999a	0x3f000000	0x3faa3722	0xbcb1fc50	0x3e3851ec	0x3f62e44d	0x3f96dc78
0x3eb49518	0x3e99999a	0x3f000000	0x3faa3722	0xbcb1be85	0x3e3851ec	0x3f62edcf	0x3f96e2cb
0x3eb4a234	0x3e99999a	0x3f000000	0x3faa3722	0xbcb180bf	0x3e3851ec	0x3f62f751	0x3f96e91d
0x3eb4af4f	0x3e99999a	0x3f000000	0x3faa3722	0xbcb14309	0x3e3851ec	0x3f6300d1	0x3f96ef6e
0x3eb4bc6a	0x3e99999a	0x3f000000	0x3faa3722	0xbcb1055e	0x3e3851ec	0x3f630a4f	0x3f96f5be
0x3eb4c986	0x3e99999a	0x3f000000	0x3faa3722	0xbcb0c7b9	0x3e3851ec	0x3f6313ce	0x3f96fc0e
0x3eb4d6a1	0x3e99999a	0x3f000000	0x3faa3722	0xbcb08a23	0x3e3851ec	0x3f631d4a	0x3f97025d
0x3eb4e3bd	0x3e99999a	0x3f000000	0x3faa3722	0xbcb04c93	0x3e3851ec	0x3f6326c5	0x3f9708aa
0x3eb4f0d8	0x3e99999a	0x3f000000	0x3faa3722	0xbcb00f13	0x3e3851ec	0x3f63303f	0x3f970ef7
0x3eb4fdf4	0x3e99999a	0x3f000000	0x3faa3722	0xbcafd198	0x3e3851ec	0x3f6339b8	0x3f971544
0x3eb50b0f	0x3e99999a	0x3f000000	0x3faa3722	0xbcaf942e	0x3e3851ec	0x3f63432f	0x3f971b8f
0x3eb5182b	0x3e99999a	0x3f000000	0x3faa3722	0xbcaf56c9	0x3e3851ec	0x3f634ca5	0x3f9721d9
0x3eb52546	0x3e99999a	0x3f000000	0x3faa3722	0xbcaf1973	0x3e3851ec	0x3f63561a	0x3f972823
0x3eb53261	0x3e99999a	0x3f000000	0x3faa3722	0xbcaedc29	0x3e3851ec	0x3f635f8d	0x3f972e6b
0x3eb53f7d	0x3e99999a	0x3f000000	0x3faa3722	0xbcae9ee4	0x3e3851ec	0x3f636900	0x3f9734b4
0x3eb54c98	0x3e99999a	0x3f000000	0x3faa3722	0xbcae61af	0x3e3851ec	0x3f637271	0x3f973afb
0x3eb559b4	0x3e99999a	0x3f000000	0x3faa3722	0xbcae2480	0x3e3851ec	0x3f637be1	0x3f974141
0x3eb566cf	0x3e99999a	0x3f000000	0x3faa3722	0xbcade760	0x3e3851ec	0x3f63854f	0x3f974786
0x3eb573eb	0x3e99999a	0x3f000000	0x3faa3722	0xbcadaa46	0x3e3851ec	0x3f638ebd	0x3f974dcb
0x3eb58106	0x3e99999a	0x3f000000	0x3faa3722	0xbcad6d3c	0x3e3851ec	0x3f639828	0x3f97540e
0x3eb58e22	0x3e99999a	0x3f000000	0x3faa3722	0xbcad3038	0x3e3851ec	0x3f63a193	0x3f975a52
0x3eb59b3d	0x3e99999a	0x3f000000	0x3faa3722	0xbcacf343	0x3e3851ec	0x3f63aafd	0x3f976094
0x3eb5a858	0x3e99999a	0x3f000000	0x3faa3722	0xbcacb659	0x3e3851ec	0x3f63b465	0x3f9766d5
0x3eb5b574	0x3e99999a	0x3f000000	0x3faa3722	0xbcac7975	0x3e3851ec	0x3f63bdcc	0x3f976d15
0x3eb5c28f	0x3e99999a	0x3f000000	0x3faa3722	0xbcac3ca1	0x3e3851ec	0x3f63c731	0x3f977355
0x3eb5cfab	0x3e99999a	0x3f000000	0x3faa3722	0xbcabffd2	0x3e3851ec	0x3f63d096	0x3f977994
0x3eb5dcc6	0x3e99999a	0x3f000000	0x3faa3722	0xbcabc313	0x3e3851ec	0x3f63d9f9	0x3f977fd1
0x3eb5e9e2	0x3e99999a	0x3f000000	0x3faa3722	0xbcab865a	0x3e3851ec	0x3f63e35b	0x3f97860f
0x3eb5f6fd	0x3e99999a	0x3f000000	0x3faa3722	0xbcab49b0	0x3e3851ec	0x3f63ecbb	0x3f978c4a
0x3eb60419	0x3e99999a	0x3f000000	0x3faa3722	0xbcab0d0d	0x3e3851ec	0x3f63f61b	0x3f979286
0x3eb61134	0x3e99999a	0x3f000000	0x3faa3722	0xbcaad079	0x3e3851ec	0x3f63ff78	0x3f9798c0
0x3eb61e4f	0x3e99999a	0x3f000000	0x3faa3722	0xbcaa93ef	0x3e3851ec	0x3f6408d5	0x3f979efa
0x3eb62b6b	0x3e99999a	0x3f000000	0x3faa3722	0xbcaa576c	0x3e3851ec	0x3f641231	0x3f97a533
0x3eb63886	0x3e99999a	0x3f000000	0x3faa3722	0xbcaa1af8	0x3e3851ec	0x3f641b8b	0x3f97ab6b
0x3eb645a2	0x3e99999a	0x3f000000	0x3faa3722	0xbca9de8a	0x3e3851ec	0x3f6424e4	0x3f97b1a2
0x3eb652bd	0x3e99999a	0x3f000000	0x3faa3722	0xbca9a22c	0x3e3851ec	0x3f642e3b	0x3f97b7d7
0x3eb65fd9	0x3e99999a	0x3f000000	0x3faa3722	0xbca965d3	0x3e3851ec	0x3f643792	0x3f97be0d
0x3eb66cf4	0x3e99999a	0x3f000000	0x3faa3722	0xbca9298a	0x3e3851ec	0x3f6440e7	0x3f97c442
0x3eb67a10	0x3e99999a	0x3f000000	0x3faa3722	0xbca8ed48	0x3e3851ec	0x3f644a3b	0x3f97ca75
0x3eb6872b	0x3e99999a	0x3f000000	0x3faa3722	0xbca8b114	0x3e3851ec	0x3f64538d	0x3f97d0a8
0x3eb69446	0x3e99999a	0x3f000000	0x3faa3722	0xbca874eb	0x3e3851ec	0x3f645cde	0x3f97d6da
0x3eb6a162	0x3e99999a	0x3f000000	0x3faa3722	0xbca838c9	0x3e3851ec	0x3f64662e	0x3f97dd0b
0x3eb6ae7d	0x3e99999a	0x3f000000	0x3faa3722	0xbca7fcb5	0x3e3851ec	0x3f646f7d	0x3f97e33b
0x3eb6bb99	0x3e99999a	0x3f000000	0x3faa3722	0xbca7c0a8	0x3e3851ec	0x3f6478ca	0x3f97e96a
0x3eb6c8b4	0x3e99999a	0x3f000000	0x3faa3722	0xbca784aa	0x3e3851ec	0x3f648216	0x3f97ef99
0x3eb6d5d0	0x3e99999a	0x3f000000	0x3faa3722	0xbca748b3	0x3e3851ec	0x3f648b61	0x3f97f5c7
0x3eb6e2eb	0x3e99999a	0x3f000000	0x3faa3722	0xbca70cca	0x3e3851ec	0x3f6494ab	0x3f97fbf4
0x3eb6f007	0x3e99999a	0x3f000000	0x3faa3722	0xbca6d0e8	0x3e3851ec	0x3f649df3	0x3f980220
0x3eb6fd22	0x3e99999a	0x3f000000	0x3faa3722	0xbca69515	0x3e3851ec	0x3f64a73a	0x3f98084b
0x3eb70a3d	0x3e99999a	0x3f000000	0x3faa3722	0xbca6594d	0x3e3851ec	0x3f64b07f	0x3f980e75
0x3eb71759	0x3e99999a	0x3f000000	0x3faa3722	0xbca61d8b	0x3e3851ec	0x3f64b9c4	0x3f98149e
0x3eb72474	0x3e99999a	0x3f000000	0x3faa3722	0xbca5e1d8	0x3e3851ec	0x3f64c307	0x3f981ac7
0x3eb73190	0x3e99999a	0x3f000000	0x3faa3722	0xbca5a62c	0x3e3851ec	0x3f64cc49	0x3f9820ef
0x3eb73eab	0x3e99999a	0x3f000000	0x3faa3722	0xbca56a8f	0x3e3851ec	0x3f64d589	0x3f982715
0x3eb74bc7	0x3e99999a	0x3f000000	0x3faa3722	0xbca52ef8	0x3e3851ec	0x3f64dec9	0x3f982d3c
0x3eb758e2	0x3e99999a	0x3f000000	0x3faa3722	0xbca4f370	0x3e3851ec	0x3f64e806	0x3f983360
0x3eb765fe	0x3e99999a	0x3f000000	0x3faa3722	0xbca4b7ee	0x3e3851ec	0x3f64f143	0x3f983985
0x3eb77319	0x3e99999a	0x3f000000	0x3faa3722	0xbca47c7c	0x3e3851ec	0x3f64fa7e	0x3f983fa8
0x3eb78034	0x3e99999a	0x3f000000	0x3faa3722	0xbca44114	0x3e3851ec	0x3f6503b8	0x3f9845ca
0x3eb78d50	0x3e99999a	0x3f000000	0x3faa3722	0xbca405b3	0x3e3851ec	0x3f650cf1	0x3f984bec
0x3eb79a6b	0x3e99999a	0x3f000000	0x3faa3722	0xbca3ca61	0x3e3851ec	0x3f651628	0x3f98520d
0x3eb7a787	0x3e99999a	0x3f000000	0x3faa3722	0xbca38f15	0x3e3851ec	0x3f651f5f	0x3f98582d
0x3eb7b4a2	0x3e99999a	0x3f000000	0x3faa3722	0xbca353d9	0x3e3851ec	0x3f652893	0x3f985e4c
0x3eb7c1be	0x3e99999a	0x3f000000	0x3faa3722	0xbca318a2	0x3e3851ec	0x3f6531c7	0x3f98646a
0x3eb7ced9	0x3e99999a	0x3f000000	0x3faa3722	0xbca2dd7b	0x3e3851ec	0x3f653af9	0x3f986a87
0x3eb7dbf5	0x3e99999a	0x3f000000	0x3faa3722	0xbca2a25a	0x3e3851ec	0x3f65442a	0x3f9870a4
0x3eb7e910	0x3e99999a	0x3f000000	0x3faa3722	0xbca26748	0x3e3851ec	0x3f654d5a	0x3f9876c0
0x3eb7f62b	0x3e99999a	0x3f000000	0x3faa3722	0xbca22c42	0x3e3851ec	0x3f655688	0x3f987cda
0x3eb80347	0x3e99999a	0x3f000000	0x3faa3722	0xbca1f141	0x3e3851ec	0x3f655fb5	0x3f9882f4
0x3eb81062	0x3e99999a	0x3f000000	0x3faa3722	0xbca1b64f	0x3e3851ec	0x3f6568e1	0x3f98890d
0x3eb81d7e	0x3e99999a	0x3f000000	0x3faa3722	0xbca17b64	0x3e3851ec	0x3f65720b	0x3f988f25
0x3eb82a99	0x3e99999a	0x3f000000	0x3faa3722	0xbca14088	0x3e3851ec	0x3f657b34	0x3f98953c
0x3eb837b5	0x3e99999a	0x3f000000	0x3faa3722	0xbca105b2	0x3e3851ec	0x3f65845c	0x3f989b53
0x3eb844d0	0x3e99999a	0x3f000000	0x3faa3722	0xbca0caec	0x3e3851ec	0x3f658d82	0x3f98a168
0x3eb851ec	0x3e99999a	0x3f000000	0x3faa3722	0xbca0902c	0x3e3851ec	0x3f6596a8	0x3f98a77d
0x3eb85f07	0x3e99999a	0x3f000000	0x3faa3722	0xbca0557b	0x3e3851ec	0x3f659fcc	0x3f98ad91
0x3eb86c22	0x3e99999a	0x3f000000	0x3faa3722	0xbca01ad4	0x3e3851ec	0x3f65a8ee	0x3f98b3a4
0x3eb8793e	0x3e99999a	0x3f000000	0x3faa3722	0xbc9fe034	0x3e3851ec	0x3f65b210	0x3f98b9b6
0x3eb88659	0x3e99999a	0x3f000000	0x3faa3722	0xbc9fa5a4	0x3e3851ec	0x3f65bb2f	0x3f98bfc7
0x3eb89375	0x3e99999a	0x3f000000	0x3faa3722	0xbc9f6b19	0x3e3851ec	0x3f65c44e	0x3f98c5d7
0x3eb8a090	0x3e99999a	0x3f000000	0x3faa3722	0xbc9f309e	0x3e3851ec	0x3f65cd6b	0x3f98cbe7
0x3eb8adac	0x3e99999a	0x3f000000	0x3faa3722	0xbc9ef629	0x3e3851ec	0x3f65d688	0x3f98d1f6
0x3eb8bac7	0x3e99999a	0x3f000000	0x3faa3722	0xbc9ebbc3	0x3e3851ec	0x3f65dfa2	0x3f98d803
0x3eb8c7e3	0x3e99999a	0x3f000000	0x3faa3722	0xbc9e8163	0x3e3851ec	0x3f65e8bc	0x3f98de10
0x3eb8d4fe	0x3e99999a	0x3f000000	0x3faa3722	0xbc9e4713	0x3e3851ec	0x3f65f1d4	0x3f98e41c
0x3eb8e219	0x3e99999a	0x3f000000	0x3faa3722	0xbc9e0ccd	0x3e3851ec	0x3f65faea	0x3f98ea27
0x3eb8ef35	0x3e99999a	0x3f000000	0x3faa3722	0xbc9dd28e	0x3e3851ec	0x3f660400	0x3f98f031
0x3eb8fc50	0x3e99999a	0x3f000000	0x3faa3722	0xbc9d985d	0x3e3851ec	0x3f660d14	0x3f98f63b
0x3eb9096c	0x3e99999a	0x3f000000	0x3faa3722	0xbc9d5e34	0x3e3851ec	0x3f661627	0x3f98fc43
0x3eb91687	0x3e99999a	0x3f000000	0x3faa3722	0xbc9d2419	0x3e3851ec	0x3f661f38	0x3f99024a
0x3eb923a3	0x3e99999a	0x3f000000	0x3faa3722	0xbc9cea04	0x3e3851ec	0x3f662849	0x3f990852
0x3eb930be	0x3e99999a	0x3f000000	0x3faa3722	0xbc9cafff	0x3e3851ec	0x3f663157	0x3f990e57
0x3eb93dd9	0x3e99999a	0x3f000000	0x3faa3722	0xbc9c7605	0x3e3851ec	0x3f663a64	0x3f99145c
0x3eb94af5	0x3e99999a	0x3f000000	0x3faa3722	0xbc9c3c10	0x3e3851ec	0x3f664371	0x3f991a60
0x3eb95810	0x3e99999a	0x3f000000	0x3faa3722	0xbc9c022b	0x3e3851ec	0x3f664c7c	0x3f992063
0x3eb9652c	0x3e99999a	0x3f000000	0x3faa3722	0xbc9bc84d	0x3e3851ec	0x3f665586	0x3f992666
0x3eb97247	0x3e99999a	0x3f000000	0x3faa3722	0xbc9b8e7d	0x3e3851ec	0x3f665e8e	0x3f992c67
0x3eb97f63	0x3e99999a	0x3f000000	0x3faa3722	0xbc9b54b4	0x3e3851ec	0x3f666795	0x3f993268
0x3eb98c7e	0x3e99999a	0x3f000000	0x3faa3722	0xbc9b1afa	0x3e3851ec	0x3f66709a	0x3f993867
0x3eb9999a	0x3e99999a	0x3f000000	0x3faa3722	0xbc9ae146	0x3e3851ec	0x3f66799f	0x3f993e66
0x3eb9a6b5	0x3e99999a	0x3f000000	0x3faa3722	0xbc9aa7a1	0x3e3851ec	0x3f6682a2	0x3f994464
0x3eb9b3d0	0x3e99999a	0x3f000000	0x3faa3722	0xbc9a6e07	0x3e3851ec	0x3f668ba3	0x3f994a61
0x3eb9c0ec	0x3e99999a	0x3f000000	0x3faa3722	0xbc9a3474	0x3e3851ec	0x3f6694a3	0x3f99505d
0x3eb9ce07	0x3e99999a	0x3f000000	0x3faa3722	0xbc99faef	0x3e3851ec	0x3f669da2	0x3f995658
0x3eb9db23	0x3e99999a	0x3f000000	0x3faa3722	0xbc99c171	0x3e3851ec	0x3f66a6a0	0x3f995c53
0x3eb9e83e	0x3e99999a	0x3f000000	0x3faa3722	0xbc998802	0x3e3851ec	0x3f66af9c	0x3f99624c
0x3eb9f55a	0x3e99999a	0x3f000000	0x3faa3722	0xbc994e9a	0x3e3851ec	0x3f66b898	0x3f996845
0x3eba0275	0x3e99999a	0x3f000000	0x3faa3722	0xbc991540	0x3e3851ec	0x3f66c191	0x3f996e3d
0x3eba0f91	0x3e99999a	0x3f000000	0x3faa3722	0xbc98dbed	0x3e3851ec	0x3f66ca8a	0x3f997434
0x3eba1cac	0x3e99999a	0x3f000000	0x3faa3722	0xbc98a2a9	0x3e3851ec	0x3f66d380	0x3f997a29
0x3eba29c7	0x3e99999a	0x3f000000	0x3faa3722	0xbc986970	0x3e3851ec	0x3f66dc76	0x3f99801e
0x3eba36e3	0x3e99999a	0x3f000000	0x3faa3722	0xbc98303d	0x3e3851ec	0x3f66e56a	0x3f998612
0x3eba43fe	0x3e99999a	0x3f000000	0x3faa3722	0xbc97f719	0x3e3851ec	0x3f66ee5d	0x3f998c06
0x3eba511a	0x3e99999a	0x3f000000	0x3faa3722	0xbc97bdfc	0x3e3851ec	0x3f66f74f	0x3f9991f8
0x3eba5e35	0x3e99999a	0x3f000000	0x3faa3722	0xbc9784ed	0x3e3851ec	0x3f67003f	0x3f9997ea
0x3eba6b51	0x3e99999a	0x3f000000	0x3faa3722	0xbc974be6	0x3e3851ec	0x3f67092f	0x3f999ddb
0x3eba786c	0x3e99999a	0x3f000000	0x3faa3722	0xbc9712ed	0x3e3851ec	0x3f67121c	0x3f99a3ca
0x3eba8588	0x3e99999a	0x3f000000	0x3faa3722	0xbc96d9fa	0x3e3851ec	0x3f671b09	0x3f99a9b9
0x3eba92a3	0x3e99999a	0x3f000000	0x3faa3722	0xbc96a117	0x3e3851ec	0x3f6723f3	0x3f99afa7
0x3eba9fbe	0x3e99999a	0x3f000000	0x3faa3722	0xbc96683e	0x3e3851ec	0x3f672cdd	0x3f99b594
0x3ebaacda	0x3e99999a	0x3f000000	0x3faa3722	0xbc962f6c	0x3e3851ec	0x3f6735c5	0x3f99bb80
0x3ebab9f5	0x3e99999a	0x3f000000	0x3faa3722	0xbc95f6a9	0x3e3851ec	0x3f673eac	0x3f99c16b
0x3ebac711	0x3e99999a	0x3f000000	0x3faa3722	0xbc95bdec	0x3e3851ec	0x3f674792	0x3f99c756
0x3ebad42c	0x3e99999a	0x3f000000	0x3faa3722	0xbc95853e	0x3e3851ec	0x3f675076	0x3f99cd3f
0x3ebae148	0x3e99999a	0x3f000000	0x3faa3722	0xbc954c97	0x3e3851ec	0x3f675959	0x3f99d328
0x3ebaee63	0x3e99999a	0x3f000000	0x3faa3722	0xbc9513ff	0x3e3851ec	0x3f67623a	0x3f99d90f
0x3ebafb7f	0x3e99999a	0x3f000000	0x3faa3722	0xbc94db6d	0x3e3851ec	0x3f676b1b	0x3f99def7
0x3ebb089a	0x3e99999a	0x3f000000	0x3faa3722	0xbc94a2ea	0x3e3851ec	0x3f6773fa	0x3f99e4dd
0x3ebb15b5	0x3e99999a	0x3f000000	0x3faa3722	0xbc946a72	0x3e3851ec	0x3f677cd7	0x3f99eac1
0x3ebb22d1	0x3e99999a	0x3f000000	0x3faa3722	0xbc943201	0x3e3851ec	0x3f6785b3	0x3f99f0a5
0x3ebb2fec	0x3e99999a	0x3f000000	0x3faa3722	0xbc93f99e	0x3e3851ec	0x3f678e8e	0x3f99f689
0x3ebb3d08	0x3e99999a	0x3f000000	0x3faa3722	0xbc93c142	0x3e3851ec	0x3f679768	0x3f99fc6b
0x3ebb4a23	0x3e99999a	0x3f000000	0x3faa3722	0xbc9388f5	0x3e3851ec	0x3f67a040	0x3f9a024d
0x3ebb573f	0x3e99999a	0x3f000000	0x3faa3722	0xbc9350ae	0x3e3851ec	0x3f67a917	0x3f9a082d
0x3ebb645a	0x3e99999a	0x3f000000	0x3faa3722	0xbc931877	0x3e3851ec	0x3f67b1ec	0x3f9a0e0d
0x3ebb7176	0x3e99999a	0x3f000000	0x3faa3722	0xbc92e045	0x3e3851ec	0x3f67bac1	0x3f9a13ec
0x3ebb7e91	0x3e99999a	0x3f000000	0x3faa3722	0xbc92a823	0x3e3851ec	0x3f67c393	0x3f9a19c9
0x3ebb8bac	0x3e99999a	0x3f000000	0x3faa3722	0xbc92700c	0x3e3851ec	0x3f67cc64	0x3f9a1fa6
0x3ebb98c8	0x3e99999a	0x3f000000	0x3faa3722	0xbc9237fb	0x3e3851ec	0x3f67d535	0x3f9a2583
0x3ebba5e3	0x3e99999a	0x3f000000	0x3faa3722	0xbc91fff9	0x3e3851ec	0x3f67de03	0x3f9a2b5d
0x3ebbb2ff	0x3e99999a	0x3f000000	0x3faa3722	0xbc91c7fe	0x3e3851ec	0x3f67e6d1	0x3f9a3138
0x3ebbc01a	0x3e99999a	0x3f000000	0x3faa3722	0xbc919011	0x3e3851ec	0x3f67ef9c	0x3f9a3711
0x3ebbcd36	0x3e99999a	0x3f000000	0x3faa3722	0xbc91582b	0x3e3851ec	0x3f67f867	0x3f9a3cea
0x3ebbda51	0x3e99999a	0x3f000000	0x3faa3722	0xbc912054	0x3e3851ec	0x3f680130	0x3f9a42c1
0x3ebbe76d	0x3e99999a	0x3f000000	0x3faa3722	0xbc90e884	0x3e3851ec	0x3f6809f9	0x3f9a4898
0x3ebbf488	0x3e99999a	0x3f000000	0x3faa3722	0xbc90b0c2	0x3e3851ec	0x3f6812bf	0x3f9a4e6e
0x3ebc01a3	0x3e99999a	0x3f000000	0x3faa3722	0xbc90790b	0x3e3851ec	0x3f681b84	0x3f9a5442
0x3ebc0ebf	0x3e99999a	0x3f000000	0x3faa3722	0xbc90415b	0x3e3851ec	0x3f682448	0x3f9a5a16
0x3ebc1bda	0x3e99999a	0x3f000000	0x3faa3722	0xbc9009ba	0x3e3851ec	0x3f682d0a	0x3f9a5fe9
0x3ebc28f6	0x3e99999a	0x3f000000	0x3faa3722	0xbc8fd21f	0x3e3851ec	0x3f6835cc	0x3f9a65bc
0x3ebc3611	0x3e99999a	0x3f000000	0x3faa3722	0xbc8f9a93	0x3e3851ec	0x3f683e8b	0x3f9a6b8d
0x3ebc432d	0x3e99999a	0x3f000000	0x3faa3722	0xbc8f630e	0x3e3851ec	0x3f68474a	0x3f9a715d
0x3ebc5048	0x3e99999a	0x3f000000	0x3faa3722	0xbc8f2b97	0x3e3851ec	0x3f685007	0x3f9a772d
0x3ebc5d64	0x3e99999a	0x3f000000	0x3faa3722	0xbc8ef428	0x3e3851ec	0x3f6858c3	0x3f9a7cfb
0x3ebc6a7f	0x3e99999a	0x3f000000	0x3faa3722	0xbc8ebcc7	0x3e3851ec	0x3f68617d	0x3f9a82c9
0x3ebc779a	0x3e99999a	0x3f000000	0x3faa3722	0xbc8e8571	0x3e3851ec	0x3f686a35	0x3f9a8895
0x3ebc84b6	0x3e99999a	0x3f000000	0x3faa3722	0xbc8e4e21	0x3e3851ec	0x3f6872ed	0x3f9a8e61
0x3ebc91d1	0x3e99999a	0x3f000000	0x3faa3722	0xbc8e16e0	0x3e3851ec	0x3f687ba3	0x3f9a942c
0x3ebc9eed	0x3e99999a	0x3f000000	0x3faa3722	0xbc8ddfa6	0x3e3851ec	0x3f688459	0x3f9a99f6
0x3ebcac08	0x3e99999a	0x3f000000	0x3faa3722	0xbc8da87b	0x3e3851ec	0x3f688d0c	0x3f9a9fbf
0x3ebcb924	0x3e99999a	0x3f000000	0x3faa3722	0xbc8d7156	0x3e3851ec	0x3f6895be	0x3f9aa587
0x3ebcc63f	0x3e99999a	0x3f000000	0x3faa3722	0xbc8d3a40	0x3e3851ec	0x3f689e6f	0x3f9aab4f
0x3ebcd35b	0x3e99999a	0x3f000000	0x3faa3722	0xbc8d0331	0x3e3851ec	0x3f68a71e	0x3f9ab115
0x3ebce076	0x3e99999a	0x3f000000	0x3faa3722	0xbc8ccc31	0x3e3851ec	0x3f68afcc	0x3f9ab6da
0x3ebced91	0x3e99999a	0x3f000000	0x3faa3722	0xbc8c953b	0x3e3851ec	0x3f68b879	0x3f9abc9f
0x3ebcfaad	0x3e99999a	0x3f000000	0x3faa3722	0xbc8c5e4c	0x3e3851ec	0x3f68c124	0x3f9ac262
0x3ebd07c8	0x3e99999a	0x3f000000	0x3faa3722	0xbc8c276c	0x3e3851ec	0x3f68c9ce	0x3f9ac825
0x3ebd14e4	0x3e99999a	0x3f000000	0x3faa3722	0xbc8bf093	0x3e3851ec	0x3f68d277	0x3f9acde7
0x3ebd21ff	0x3e99999a	0x3f000000	0x3faa3722	0xbc8bb9c8	0x3e3851ec	0x3f68db1e	0x3f9ad3a8
0x3ebd2f1b	0x3e99999a	0x3f000000	0x3faa3722	0xbc8b8304	0x3e3851ec	0x3f68e3c4	0x3f9ad968
0x3ebd3c36	0x3e99999a	0x3f000000	0x3faa3722	0xbc8b4c4f	0x3e3851ec	0x3f68ec68	0x3f9adf27
0x3ebd4952	0x3e99999a	0x3f000000	0x3faa3722	0xbc8b15a1	0x3e3851ec	0x3f68f50b	0x3f9ae4e5
0x3ebd566d	0x3e99999a	0x3f000000	0x3faa3722	0xbc8adf01	0x3e3851ec	0x3f68fdad	0x3f9aeaa2
0x3ebd6388	0x3e99999a	0x3f000000	0x3faa3722	0xbc8aa86c	0x3e3851ec	0x3f69064d	0x3f9af05e
0x3ebd70a4	0x3e99999a	0x3f000000	0x3faa3722	0xbc8a71de	0x3e3851ec	0x3f690eec	0x3f9af61a
0x3ebd7dbf	0x3e99999a	0x3f000000	0x3faa3722	0xbc8a3b5e	0x3e3851ec	0x3f691789	0x3f9afbd4
0x3ebd8adb	0x3e99999a	0x3f000000	0x3faa3722	0xbc8a04e5	0x3e3851ec	0x3f692026	0x3f9b018e
0x3ebd97f6	0x3e99999a	0x3f000000	0x3faa3722	0xbc89ce7c	0x3e3851ec	0x3f6928c0	0x3f9b0746
0x3ebda512	0x3e99999a	0x3f000000	0x3faa3722	0xbc899818	0x3e3851ec	0x3f69315a	0x3f9b0cfe
0x3ebdb22d	0x3e99999a	0x3f000000	0x3faa3722	0xbc8961c4	0x3e3851ec	0x3f6939f1	0x3f9b12b4
0x3ebdbf48	0x3e99999a	0x3f000000	0x3faa3722	0xbc892b7a	0x3e3851ec	0x3f694288	0x3f9b186b
0x3ebdcc64	0x3e99999a	0x3f000000	0x3faa3722	0xbc88f537	0x3e3851ec	0x3f694b1d	0x3f9b1e1f
0x3ebdd97f	0x3e99999a	0x3f000000	0x3faa3722	0xbc88bf02	0x3e3851ec	0x3f6953b1	0x3f9b23d4
0x3ebde69b	0x3e99999a	0x3f000000	0x3faa3722	0xbc8888d5	0x3e3851ec	0x3f695c44	0x3f9b2987
0x3ebdf3b6	0x3e99999a	0x3f000000	0x3faa3722	0xbc8852b6	0x3e3851ec	0x3f6964d4	0x3f9b2f38
0x3ebe00d2	0x3e99999a	0x3f000000	0x3faa3722	0xbc881c9e	0x3e3851ec	0x3f696d64	0x3f9b34ea
0x3ebe0ded	0x3e99999a	0x3f000000	0x3faa3722	0xbc87e694	0x3e3851ec	0x3f6975f3	0x3f9b3a9b
0x3ebe1b09	0x3e99999a	0x3f000000	0x3faa3722	0xbc87b092	0x3e3851ec	0x3f697e80	0x3f9b404a
0x3ebe2824	0x3e99999a	0x3f000000	0x3faa3722	0xbc877a9e	0x3e3851ec	0x3f69870b	0x3f9b45f8
0x3ebe353f	0x3e99999a	0x3f000000	0x3faa3722	0xbc8744b5	0x3e3851ec	0x3f698f95	0x3f9b4ba6
0x3ebe425b	0x3e99999a	0x3f000000	0x3faa3722	0xbc870ed2	0x3e3851ec	0x3f69981e	0x3f9b5153
0x3ebe4f76	0x3e99999a	0x3f000000	0x3faa3722	0xbc86d8ff	0x3e3851ec	0x3f69a0a5	0x3f9b56fe
0x3ebe5c92	0x3e99999a	0x3f000000	0x3faa3722	0xbc86a332	0x3e3851ec	0x3f69a92b	0x3f9b5ca9
0x3ebe69ad	0x3e99999a	0x3f000000	0x3faa3722	0xbc866d73	0x3e3851ec	0x3f69b1b0	0x3f9b6253
0x3ebe76c9	0x3e99999a	0x3f000000	0x3faa3722	0xbc8637bc	0x3e3851ec	0x3f69ba33	0x3f9b67fc
0x3ebe83e4	0x3e99999a	0x3f000000	0x3faa3722	0xbc860213	0x3e3851ec	0x3f69c2b5	0x3f9b6da4
0x3ebe9100	0x3e99999a	0x3f000000	0x3faa3722	0xbc85cc71	0x3e3851ec	0x3f69cb36	0x3f9b734c
0x3ebe9e1b	0x3e99999a	0x3f000000	0x3faa3722	0xbc8596de	0x3e3851ec	0x3f69d3b4	0x3f9b78f1
0x3ebeab36	0x3e99999a	0x3f000000	0x3faa3722	0xbc856155	0x3e3851ec	0x3f69dc32	0x3f9b7e97
0x3ebeb852	0x3e99999a	0x3f000000	0x3faa3722	0xbc852bd3	0x3e3851ec	0x3f69e4ae	0x3f9b843b
0x3ebec56d	0x3e99999a	0x3f000000	0x3faa3722	0xbc84f660	0x3e3851ec	0x3f69ed29	0x3f9b89de
0x3ebed289	0x3e99999a	0x3f000000	0x3faa3722	0xbc84c0f4	0x3e3851ec	0x3f69f5a3	0x3f9b8f81
0x3ebedfa4	0x3e99999a	0x3f000000	0x3faa3722	0xbc848b96	0x3e3851ec	0x3f69fe1a	0x3f9b9522
0x3ebeecc0	0x3e99999a	0x3f000000	0x3faa3722	0xbc845640	0x3e3851ec	0x3f6a0691	0x3f9b9ac3
0x3ebef9db	0x3e99999a	0x3f000000	0x3faa3722	0xbc8420f7	0x3e3851ec	0x3f6a0f06	0x3f9ba062
0x3ebf06f7	0x3e99999a	0x3f000000	0x3faa3722	0xbc83ebb6	0x3e3851ec	0x3f6a177a	0x3f9ba601
0x3ebf1412	0x3e99999a	0x3f000000	0x3faa3722	0xbc83b683	0x3e3851ec	0x3f6a1fed	0x3f9bab9f
0x3ebf212d	0x3e99999a	0x3f000000	0x3faa3722	0xbc83815c	0x3e3851ec	0x3f6a285d	0x3f9bb13c
0x3ebf2e49	0x3e99999a	0x3f000000	0x3faa3722	0xbc834c3a	0x3e3851ec	0x3f6a30cd	0x3f9bb6d8
0x3ebf3b64	0x3e99999a	0x3f000000	0x3faa3722	0xbc831728	0x3e3851ec	0x3f6a393b	0x3f9bbc73
0x3ebf4880	0x3e99999a	0x3f000000	0x3faa3722	0xbc82e21c	0x3e3851ec	0x3f6a41a8	0x3f9bc20d
0x3ebf559b	0x3e99999a	0x3f000000	0x3faa3722	0xbc82ad1f	0x3e3851ec	0x3f6a4a14	0x3f9bc7a6
0x3ebf62b7	0x3e99999a	0x3f000000	0x3faa3722	0xbc827829	0x3e3851ec	0x3f6a527e	0x3f9bcd3f
0x3ebf6fd2	0x3e99999a	0x3f000000	0x3faa3722	0xbc824342	0x3e3851ec	0x3f6a5ae6	0x3f9bd2d5
0x3ebf7cee	0x3e99999a	0x3f000000	0x3faa3722	0xbc820e61	0x3e3851ec	0x3f6a634e	0x3f9bd86c
0x3ebf8a09	0x3e99999a	0x3f000000	0x3faa3722	0xbc81d98f	0x3e3851ec	0x3f6a6bb3	0x3f9bde01
0x3ebf9724	0x3e99999a	0x3f000000	0x3faa3722	0xbc81a4c8	0x3e3851ec	0x3f6a7418	0x3f9be396
0x3ebfa440	0x3e99999a	0x3f000000	0x3faa3722	0xbc817007	0x3e3851ec	0x3f6a7c7b	0x3f9be92a
0x3ebfb15b	0x3e99999a	0x3f000000	0x3faa3722	0xbc813b55	0x3e3851ec	0x3f6a84dc	0x3f9beebc
0x3ebfbe77	0x3e99999a	0x3f000000	0x3faa3722	0xbc8106aa	0x3e3851ec	0x3f6a8d3d	0x3f9bf44e
0x3ebfcb92	0x3e99999a	0x3f000000	0x3faa3722	0xbc80d20e	0x3e3851ec	0x3f6a959b	0x3f9bf9de
0x3ebfd8ae	0x3e99999a	0x3f000000	0x3faa3722	0xbc809d78	0x3e3851ec	0x3f6a9df9	0x3f9bff6e
0x3ebfe5c9	0x3e99999a	0x3f000000	0x3faa3722	0xbc8068f1	0x3e3851ec	0x3f6aa655	0x3f9c04fd
0x3ebff2e5	0x3e99999a	0x3f000000	0x3faa3722	0xbc803471	0x3e3851ec	0x3f6aaeb0	0x3f9c0a8c
0x3ec00000	0x3e99999a	0x3f000000	0x3faa3722	0xbc800000	0x3e3851ec	0x3f6ab708	0x3f9c1018
0x3ec00d1b	0x3e99999a	0x3f000000	0x3faa3722	0xbc7f9733	0x3e3851ec	0x3f6abf60	0x3f9c15a4
0x3ec01a37	0x3e99999a	0x3f000000	0x3faa3722	0xbc7f2e73	0x3e3851ec	0x3f6ac7b6	0x3f9c1b2f
0x3ec02752	0x3e99999a	0x3f000000	0x3faa3722	0xbc7ec5d1	0x3e3851ec	0x3f6ad00b	0x3f9c20b9
0x3ec0346e	0x3e99999a	0x3f000000	0x3faa3722	0xbc7e5d3c	0x3e3851ec	0x3f6ad85f	0x3f9c2643
0x3ec04189	0x3e99999a	0x3f000000	0x3faa3722	0xbc7df4c4	0x3e3851ec	0x3f6ae0b1	0x3f9c2bcb
0x3ec04ea5	0x3e99999a	0x3f000000	0x3faa3722	0xbc7d8c5b	0x3e3851ec	0x3f6ae902	0x3f9c3153
0x3ec05bc0	0x3e99999a	0x3f000000	0x3faa3722	0xbc7d240e	0x3e3851ec	0x3f6af151	0x3f9c36d9
0x3ec068dc	0x3e99999a	0x3f000000	0x3faa3722	0xbc7cbbcf	0x3e3851ec	0x3f6af99f	0x3f9c3c5e
0x3ec075f7	0x3e99999a	0x3f000000	0x3faa3722	0xbc7c53ae	0x3e3851ec	0x3f6b01eb	0x3f9c41e3
0x3ec08312	0x3e99999a	0x3f000000	0x3faa3722	0xbc7beba2	0x3e3851ec	0x3f6b0a36	0x3f9c4766
0x3ec0902e	0x3e99999a	0x3f000000	0x3faa3722	0xbc7b83a3	0x3e3851ec	0x3f6b1280	0x3f9c4ce9
0x3ec09d49	0x3e99999a	0x3f000000	0x3faa3722	0xbc7b1bc2	0x3e3851ec	0x3f6b1ac8	0x3f9c526b
0x3ec0aa65	0x3e99999a	0x3f000000	0x3faa3722	0xbc7ab3ef	0x3e3851ec	0x3f6b230e	0x3f9c57eb
0x3ec0b780	0x3e99999a	0x3f000000	0x3faa3722	0xbc7a4c39	0x3e3851ec	0x3f6b2b54	0x3f9c5d6b
0x3ec0c49c	0x3e99999a	0x3f000000	0x3faa3722	0xbc79e490	0x3e3851ec	0x3f6b3398	0x3f9c62ea
0x3ec0d1b7	0x3e99999a	0x3f000000	0x3faa3722	0xbc797d05	0x3e3851ec	0x3f6b3bda	0x3f9c6868
0x3ec0ded3	0x3e99999a	0x3f000000	0x3faa3722	0xbc791587	0x3e3851ec	0x3f6b441b	0x3f9c6de5
0x3ec0ebee	0x3e99999a	0x3f000000	0x3faa3722	0xbc78ae27	0x3e3851ec	0x3f6b4c5b	0x3f9c7361
0x3ec0f909	0x3e99999a	0x3f000000	0x3faa3722	0xbc7846dc	0x3e3851ec	0x3f6b5499	0x3f9c78dc
0x3ec10625	0x3e99999a	0x3f000000	0x3faa3722	0xbc77df9f	0x3e3851ec	0x3f6b5cd6	0x3f9c7e56
0x3ec11340	0x3e99999a	0x3f000000	0x3faa3722	0xbc77787f	0x3e3851ec	0x3f6b6511	0x3f9c83cf
0x3ec1205c	0x3e99999a	0x3f000000	0x3faa3722	0xbc77116d	0x3e3851ec	0x3f6b6d4b	0x3f9c8948
0x3ec12d77	0x3e99999a	0x3f000000	0x3faa3722	0xbc76aa78	0x3e3851ec	0x3f6b7583	0x3f9c8ebf
0x3ec13a93	0x3e99999a	0x3f000000	0x3faa3722	0xbc764391	0x3e3851ec	0x3f6b7dbb	0x3f9c9435
0x3ec147ae	0x3e99999a	0x3f000000	0x3faa3722	0xbc75dcc7	0x3e3851ec	0x3f6b85f0	0x3f9c99aa
0x3ec154ca	0x3e99999a	0x3f000000	0x3faa3722	0xbc75760b	0x3e3851ec	0x3f6b8e24	0x3f9c9f1f
0x3ec161e5	0x3e99999a	0x3f000000	0x3faa3722	0xbc750f6c	0x3e3851ec	0x3f6b9657	0x3f9ca492
0x3ec16f00	0x3e99999a	0x3f000000	0x3faa3722	0xbc74a8e2	0x3e3851ec	0x3f6b9e88	0x3f9caa05
0x3ec17c1c	0x3e99999a	0x3f000000	0x3faa3722	0xbc744266	0x3e3851ec	0x3f6ba6b8	0x3f9caf76
0x3ec18937	0x3e99999a	0x3f000000	0x3faa3722	0xbc73dc08	0x3e3851ec	0x3f6baee6	0x3f9cb4e7
0x3ec19653	0x3e99999a	0x3f000000	0x3faa3722	0xbc7375b7	0x3e3851ec	0x3f6bb714	0x3f9cba57
0x3ec1a36e	0x3e99999a	0x3f000000	0x3faa3722	0xbc730f83	0x3e3851ec	0x3f6bbf3f	0x3f9cbfc5
0x3ec1b08a	0x3e99999a	0x3f000000	0x3faa3722	0xbc72a95d	0x3e3851ec	0x3f6bc76a	0x3f9cc534
0x3ec1bda5	0x3e99999a	0x3f000000	0x3faa3722	0xbc724354	0x3e3851ec	0x3f6bcf92	0x3f9ccaa0
0x3ec1cac1	0x3e99999a	0x3f000000	0x3faa3722	0xbc71dd59	0x3e3851ec	0x3f6bd7ba	0x3f9cd00c
0x3ec1d7dc	0x3e99999a	0x3f000000	0x3faa3722	0xbc71777c	0x3e3851ec	0x3f6bdfdf	0x3f9cd577
0x3ec1e4f7	0x3e99999a	0x3f000000	0x3faa3722	0xbc7111b3	0x3e3851ec	0x3f6be804	0x3f9cdae1
0x3ec1f213	0x3e99999a	0x3f000000	0x3faa3722	0xbc70abf9	0x3e3851ec	0x3f6bf027	0x3f9ce04a
0x3ec1ff2e	0x3e99999a	0x3f000000	0x3faa3722	0xbc70465c	0x3e3851ec	0x3f6bf848	0x3f9ce5b1
0x3ec20c4a	0x3e99999a	0x3f000000	0x3faa3722	0xbc6fe0cc	0x3e3851ec	0x3f6c0069	0x3f9ceb19
0x3ec21965	0x3e99999a	0x3f000000	0x3faa3722	0xbc6f7b5a	0x3e3851ec	0x3f6c0887	0x3f9cf07f
0x3ec22681	0x3e99999a	0x3f000000	0x3faa3722	0xbc6f15f5	0x3e3851ec	0x3f6c10a5	0x3f9cf5e4
0x3ec2339c	0x3e99999a	0x3f000000	0x3faa3722	0xbc6eb0ad	0x3e3851ec	0x3f6c18c0	0x3f9cfb48
0x3ec240b8	0x3e99999a	0x3f000000	0x3faa3722	0xbc6e4b74	0x3e3851ec	0x3f6c20db	0x3f9d00ac
0x3ec24dd3	0x3e99999a	0x3f000000	0x3faa3722	0xbc6de657	0x3e3851ec	0x3f6c28f4	0x3f9d060e
0x3ec25aee	0x3e99999a	0x3f000000	0x3faa3722	0xbc6d8150	0x3e3851ec	0x3f6c310b	0x3f9d0b6f
0x3ec2680a	0x3e99999a	0x3f000000	0x3faa3722	0xbc6d1c57	0x3e3851ec	0x3f6c3921	0x3f9d10d0
0x3ec27525	0x3e99999a	0x3f000000	0x3faa3722	0xbc6cb77b	0x3e3851ec	0x3f6c4135	0x3f9d162f
0x3ec28241	0x3e99999a	0x3f000000	0x3faa3722	0xbc6c52ad	0x3e3851ec	0x3f6c4949	0x3f9d1b8e
0x3ec28f5c	0x3e99999a	0x3f000000	0x3faa3722	0xbc6bedfb	0x3e3851ec	0x3f6c515a	0x3f9d20eb
0x3ec29c78	0x3e99999a	0x3f000000	0x3faa3722	0xbc6b8958	0x3e3851ec	0x3f6c596b	0x3f9d2648
0x3ec2a993	0x3e99999a	0x3f000000	0x3faa3722	0xbc6b24d2	0x3e3851ec	0x3f6c6179	0x3f9d2ba3
0x3ec2b6ae	0x3e99999a	0x3f000000	0x3faa3722	0xbc6ac061	0x3e3851ec	0x3f6c6987	0x3f9d30fe
0x3ec2c3ca	0x3e99999a	0x3f000000	0x3faa3722	0xbc6a5bfe	0x3e3851ec	0x3f6c7193	0x3f9d3657
0x3ec2d0e5	0x3e99999a	0x3f000000	0x3faa3722	0xbc69f7b9	0x3e3851ec	0x3f6c799d	0x3f9d3bb0
0x3ec2de01	0x3e99999a	0x3f000000	0x3faa3722	0xbc699381	0x3e3851ec	0x3f6c81a6	0x3f9d4107
0x3ec2eb1c	0x3e99999a	0x3f000000	0x3faa3722	0xbc692f66	0x3e3851ec	0x3f6c89ae	0x3f9d465f
0x3ec2f838	0x3e99999a	0x3f000000	0x3faa3722	0xbc68cb59	0x3e3851ec	0x3f6c91b4	0x3f9d4bb4
0x3ec30553	0x3e99999a	0x3f000000	0x3faa3722	0xbc686769	0x3e3851ec	0x3f6c99b9	0x3f9d5109
0x3ec3126f	0x3e99999a	0x3f000000	0x3faa3722	0xbc680387	0x3e3851ec	0x3f6ca1bc	0x3f9d565d
0x3ec31f8a	0x3e99999a	0x3f000000	0x3faa3722	0xbc679fc2	0x3e3851ec	0x3f6ca9bd	0x3f9d5baf
0x3ec32ca5	0x3e99999a	0x3f000000	0x3faa3722	0xbc673c12	0x3e3851ec	0x3f6cb1be	0x3f9d6102
0x3ec339c1	0x3e99999a	0x3f000000	0x3faa3722	0xbc66d871	0x3e3851ec	0x3f6cb9bd	0x3f9d6653
0x3ec346dc	0x3e99999a	0x3f000000	0x3faa3722	0xbc6674ec	0x3e3851ec	0x3f6cc1ba	0x3f9d6ba3
0x3ec353f8	0x3e99999a	0x3f000000	0x3faa3722	0xbc661176	0x3e3851ec	0x3f6cc9b6	0x3f9d70f2
0x3ec36113	0x3e99999a	0x3f000000	0x3faa3722	0xbc65ae1c	0x3e3851ec	0x3f6cd1b0	0x3f9d763f
0x3ec36e2f	0x3e99999a	0x3f000000	0x3faa3722	0xbc654ad0	0x3e3851ec	0x3f6cd9aa	0x3f9d7b8d
0x3ec37b4a	0x3e99999a	0x3f000000	0x3faa3722	0xbc64e7a2	0x3e3851ec	0x3f6ce1a1	0x3f9d80d9
0x3ec38866	0x3e99999a	0x3f000000	0x3faa3722	0xbc648481	0x3e3851ec	0x3f6ce998	0x3f9d8625
0x3ec39581	0x3e99999a	0x3f000000	0x3faa3722	0xbc64217d	0x3e3851ec	0x3f6cf18c	0x3f9d8b6e
0x3ec3a29c	0x3e99999a	0x3f000000	0x3faa3722	0xbc63be8f	0x3e3851ec	0x3f6cf97f	0x3f9d90b7
0x3ec3afb8	0x3e99999a	0x3f000000	0x3faa3722	0xbc635baf	0x3e3851ec	0x3f6d0171	0x3f9d9600
0x3ec3bcd3	0x3e99999a	0x3f000000	0x3faa3722	0xbc62f8ec	0x3e3851ec	0x3f6d0961	0x3f9d9b47
0x3ec3c9ef	0x3e99999a	0x3f000000	0x3faa3722	0xbc629636	0x3e3851ec	0x3f6d1150	0x3f9da08d
0x3ec3d70a	0x3e99999a	0x3f000000	0x3faa3722	0xbc62339e	0x3e3851ec	0x3f6d193d	0x3f9da5d2
0x3ec3e426	0x3e99999a	0x3f000000	0x3faa3722	0xbc61d113	0x3e3851ec	0x3f6d212a	0x3f9dab18
0x3ec3f141	0x3e99999a	0x3f000000	0x3faa3722	0xbc616ea6	0x3e3851ec	0x3f6d2914	0x3f9db05b
0x3ec3fe5d	0x3e99999a	0x3f000000	0x3faa3722	0xbc610c47	0x3e3851ec	0x3f6d30fd	0x3f9db59d
0x3ec40b78	0x3e99999a	0x3f000000	0x3faa3722	0xbc60aa04	0x3e3851ec	0x3f6d38e4	0x3f9dbade
0x3ec41893	0x3e99999a	0x3f000000	0x3faa3722	0xbc6047d7	0x3e3851ec	0x3f6d40ca	0x3f9dc01f
0x3ec425af	0x3e99999a	0x3f000000	0x3faa3722	0xbc5fe5b8	0x3e3851ec	0x3f6d48af	0x3f9dc55e
0x3ec432ca	0x3e99999a	0x3f000000	0x3faa3722	0xbc5f83b6	0x3e3851ec	0x3f6d5092	0x3f9dca9d
0x3ec43fe6	0x3e99999a	0x3f000000	0x3faa3722	0xbc5f21c2	0x3e3851ec	0x3f6d5874	0x3f9dcfdb
0x3ec44d01	0x3e99999a	0x3f000000	0x3faa3722	0xbc5ebfeb	0x3e3851ec	0x3f6d6054	0x3f9dd517
0x3ec45a1d	0x3e99999a	0x3f000000	0x3faa3722	0xbc5e5e22	0x3e3851ec	0x3f6d6833	0x3f9dda53
0x3ec46738	0x3e99999a	0x3f000000	0x3faa3722	0xbc5dfc76	0x3e3851ec	0x3f6d7010	0x3f9ddf8d
0x3ec47454	0x3e99999a	0x3f000000	0x3faa3722	0xbc5d9ad8	0x3e3851ec	0x3f6d77ec	0x3f9de4c7
0x3ec4816f	0x3e99999a	0x3f000000	0x3faa3722	0xbc5d3957	0x3e3851ec	0x3f6d7fc6	0x3f9de9ff
0x3ec48e8a	0x3e99999a	0x3f000000	0x3faa3722	0xbc5cd7eb	0x3e3851ec	0x3f6d879f	0x3f9def37
0x3ec49ba6	0x3e99999a	0x3f000000	0x3faa3722	0xbc5c768d	0x3e3851ec	0x3f6d8f76	0x3f9df46e
0x3ec4a8c1	0x3e99999a	0x3f000000	0x3faa3722	0xbc5c154c	0x3e3851ec	0x3f6d974c	0x3f9df9a4
0x3ec4b5dd	0x3e99999a	0x3f000000	0x3faa3722	0xbc5bb41a	0x3e3851ec	0x3f6d9f21	0x3f9dfed9
0x3ec4c2f8	0x3e99999a	0x3f000000	0x3faa3722	0xbc5b5304	0x3e3851ec	0x3f6da6f3	0x3f9e040c
0x3ec4d014	0x3e99999a	0x3f000000	0x3faa3722	0xbc5af1fc	0x3e3851ec	0x3f6daec5	0x3f9e093f
0x3ec4dd2f	0x3e99999a	0x3f000000	0x3faa3722	0xbc5a9111	0x3e3851ec	0x3f6db695	0x3f9e0e71
0x3ec4ea4b	0x3e99999a	0x3f000000	0x3faa3722	0xbc5a3034	0x3e3851ec	0x3f6dbe64	0x3f9e13a2
0x3ec4f766	0x3e99999a	0x3f000000	0x3faa3722	0xbc59cf74	0x3e3851ec	0x3f6dc631	0x3f9e18d2
0x3ec50481	0x3e99999a	0x3f000000	0x3faa3722	0xbc596eca	0x3e3851ec	0x3f6dcdfc	0x3f9e1e00
0x3ec5119d	0x3e99999a	0x3f000000	0x3faa3722	0xbc590e2e	0x3e3851ec	0x3f6dd5c6	0x3f9e232e
0x3ec51eb8	0x3e99999a	0x3f000000	0x3faa3722	0xbc58adae	0x3e3851ec	0x3f6ddd8f	0x3f9e285b
0x3ec52bd4	0x3e99999a	0x3f000000	0x3faa3722	0xbc584d3d	0x3e3851ec	0x3f6de556	0x3f9e2d87
0x3ec538ef	0x3e99999a	0x3f000000	0x3faa3722	0xbc57ece8	0x3e3851ec	0x3f6ded1c	0x3f9e32b2
0x3ec5460b	0x3e99999a	0x3f000000	0x3faa3722	0xbc578ca2	0x3e3851ec	0x3f6df4e0	0x3f9e37dc
0x3ec55326	0x3e99999a	0x3f000000	0x3faa3722	0xbc572c78	0x3e3851ec	0x3f6dfca3	0x3f9e3d05
0x3ec56042	0x3e99999a	0x3f000000	0x3faa3722	0xbc56cc5c	0x3e3851ec	0x3f6e0464	0x3f9e422d
0x3ec56d5d	0x3e99999a	0x3f000000	0x3faa3722	0xbc566c5e	0x3e3851ec	0x3f6e0c24	0x3f9e4754
0x3ec57a78	0x3e99999a	0x3f000000	0x3faa3722	0xbc560c74	0x3e3851ec	0x3f6e13e2	0x3f9e4c7a
0x3ec58794	0x3e99999a	0x3f000000	0x3faa3722	0xbc55ac99	0x3e3851ec	0x3f6e1b9f	0x3f9e519f
0x3ec594af	0x3e99999a	0x3f000000	0x3faa3722	0xbc554cdb	0x3e3851ec	0x3f6e235a	0x3f9e56c3
0x3ec5a1cb	0x3e99999a	0x3f000000	0x3faa3722	0xbc54ed2b	0x3e3851ec	0x3f6e2b14	0x3f9e5be6
0x3ec5aee6	0x3e99999a	0x3f000000	0x3faa3722	0xbc548d98	0x3e3851ec	0x3f6e32cc	0x3f9e6108
0x3ec5bc02	0x3e99999a	0x3f000000	0x3faa3722	0xbc542e12	0x3e3851ec	0x3f6e3a83	0x3f9e6629
0x3ec5c91d	0x3e99999a	0x3f000000	0x3faa3722	0xbc53ceaa	0x3e3851ec	0x3f6e4238	0x3f9e6b49
0x3ec5d639	0x3e99999a	0x3f000000	0x3faa3722	0xbc536f50	0x3e3851ec	0x3f6e49ed	0x3f9e7069
0x3ec5e354	0x3e99999a	0x3f000000	0x3faa3722	0xbc531012	0x3e3851ec	0x3f6e519f	0x3f9e7587
0x3ec5f06f	0x3e99999a	0x3f000000	0x3faa3722	0xbc52b0ea	0x3e3851ec	0x3f6e594f	0x3f9e7aa3
0x3ec5fd8b	0x3e99999a	0x3f000000	0x3faa3722	0xbc5251d1	0x3e3851ec	0x3f6e60ff	0x3f9e7fc0
0x3ec60aa6	0x3e99999a	0x3f000000	0x3faa3722	0xbc51f2d4	0x3e3851ec	0x3f6e68ad	0x3f9e84db
0x3ec617c2	0x3e99999a	0x3f000000	0x3faa3722	0xbc5193e5	0x3e3851ec	0x3f6e705a	0x3f9e89f6
0x3ec624dd	0x3e99999a	0x3f000000	0x3faa3722	0xbc513513	0x3e3851ec	0x3f6e7804	0x3f9e8f0e
0x3ec631f9	0x3e99999a	0x3f000000	0x3faa3722	0xbc50d64f	0x3e3851ec	0x3f6e7fae	0x3f9e9427
0x3ec63f14	0x3e99999a	0x3f000000	0x3faa3722	0xbc5077a8	0x3e3851ec	0x3f6e8756	0x3f9e993e
0x3ec64c30	0x3e99999a	0x3f000000	0x3faa3722	0xbc50190f	0x3e3851ec	0x3f6e8efd	0x3f9e9e54
0x3ec6594b	0x3e99999a	0x3f000000	0x3faa3722	0xbc4fba93	0x3e3851ec	0x3f6e96a1	0x3f9ea369
0x3ec66666	0x3e99999a	0x3f000000	0x3faa3722	0xbc4f5c2c	0x3e3851ec	0x3f6e9e45	0x3f9ea87e
0x3ec67382	0x3e99999a	0x3f000000	0x3faa3722	0xbc4efdd3	0x3e3851ec	0x3f6ea5e7	0x3f9ead91
0x3ec6809d	0x3e99999a	0x3f000000	0x3faa3722	0xbc4e9f98	0x3e3851ec	0x3f6ead87	0x3f9eb2a3
0x3ec68db9	0x3e99999a	0x3f000000	0x3faa3722	0xbc4e416a	0x3e3851ec	0x3f6eb527	0x3f9eb7b5
0x3ec69ad4	0x3e99999a	0x3f000000	0x3faa3722	0xbc4de359	0x3e3851ec	0x3f6ebcc4	0x3f9ebcc4
0x3ec6a7f0	0x3e99999a	0x3f000000	0x3faa3722	0xbc4d8557	0x3e3851ec	0x3f6ec460	0x3f9ec1d4
0x3ec6b50b	0x3e99999a	0x3f000000	0x3faa3722	0xbc4d2771	0x3e3851ec	0x3f6ecbfb	0x3f9ec6e2
0x3ec6c227	0x3e99999a	0x3f000000	0x3faa3722	0xbc4cc999	0x3e3851ec	0x3f6ed394	0x3f9ecbef
0x3ec6cf42	0x3e99999a	0x3f000000	0x3faa3722	0xbc4c6bde	0x3e3851ec	0x3f6edb2b	0x3f9ed0fb
0x3ec6dc5d	0x3e99999a	0x3f000000	0x3faa3722	0xbc4c0e39	0x3e3851ec	0x3f6ee2c1	0x3f9ed607
0x3ec6e979	0x3e99999a	0x3f000000	0x3faa3722	0xbc4bb0a2	0x3e3851ec	0x3f6eea56	0x3f9edb11
0x3ec6f694	0x3e99999a	0x3f000000	0x3faa3722	0xbc4b5327	0x3e3851ec	0x3f6ef1e9	0x3f9ee01a
0x3ec703b0	0x3e99999a	0x3f000000	0x3faa3722	0xbc4af5bb	0x3e3851ec	0x3f6ef97b	0x3f9ee523
0x3ec710cb	0x3e99999a	0x3f000000	0x3faa3722	0xbc4a986b	0x3e3851ec	0x3f6f010a	0x3f9eea2a
0x3ec71de7	0x3e99999a	0x3f000000	0x3faa3722	0xbc4a3b2a	0x3e3851ec	0x3f6f0899	0x3f9eef30
0x3ec72b02	0x3e99999a	0x3f000000	0x3faa3722	0xbc49de05	0x3e3851ec	0x3f6f1026	0x3f9ef435
0x3ec7381d	0x3e99999a	0x3f000000	0x3faa3722	0xbc4980f6	0x3e3851ec	0x3f6f17b1	0x3f9ef939
0x3ec74539	0x3e99999a	0x3f000000	0x3faa3722	0xbc4923f5	0x3e3851ec	0x3f6f1f3c	0x3f9efe3d
0x3ec75254	0x3e99999a	0x3f000000	0x3faa3722	0xbc48c711	0x3e3851ec	0x3f6f26c4	0x3f9f033f
0x3ec75f70	0x3e99999a	0x3f000000	0x3faa3722	0xbc486a3b	0x3e3851ec	0x3f6f2e4b	0x3f9f0841
0x3ec76c8b	0x3e99999a	0x3f000000	0x3faa3722	0xbc480d82	0x3e3851ec	0x3f6f35d1	0x3f9f0d41
0x3ec779a7	0x3e99999a	0x3f000000	0x3faa3722	0xbc47b0d7	0x3e3851ec	0x3f6f3d55	0x3f9f1240
0x3ec786c2	0x3e99999a	0x3f000000	0x3faa3722	0xbc475449	0x3e3851ec	0x3f6f44d7	0x3f9f173e
0x3ec793de	0x3e99999a	0x3f000000	0x3faa3722	0xbc46f7c9	0x3e3851ec	0x3f6f4c58	0x3f9f1c3c
0x3ec7a0f9	0x3e99999a	0x3f000000	0x3faa3722	0xbc469b65	0x3e3851ec	0x3f6f53d8	0x3f9f2138
0x3ec7ae14	0x3e99999a	0x3f000000	0x3faa3722	0xbc463f17	0x3e3851ec	0x3f6f5b55	0x3f9f2633
0x3ec7bb30	0x3e99999a	0x3f000000	0x3faa3722	0xbc45e2d8	0x3e3851ec	0x3f6f62d2	0x3f9f2b2d
0x3ec7c84b	0x3e99999a	0x3f000000	0x3faa3722	0xbc4586b5	0x3e3851ec	0x3f6f6a4d	0x3f9f3027
0x3ec7d567	0x3e99999a	0x3f000000	0x3faa3722	0xbc452aa0	0x3e3851ec	0x3f6f71c7	0x3f9f351f
0x3ec7e282	0x3e99999a	0x3f000000	0x3faa3722	0xbc44cea8	0x3e3851ec	0x3f6f793e	0x3f9f3a16
0x3ec7ef9e	0x3e99999a	0x3f000000	0x3faa3722	0xbc4472bf	0x3e3851ec	0x3f6f80b5	0x3f9f3f0d
0x3ec7fcb9	0x3e99999a	0x3f000000	0x3faa3722	0xbc4416f2	0x3e3851ec	0x3f6f882a	0x3f9f4402
0x3ec809d5	0x3e99999a	0x3f000000	0x3faa3722	0xbc43bb33	0x3e3851ec	0x3f6f8f9e	0x3f9f48f7
0x3ec816f0	0x3e99999a	0x3f000000	0x3faa3722	0xbc435f91	0x3e3851ec	0x3f6f970f	0x3f9f4de9
0x3ec8240b	0x3e99999a	0x3f000000	0x3faa3722	0xbc430404	0x3e3851ec	0x3f6f9e7f	0x3f9f52db
0x3ec83127	0x3e99999a	0x3f000000	0x3faa3722	0xbc42a886	0x3e3851ec	0x3f6fa5ef	0x3f9f57cd
0x3ec83e42	0x3e99999a	0x3f000000	0x3faa3722	0xbc424d24	0x3e3851ec	0x3f6fad5c	0x3f9f5cbd
0x3ec84b5e	0x3e99999a	0x3f000000	0x3faa3722	0xbc41f1d1	0x3e3851ec	0x3f6fb4c8	0x3f9f61ac
0x3ec85879	0x3e99999a	0x3f000000	0x3faa3722	0xbc41969a	0x3e3851ec	0x3f6fbc32	0x3f9f669a
0x3ec86595	0x3e99999a	0x3f000000	0x3faa3722	0xbc413b72	0x3e3851ec	0x3f6fc39b	0x3f9f6b88
0x3ec872b0	0x3e99999a	0x3f000000	0x3faa3722	0xbc40e066	0x3e3851ec	0x3f6fcb02	0x3f9f7074
0x3ec87fcc	0x3e99999a	0x3f000000	0x3faa3722	0xbc408569	0x3e3851ec	0x3f6fd268	0x3f9f755f
0x3ec88ce7	0x3e99999a	0x3f000000	0x3faa3722	0xbc402a88	0x3e3851ec	0x3f6fd9cc	0x3f9f7a49
0x3ec89a02	0x3e99999a	0x3f000000	0x3faa3722	0xbc3fcfbc	0x3e3851ec	0x3f6fe12f	0x3f9f7f32
0x3ec8a71e	0x3e99999a	0x3f000000	0x3faa3722	0xbc3f7500	0x3e3851ec	0x3f6fe890	0x3f9f841a
0x3ec8b439	0x3e99999a	0x3f000000	0x3faa3722	0xbc3f1a5f	0x3e3851ec	0x3f6feff0	0x3f9f8902
0x3ec8c155	0x3e99999a	0x3f000000	0x3faa3722	0xbc3ebfcd	0x3e3851ec	0x3f6ff74e	0x3f9f8de8
0x3ec8ce70	0x3e99999a	0x3f000000	0x3faa3722	0xbc3e6558	0x3e3851ec	0x3f6ffeab	0x3f9f92cd
0x3ec8db8c	0x3e99999a	0x3f000000	0x3faa3722	0xbc3e0af1	0x3e3851ec	0x3f700606	0x3f9f97b1
0x3ec8e8a7	0x3e99999a	0x3f000000	0x3faa3722	0xbc3db0a6	0x3e3851ec	0x3f700d5f	0x3f9f9c94
0x3ec8f5c3	0x3e99999a	0x3f000000	0x3faa3722	0xbc3d566a	0x3e3851ec	0x3f7014b8	0x3f9fa177
0x3ec902de	0x3e99999a	0x3f000000	0x3faa3722	0xbc3cfc4a	0x3e3851ec	0x3f701c0e	0x3f9fa657
0x3ec90ff9	0x3e99999a	0x3f000000	0x3faa3722	0xbc3ca240	0x3e3851ec	0x3f702363	0x3f9fab37
0x3ec91d15	0x3e99999a	0x3f000000	0x3faa3722	0xbc3c4844	0x3e3851ec	0x3f702ab7	0x3f9fb017
0x3ec92a30	0x3e99999a	0x3f000000	0x3faa3722	0xbc3bee65	0x3e3851ec	0x3f703209	0x3f9fb4f5
0x3ec9374c	0x3e99999a	0x3f000000	0x3faa3722	0xbc3b9495	0x3e3851ec	0x3f703959	0x3f9fb9d1
0x3ec94467	0x3e99999a	0x3f000000	0x3faa3722	0xbc3b3ae0	0x3e3851ec	0x3f7040a8	0x3f9fbead
0x3ec95183	0x3e99999a	0x3f000000	0x3faa3722	0xbc3ae13b	0x3e3851ec	0x3f7047f6	0x3f9fc389
0x3ec95e9e	0x3e99999a	0x3f000000	0x3faa3722	0xbc3a87b1	0x3e3851ec	0x3f704f41	0x3f9fc862
0x3ec96bba	0x3e99999a	0x3f000000	0x3faa3722	0xbc3a2e37	0x3e3851ec	0x3f70568c	0x3f9fcd3b
0x3ec978d5	0x3e99999a	0x3f000000	0x3faa3722	0xbc39d4d8	0x3e3851ec	0x3f705dd5	0x3f9fd214
0x3ec985f0	0x3e99999a	0x3f000000	0x3faa3722	0xbc397b8f	0x3e3851ec	0x3f70651c	0x3f9fd6ea
0x3ec9930c	0x3e99999a	0x3f000000	0x3faa3722	0xbc392255	0x3e3851ec	0x3f706c62	0x3f9fdbc0
0x3ec9a027	0x3e99999a	0x3f000000	0x3faa3722	0xbc38c937	0x3e3851ec	0x3f7073a6	0x3f9fe095
0x3ec9ad43	0x3e99999a	0x3f000000	0x3faa3722	0xbc387028	0x3e3851ec	0x3f707ae9	0x3f9fe569
0x3ec9ba5e	0x3e99999a	0x3f000000	0x3faa3722	0xbc381735	0x3e3851ec	0x3f70822a	0x3f9fea3c
0x3ec9c77a	0x3e99999a	0x3f000000	0x3faa3722	0xbc37be50	0x3e3851ec	0x3f70896a	0x3f9fef0e
0x3ec9d495	0x3e99999a	0x3f000000	0x3faa3722	0xbc376588	0x3e3851ec	0x3f7090a8	0x3f9ff3df
0x3ec9e1b1	0x3e99999a	0x3f000000	0x3faa3722	0xbc370ccf	0x3e3851ec	0x3f7097e4	0x3f9ff8ae
0x3ec9eecc	0x3e99999a	0x3f000000	0x3faa3722	0xbc36b431	0x3e3851ec	0x3f709f1f	0x3f9ffd7d
0x3ec9fbe7	0x3e99999a	0x3f000000	0x3faa3722	0xbc365baa	0x3e3851ec	0x3f70a658	0x3fa0024a
0x3eca0903	0x3e99999a	0x3f000000	0x3faa3722	0xbc360331	0x3e3851ec	0x3f70ad91	0x3fa00718
0x3eca161e	0x3e99999a	0x3f000000	0x3faa3722	0xbc35aad4	0x3e3851ec	0x3f70b4c7	0x3fa00be3
0x3eca233a	0x3e99999a	0x3f000000	0x3faa3722	0xbc355286	0x3e3851ec	0x3f70bbfc	0x3fa010ae
0x3eca3055	0x3e99999a	0x3f000000	0x3faa3722	0xbc34fa54	0x3e3851ec	0x3f70c32f	0x3fa01577
0x3eca3d71	0x3e99999a	0x3f000000	0x3faa3722	0xbc34a231	0x3e3851ec	0x3f70ca61	0x3fa01a40
0x3eca4a8c	0x3e99999a	0x3f000000	0x3faa3722	0xbc344a2a	0x3e3851ec	0x3f70d191	0x3fa01f07
0x3eca57a8	0x3e99999a	0x3f000000	0x3faa3722	0xbc33f232	0x3e3851ec	0x3f70d8c0	0x3fa023ce
0x3eca64c3	0x3e99999a	0x3f000000	0x3faa3722	0xbc339a56	0x3e3851ec	0x3f70dfed	0x3fa02893
0x3eca71de	0x3e99999a	0x3f000000	0x3faa3722	0xbc334290	0x3e3851ec	0x3f70e719	0x3fa02d58
0x3eca7efa	0x3e99999a	0x3f000000	0x3faa3722	0xbc32ead8	0x3e3851ec	0x3f70ee43	0x3fa0321c
0x3eca8c15	0x3e99999a	0x3f000000	0x3faa3722	0xbc32933d	0x3e3851ec	0x3f70f56c	0x3fa036de
0x3eca9931	0x3e99999a	0x3f000000	0x3faa3722	0xbc323bb0	0x3e3851ec	0x3f70fc93	0x3fa03ba0
0x3ecaa64c	0x3e99999a	0x3f000000	0x3faa3722	0xbc31e43f	0x3e3851ec	0x3f7103b8	0x3fa04060
0x3ecab368	0x3e99999a	0x3f000000	0x3faa3722	0xbc318cde	0x3e3851ec	0x3f710adc	0x3fa0451f
0x3ecac083	0x3e99999a	0x3f000000	0x3faa3722	0xbc313598	0x3e3851ec	0x3f7111ff	0x3fa049de
0x3ecacd9f	0x3e99999a	0x3f000000	0x3faa3722	0xbc30de61	0x3e3851ec	0x3f711920	0x3fa04e9c
0x3ecadaba	0x3e99999a	0x3f000000	0x3faa3722	0xbc308747	0x3e3851ec	0x3f71203f	0x3fa05358
0x3ecae7d5	0x3e99999a	0x3f000000	0x3faa3722	0xbc303041	0x3e3851ec	0x3f71275c	0x3fa05813
0x3ecaf4f1	0x3e99999a	0x3f000000	0x3faa3722	0xbc2fd94b	0x3e3851ec	0x3f712e79	0x3fa05ccd
0x3ecb020c	0x3e99999a	0x3f000000	0x3faa3722	0xbc2f8271	0x3e3851ec	0x3f713593	0x3fa06186
0x3ecb0f28	0x3e99999a	0x3f000000	0x3faa3722	0xbc2f2ba5	0x3e3851ec	0x3f713cad	0x3fa0663f
0x3ecb1c43	0x3e99999a	0x3f000000	0x3faa3722	0xbc2ed4f6	0x3e3851ec	0x3f7143c4	0x3fa06af6
0x3ecb295f	0x3e99999a	0x3f000000	0x3faa3722	0xbc2e7e56	0x3e3851ec	0x3f714adb	0x3fa06fad
0x3ecb367a	0x3e99999a	0x3f000000	0x3faa3722	0xbc2e27d1	0x3e3851ec	0x3f7151ef	0x3fa07461
0x3ecb4396	0x3e99999a	0x3f000000	0x3faa3722	0xbc2dd15c	0x3e3851ec	0x3f715902	0x3fa07916
0x3ecb50b1	0x3e99999a	0x3f000000	0x3faa3722	0xbc2d7b02	0x3e3851ec	0x3f716013	0x3fa07dc8
0x3ecb5dcc	0x3e99999a	0x3f000000	0x3faa3722	0xbc2d24be	0x3e3851ec	0x3f716723	0x3fa0827a
0x3ecb6ae8	0x3e99999a	0x3f000000	0x3faa3722	0xbc2cce89	0x3e3851ec	0x3f716e31	0x3fa0872b
0x3ecb7803	0x3e99999a	0x3f000000	0x3faa3722	0xbc2c7870	0x3e3851ec	0x3f71753e	0x3fa08bdb
0x3ecb851f	0x3e99999a	0x3f000000	0x3faa3722	0xbc2c2266	0x3e3851ec	0x3f717c49	0x3fa0908a
0x3ecb923a	0x3e99999a	0x3f000000	0x3faa3722	0xbc2bcc78	0x3e3851ec	0x3f718353	0x3fa09538
0x3ecb9f56	0x3e99999a	0x3f000000	0x3faa3722	0xbc2b7699	0x3e3851ec	0x3f718a5b	0x3fa099e5
0x3ecbac71	0x3e99999a	0x3f000000	0x3faa3722	0xbc2b20d6	0x3e3851ec	0x3f719161	0x3fa09e91
0x3ecbb98c	0x3e99999a	0x3f000000	0x3faa3722	0xbc2acb28	0x3e3851ec	0x3f719866	0x3fa0a33c
0x3ecbc6a8	0x3e99999a	0x3f000000	0x3faa3722	0xbc2a758a	0x3e3851ec	0x3f719f6a	0x3fa0a7e6
0x3ecbd3c3	0x3e99999a	0x3f000000	0x3faa3722	0xbc2a2007	0x3e3851ec	0x3f71a66b	0x3fa0ac8e
0x3ecbe0df	0x3e99999a	0x3f000000	0x3faa3722	0xbc29ca93	0x3e3851ec	0x3f71ad6c	0x3fa0b136
0x3ecbedfa	0x3e99999a	0x3f000000	0x3faa3722	0xbc29753b	0x3e3851ec	0x3f71b46b	0x3fa0b5dd
0x3ecbfb16	0x3e99999a	0x3f000000	0x3faa3722	0xbc291ff3	0x3e3851ec	0x3f71bb68	0x3fa0ba82
0x3ecc0831	0x3e99999a	0x3f000000	0x3faa3722	0xbc28cac6	0x3e3851ec	0x3f71c263	0x3fa0bf27
0x3ecc154d	0x3e99999a	0x3f000000	0x3faa3722	0xbc2875a8	0x3e3851ec	0x3f71c95e	0x3fa0c3cb
0x3ecc2268	0x3e99999a	0x3f000000	0x3faa3722	0xbc2820a6	0x3e3851ec	0x3f71d056	0x3fa0c86d
0x3ecc2f83	0x3e99999a	0x3f000000	0x3faa3722	0xbc27cbba	0x3e3851ec	0x3f71d74d	0x3fa0cd0f
0x3ecc3c9f	0x3e99999a	0x3f000000	0x3faa3722	0xbc2776dc	0x3e3851ec	0x3f71de42	0x3fa0d1af
0x3ecc49ba	0x3e99999a	0x3f000000	0x3faa3722	0xbc27221b	0x3e3851ec	0x3f71e536	0x3fa0d64e
0x3ecc56d6	0x3e99999a	0x3f000000	0x3faa3722	0xbc26cd68	0x3e3851ec	0x3f71ec29	0x3fa0daed
0x3ecc63f1	0x3e99999a	0x3f000000	0x3faa3722	0xbc2678d2	0x3e3851ec	0x3f71f319	0x3fa0df8a
0x3ecc710d	0x3e99999a	0x3f000000	0x3faa3722	0xbc26244a	0x3e3851ec	0x3f71fa08	0x3fa0e426
0x3ecc7e28	0x3e99999a	0x3f000000	0x3faa3722	0xbc25cfdf	0x3e3851ec	0x3f7200f6	0x3fa0e8c2
0x3ecc8b44	0x3e99999a	0x3f000000	0x3faa3722	0xbc257b82	0x3e3851ec	0x3f7207e2	0x3fa0ed5c
0x3ecc985f	0x3e99999a	0x3f000000	0x3faa3722	0xbc252742	0x3e3851ec	0x3f720ecc	0x3fa0f1f5
0x3ecca57a	0x3e99999a	0x3f000000	0x3faa3722	0xbc24d316	0x3e3851ec	0x3f7215b5	0x3fa0f68d
0x3eccb296	0x3e99999a	0x3f000000	0x3faa3722	0xbc247efa	0x3e3851ec	0x3f721c9d	0x3fa0fb25
0x3eccbfb1	0x3e99999a	0x3f000000	0x3faa3722	0xbc242afa	0x3e3851ec	0x3f722382	0x3fa0ffba
0x3ecccccd	0x3e99999a	0x3f000000	0x3faa3722	0xbc23d709	0x3e3851ec	0x3f722a66	0x3fa1044f
0x3eccd9e8	0x3e99999a	0x3f000000	0x3faa3722	0xbc238334	0x3e3851ec	0x3f723149	0x3fa108e3
0x3ecce704	0x3e99999a	0x3f000000	0x3faa3722	0xbc232f6e	0x3e3851ec	0x3f72382a	0x3fa10d76
0x3eccf41f	0x3e99999a	0x3f000000	0x3faa3722	0xbc22dbc3	0x3e3851ec	0x3f723f09	0x3fa11208
0x3ecd013b	0x3e99999a	0x3f000000	0x3faa3722	0xbc228828	0x3e3851ec	0x3f7245e8	0x3fa11699
0x3ecd0e56	0x3e99999a	0x3f000000	0x3faa3722	0xbc2234a9	0x3e3851ec	0x3f724cc4	0x3fa11b29
0x3ecd1b71	0x3e99999a	0x3f000000	0x3faa3722	0xbc21e13f	0x3e3851ec	0x3f72539e	0x3fa11fb7
0x3ecd288d	0x3e99999a	0x3f000000	0x3faa3722	0xbc218de4	0x3e3851ec	0x3f725a78	0x3fa12445
0x3ecd35a8	0x3e99999a	0x3f000000	0x3faa3722	0xbc213aa5	0x3e3851ec	0x3f72614f	0x3fa128d2
0x3ecd42c4	0x3e99999a	0x3f000000	0x3faa3722	0xbc20e775	0x3e3851ec	0x3f726826	0x3fa12d5e
0x3ecd4fdf	0x3e99999a	0x3f000000	0x3faa3722	0xbc209461	0x3e3851ec	0x3f726efa	0x3fa131e8
0x3ecd5cfb	0x3e99999a	0x3f000000	0x3faa3722	0xbc20415c	0x3e3851ec	0x3f7275cd	0x3fa13672
0x3ecd6a16	0x3e99999a	0x3f000000	0x3faa3722	0xbc1fee73	0x3e3851ec	0x3f727c9e	0x3fa13afa
0x3ecd7732	0x3e99999a	0x3f000000	0x3faa3722	0xbc1f9b99	0x3e3851ec	0x3f72836e	0x3fa13f81
0x3ecd844d	0x3e99999a	0x3f000000	0x3faa3722	0xbc1f48db	0x3e3851ec	0x3f728a3c	0x3fa14408
0x3ecd9168	0x3e99999a	0x3f000000	0x3faa3722	0xbc1ef632	0x3e3851ec	0x3f729108	0x3fa1488d
0x3ecd9e84	0x3e99999a	0x3f000000	0x3faa3722	0xbc1ea399	0x3e3851ec	0x3f7297d4	0x3fa14d12
0x3ecdab9f	0x3e99999a	0x3f000000	0x3faa3722	0xbc1e511b	0x3e3851ec	0x3f729e9d	0x3fa15195
0x3ecdb8bb	0x3e99999a	0x3f000000	0x3faa3722	0xbc1dfead	0x3e3851ec	0x3f72a565	0x3fa15617
0x3ecdc5d6	0x3e99999a	0x3f000000	0x3faa3722	0xbc1dac5a	0x3e3851ec	0x3f72ac2b	0x3fa15a98
0x3ecdd2f2	0x3e99999a	0x3f000000	0x3faa3722	0xbc1d5a16	0x3e3851ec	0x3f72b2f0	0x3fa15f18
0x3ecde00d	0x3e99999a	0x3f000000	0x3faa3722	0xbc1d07ef	0x3e3851ec	0x3f72b9b3	0x3fa16397
0x3ecded29	0x3e99999a	0x3f000000	0x3faa3722	0xbc1cb5d6	0x3e3851ec	0x3f72c075	0x3fa16815
0x3ecdfa44	0x3e99999a	0x3f000000	0x3faa3722	0xbc1c63d9	0x3e3851ec	0x3f72c735	0x3fa16c92
0x3ece075f	0x3e99999a	0x3f000000	0x3faa3722	0xbc1c11f2	0x3e3851ec	0x3f72cdf3	0x3fa1710e
0x3ece147b	0x3e99999a	0x3f000000	0x3faa3722	0xbc1bc019	0x3e3851ec	0x3f72d4b0	0x3fa17589
0x3ece2196	0x3e99999a	0x3f000000	0x3faa3722	0xbc1b6e5d	0x3e3851ec	0x3f72db6b	0x3fa17a02
0x3ece2eb2	0x3e99999a	0x3f000000	0x3faa3722	0xbc1b1cb0	0x3e3851ec	0x3f72e225	0x3fa17e7b
0x3ece3bcd	0x3e99999a	0x3f000000	0x3faa3722	0xbc1acb1e	0x3e3851ec	0x3f72e8dd	0x3fa182f3
0x3ece48e9	0x3e99999a	0x3f000000	0x3faa3722	0xbc1a799c	0x3e3851ec	0x3f72ef94	0x3fa1876a
0x3ece5604	0x3e99999a	0x3f000000	0x3faa3722	0xbc1a2835	0x3e3851ec	0x3f72f648	0x3fa18bdf
0x3ece6320	0x3e99999a	0x3f000000	0x3faa3722	0xbc19d6de	0x3e3851ec	0x3f72fcfc	0x3fa19054
0x3ece703b	0x3e99999a	0x3f000000	0x3faa3722	0xbc1985a2	0x3e3851ec	0x3f7303ae	0x3fa194c8
0x3ece7d56	0x3e99999a	0x3f000000	0x3faa3722	0xbc19347c	0x3e3851ec	0x3f730a5d	0x3fa19939
0x3ece8a72	0x3e99999a	0x3f000000	0x3faa3722	0xbc18e365	0x3e3851ec	0x3f73110c	0x3fa19dab
0x3ece978d	0x3e99999a	0x3f000000	0x3faa3722	0xbc18926a	0x3e3851ec	0x3f7317b9	0x3fa1a21b
0x3ecea4a9	0x3e99999a	0x3f000000	0x3faa3722	0xbc18417e	0x3e3851ec	0x3f731e65	0x3fa1a68b
0x3eceb1c4	0x3e99999a	0x3f000000	0x3faa3722	0xbc17f0ae	0x3e3851ec	0x3f73250e	0x3fa1aaf9
0x3ecebee0	0x3e99999a	0x3f000000	0x3faa3722	0xbc179fed	0x3e3851ec	0x3f732bb7	0x3fa1af66
0x3ececbfb	0x3e99999a	0x3f000000	0x3faa3722	0xbc174f48	0x3e3851ec	0x3f73325d	0x3fa1b3d2
0x3eced917	0x3e99999a	0x3f000000	0x3faa3722	0xbc16feb2	0x3e3851ec	0x3f733903	0x3fa1b83e
0x3ecee632	0x3e99999a	0x3f000000	0x3faa3722	0xbc16ae37	0x3e3851ec	0x3f733fa6	0x3fa1bca7
0x3ecef34d	0x3e99999a	0x3f000000	0x3faa3722	0xbc165dd2	0x3e3851ec	0x3f734647	0x3fa1c110
0x3ecf0069	0x3e99999a	0x3f000000	0x3faa3722	0xbc160d7d	0x3e3851ec	0x3f734ce8	0x3fa1c578
0x3ecf0d84	0x3e99999a	0x3f000000	0x3faa3722	0xbc15bd43	0x3e3851ec	0x3f735386	0x3fa1c9de
0x3ecf1aa0	0x3e99999a	0x3f000000	0x3faa3722	0xbc156d18	0x3e3851ec	0x3f735a24	0x3fa1ce45
0x3ecf27bb	0x3e99999a	0x3f000000	0x3faa3722	0xbc151d09	0x3e3851ec	0x3f7360bf	0x3fa1d2a9
0x3ecf34d7	0x3e99999a	0x3f000000	0x3faa3722	0xbc14cd0a	0x3e3851ec	0x3f736759	0x3fa1d70d
0x3ecf41f2	0x3e99999a	0x3f000000	0x3faa3722	0xbc147d26	0x3e3851ec	0x3f736df1	0x3fa1db6f
0x3ecf4f0e	0x3e99999a	0x3f000000	0x3faa3722	0xbc142d51	0x3e3851ec	0x3f737488	0x3fa1dfd1
0x3ecf5c29	0x3e99999a	0x3f000000	0x3faa3722	0xbc13dd98	0x3e3851ec	0x3f737b1d	0x3fa1e431
0x3ecf6944	0x3e99999a	0x3f000000	0x3faa3722	0xbc138df4	0x3e3851ec	0x3f7381b1	0x3fa1e891
0x3ecf7660	0x3e99999a	0x3f000000	0x3faa3722	0xbc133e60	0x3e3851ec	0x3f738843	0x3fa1ecef
0x3ecf837b	0x3e99999a	0x3f000000	0x3faa3722	0xbc12eee7	0x3e3851ec	0x3f738ed3	0x3fa1f14c
0x3ecf9097	0x3e99999a	0x3f000000	0x3faa3722	0xbc129f7e	0x3e3851ec	0x3f739562	0x3fa1f5a9
0x3ecf9db2	0x3e99999a	0x3f000000	0x3faa3722	0xbc125030	0x3e3851ec	0x3f739bef	0x3fa1fa04
0x3ecfaace	0x3e99999a	0x3f000000	0x3faa3722	0xbc1200f2	0x3e3851ec	0x3f73a27b	0x3fa1fe5e
0x3ecfb7e9	0x3e99999a	0x3f000000	0x3faa3722	0xbc11b1cf	0x3e3851ec	0x3f73a904	0x3fa202b6
0x3ecfc505	0x3e99999a	0x3f000000	0x3faa3722	0xbc1162bb	0x3e3851ec	0x3f73af8d	0x3fa2070f
0x3ecfd220	0x3e99999a	0x3f000000	0x3faa3722	0xbc1113c4	0x3e3851ec	0x3f73b613	0x3fa20b65
0x3ecfdf3b	0x3e99999a	0x3f000000	0x3faa3722	0xbc10c4e1	0x3e3851ec	0x3f73bc98	0x3fa20fbb
0x3ecfec57	0x3e99999a	0x3f000000	0x3faa3722	0xbc10760e	0x3e3851ec	0x3f73c31c	0x3fa21410
0x3ecff972	0x3e99999a	0x3f000000	0x3faa3722	0xbc102757	0x3e3851ec	0x3f73c99e	0x3fa21864
0x3ed0068e	0x3e99999a	0x3f000000	0x3faa3722	0xbc0fd8af	0x3e3851ec	0x3f73d01f	0x3fa21cb7
0x3ed013a9	0x3e99999a	0x3f000000	0x3faa3722	0xbc0f8a22	0x3e3851ec	0x3f73d69d	0x3fa22108
0x3ed020c5	0x3e99999a	0x3f000000	0x3faa3722	0xbc0f3ba5	0x3e3851ec	0x3f73dd1b	0x3fa22559
0x3ed02de0	0x3e99999a	0x3f000000	0x3faa3722	0xbc0eed44	0x3e3851ec	0x3f73e396	0x3fa229a8
0x3ed03afb	0x3e99999a	0x3f000000	0x3faa3722	0xbc0e9ef7	0x3e3851ec	0x3f73ea10	0x3fa22df6
0x3ed04817	0x3e99999a	0x3f000000	0x3faa3722	0xbc0e50bb	0x3e3851ec	0x3f73f088	0x3fa23243
0x3ed05532	0x3e99999a	0x3f000000	0x3faa3722	0xbc0e029a	0x3e3851ec	0x3f73f6ff	0x3fa23690
0x3ed0624e	0x3e99999a	0x3f000000	0x3faa3722	0xbc0db488	0x3e3851ec	0x3f73fd74	0x3fa23adb
0x3ed06f69	0x3e99999a	0x3f000000	0x3faa3722	0xbc0d6692	0x3e3851ec	0x3f7403e7	0x3fa23f25
0x3ed07c85	0x3e99999a	0x3f000000	0x3faa3722	0xbc0d18ab	0x3e3851ec	0x3f740a5a	0x3fa2436e
0x3ed089a0	0x3e99999a	0x3f000000	0x3faa3722	0xbc0ccae0	0x3e3851ec	0x3f7410ca	0x3fa247b6
0x3ed096bc	0x3e99999a	0x3f000000	0x3faa3722	0xbc0c7d24	0x3e3851ec	0x3f741739	0x3fa24bfd
0x3ed0a3d7	0x3e99999a	0x3f000000	0x3faa3722	0xbc0c2f84	0x3e3851ec	0x3f741da5	0x3fa25042
0x3ed0b0f2	0x3e99999a	0x3f000000	0x3faa3722	0xbc0be1f9	0x3e3851ec	0x3f742411	0x3fa25487
0x3ed0be0e	0x3e99999a	0x3f000000	0x3faa3722	0xbc0b947e	0x3e3851ec	0x3f742a7b	0x3fa258cb
0x3ed0cb29	0x3e99999a	0x3f000000	0x3faa3722	0xbc0b471e	0x3e3851ec	0x3f7430e3	0x3fa25d0e
0x3ed0d845	0x3e99999a	0x3f000000	0x3faa3722	0xbc0af9cd	0x3e3851ec	0x3f74374a	0x3fa2614f
0x3ed0e560	0x3e99999a	0x3f000000	0x3faa3722	0xbc0aac98	0x3e3851ec	0x3f743daf	0x3fa26590
0x3ed0f27c	0x3e99999a	0x3f000000	0x3faa3722	0xbc0a5f73	0x3e3851ec	0x3f744412	0x3fa269cf
0x3ed0ff97	0x3e99999a	0x3f000000	0x3faa3722	0xbc0a1269	0x3e3851ec	0x3f744a74	0x3fa26e0d
0x3ed10cb3	0x3e99999a	0x3f000000	0x3faa3722	0xbc09c56e	0x3e3851ec	0x3f7450d4	0x3fa2724b
0x3ed119ce	0x3e99999a	0x3f000000	0x3faa3722	0xbc09788f	0x3e3851ec	0x3f745733	0x3fa27687
0x3ed126e9	0x3e99999a	0x3f000000	0x3faa3722	0xbc092bc6	0x3e3851ec	0x3f745d8f	0x3fa27ac2
0x3ed13405	0x3e99999a	0x3f000000	0x3faa3722	0xbc08df0c	0x3e3851ec	0x3f7463eb	0x3fa27efc
0x3ed14120	0x3e99999a	0x3f000000	0x3faa3722	0xbc08926d	0x3e3851ec	0x3f746a45	0x3fa28335
0x3ed14e3c	0x3e99999a	0x3f000000	0x3faa3722	0xbc0845de	0x3e3851ec	0x3f74709d	0x3fa2876d
0x3ed15b57	0x3e99999a	0x3f000000	0x3faa3722	0xbc07f96a	0x3e3851ec	0x3f7476f3	0x3fa28ba3
0x3ed16873	0x3e99999a	0x3f000000	0x3faa3722	0xbc07ad06	0x3e3851ec	0x3f747d49	0x3fa28fda
0x3ed1758e	0x3e99999a	0x3f000000	0x3faa3722	0xbc0760bd	0x3e3851ec	0x3f74839c	0x3fa2940e
0x3ed182aa	0x3e99999a	0x3f000000	0x3faa3722	0xbc071484	0x3e3851ec	0x3f7489ee	0x3fa29842
0x3ed18fc5	0x3e99999a	0x3f000000	0x3faa3722	0xbc06c866	0x3e3851ec	0x3f74903d	0x3fa29c74
0x3ed19ce0	0x3e99999a	0x3f000000	0x3faa3722	0xbc067c5e	0x3e3851ec	0x3f74968c	0x3fa2a0a6
0x3ed1a9fc	0x3e99999a	0x3f000000	0x3faa3722	0xbc063065	0x3e3851ec	0x3f749cd9	0x3fa2a4d6
0x3ed1b717	0x3e99999a	0x3f000000	0x3faa3722	0xbc05e488	0x3e3851ec	0x3f74a324	0x3fa2a905
0x3ed1c433	0x3e99999a	0x3f000000	0x3faa3722	0xbc0598ba	0x3e3851ec	0x3f74a96d	0x3fa2ad33
0x3ed1d14e	0x3e99999a	0x3f000000	0x3faa3722	0xbc054d08	0x3e3851ec	0x3f74afb5	0x3fa2b160
0x3ed1de6a	0x3e99999a	0x3f000000	0x3faa3722	0xbc050165	0x3e3851ec	0x3f74b5fc	0x3fa2b58d
0x3ed1eb85	0x3e99999a	0x3f000000	0x3faa3722	0xbc04b5dd	0x3e3851ec	0x3f74bc40	0x3fa2b9b7
0x3ed1f8a1	0x3e99999a	0x3f000000	0x3faa3722	0xbc046a66	0x3e3851ec	0x3f74c284	0x3fa2bde2
0x3ed205bc	0x3e99999a	0x3f000000	0x3faa3722	0xbc041f09	0x3e3851ec	0x3f74c8c5	0x3fa2c20a
0x3ed212d7	0x3e99999a	0x3f000000	0x3faa3722	0xbc03d3c2	0x3e3851ec	0x3f74cf04	0x3fa2c632
0x3ed21ff3	0x3e99999a	0x3f000000	0x3faa3722	0xbc03888b	0x3e3851ec	0x3f74d543	0x3fa2ca59
0x3ed22d0e	0x3e99999a	0x3f000000	0x3faa3722	0xbc033d6e	0x3e3851ec	0x3f74db7f	0x3fa2ce7e
0x3ed23a2a	0x3e99999a	0x3f000000	0x3faa3722	0xbc02f262	0x3e3851ec	0x3f74e1bb	0x3fa2d2a3
0x3ed24745	0x3e99999a	0x3f000000	0x3faa3722	0xbc02a771	0x3e3851ec	0x3f74e7f4	0x3fa2d6c6
0x3ed25461	0x3e99999a	0x3f000000	0x3faa3722	0xbc025c8f	0x3e3851ec	0x3f74ee2c	0x3fa2dae9
0x3ed2617c	0x3e99999a	0x3f000000	0x3faa3722	0xbc0211c9	0x3e3851ec	0x3f74f462	0x3fa2df0a
0x3ed26e98	0x3e99999a	0x3f000000	0x3faa3722	0xbc01c712	0x3e3851ec	0x3f74fa96	0x3fa2e32a
0x3ed27bb3	0x3e99999a	0x3f000000	0x3faa3722	0xbc017c77	0x3e3851ec	0x3f7500c9	0x3fa2e749
0x3ed288ce	0x3e99999a	0x3f000000	0x3faa3722	0xbc0131f1	0x3e3851ec	0x3f7506fa	0x3fa2eb67
0x3ed295ea	0x3e99999a	0x3f000000	0x3faa3722	0xbc00e77b	0x3e3851ec	0x3f750d2a	0x3fa2ef84
0x3ed2a305	0x3e99999a	0x3f000000	0x3faa3722	0xbc009d20	0x3e3851ec	0x3f751358	0x3fa2f3a0
0x3ed2b021	0x3e99999a	0x3f000000	0x3faa3722	0xbc0052d5	0x3e3851ec	0x3f751984	0x3fa2f7bb
0x3ed2bd3c	0x3e99999a	0x3f000000	0x3faa3722	0xbc0008a5	0x3e3851ec	0x3f751faf	0x3fa2fbd5
0x3ed2ca58	0x3e99999a	0x3f000000	0x3faa3722	0xbbff7d0a	0x3e3851ec	0x3f7525d8	0x3fa2ffed
0x3ed2d773	0x3e99999a	0x3f000000	0x3faa3722	0xbbfee900	0x3e3851ec	0x3f752bff	0x3fa30404
0x3ed2e48f	0x3e99999a	0x3f000000	0x3faa3722	0xbbfe5515	0x3e3851ec	0x3f753225	0x3fa3081b
0x3ed2f1aa	0x3e99999a	0x3f000000	0x3faa3722	0xbbfdc161	0x3e3851ec	0x3f753849	0x3fa30c30
0x3ed2fec5	0x3e99999a	0x3f000000	0x3faa3722	0xbbfd2dd8	0x3e3851ec	0x3f753e6c	0x3fa31045
0x3ed30be1	0x3e99999a	0x3f000000	0x3faa3722	0xbbfc9a6e	0x3e3851ec	0x3f75448d	0x3fa31458
0x3ed318fc	0x3e99999a	0x3f000000	0x3faa3722	0xbbfc073b	0x3e3851ec	0x3f754aac	0x3fa3186a
0x3ed32618	0x3e99999a	0x3f000000	0x3faa3722	0xbbfb7427	0x3e3851ec	0x3f7550ca	0x3fa31c7b
0x3ed33333	0x3e99999a	0x3f000000	0x3faa3722	0xbbfae14a	0x3e3851ec	0x3f7556e6	0x3fa3208b
0x3ed3404f	0x3e99999a	0x3f000000	0x3faa3722	0xbbfa4e8c	0x3e3851ec	0x3f755d00	0x3fa3249a
0x3ed34d6a	0x3e99999a	0x3f000000	0x3faa3722	0xbbf9bc05	0x3e3851ec	0x3f756319	0x3fa328a7
0x3ed35a86	0x3e99999a	0x3f000000	0x3faa3722	0xbbf9299d	0x3e3851ec	0x3f756930	0x3fa32cb4
0x3ed367a1	0x3e99999a	0x3f000000	0x3faa3722	0xbbf8976b	0x3e3851ec	0x3f756f45	0x3fa330bf
0x3ed374bc	0x3e99999a	0x3f000000	0x3faa3722	0xbbf80564	0x3e3851ec	0x3f757559	0x3fa334ca
0x3ed381d8	0x3e99999a	0x3f000000	0x3faa3722	0xbbf7737d	0x3e3851ec	0x3f757b6b	0x3fa338d3
0x3ed38ef3	0x3e99999a	0x3f000000	0x3faa3722	0xbbf6e1cd	0x3e3851ec	0x3f75817c	0x3fa33cdc
0x3ed39c0f	0x3e99999a	0x3f000000	0x3faa3722	0xbbf6503c	0x3e3851ec	0x3f75878b	0x3fa340e3
0x3ed3a92a	0x3e99999a	0x3f000000	0x3faa3722	0xbbf5bee1	0x3e3851ec	0x3f758d98	0x3fa344e9
0x3ed3b646	0x3e99999a	0x3f000000	0x3faa3722	0xbbf52da5	0x3e3851ec	0x3f7593a4	0x3fa348ee
0x3ed3c361	0x3e99999a	0x3f000000	0x3faa3722	0xbbf49ca0	0x3e3851ec	0x3f7599ae	0x3fa34cf2
0x3ed3d07d	0x3e99999a	0x3f000000	0x3faa3722	0xbbf40bbb	0x3e3851ec	0x3f759fb6	0x3fa350f5
0x3ed3dd98	0x3e99999a	0x3f000000	0x3faa3722	0xbbf37b0c	0x3e3851ec	0x3f75a5bd	0x3fa354f7
0x3ed3eab3	0x3e99999a	0x3f000000	0x3faa3722	0xbbf2ea88	0x3e3851ec	0x3f75abc2	0x3fa358f7
0x3ed3f7cf	0x3e99999a	0x3f000000	0x3faa3722	0xbbf25a23	0x3e3851ec	0x3f75b1c5	0x3fa35cf7
0x3ed404ea	0x3e99999a	0x3f000000	0x3faa3722	0xbbf1c9f5	0x3e3851ec	0x3f75b7c7	0x3fa360f5
0x3ed41206	0x3e99999a	0x3f000000	0x3faa3722	0xbbf139e7	0x3e3851ec	0x3f75bdc7	0x3fa364f3
0x3ed41f21	0x3e99999a	0x3f000000	0x3faa3722	0xbbf0aa0e	0x3e3851ec	0x3f75c3c6	0x3fa368ef
0x3ed42c3d	0x3e99999a	0x3f000000	0x3faa3722	0xbbf01a56	0x3e3851ec	0x3f75c9c3	0x3fa36cea
0x3ed43958	0x3e99999a	0x3f000000	0x3faa3722	0xbbef8ad3	0x3e3851ec	0x3f75cfbe	0x3fa370e4
0x3ed44674	0x3e99999a	0x3f000000	0x3faa3722	0xbbeefb70	0x3e3851ec	0x3f75d5b8	0x3fa374de
0x3ed4538f	0x3e99999a	0x3f000000	0x3faa3722	0xbbee6c44	0x3e3851ec	0x3f75dbaf	0x3fa378d5
0x3ed460aa	0x3e99999a	0x3f000000	0x3faa3722	0xbbeddd42	0x3e3851ec	0x3f75e1a6	0x3fa37ccc
0x3ed46dc6	0x3e99999a	0x3f000000	0x3faa3722	0xbbed4e60	0x3e3851ec	0x3f75e79a	0x3fa380c2
0x3ed47ae1	0x3e99999a	0x3f000000	0x3faa3722	0xbbecbfb4	0x3e3851ec	0x3f75ed8d	0x3fa384b6
0x3ed487fd	0x3e99999a	0x3f000000	0x3faa3722	0xbbec3129	0x3e3851ec	0x3f75f37f	0x3fa388aa
0x3ed49518	0x3e99999a	0x3f000000	0x3faa3722	0xbbeba2d3	0x3e3851ec	0x3f75f96e	0x3fa38c9c
0x3ed4a234	0x3e99999a	0x3f000000	0x3faa3722	0xbbeb149d	0x3e3851ec	0x3f75ff5d	0x3fa3908e
0x3ed4af4f	0x3e99999a	0x3f000000	0x3faa3722	0xbbea869d	0x3e3851ec	0x3f760549	0x3fa3947e
0x3ed4bc6a	0x3e99999a	0x3f000000	0x3faa3722	0xbbe9f8c7	0x3e3851ec	0x3f760b33	0x3fa3986d
0x3ed4c986	0x3e99999a	0x3f000000	0x3faa3722	0xbbe96b12	0x3e3851ec	0x3f76111d	0x3fa39c5c
0x3ed4d6a1	0x3e99999a	0x3f000000	0x3faa3722	0xbbe8dd93	0x3e3851ec	0x3f761704	0x3fa3a048
0x3ed4e3bd	0x3e99999a	0x3f000000	0x3faa3722	0xbbe85034	0x3e3851ec	0x3f761cea	0x3fa3a434
0x3ed4f0d8	0x3e99999a	0x3f000000	0x3faa3722	0xbbe7c30b	0x3e3851ec	0x3f7622ce	0x3fa3a81f
0x3ed4fdf4	0x3e99999a	0x3f000000	0x3faa3722	0xbbe73602	0x3e3851ec	0x3f7628b1	0x3fa3ac09
0x3ed50b0f	0x3e99999a	0x3f000000	0x3faa3722	0xbbe6a92e	0x3e3851ec	0x3f762e91	0x3fa3aff1
0x3ed5182b	0x3e99999a	0x3f000000	0x3faa3722	0xbbe61c7b	0x3e3851ec	0x3f763471	0x3fa3b3d9
0x3ed52546	0x3e99999a	0x3f000000	0x3faa3722	0xbbe58ffd	0x3e3851ec	0x3f763a4e	0x3fa3b7bf
0x3ed53261	0x3e99999a	0x3f000000	0x3faa3722	0xbbe503ab	0x3e3851ec	0x3f76402a	0x3fa3bba4
0x3ed53f7d	0x3e99999a	0x3f000000	0x3faa3722	0xbbe47778	0x3e3851ec	0x3f764604	0x3fa3bf88
0x3ed54c98	0x3e99999a	0x3f000000	0x3faa3722	0xbbe3eb7b	0x3e3851ec	0x3f764bdd	0x3fa3c36c
0x3ed559b4	0x3e99999a	0x3f000000	0x3faa3722	0xbbe35f9f	0x3e3851ec	0x3f7651b4	0x3fa3c74e
0x3ed566cf	0x3e99999a	0x3f000000	0x3faa3722	0xbbe2d3f8	0x3e3851ec	0x3f765789	0x3fa3cb2f
0x3ed573eb	0x3e99999a	0x3f000000	0x3faa3722	0xbbe24871	0x3e3851ec	0x3f765d5d	0x3fa3cf0f
0x3ed58106	0x3e99999a	0x3f000000	0x3faa3722	0xbbe1bd20	0x3e3851ec	0x3f76632f	0x3fa3d2ed
0x3ed58e22	0x3e99999a	0x3f000000	0x3faa3722	0xbbe131f0	0x3e3851ec	0x3f7668ff	0x3fa3d6cb
0x3ed59b3d	0x3e99999a	0x3f000000	0x3faa3722	0xbbe0a6f5	0x3e3851ec	0x3f766ece	0x3fa3daa7
0x3ed5a858	0x3e99999a	0x3f000000	0x3faa3722	0xbbe01c24	0x3e3851ec	0x3f76749b	0x3fa3de83
0x3ed5b574	0x3e99999a	0x3f000000	0x3faa3722	0xbbdf9175	0x3e3851ec	0x3f767a66	0x3fa3e25d
0x3ed5c28f	0x3e99999a	0x3f000000	0x3faa3722	0xbbdf06fa	0x3e3851ec	0x3f768030	0x3fa3e636
0x3ed5cfab	0x3e99999a	0x3f000000	0x3faa3722	0xbbde7ca0	0x3e3851ec	0x3f7685f8	0x3fa3ea0e
0x3ed5dcc6	0x3e99999a	0x3f000000	0x3faa3722	0xbbddf27c	0x3e3851ec	0x3f768bbe	0x3fa3ede5
0x3ed5e9e2	0x3e99999a	0x3f000000	0x3faa3722	0xbbdd6878	0x3e3851ec	0x3f769183	0x3fa3f1bb
0x3ed5f6fd	0x3e99999a	0x3f000000	0x3faa3722	0xbbdcdeaa	0x3e3851ec	0x3f769746	0x3fa3f590
0x3ed60419	0x3e99999a	0x3f000000	0x3faa3722	0xbbdc54fc	0x3e3851ec	0x3f769d07	0x3fa3f963
0x3ed61134	0x3e99999a	0x3f000000	0x3faa3722	0xbbdbcb83	0x3e3851ec	0x3f76a2c7	0x3fa3fd36
0x3ed61e4f	0x3e99999a	0x3f000000	0x3faa3722	0xbbdb4235	0x3e3851ec	0x3f76a885	0x3fa40107
0x3ed62b6b	0x3e99999a	0x3f000000	0x3faa3722	0xbbdab908	0x3e3851ec	0x3f76ae41	0x3fa404d7
0x3ed63886	0x3e99999a	0x3f000000	0x3faa3722	0xbbda3010	0x3e3851ec	0x3f76b3fc	0x3fa408a7
0x3ed645a2	0x3e99999a	0x3f000000	0x3faa3722	0xbbd9a739	0x3e3851ec	0x3f76b9b5	0x3fa40c75
0x3ed652bd	0x3e99999a	0x3f000000	0x3faa3722	0xbbd91e97	0x3e3851ec	0x3f76bf6c	0x3fa41042
0x3ed65fd9	0x3e99999a	0x3f000000	0x3faa3722	0xbbd89616	0x3e3851ec	0x3f76c522	0x3fa4140e
0x3ed66cf4	0x3e99999a	0x3f000000	0x3faa3722	0xbbd80dca	0x3e3851ec	0x3f76cad6	0x3fa417d8
0x3ed67a10	0x3e99999a	0x3f000000	0x3faa3722	0xbbd7859e	0x3e3851ec	0x3f76d089	0x3fa41ba3
0x3ed6872b	0x3e99999a	0x3f000000	0x3faa3722	0xbbd6fda8	0x3e3851ec	0x3f76d639	0x3fa41f6b
0x3ed69446	0x3e99999a	0x3f000000	0x3faa3722	0xbbd675dd	0x3e3851ec	0x3f76dbe8	0x3fa42332
0x3ed6a162	0x3e99999a	0x3f000000	0x3faa3722	0xbbd5ee33	0x3e3851ec	0x3f76e196	0x3fa426f9
0x3ed6ae7d	0x3e99999a	0x3f000000	0x3faa3722	0xbbd566bd	0x3e3851ec	0x3f76e742	0x3fa42abe
0x3ed6bb99	0x3e99999a	0x3f000000	0x3faa3722	0xbbd4df69	0x3e3851ec	0x3f76ecec	0x3fa42e82
0x3ed6c8b4	0x3e99999a	0x3f000000	0x3faa3722	0xbbd45849	0x3e3851ec	0x3f76f294	0x3fa43245
0x3ed6d5d0	0x3e99999a	0x3f000000	0x3faa3722	0xbbd3d14a	0x3e3851ec	0x3f76f83b	0x3fa43607
0x3ed6e2eb	0x3e99999a	0x3f000000	0x3faa3722	0xbbd34a81	0x3e3851ec	0x3f76fde0	0x3fa439c8
0x3ed6f007	0x3e99999a	0x3f000000	0x3faa3722	0xbbd2c3d8	0x3e3851ec	0x3f770383	0x3fa43d88
0x3ed6fd22	0x3e99999a	0x3f000000	0x3faa3722	0xbbd23d65	0x3e3851ec	0x3f770925	0x3fa44146
0x3ed70a3d	0x3e99999a	0x3f000000	0x3faa3722	0xbbd1b71c	0x3e3851ec	0x3f770ec5	0x3fa44504
0x3ed71759	0x3e99999a	0x3f000000	0x3faa3722	0xbbd130f4	0x3e3851ec	0x3f771463	0x3fa448c0
0x3ed72474	0x3e99999a	0x3f000000	0x3faa3722	0xbbd0ab01	0x3e3851ec	0x3f771a00	0x3fa44c7b
0x3ed73190	0x3e99999a	0x3f000000	0x3faa3722	0xbbd0252f	0x3e3851ec	0x3f771f9b	0x3fa45036
0x3ed73eab	0x3e99999a	0x3f000000	0x3faa3722	0xbbcf9f92	0x3e3851ec	0x3f772534	0x3fa453ee
0x3ed74bc7	0x3e99999a	0x3f000000	0x3faa3722	0xbbcf1a16	0x3e3851ec	0x3f772acc	0x3fa457a6
0x3ed758e2	0x3e99999a	0x3f000000	0x3faa3722	0xbbce94cf	0x3e3851ec	0x3f773062	0x3fa45b5d
0x3ed765fe	0x3e99999a	0x3f000000	0x3faa3722	0xbbce0fa9	0x3e3851ec	0x3f7735f7	0x3fa45f13
0x3ed77319	0x3e99999a	0x3f000000	0x3faa3722	0xbbcd8ab8	0x3e3851ec	0x3f773b89	0x3fa462c8
0x3ed78034	0x3e99999a	0x3f000000	0x3faa3722	0xbbcd05f2	0x3e3851ec	0x3f77411a	0x3fa4667b
0x3ed78d50	0x3e99999a	0x3f000000	0x3faa3722	0xbbcc814c	0x3e3851ec	0x3f7746aa	0x3fa46a2e
0x3ed79a6b	0x3e99999a	0x3f000000	0x3faa3722	0xbbcbfcdc	0x3e3851ec	0x3f774c37	0x3fa46ddf
0x3ed7a787	0x3e99999a	0x3f000000	0x3faa3722	0xbbcb788c	0x3e3851ec	0x3f7751c3	0x3fa4718f
0x3ed7b4a2	0x3e99999a	0x3f000000	0x3faa3722	0xbbcaf472	0x3e3851ec	0x3f77574d	0x3fa4753e
0x3ed7c1be	0x3e99999a	0x3f000000	0x3faa3722	0xbbca7079	0x3e3851ec	0x3f775cd6	0x3fa478ec
0x3ed7ced9	0x3e99999a	0x3f000000	0x3faa3722	0xbbc9ecb4	0x3e3851ec	0x3f77625d	0x3fa47c99
0x3ed7dbf5	0x3e99999a	0x3f000000	0x3faa3722	0xbbc96910	0x3e3851ec	0x3f7767e2	0x3fa48044
0x3ed7e910	0x3e99999a	0x3f000000	0x3faa3722	0xbbc8e5a2	0x3e3851ec	0x3f776d66	0x3fa483ef
0x3ed7f62b	0x3e99999a	0x3f000000	0x3faa3722	0xbbc8625e	0x3e3851ec	0x3f7772e8	0x3fa48799
0x3ed80347	0x3e99999a	0x3f000000	0x3faa3722	0xbbc7df3b	0x3e3851ec	0x3f777868	0x3fa48b41
0x3ed81062	0x3e99999a	0x3f000000	0x3faa3722	0xbbc75c4e	0x3e3851ec	0x3f777de6	0x3fa48ee8
0x3ed81d7e	0x3e99999a	0x3f000000	0x3faa3722	0xbbc6d981	0x3e3851ec	0x3f778363	0x3fa4928e
0x3ed82a99	0x3e99999a	0x3f000000	0x3faa3722	0xbbc656e9	0x3e3851ec	0x3f7788df	0x3fa49633
0x3ed837b5	0x3e99999a	0x3f000000	0x3faa3722	0xbbc5d472	0x3e3851ec	0x3f778e58	0x3fa499d7
0x3ed844d0	0x3e99999a	0x3f000000	0x3faa3722	0xbbc55230	0x3e3851ec	0x3f7793d0	0x3fa49d7a
0x3ed851ec	0x3e99999a	0x3f000000	0x3faa3722	0xbbc4d00f	0x3e3851ec	0x3f779946	0x3fa4a11b
0x3ed85f07	0x3e99999a	0x3f000000	0x3faa3722	0xbbc44e23	0x3e3851ec	0x3f779ebb	0x3fa4a4bc
0x3ed86c22	0x3e99999a	0x3f000000	0x3faa3722	0xbbc3cc62	0x3e3851ec	0x3f77a42d	0x3fa4a85b
0x3ed8793e	0x3e99999a	0x3f000000	0x3faa3722	0xbbc34ac1	0x3e3851ec	0x3f77a99e	0x3fa4abf9
0x3ed88659	0x3e99999a	0x3f000000	0x3faa3722	0xbbc2c956	0x3e3851ec	0x3f77af0e	0x3fa4af97
0x3ed89375	0x3e99999a	0x3f000000	0x3faa3722	0xbbc2480c	0x3e3851ec	0x3f77b47c	0x3fa4b333
0x3ed8a090	0x3e99999a	0x3f000000	0x3faa3722	0xbbc1c6f7	0x3e3851ec	0x3f77b9e7	0x3fa4b6cd
0x3ed8adac	0x3e99999a	0x3f000000	0x3faa3722	0xbbc14602	0x3e3851ec	0x3f77bf52	0x3fa4ba67
0x3ed8bac7	0x3e99999a	0x3f000000	0x3faa3722	0xbbc0c543	0x3e3851ec	0x3f77c4ba	0x3fa4be00
0x3ed8c7e3	0x3e99999a	0x3f000000	0x3faa3722	0xbbc044a4	0x3e3851ec	0x3f77ca22	0x3fa4c198
0x3ed8d4fe	0x3e99999a	0x3f000000	0x3faa3722	0xbbbfc43b	0x3e3851ec	0x3f77cf87	0x3fa4c52e
0x3ed8e219	0x3e99999a	0x3f000000	0x3faa3722	0xbbbf43fc	0x3e3851ec	0x3f77d4ea	0x3fa4c8c3
0x3ed8ef35	0x3e99999a	0x3f000000	0x3faa3722	0xbbbec3df	0x3e3851ec	0x3f77da4c	0x3fa4cc57
0x3ed8fc50	0x3e99999a	0x3f000000	0x3faa3722	0xbbbe43f6	0x3e3851ec	0x3f77dfac	0x3fa4cfea
0x3ed9096c	0x3e99999a	0x3f000000	0x3faa3722	0xbbbdc42e	0x3e3851ec	0x3f77e50b	0x3fa4d37c
0x3ed91687	0x3e99999a	0x3f000000	0x3faa3722	0xbbbd449b	0x3e3851ec	0x3f77ea68	0x3fa4d70d
0x3ed923a3	0x3e99999a	0x3f000000	0x3faa3722	0xbbbcc529	0x3e3851ec	0x3f77efc3	0x3fa4da9d
0x3ed930be	0x3e99999a	0x3f000000	0x3faa3722	0xbbbc45ec	0x3e3851ec	0x3f77f51d	0x3fa4de2c
0x3ed93dd9	0x3e99999a	0x3f000000	0x3faa3722	0xbbbbc6da	0x3e3851ec	0x3f77fa74	0x3fa4e1b9
0x3ed94af5	0x3e99999a	0x3f000000	0x3faa3722	0xbbbb47ea	0x3e3851ec	0x3f77ffca	0x3fa4e545
0x3ed95810	0x3e99999a	0x3f000000	0x3faa3722	0xbbbac92d	0x3e3851ec	0x3f78051f	0x3fa4e8d1
0x3ed9652c	0x3e99999a	0x3f000000	0x3faa3722	0xbbba4a92	0x3e3851ec	0x3f780a72	0x3fa4ec5b
0x3ed97247	0x3e99999a	0x3f000000	0x3faa3722	0xbbb9cc2c	0x3e3851ec	0x3f780fc2	0x3fa4efe3
0x3ed97f63	0x3e99999a	0x3f000000	0x3faa3722	0xbbb94de7	0x3e3851ec	0x3f781512	0x3fa4f36b
0x3ed98c7e	0x3e99999a	0x3f000000	0x3faa3722	0xbbb8cfd7	0x3e3851ec	0x3f781a5f	0x3fa4f6f2
0x3ed9999a	0x3e99999a	0x3f000000	0x3faa3722	0xbbb851e8	0x3e3851ec	0x3f781fac	0x3fa4fa78
0x3ed9a6b5	0x3e99999a	0x3f000000	0x3faa3722	0xbbb7d42d	0x3e3851ec	0x3f7824f6	0x3fa4fdfc
0x3ed9b3d0	0x3e99999a	0x3f000000	0x3faa3722	0xbbb7569e	0x3e3851ec	0x3f782a3e	0x3fa5017f
0x3ed9c0ec	0x3e99999a	0x3f000000	0x3faa3722	0xbbb6d92f	0x3e3851ec	0x3f782f85	0x3fa50501
0x3ed9ce07	0x3e99999a	0x3f000000	0x3faa3722	0xbbb65bf6	0x3e3851ec	0x3f7834ca	0x3fa50882
0x3ed9db23	0x3e99999a	0x3f000000	0x3faa3722	0xbbb5dedd	0x3e3851ec	0x3f783a0e	0x3fa50c03
0x3ed9e83e	0x3e99999a	0x3f000000	0x3faa3722	0xbbb561fa	0x3e3851ec	0x3f783f4f	0x3fa50f81
0x3ed9f55a	0x3e99999a	0x3f000000	0x3faa3722	0xbbb4e537	0x3e3851ec	0x3f784490	0x3fa512ff
0x3eda0275	0x3e99999a	0x3f000000	0x3faa3722	0xbbb468a9	0x3e3851ec	0x3f7849ce	0x3fa5167c
0x3eda0f91	0x3e99999a	0x3f000000	0x3faa3722	0xbbb3ec3d	0x3e3851ec	0x3f784f0b	0x3fa519f7
0x3eda1cac	0x3e99999a	0x3f000000	0x3faa3722	0xbbb37005	0x3e3851ec	0x3f785445	0x3fa51d71
0x3eda29c7	0x3e99999a	0x3f000000	0x3faa3722	0xbbb2f3f8	0x3e3851ec	0x3f78597f	0x3fa520eb
0x3eda36e3	0x3e99999a	0x3f000000	0x3faa3722	0xbbb2780c	0x3e3851ec	0x3f785eb6	0x3fa52462
0x3eda43fe	0x3e99999a	0x3f000000	0x3faa3722	0xbbb1fc55	0x3e3851ec	0x3f7863ec	0x3fa527d9
0x3eda511a	0x3e99999a	0x3f000000	0x3faa3722	0xbbb180bf	0x3e3851ec	0x3f786920	0x3fa52b4f
0x3eda5e35	0x3e99999a	0x3f000000	0x3faa3722	0xbbb1055e	0x3e3851ec	0x3f786e53	0x3fa52ec4
0x3eda6b51	0x3e99999a	0x3f000000	0x3faa3722	0xbbb08a1e	0x3e3851ec	0x3f787384	0x3fa53237
0x3eda786c	0x3e99999a	0x3f000000	0x3faa3722	0xbbb00f13	0x3e3851ec	0x3f7878b3	0x3fa535aa
0x3eda8588	0x3e99999a	0x3f000000	0x3faa3722	0xbbaf9429	0x3e3851ec	0x3f787de0	0x3fa5391b
0x3eda92a3	0x3e99999a	0x3f000000	0x3faa3722	0xbbaf1973	0x3e3851ec	0x3f78830c	0x3fa53c8b
0x3eda9fbe	0x3e99999a	0x3f000000	0x3faa3722	0xbbae9ee9	0x3e3851ec	0x3f788836	0x3fa53ffa
0x3edaacda	0x3e99999a	0x3f000000	0x3faa3722	0xbbae2480	0x3e3851ec	0x3f788d5e	0x3fa54368
0x3edab9f5	0x3e99999a	0x3f000000	0x3faa3722	0xbbadaa4b	0x3e3851ec	0x3f789284	0x3fa546d4
0x3edac711	0x3e99999a	0x3f000000	0x3faa3722	0xbbad3038	0x3e3851ec	0x3f7897aa	0x3fa54a40
0x3edad42c	0x3e99999a	0x3f000000	0x3faa3722	0xbbacb659	0x3e3851ec	0x3f789ccd	0x3fa54dab
0x3edae148	0x3e99999a	0x3f000000	0x3faa3722	0xbbac3c9c	0x3e3851ec	0x3f78a1ee	0x3fa55114
0x3edaee63	0x3e99999a	0x3f000000	0x3faa3722	0xbbabc313	0x3e3851ec	0x3f78a70e	0x3fa5547c
0x3edafb7f	0x3e99999a	0x3f000000	0x3faa3722	0xbbab49ac	0x3e3851ec	0x3f78ac2c	0x3fa557e3
0x3edb089a	0x3e99999a	0x3f000000	0x3faa3722	0xbbaad079	0x3e3851ec	0x3f78b148	0x3fa55b49
0x3edb15b5	0x3e99999a	0x3f000000	0x3faa3722	0xbbaa5771	0x3e3851ec	0x3f78b663	0x3fa55eae
0x3edb22d1	0x3e99999a	0x3f000000	0x3faa3722	0xbba9de8a	0x3e3851ec	0x3f78bb7c	0x3fa56212
0x3edb2fec	0x3e99999a	0x3f000000	0x3faa3722	0xbba965d8	0x3e3851ec	0x3f78c093	0x3fa56574
0x3edb3d08	0x3e99999a	0x3f000000	0x3faa3722	0xbba8ed48	0x3e3851ec	0x3f78c5a9	0x3fa568d6
0x3edb4a23	0x3e99999a	0x3f000000	0x3faa3722	0xbba874eb	0x3e3851ec	0x3f78cabc	0x3fa56c35
0x3edb573f	0x3e99999a	0x3f000000	0x3faa3722	0xbba7fcb1	0x3e3851ec	0x3f78cfce	0x3fa56f94
0x3edb645a	0x3e99999a	0x3f000000	0x3faa3722	0xbba784aa	0x3e3851ec	0x3f78d4df	0x3fa572f3
0x3edb7176	0x3e99999a	0x3f000000	0x3faa3722	0xbba70cc6	0x3e3851ec	0x3f78d9ee	0x3fa57650
0x3edb7e91	0x3e99999a	0x3f000000	0x3faa3722	0xbba69515	0x3e3851ec	0x3f78defa	0x3fa579ab
0x3edb8bac	0x3e99999a	0x3f000000	0x3faa3722	0xbba61d90	0x3e3851ec	0x3f78e405	0x3fa57d05
0x3edb98c8	0x3e99999a	0x3f000000	0x3faa3722	0xbba5a62c	0x3e3851ec	0x3f78e90f	0x3fa5805f
0x3edba5e3	0x3e99999a	0x3f000000	0x3faa3722	0xbba52efc	0x3e3851ec	0x3f78ee17	0x3fa583b7
0x3edbb2ff	0x3e99999a	0x3f000000	0x3faa3722	0xbba4b7ee	0x3e3851ec	0x3f78f31d	0x3fa5870f
0x3edbc01a	0x3e99999a	0x3f000000	0x3faa3722	0xbba44114	0x3e3851ec	0x3f78f822	0x3fa58a65
0x3edbcd36	0x3e99999a	0x3f000000	0x3faa3722	0xbba3ca5c	0x3e3851ec	0x3f78fd24	0x3fa58db9
0x3edbda51	0x3e99999a	0x3f000000	0x3faa3722	0xbba353d9	0x3e3851ec	0x3f790225	0x3fa5910d
0x3edbe76d	0x3e99999a	0x3f000000	0x3faa3722	0xbba2dd76	0x3e3851ec	0x3f790725	0x3fa59460
0x3edbf488	0x3e99999a	0x3f000000	0x3faa3722	0xbba26748	0x3e3851ec	0x3f790c22	0x3fa597b1
0x3edc01a3	0x3e99999a	0x3f000000	0x3faa3722	0xbba1f145	0x3e3851ec	0x3f79111e	0x3fa59b02
0x3edc0ebf	0x3e99999a	0x3f000000	0x3faa3722	0xbba17b64	0x3e3851ec	0x3f791618	0x3fa59e51
0x3edc1bda	0x3e99999a	0x3f000000	0x3faa3722	0xbba105b7	0x3e3851ec	0x3f791b10	0x3fa5a19f
0x3edc28f6	0x3e99999a	0x3f000000	0x3faa3722	0xbba0902c	0x3e3851ec	0x3f792007	0x3fa5a4ec
0x3edc3611	0x3e99999a	0x3f000000	0x3faa3722	0xbba01ad4	0x3e3851ec	0x3f7924fc	0x3fa5a837
0x3edc432d	0x3e99999a	0x3f000000	0x3faa3722	0xbb9fa59f	0x3e3851ec	0x3f7929f0	0x3fa5ab82
0x3edc5048	0x3e99999a	0x3f000000	0x3faa3722	0xbb9f309e	0x3e3851ec	0x3f792ee1	0x3fa5aecc
0x3edc5d64	0x3e99999a	0x3f000000	0x3faa3722	0xbb9ebbbe	0x3e3851ec	0x3f7933d1	0x3fa5b214
0x3edc6a7f	0x3e99999a	0x3f000000	0x3faa3722	0xbb9e4713	0x3e3851ec	0x3f7938bf	0x3fa5b55b
0x3edc779a	0x3e99999a	0x3f000000	0x3faa3722	0xbb9dd292	0x3e3851ec	0x3f793dab	0x3fa5b8a1
0x3edc84b6	0x3e99999a	0x3f000000	0x3faa3722	0xbb9d5e34	0x3e3851ec	0x3f794296	0x3fa5bbe6
0x3edc91d1	0x3e99999a	0x3f000000	0x3faa3722	0xbb9cea09	0x3e3851ec	0x3f79477f	0x3fa5bf2a
0x3edc9eed	0x3e99999a	0x3f000000	0x3faa3722	0xbb9c7600	0x3e3851ec	0x3f794c67	0x3fa5c26d
0x3edcac08	0x3e99999a	0x3f000000	0x3faa3722	0xbb9c022b	0x3e3851ec	0x3f79514c	0x3fa5c5ae
0x3edcb924	0x3e99999a	0x3f000000	0x3faa3722	0xbb9b8e79	0x3e3851ec	0x3f795630	0x3fa5c8ef
0x3edcc63f	0x3e99999a	0x3f000000	0x3faa3722	0xbb9b1afa	0x3e3851ec	0x3f795b12	0x3fa5cc2e
0x3edcd35b	0x3e99999a	0x3f000000	0x3faa3722	0xbb9aa79d	0x3e3851ec	0x3f795ff2	0x3fa5cf6b
0x3edce076	0x3e99999a	0x3f000000	0x3faa3722	0xbb9a3474	0x3e3851ec	0x3f7964d1	0x3fa5d2a9
0x3edced91	0x3e99999a	0x3f000000	0x3faa3722	0xbb99c176	0x3e3851ec	0x3f7969ae	0x3fa5d5e4
0x3edcfaad	0x3e99999a	0x3f000000	0x3faa3722	0xbb994e9a	0x3e3851ec	0x3f796e89	0x3fa5d91f
0x3edd07c8	0x3e99999a	0x3f000000	0x3faa3722	0xbb98dbf2	0x3e3851ec	0x3f797362	0x3fa5dc58
0x3edd14e4	0x3e99999a	0x3f000000	0x3faa3722	0xbb98696c	0x3e3851ec	0x3f79783a	0x3fa5df90
0x3edd21ff	0x3e99999a	0x3f000000	0x3faa3722	0xbb97f719	0x3e3851ec	0x3f797d10	0x3fa5e2c8
0x3edd2f1b	0x3e99999a	0x3f000000	0x3faa3722	0xbb9784e9	0x3e3851ec	0x3f7981e5	0x3fa5e5fe
0x3edd3c36	0x3e99999a	0x3f000000	0x3faa3722	0xbb9712ed	0x3e3851ec	0x3f7986b7	0x3fa5e933
0x3edd4952	0x3e99999a	0x3f000000	0x3faa3722	0xbb96a112	0x3e3851ec	0x3f798b88	0x3fa5ec66
0x3edd566d	0x3e99999a	0x3f000000	0x3faa3722	0xbb962f6c	0x3e3851ec	0x3f799057	0x3fa5ef99
0x3edd6388	0x3e99999a	0x3f000000	0x3faa3722	0xbb95bdf0	0x3e3851ec	0x3f799525	0x3fa5f2cb
0x3edd70a4	0x3e99999a	0x3f000000	0x3faa3722	0xbb954c97	0x3e3851ec	0x3f7999f1	0x3fa5f5fb
0x3edd7dbf	0x3e99999a	0x3f000000	0x3faa3722	0xbb94db71	0x3e3851ec	0x3f799eba	0x3fa5f92a
0x3edd8adb	0x3e99999a	0x3f000000	0x3faa3722	0xbb946a6e	0x3e3851ec	0x3f79a383	0x3fa5fc58
0x3edd97f6	0x3e99999a	0x3f000000	0x3faa3722	0xbb93f99e	0x3e3851ec	0x3f79a849	0x3fa5ff85
0x3edda512	0x3e99999a	0x3f000000	0x3faa3722	0xbb9388f1	0x3e3851ec	0x3f79ad0e	0x3fa602b1
0x3eddb22d	0x3e99999a	0x3f000000	0x3faa3722	0xbb931877	0x3e3851ec	0x3f79b1d1	0x3fa605db
0x3eddbf48	0x3e99999a	0x3f000000	0x3faa3722	0xbb92a828	0x3e3851ec	0x3f79b692	0x3fa60904
0x3eddcc64	0x3e99999a	0x3f000000	0x3faa3722	0xbb9237fb	0x3e3851ec	0x3f79bb52	0x3fa60c2d
0x3eddd97f	0x3e99999a	0x3f000000	0x3faa3722	0xbb91c802	0x3e3851ec	0x3f79c010	0x3fa60f54
0x3edde69b	0x3e99999a	0x3f000000	0x3faa3722	0xbb91582b	0x3e3851ec	0x3f79c4cc	0x3fa6127a
0x3eddf3b6	0x3e99999a	0x3f000000	0x3faa3722	0xbb90e888	0x3e3851ec	0x3f79c986	0x3fa6159e
0x3ede00d2	0x3e99999a	0x3f000000	0x3faa3722	0xbb907907	0x3e3851ec	0x3f79ce3f	0x3fa618c2
0x3ede0ded	0x3e99999a	0x3f000000	0x3faa3722	0xbb9009ba	0x3e3851ec	0x3f79d2f6	0x3fa61be5
0x3ede1b09	0x3e99999a	0x3f000000	0x3faa3722	0xbb8f9a8f	0x3e3851ec	0x3f79d7ac	0x3fa61f07
0x3ede2824	0x3e99999a	0x3f000000	0x3faa3722	0xbb8f2b97	0x3e3851ec	0x3f79dc5f	0x3fa62227
0x3ede353f	0x3e99999a	0x3f000000	0x3faa3722	0xbb8ebccb	0x3e3851ec	0x3f79e111	0x3fa62546
0x3ede425b	0x3e99999a	0x3f000000	0x3faa3722	0xbb8e4e21	0x3e3851ec	0x3f79e5c1	0x3fa62864
0x3ede4f76	0x3e99999a	0x3f000000	0x3faa3722	0xbb8ddfaa	0x3e3851ec	0x3f79ea6f	0x3fa62b80
0x3ede5c92	0x3e99999a	0x3f000000	0x3faa3722	0xbb8d7156	0x3e3851ec	0x3f79ef1c	0x3fa62e9c
0x3ede69ad	0x3e99999a	0x3f000000	0x3faa3722	0xbb8d0335	0x3e3851ec	0x3f79f3c6	0x3fa631b6
0x3ede76c9	0x3e99999a	0x3f000000	0x3faa3722	0xbb8c9537	0x3e3851ec	0x3f79f870	0x3fa634d0
0x3ede83e4	0x3e99999a	0x3f000000	0x3faa3722	0xbb8c276c	0x3e3851ec	0x3f79fd17	0x3fa637e8
0x3ede9100	0x3e99999a	0x3f000000	0x3faa3722	0xbb8bb9c4	0x3e3851ec	0x3f7a01bd	0x3fa63aff
0x3ede9e1b	0x3e99999a	0x3f000000	0x3faa3722	0xbb8b4c4f	0x3e3851ec	0x3f7a0661	0x3fa63e15
0x3edeab36	0x3e99999a	0x3f000000	0x3faa3722	0xbb8adf05	0x3e3851ec	0x3f7a0b03	0x3fa6412a
0x3edeb852	0x3e99999a	0x3f000000	0x3faa3722	0xbb8a71de	0x3e3851ec	0x3f7a0fa3	0x3fa6443d
0x3edec56d	0x3e99999a	0x3f000000	0x3faa3722	0xbb8a04ea	0x3e3851ec	0x3f7a1442	0x3fa6474f
0x3eded289	0x3e99999a	0x3f000000	0x3faa3722	0xbb899818	0x3e3851ec	0x3f7a18df	0x3fa64a61
0x3ededfa4	0x3e99999a	0x3f000000	0x3faa3722	0xbb892b7a	0x3e3851ec	0x3f7a1d7a	0x3fa64d71
0x3edeecc0	0x3e99999a	0x3f000000	0x3faa3722	0xbb88befe	0x3e3851ec	0x3f7a2214	0x3fa65080
0x3edef9db	0x3e99999a	0x3f000000	0x3faa3722	0xbb8852b6	0x3e3851ec	0x3f7a26ab	0x3fa6538d
0x3edf06f7	0x3e99999a	0x3f000000	0x3faa3722	0xbb87e690	0x3e3851ec	0x3f7a2b42	0x3fa6569a
0x3edf1412	0x3e99999a	0x3f000000	0x3faa3722	0xbb877a9e	0x3e3851ec	0x3f7a2fd6	0x3fa659a6
0x3edf212d	0x3e99999a	0x3f000000	0x3faa3722	0xbb870ed6	0x3e3851ec	0x3f7a3468	0x3fa65cb0
0x3edf2e49	0x3e99999a	0x3f000000	0x3faa3722	0xbb86a332	0x3e3851ec	0x3f7a38f9	0x3fa65fb9
0x3edf3b64	0x3e99999a	0x3f000000	0x3faa3722	0xbb8637c0	0x3e3851ec	0x3f7a3d88	0x3fa662c1
0x3edf4880	0x3e99999a	0x3f000000	0x3faa3722	0xbb85cc71	0x3e3851ec	0x3f7a4216	0x3fa665c8
0x3edf559b	0x3e99999a	0x3f000000	0x3faa3722	0xbb856155	0x3e3851ec	0x3f7a46a1	0x3fa668cd
0x3edf62b7	0x3e99999a	0x3f000000	0x3faa3722	0xbb84f65c	0x3e3851ec	0x3f7a4b2b	0x3fa66bd2
0x3edf6fd2	0x3e99999a	0x3f000000	0x3faa3722	0xbb848b96	0x3e3851ec	0x3f7a4fb3	0x3fa66ed5
0x3edf7cee	0x3e99999a	0x3f000000	0x3faa3722	0xbb8420f3	0x3e3851ec	0x3f7a543a	0x3fa671d8
0x3edf8a09	0x3e99999a	0x3f000000	0x3faa3722	0xbb83b683	0x3e3851ec	0x3f7a58be	0x3fa674d8
0x3edf9724	0x3e99999a	0x3f000000	0x3faa3722	0xbb834c3e	0x3e3851ec	0x3f7a5d41	0x3fa677d8
0x3edfa440	0x3e99999a	0x3f000000	0x3faa3722	0xbb82e21c	0x3e3851ec	0x3f7a61c2	0x3fa67ad7
0x3edfb15b	0x3e99999a	0x3f000000	0x3faa3722	0xbb82782d	0x3e3851ec	0x3f7a6641	0x3fa67dd4
0x3edfbe77	0x3e99999a	0x3f000000	0x3faa3722	0xbb820e61	0x3e3851ec	0x3f7a6abf	0x3fa680d1
0x3edfcb92	0x3e99999a	0x3f000000	0x3faa3722	0xbb81a4c8	0x3e3851ec	0x3f7a6f3b	0x3fa683cc
0x3edfd8ae	0x3e99999a	0x3f000000	0x3faa3722	0xbb813b51	0x3e3851ec	0x3f7a73b5	0x3fa686c6
0x3edfe5c9	0x3e99999a	0x3f000000	0x3faa3722	0xbb80d20e	0x3e3851ec	0x3f7a782e	0x3fa689c0
0x3edff2e5	0x3e99999a	0x3f000000	0x3faa3722	0xbb8068ed	0x3e3851ec	0x3f7a7ca5	0x3fa68cb8
0x3ee00000	0x3e99999a	0x3f000000	0x3faa3722	0xbb800000	0x3e3851ec	0x3f7a8119	0x3fa68fae
0x3ee00d1b	0x3e99999a	0x3f000000	0x3faa3722	0xbb7f2e7b	0x3e3851ec	0x3f7a858c	0x3fa692a3
0x3ee01a37	0x3e99999a	0x3f000000	0x3faa3722	0xbb7e5d3c	0x3e3851ec	0x3f7a89fe	0x3fa69598
0x3ee02752	0x3e99999a	0x3f000000	0x3faa3722	0xbb7d8c63	0x3e3851ec	0x3f7a8e6e	0x3fa6988b
0x3ee0346e	0x3e99999a	0x3f000000	0x3faa3722	0xbb7cbbcf	0x3e3851ec	0x3f7a92dc	0x3fa69b7d
0x3ee04189	0x3e99999a	0x3f000000	0x3faa3722	0xbb7beba2	0x3e3851ec	0x3f7a9748	0x3fa69e6e
0x3ee04ea5	0x3e99999a	0x3f000000	0x3faa3722	0xbb7b1bba	0x3e3851ec	0x3f7a9bb2	0x3fa6a15d
0x3ee05bc0	0x3e99999a	0x3f000000	0x3faa3722	0xbb7a4c39	0x3e3851ec	0x3f7aa01b	0x3fa6a44c
0x3ee068dc	0x3e99999a	0x3f000000	0x3faa3722	0xbb797cfd	0x3e3851ec	0x3f7aa482	0x3fa6a739
0x3ee075f7	0x3e99999a	0x3f000000	0x3faa3722	0xbb78ae27	0x3e3851ec	0x3f7aa8e7	0x3fa6aa25
0x3ee08312	0x3e99999a	0x3f000000	0x3faa3722	0xbb77dfa7	0x3e3851ec	0x3f7aad4b	0x3fa6ad10
0x3ee0902e	0x3e99999a	0x3f000000	0x3faa3722	0xbb77116d	0x3e3851ec	0x3f7ab1ad	0x3fa6affa
0x3ee09d49	0x3e99999a	0x3f000000	0x3faa3722	0xbb764399	0x3e3851ec	0x3f7ab60c	0x3fa6b2e2
0x3ee0aa65	0x3e99999a	0x3f000000	0x3faa3722	0xbb75760b	0x3e3851ec	0x3f7aba6b	0x3fa6b5ca
0x3ee0b780	0x3e99999a	0x3f000000	0x3faa3722	0xbb74a8e2	0x3e3851ec	0x3f7abec7	0x3fa6b8b0
0x3ee0c49c	0x3e99999a	0x3f000000	0x3faa3722	0xbb73dc00	0x3e3851ec	0x3f7ac322	0x3fa6bb96
0x3ee0d1b7	0x3e99999a	0x3f000000	0x3faa3722	0xbb730f83	0x3e3851ec	0x3f7ac77b	0x3fa6be7a
0x3ee0ded3	0x3e99999a	0x3f000000	0x3faa3722	0xbb72434d	0x3e3851ec	0x3f7acbd2	0x3fa6c15d
0x3ee0ebee	0x3e99999a	0x3f000000	0x3faa3722	0xbb71777c	0x3e3851ec	0x3f7ad028	0x3fa6c43f
0x3ee0f909	0x3e99999a	0x3f000000	0x3faa3722	0xbb70ac01	0x3e3851ec	0x3f7ad47b	0x3fa6c71f
0x3ee10625	0x3e99999a	0x3f000000	0x3faa3722	0xbb6fe0cc	0x3e3851ec	0x3f7ad8cd	0x3fa6c9fe
0x3ee11340	0x3e99999a	0x3f000000	0x3faa3722	0xbb6f15fd	0x3e3851ec	0x3f7add1d	0x3fa6ccdc
0x3ee1205c	0x3e99999a	0x3f000000	0x3faa3722	0xbb6e4b74	0x3e3851ec	0x3f7ae16c	0x3fa6cfb9
0x3ee12d77	0x3e99999a	0x3f000000	0x3faa3722	0xbb6d8150	0x3e3851ec	0x3f7ae5b9	0x3fa6d296
0x3ee13a93	0x3e99999a	0x3f000000	0x3faa3722	0xbb6cb773	0x3e3851ec	0x3f7aea04	0x3fa6d570
0x3ee147ae	0x3e99999a	0x3f000000	0x3faa3722	0xbb6bedfb	0x3e3851ec	0x3f7aee4d	0x3fa6d84a
0x3ee154ca	0x3e99999a	0x3f000000	0x3faa3722	0xbb6b24ca	0x3e3851ec	0x3f7af295	0x3fa6db22
0x3ee161e5	0x3e99999a	0x3f000000	0x3faa3722	0xbb6a5bfe	0x3e3851ec	0x3f7af6da	0x3fa6ddf9
0x3ee16f00	0x3e99999a	0x3f000000	0x3faa3722	0xbb699388	0x3e3851ec	0x3f7afb1e	0x3fa6e0cf
0x3ee17c1c	0x3e99999a	0x3f000000	0x3faa3722	0xbb68cb59	0x3e3851ec	0x3f7aff60	0x3fa6e3a4
0x3ee18937	0x3e99999a	0x3f000000	0x3faa3722	0xbb68038e	0x3e3851ec	0x3f7b03a1	0x3fa6e678
0x3ee19653	0x3e99999a	0x3f000000	0x3faa3722	0xbb673c0b	0x3e3851ec	0x3f7b07df	0x3fa6e94a
0x3ee1a36e	0x3e99999a	0x3f000000	0x3faa3722	0xbb6674ec	0x3e3851ec	0x3f7b0c1c	0x3fa6ec1c
0x3ee1b08a	0x3e99999a	0x3f000000	0x3faa3722	0xbb65ae15	0x3e3851ec	0x3f7b1058	0x3fa6eeec
0x3ee1bda5	0x3e99999a	0x3f000000	0x3faa3722	0xbb64e7a2	0x3e3851ec	0x3f7b1491	0x3fa6f1bb
0x3ee1cac1	0x3e99999a	0x3f000000	0x3faa3722	0xbb642176	0x3e3851ec	0x3f7b18c9	0x3fa6f489
0x3ee1d7dc	0x3e99999a	0x3f000000	0x3faa3722	0xbb635baf	0x3e3851ec	0x3f7b1cfe	0x3fa6f755
0x3ee1e4f7	0x3e99999a	0x3f000000	0x3faa3722	0xbb62963e	0x3e3851ec	0x3f7b2132	0x3fa6fa21
0x3ee1f213	0x3e99999a	0x3f000000	0x3faa3722	0xbb61d113	0x3e3851ec	0x3f7b2565	0x3fa6fceb
0x3ee1ff2e	0x3e99999a	0x3f000000	0x3faa3722	0xbb610c4e	0x3e3851ec	0x3f7b2995	0x3fa6ffb4
0x3ee20c4a	0x3e99999a	0x3f000000	0x3faa3722	0xbb6047d0	0x3e3851ec	0x3f7b2dc4	0x3fa7027c
0x3ee21965	0x3e99999a	0x3f000000	0x3faa3722	0xbb5f83b6	0x3e3851ec	0x3f7b31f1	0x3fa70543
0x3ee22681	0x3e99999a	0x3f000000	0x3faa3722	0xbb5ebfe4	0x3e3851ec	0x3f7b361d	0x3fa70809
0x3ee2339c	0x3e99999a	0x3f000000	0x3faa3722	0xbb5dfc76	0x3e3851ec	0x3f7b3a46	0x3fa70acd
0x3ee240b8	0x3e99999a	0x3f000000	0x3faa3722	0xbb5d394f	0x3e3851ec	0x3f7b3e6e	0x3fa70d91
0x3ee24dd3	0x3e99999a	0x3f000000	0x3faa3722	0xbb5c768d	0x3e3851ec	0x3f7b4294	0x3fa71053
0x3ee25aee	0x3e99999a	0x3f000000	0x3faa3722	0xbb5bb421	0x3e3851ec	0x3f7b46b8	0x3fa71314
0x3ee2680a	0x3e99999a	0x3f000000	0x3faa3722	0xbb5af1fc	0x3e3851ec	0x3f7b4adb	0x3fa715d4
0x3ee27525	0x3e99999a	0x3f000000	0x3faa3722	0xbb5a303c	0x3e3851ec	0x3f7b4efc	0x3fa71893
0x3ee28241	0x3e99999a	0x3f000000	0x3faa3722	0xbb596ec3	0x3e3851ec	0x3f7b531b	0x3fa71b50
0x3ee28f5c	0x3e99999a	0x3f000000	0x3faa3722	0xbb58adae	0x3e3851ec	0x3f7b5738	0x3fa71e0c
0x3ee29c78	0x3e99999a	0x3f000000	0x3faa3722	0xbb57ece1	0x3e3851ec	0x3f7b5b54	0x3fa720c8
0x3ee2a993	0x3e99999a	0x3f000000	0x3faa3722	0xbb572c78	0x3e3851ec	0x3f7b5f6d	0x3fa72381
0x3ee2b6ae	0x3e99999a	0x3f000000	0x3faa3722	0xbb566c65	0x3e3851ec	0x3f7b6385	0x3fa7263a
0x3ee2c3ca	0x3e99999a	0x3f000000	0x3faa3722	0xbb55ac99	0x3e3851ec	0x3f7b679c	0x3fa728f2
0x3ee2d0e5	0x3e99999a	0x3f000000	0x3faa3722	0xbb54ed32	0x3e3851ec	0x3f7b6bb0	0x3fa72ba8
0x3ee2de01	0x3e99999a	0x3f000000	0x3faa3722	0xbb542e12	0x3e3851ec	0x3f7b6fc3	0x3fa72e5e
0x3ee2eb1c	0x3e99999a	0x3f000000	0x3faa3722	0xbb536f57	0x3e3851ec	0x3f7b73d3	0x3fa73111
0x3ee2f838	0x3e99999a	0x3f000000	0x3faa3722	0xbb52b0e3	0x3e3851ec	0x3f7b77e3	0x3fa733c5
0x3ee30553	0x3e99999a	0x3f000000	0x3faa3722	0xbb51f2d4	0x3e3851ec	0x3f7b7bf0	0x3fa73676
0x3ee3126f	0x3e99999a	0x3f000000	0x3faa3722	0xbb51350b	0x3e3851ec	0x3f7b7ffc	0x3fa73927
0x3ee31f8a	0x3e99999a	0x3f000000	0x3faa3722	0xbb5077a8	0x3e3851ec	0x3f7b8405	0x3fa73bd6
0x3ee32ca5	0x3e99999a	0x3f000000	0x3faa3722	0xbb4fba9a	0x3e3851ec	0x3f7b880d	0x3fa73e84
0x3ee339c1	0x3e99999a	0x3f000000	0x3faa3722	0xbb4efdd3	0x3e3851ec	0x3f7b8c14	0x3fa74132
0x3ee346dc	0x3e99999a	0x3f000000	0x3faa3722	0xbb4e4171	0x3e3851ec	0x3f7b9018	0x3fa743dd
0x3ee353f8	0x3e99999a	0x3f000000	0x3faa3722	0xbb4d8557	0x3e3851ec	0x3f7b941b	0x3fa74688
0x3ee36113	0x3e99999a	0x3f000000	0x3faa3722	0xbb4cc9a0	0x3e3851ec	0x3f7b981c	0x3fa74932
0x3ee36e2f	0x3e99999a	0x3f000000	0x3faa3722	0xbb4c0e32	0x3e3851ec	0x3f7b9c1b	0x3fa74bda
0x3ee37b4a	0x3e99999a	0x3f000000	0x3faa3722	0xbb4b5327	0x3e3851ec	0x3f7ba019	0x3fa74e81
0x3ee38866	0x3e99999a	0x3f000000	0x3faa3722	0xbb4a9864	0x3e3851ec	0x3f7ba415	0x3fa75128
0x3ee39581	0x3e99999a	0x3f000000	0x3faa3722	0xbb49de05	0x3e3851ec	0x3f7ba80e	0x3fa753cc
0x3ee3a29c	0x3e99999a	0x3f000000	0x3faa3722	0xbb4923fc	0x3e3851ec	0x3f7bac06	0x3fa7566f
0x3ee3afb8	0x3e99999a	0x3f000000	0x3faa3722	0xbb486a3b	0x3e3851ec	0x3f7baffd	0x3fa75912
0x3ee3bcd3	0x3e99999a	0x3f000000	0x3faa3722	0xbb47b0de	0x3e3851ec	0x3f7bb3f1	0x3fa75bb3
0x3ee3c9ef	0x3e99999a	0x3f000000	0x3faa3722	0xbb46f7c9	0x3e3851ec	0x3f7bb7e5	0x3fa75e54
0x3ee3d70a	0x3e99999a	0x3f000000	0x3faa3722	0xbb463f17	0x3e3851ec	0x3f7bbbd5	0x3fa760f2
0x3ee3e426	0x3e99999a	0x3f000000	0x3faa3722	0xbb4586ae	0x3e3851ec	0x3f7bbfc5	0x3fa76390
0x3ee3f141	0x3e99999a	0x3f000000	0x3faa3722	0xbb44cea8	0x3e3851ec	0x3f7bc3b2	0x3fa7662d
0x3ee3fe5d	0x3e99999a	0x3f000000	0x3faa3722	0xbb4416eb	0x3e3851ec	0x3f7bc79e	0x3fa768c8
0x3ee40b78	0x3e99999a	0x3f000000	0x3faa3722	0xbb435f91	0x3e3851ec	0x3f7bcb88	0x3fa76b62
0x3ee41893	0x3e99999a	0x3f000000	0x3faa3722	0xbb42a88d	0x3e3851ec	0x3f7bcf70	0x3fa76dfb
0x3ee425af	0x3e99999a	0x3f000000	0x3faa3722	0xbb41f1d1	0x3e3851ec	0x3f7bd357	0x3fa77094
0x3ee432ca	0x3e99999a	0x3f000000	0x3faa3722	0xbb413b79	0x3e3851ec	0x3f7bd73b	0x3fa7732a
0x3ee43fe6	0x3e99999a	0x3f000000	0x3faa3722	0xbb408569	0x3e3851ec	0x3f7bdb1e	0x3fa775bf
0x3ee44d01	0x3e99999a	0x3f000000	0x3faa3722	0xbb3fcfbc	0x3e3851ec	0x3f7bdeff	0x3fa77854
0x3ee45a1d	0x3e99999a	0x3f000000	0x3faa3722	0xbb3f1a58	0x3e3851ec	0x3f7be2df	0x3fa77ae7
0x3ee46738	0x3e99999a	0x3f000000	0x3faa3722	0xbb3e6558	0x3e3851ec	0x3f7be6bc	0x3fa77d79
0x3ee47454	0x3e99999a	0x3f000000	0x3faa3722	0xbb3db09f	0x3e3851ec	0x3f7bea98	0x3fa7800a
0x3ee4816f	0x3e99999a	0x3f000000	0x3faa3722	0xbb3cfc4a	0x3e3851ec	0x3f7bee72	0x3fa78299
0x3ee48e8a	0x3e99999a	0x3f000000	0x3faa3722	0xbb3c484b	0x3e3851ec	0x3f7bf24a	0x3fa78528
0x3ee49ba6	0x3e99999a	0x3f000000	0x3faa3722	0xbb3b9495	0x3e3851ec	0x3f7bf621	0x3fa787b5
0x3ee4a8c1	0x3e99999a	0x3f000000	0x3faa3722	0xbb3ae141	0x3e3851ec	0x3f7bf9f6	0x3fa78a42
0x3ee4b5dd	0x3e99999a	0x3f000000	0x3faa3722	0xbb3a2e37	0x3e3851ec	0x3f7bfdc9	0x3fa78ccc
0x3ee4c2f8	0x3e99999a	0x3f000000	0x3faa3722	0xbb397b8f	0x3e3851ec	0x3f7c019a	0x3fa78f56
0x3ee4d014	0x3e99999a	0x3f000000	0x3faa3722	0xbb38c930	0x3e3851ec	0x3f7c0569	0x3fa791de
0x3ee4dd2f	0x3e99999a	0x3f000000	0x3faa3722	0xbb381735	0x3e3851ec	0x3f7c0937	0x3fa79466
0x3ee4ea4b	0x3e99999a	0x3f000000	0x3faa3722	0xbb376581	0x3e3851ec	0x3f7c0d03	0x3fa796ec
0x3ee4f766	0x3e99999a	0x3f000000	0x3faa3722	0xbb36b431	0x3e3851ec	0x3f7c10cc	0x3fa79971
0x3ee50481	0x3e99999a	0x3f000000	0x3faa3722	0xbb360338	0x3e3851ec	0x3f7c1495	0x3fa79bf5
0x3ee5119d	0x3e99999a	0x3f000000	0x3faa3722	0xbb355286	0x3e3851ec	0x3f7c185b	0x3fa79e77
0x3ee51eb8	0x3e99999a	0x3f000000	0x3faa3722	0xbb34a238	0x3e3851ec	0x3f7c1c20	0x3fa7a0f9
0x3ee52bd4	0x3e99999a	0x3f000000	0x3faa3722	0xbb33f232	0x3e3851ec	0x3f7c1fe3	0x3fa7a379
0x3ee538ef	0x3e99999a	0x3f000000	0x3faa3722	0xbb334290	0x3e3851ec	0x3f7c23a4	0x3fa7a5f8
0x3ee5460b	0x3e99999a	0x3f000000	0x3faa3722	0xbb329336	0x3e3851ec	0x3f7c2763	0x3fa7a876
0x3ee55326	0x3e99999a	0x3f000000	0x3faa3722	0xbb31e43f	0x3e3851ec	0x3f7c2b21	0x3fa7aaf3
0x3ee56042	0x3e99999a	0x3f000000	0x3faa3722	0xbb313591	0x3e3851ec	0x3f7c2edd	0x3fa7ad6e
0x3ee56d5d	0x3e99999a	0x3f000000	0x3faa3722	0xbb308747	0x3e3851ec	0x3f7c3297	0x3fa7afe9
0x3ee57a78	0x3e99999a	0x3f000000	0x3faa3722	0xbb2fd952	0x3e3851ec	0x3f7c364f	0x3fa7b262
0x3ee58794	0x3e99999a	0x3f000000	0x3faa3722	0xbb2f2ba5	0x3e3851ec	0x3f7c3a05	0x3fa7b4d9
0x3ee594af	0x3e99999a	0x3f000000	0x3faa3722	0xbb2e7e5c	0x3e3851ec	0x3f7c3dba	0x3fa7b750
0x3ee5a1cb	0x3e99999a	0x3f000000	0x3faa3722	0xbb2dd15c	0x3e3851ec	0x3f7c416d	0x3fa7b9c6
0x3ee5aee6	0x3e99999a	0x3f000000	0x3faa3722	0xbb2d24be	0x3e3851ec	0x3f7c451e	0x3fa7bc3a
0x3ee5bc02	0x3e99999a	0x3f000000	0x3faa3722	0xbb2c786a	0x3e3851ec	0x3f7c48cd	0x3fa7bead
0x3ee5c91d	0x3e99999a	0x3f000000	0x3faa3722	0xbb2bcc78	0x3e3851ec	0x3f7c4c7b	0x3fa7c120
0x3ee5d639	0x3e99999a	0x3f000000	0x3faa3722	0xbb2b20cf	0x3e3851ec	0x3f7c5027	0x3fa7c391
0x3ee5e354	0x3e99999a	0x3f000000	0x3faa3722	0xbb2a758a	0x3e3851ec	0x3f7c53d0	0x3fa7c600
0x3ee5f06f	0x3e99999a	0x3f000000	0x3faa3722	0xbb29ca9a	0x3e3851ec	0x3f7c5778	0x3fa7c86e
0x3ee5fd8b	0x3e99999a	0x3f000000	0x3faa3722	0xbb291ff3	0x3e3851ec	0x3f7c5b1f	0x3fa7cadc
0x3ee60aa6	0x3e99999a	0x3f000000	0x3faa3722	0xbb2875ae	0x3e3851ec	0x3f7c5ec4	0x3fa7cd48
0x3ee617c2	0x3e99999a	0x3f000000	0x3faa3722	0xbb27cbb3	0x3e3851ec	0x3f7c6266	0x3fa7cfb2
0x3ee624dd	0x3e99999a	0x3f000000	0x3faa3722	0xbb27221b	0x3e3851ec	0x3f7c6607	0x3fa7d21c
0x3ee631f9	0x3e99999a	0x3f000000	0x3faa3722	0xbb2678cb	0x3e3851ec	0x3f7c69a7	0x3fa7d485
0x3ee63f14	0x3e99999a	0x3f000000	0x3faa3722	0xbb25cfdf	0x3e3851ec	0x3f7c6d44	0x3fa7d6ec
0x3ee64c30	0x3e99999a	0x3f000000	0x3faa3722	0xbb25273b	0x3e3851ec	0x3f7c70e0	0x3fa7d953
0x3ee6594b	0x3e99999a	0x3f000000	0x3faa3722	0xbb247efa	0x3e3851ec	0x3f7c747a	0x3fa7dbb8
0x3ee66666	0x3e99999a	0x3f000000	0x3faa3722	0xbb23d70f	0x3e3851ec	0x3f7c7812	0x3fa7de1b
0x3ee67382	0x3e99999a	0x3f000000	0x3faa3722	0xbb232f6e	0x3e3851ec	0x3f7c7ba8	0x3fa7e07e
0x3ee6809d	0x3e99999a	0x3f000000	0x3faa3722	0xbb22882e	0x3e3851ec	0x3f7c7f3d	0x3fa7e2df
0x3ee68db9	0x3e99999a	0x3f000000	0x3faa3722	0xbb21e138	0x3e3851ec	0x3f7c82cf	0x3fa7e53f
0x3ee69ad4	0x3e99999a	0x3f000000	0x3faa3722	0xbb213aa5	0x3e3851ec	0x3f7c8660	0x3fa7e79e
0x3ee6a7f0	0x3e99999a	0x3f000000	0x3faa3722	0xbb20945b	0x3e3851ec	0x3f7c89f0	0x3fa7e9fd
0x3ee6b50b	0x3e99999a	0x3f000000	0x3faa3722	0xbb1fee73	0x3e3851ec	0x3f7c8d7d	0x3fa7ec59
0x3ee6c227	0x3e99999a	0x3f000000	0x3faa3722	0xbb1f48d5	0x3e3851ec	0x3f7c9109	0x3fa7eeb5
0x3ee6cf42	0x3e99999a	0x3f000000	0x3faa3722	0xbb1ea399	0x3e3851ec	0x3f7c9492	0x3fa7f10e
0x3ee6dc5d	0x3e99999a	0x3f000000	0x3faa3722	0xbb1dfeb3	0x3e3851ec	0x3f7c981a	0x3fa7f367
0x3ee6e979	0x3e99999a	0x3f000000	0x3faa3722	0xbb1d5a16	0x3e3851ec	0x3f7c9ba1	0x3fa7f5c0
0x3ee6f694	0x3e99999a	0x3f000000	0x3faa3722	0xbb1cb5dc	0x3e3851ec	0x3f7c9f25	0x3fa7f816
0x3ee703b0	0x3e99999a	0x3f000000	0x3faa3722	0xbb1c11eb	0x3e3851ec	0x3f7ca2a8	0x3fa7fa6c
0x3ee710cb	0x3e99999a	0x3f000000	0x3faa3722	0xbb1b6e5d	0x3e3851ec	0x3f7ca628	0x3fa7fcc0
0x3ee71de7	0x3e99999a	0x3f000000	0x3faa3722	0xbb1acb18	0x3e3851ec	0x3f7ca9a8	0x3fa7ff14
0x3ee72b02	0x3e99999a	0x3f000000	0x3faa3722	0xbb1a2835	0x3e3851ec	0x3f7cad25	0x3fa80165
0x3ee7381d	0x3e99999a	0x3f000000	0x3faa3722	0xbb1985a9	0x3e3851ec	0x3f7cb0a0	0x3fa803b6
0x3ee74539	0x3e99999a	0x3f000000	0x3faa3722	0xbb18e365	0x3e3851ec	0x3f7cb41a	0x3fa80606
0x3ee75254	0x3e99999a	0x3f000000	0x3faa3722	0xbb184184	0x3e3851ec	0x3f7cb792	0x3fa80854
0x3ee75f70	0x3e99999a	0x3f000000	0x3faa3722	0xbb179fed	0x3e3851ec	0x3f7cbb08	0x3fa80aa1
0x3ee76c8b	0x3e99999a	0x3f000000	0x3faa3722	0xbb16feb8	0x3e3851ec	0x3f7cbe7c	0x3fa80ced
0x3ee779a7	0x3e99999a	0x3f000000	0x3faa3722	0xbb165dcc	0x3e3851ec	0x3f7cc1ef	0x3fa80f38
0x3ee786c2	0x3e99999a	0x3f000000	0x3faa3722	0xbb15bd43	0x3e3851ec	0x3f7cc55f	0x3fa81181
0x3ee793de	0x3e99999a	0x3f000000	0x3faa3722	0xbb151d03	0x3e3851ec	0x3f7cc8ce	0x3fa813ca
0x3ee7a0f9	0x3e99999a	0x3f000000	0x3faa3722	0xbb147d26	0x3e3851ec	0x3f7ccc3b	0x3fa81611
0x3ee7ae14	0x3e99999a	0x3f000000	0x3faa3722	0xbb13dd9e	0x3e3851ec	0x3f7ccfa7	0x3fa81857
0x3ee7bb30	0x3e99999a	0x3f000000	0x3faa3722	0xbb133e60	0x3e3851ec	0x3f7cd310	0x3fa81a9c
0x3ee7c84b	0x3e99999a	0x3f000000	0x3faa3722	0xbb129f84	0x3e3851ec	0x3f7cd678	0x3fa81cdf
0x3ee7d567	0x3e99999a	0x3f000000	0x3faa3722	0xbb1200f2	0x3e3851ec	0x3f7cd9de	0x3fa81f22
0x3ee7e282	0x3e99999a	0x3f000000	0x3faa3722	0xbb1162c1	0x3e3851ec	0x3f7cdd42	0x3fa82163
0x3ee7ef9e	0x3e99999a	0x3f000000	0x3faa3722	0xbb10c4db	0x3e3851ec	0x3f7ce0a5	0x3fa823a3
0x3ee7fcb9	0x3e99999a	0x3f000000	0x3faa3722	0xbb102757	0x3e3851ec	0x3f7ce405	0x3fa825e2
0x3ee809d5	0x3e99999a	0x3f000000	0x3faa3722	0xbb0f8a1c	0x3e3851ec	0x3f7ce764	0x3fa82820
0x3ee816f0	0x3e99999a	0x3f000000	0x3faa3722	0xbb0eed44	0x3e3851ec	0x3f7ceac1	0x3fa82a5c
0x3ee8240b	0x3e99999a	0x3f000000	0x3faa3722	0xbb0e50c1	0x3e3851ec	0x3f7cee1c	0x3fa82c97
0x3ee83127	0x3e99999a	0x3f000000	0x3faa3722	0xbb0db488	0x3e3851ec	0x3f7cf175	0x3fa82ed1
0x3ee83e42	0x3e99999a	0x3f000000	0x3faa3722	0xbb0d18b1	0x3e3851ec	0x3f7cf4cd	0x3fa8310a
0x3ee84b5e	0x3e99999a	0x3f000000	0x3faa3722	0xbb0c7d24	0x3e3851ec	0x3f7cf823	0x3fa83342
0x3ee85879	0x3e99999a	0x3f000000	0x3faa3722	0xbb0be1f9	0x3e3851ec	0x3f7cfb77	0x3fa83579
0x3ee86595	0x3e99999a	0x3f000000	0x3faa3722	0xbb0b4718	0x3e3851ec	0x3f7cfec9	0x3fa837ae
0x3ee872b0	0x3e99999a	0x3f000000	0x3faa3722	0xbb0aac98	0x3e3851ec	0x3f7d0219	0x3fa839e2
0x3ee87fcc	0x3e99999a	0x3f000000	0x3faa3722	0xbb0a1263	0x3e3851ec	0x3f7d0568	0x3fa83c15
0x3ee88ce7	0x3e99999a	0x3f000000	0x3faa3722	0xbb09788f	0x3e3851ec	0x3f7d08b5	0x3fa83e47
0x3ee89a02	0x3e99999a	0x3f000000	0x3faa3722	0xbb08df12	0x3e3851ec	0x3f7d0bff	0x3fa84077
0x3ee8a71e	0x3e99999a	0x3f000000	0x3faa3722	0xbb0845de	0x3e3851ec	0x3f7d0f49	0x3fa842a6
0x3ee8b439	0x3e99999a	0x3f000000	0x3faa3722	0xbb07ad0c	0x3e3851ec	0x3f7d1290	0x3fa844d4
0x3ee8c155	0x3e99999a	0x3f000000	0x3faa3722	0xbb071484	0x3e3851ec	0x3f7d15d6	0x3fa84701
0x3ee8ce70	0x3e99999a	0x3f000000	0x3faa3722	0xbb067c5e	0x3e3851ec	0x3f7d1919	0x3fa8492d
0x3ee8db8c	0x3e99999a	0x3f000000	0x3faa3722	0xbb05e482	0x3e3851ec	0x3f7d1c5c	0x3fa84b58
0x3ee8e8a7	0x3e99999a	0x3f000000	0x3faa3722	0xbb054d08	0x3e3851ec	0x3f7d1f9c	0x3fa84d81
0x3ee8f5c3	0x3e99999a	0x3f000000	0x3faa3722	0xbb04b5d8	0x3e3851ec	0x3f7d22da	0x3fa84fa9
0x3ee902de	0x3e99999a	0x3f000000	0x3faa3722	0xbb041f09	0x3e3851ec	0x3f7d2617	0x3fa851d0
0x3ee90ff9	0x3e99999a	0x3f000000	0x3faa3722	0xbb038890	0x3e3851ec	0x3f7d2951	0x3fa853f5
0x3ee91d15	0x3e99999a	0x3f000000	0x3faa3722	0xbb02f262	0x3e3851ec	0x3f7d2c8a	0x3fa8561a
0x3ee92a30	0x3e99999a	0x3f000000	0x3faa3722	0xbb025c95	0x3e3851ec	0x3f7d2fc1	0x3fa8583d
0x3ee9374c	0x3e99999a	0x3f000000	0x3faa3722	0xbb01c712	0x3e3851ec	0x3f7d32f7	0x3fa85a60
0x3ee94467	0x3e99999a	0x3f000000	0x3faa3722	0xbb0131f1	0x3e3851ec	0x3f7d362a	0x3fa85c80
0x3ee95183	0x3e99999a	0x3f000000	0x3faa3722	0xbb009d1b	0x3e3851ec	0x3f7d395c	0x3fa85ea0
0x3ee95e9e	0x3e99999a	0x3f000000	0x3faa3722	0xbb0008a5	0x3e3851ec	0x3f7d3c8c	0x3fa860bf
0x3ee96bba	0x3e99999a	0x3f000000	0x3faa3722	0xbafee8f5	0x3e3851ec	0x3f7d3fba	0x3fa862dc
0x3ee978d5	0x3e99999a	0x3f000000	0x3faa3722	0xbafdc161	0x3e3851ec	0x3f7d42e7	0x3fa864f8
0x3ee985f0	0x3e99999a	0x3f000000	0x3faa3722	0xbafc9a7a	0x3e3851ec	0x3f7d4611	0x3fa86713
0x3ee9930c	0x3e99999a	0x3f000000	0x3faa3722	0xbafb7427	0x3e3851ec	0x3f7d493a	0x3fa8692d
0x3ee9a027	0x3e99999a	0x3f000000	0x3faa3722	0xbafa4e97	0x3e3851ec	0x3f7d4c61	0x3fa86b45
0x3ee9ad43	0x3e99999a	0x3f000000	0x3faa3722	0xbaf9299d	0x3e3851ec	0x3f7d4f86	0x3fa86d5d
0x3ee9ba5e	0x3e99999a	0x3f000000	0x3faa3722	0xbaf80564	0x3e3851ec	0x3f7d52a9	0x3fa86f73
0x3ee9c77a	0x3e99999a	0x3f000000	0x3faa3722	0xbaf6e1c1	0x3e3851ec	0x3f7d55cb	0x3fa87188
0x3ee9d495	0x3e99999a	0x3f000000	0x3faa3722	0xbaf5bee1	0x3e3851ec	0x3f7d58eb	0x3fa8739c
0x3ee9e1b1	0x3e99999a	0x3f000000	0x3faa3722	0xbaf49c95	0x3e3851ec	0x3f7d5c09	0x3fa875ae
0x3ee9eecc	0x3e99999a	0x3f000000	0x3faa3722	0xbaf37b0c	0x3e3851ec	0x3f7d5f25	0x3fa877c0
0x3ee9fbe7	0x3e99999a	0x3f000000	0x3faa3722	0xbaf25a2e	0x3e3851ec	0x3f7d623f	0x3fa879d0
0x3eea0903	0x3e99999a	0x3f000000	0x3faa3722	0xbaf139e7	0x3e3851ec	0x3f7d6557	0x3fa87bde
0x3eea161e	0x3e99999a	0x3f000000	0x3faa3722	0xbaf01a61	0x3e3851ec	0x3f7d686e	0x3fa87dec
0x3eea233a	0x3e99999a	0x3f000000	0x3faa3722	0xbaeefb70	0x3e3851ec	0x3f7d6b83	0x3fa87ff9
0x3eea3055	0x3e99999a	0x3f000000	0x3faa3722	0xbaeddd42	0x3e3851ec	0x3f7d6e96	0x3fa88204
0x3eea3d71	0x3e99999a	0x3f000000	0x3faa3722	0xbaecbfaa	0x3e3851ec	0x3f7d71a7	0x3fa8840e
0x3eea4a8c	0x3e99999a	0x3f000000	0x3faa3722	0xbaeba2d3	0x3e3851ec	0x3f7d74b7	0x3fa88617
0x3eea57a8	0x3e99999a	0x3f000000	0x3faa3722	0xbaea8692	0x3e3851ec	0x3f7d77c4	0x3fa8881f
0x3eea64c3	0x3e99999a	0x3f000000	0x3faa3722	0xbae96b12	0x3e3851ec	0x3f7d7ad0	0x3fa88a25
0x3eea71de	0x3e99999a	0x3f000000	0x3faa3722	0xbae8503f	0x3e3851ec	0x3f7d7dda	0x3fa88c2a
0x3eea7efa	0x3e99999a	0x3f000000	0x3faa3722	0xbae73602	0x3e3851ec	0x3f7d80e2	0x3fa88e2e
0x3eea8c15	0x3e99999a	0x3f000000	0x3faa3722	0xbae61c85	0x3e3851ec	0x3f7d83e9	0x3fa89032
0x3eea9931	0x3e99999a	0x3f000000	0x3faa3722	0xbae503a0	0x3e3851ec	0x3f7d86ed	0x3fa89233
0x3eeaa64c	0x3e99999a	0x3f000000	0x3faa3722	0xbae3eb7b	0x3e3851ec	0x3f7d89f0	0x3fa89434
0x3eeab368	0x3e99999a	0x3f000000	0x3faa3722	0xbae2d3ed	0x3e3851ec	0x3f7d8cf1	0x3fa89633
0x3eeac083	0x3e99999a	0x3f000000	0x3faa3722	0xbae1bd20	0x3e3851ec	0x3f7d8ff0	0x3fa89831
0x3eeacd9f	0x3e99999a	0x3f000000	0x3faa3722	0xbae0a6ea	0x3e3851ec	0x3f7d92ee	0x3fa89a2e
0x3eeadaba	0x3e99999a	0x3f000000	0x3faa3722	0xbadf9175	0x3e3851ec	0x3f7d95e9	0x3fa89c2a
0x3eeae7d5	0x3e99999a	0x3f000000	0x3faa3722	0xbade7cab	0x3e3851ec	0x3f7d98e3	0x3fa89e24
0x3eeaf4f1	0x3e99999a	0x3f000000	0x3faa3722	0xbadd6878	0x3e3851ec	0x3f7d9bdb	0x3fa8a01e
0x3eeb020c	0x3e99999a	0x3f000000	0x3faa3722	0xbadc5506	0x3e3851ec	0x3f7d9ed1	0x3fa8a216
0x3eeb0f28	0x3e99999a	0x3f000000	0x3faa3722	0xbadb422b	0x3e3851ec	0x3f7da1c5	0x3fa8a40c
0x3eeb1c43	0x3e99999a	0x3f000000	0x3faa3722	0xbada3010	0x3e3851ec	0x3f7da4b8	0x3fa8a602
0x3eeb295f	0x3e99999a	0x3f000000	0x3faa3722	0xbad91e8d	0x3e3851ec	0x3f7da7a8	0x3fa8a7f6
0x3eeb367a	0x3e99999a	0x3f000000	0x3faa3722	0xbad80dca	0x3e3851ec	0x3f7daa97	0x3fa8a9ea
0x3eeb4396	0x3e99999a	0x3f000000	0x3faa3722	0xbad6fd9e	0x3e3851ec	0x3f7dad84	0x3fa8abdc
0x3eeb50b1	0x3e99999a	0x3f000000	0x3faa3722	0xbad5ee33	0x3e3851ec	0x3f7db06f	0x3fa8adcc
0x3eeb5dcc	0x3e99999a	0x3f000000	0x3faa3722	0xbad4df73	0x3e3851ec	0x3f7db359	0x3fa8afbc
0x3eeb6ae8	0x3e99999a	0x3f000000	0x3faa3722	0xbad3d14a	0x3e3851ec	0x3f7db640	0x3fa8b1aa
0x3eeb7803	0x3e99999a	0x3f000000	0x3faa3722	0xbad2c3e2	0x3e3851ec	0x3f7db926	0x3fa8b398
0x3eeb851f	0x3e99999a	0x3f000000	0x3faa3722	0xbad1b712	0x3e3851ec	0x3f7dbc0a	0x3fa8b584
0x3eeb923a	0x3e99999a	0x3f000000	0x3faa3722	0xbad0ab01	0x3e3851ec	0x3f7dbeec	0x3fa8b76e
0x3eeb9f56	0x3e99999a	0x3f000000	0x3faa3722	0xbacf9f88	0x3e3851ec	0x3f7dc1cd	0x3fa8b958
0x3eebac71	0x3e99999a	0x3f000000	0x3faa3722	0xbace94cf	0x3e3851ec	0x3f7dc4ab	0x3fa8bb41
0x3eebb98c	0x3e99999a	0x3f000000	0x3faa3722	0xbacd8ac2	0x3e3851ec	0x3f7dc788	0x3fa8bd28
0x3eebc6a8	0x3e99999a	0x3f000000	0x3faa3722	0xbacc814c	0x3e3851ec	0x3f7dca63	0x3fa8bf0e
0x3eebd3c3	0x3e99999a	0x3f000000	0x3faa3722	0xbacb7897	0x3e3851ec	0x3f7dcd3c	0x3fa8c0f3
0x3eebe0df	0x3e99999a	0x3f000000	0x3faa3722	0xbaca7079	0x3e3851ec	0x3f7dd013	0x3fa8c2d6
0x3eebedfa	0x3e99999a	0x3f000000	0x3faa3722	0xbac9691a	0x3e3851ec	0x3f7dd2e8	0x3fa8c4b8
0x3eebfb16	0x3e99999a	0x3f000000	0x3faa3722	0xbac86254	0x3e3851ec	0x3f7dd5bc	0x3fa8c699
0x3eec0831	0x3e99999a	0x3f000000	0x3faa3722	0xbac75c4e	0x3e3851ec	0x3f7dd88e	0x3fa8c87a
0x3eec154d	0x3e99999a	0x3f000000	0x3faa3722	0xbac656df	0x3e3851ec	0x3f7ddb5e	0x3fa8ca58
0x3eec2268	0x3e99999a	0x3f000000	0x3faa3722	0xbac55230	0x3e3851ec	0x3f7dde2c	0x3fa8cc36
0x3eec2f83	0x3e99999a	0x3f000000	0x3faa3722	0xbac44e2d	0x3e3851ec	0x3f7de0f8	0x3fa8ce12
0x3eec3c9f	0x3e99999a	0x3f000000	0x3faa3722	0xbac34ac1	0x3e3851ec	0x3f7de3c3	0x3fa8cfed
0x3eec49ba	0x3e99999a	0x3f000000	0x3faa3722	0xbac24816	0x3e3851ec	0x3f7de68b	0x3fa8d1c7
0x3eec56d6	0x3e99999a	0x3f000000	0x3faa3722	0xbac14602	0x3e3851ec	0x3f7de953	0x3fa8d3a0
0x3eec63f1	0x3e99999a	0x3f000000	0x3faa3722	0xbac044ae	0x3e3851ec	0x3f7dec17	0x3fa8d577
0x3eec710d	0x3e99999a	0x3f000000	0x3faa3722	0xbabf43f2	0x3e3851ec	0x3f7deedb	0x3fa8d74d
0x3eec7e28	0x3e99999a	0x3f000000	0x3faa3722	0xbabe43f6	0x3e3851ec	0x3f7df19c	0x3fa8d922
0x3eec8b44	0x3e99999a	0x3f000000	0x3faa3722	0xbabd4491	0x3e3851ec	0x3f7df45c	0x3fa8daf6
0x3eec985f	0x3e99999a	0x3f000000	0x3faa3722	0xbabc45ec	0x3e3851ec	0x3f7df71a	0x3fa8dcc9
0x3eeca57a	0x3e99999a	0x3f000000	0x3faa3722	0xbabb47f3	0x3e3851ec	0x3f7df9d6	0x3fa8de9b
0x3eecb296	0x3e99999a	0x3f000000	0x3faa3722	0xbaba4a92	0x3e3851ec	0x3f7dfc90	0x3fa8e06b
0x3eecbfb1	0x3e99999a	0x3f000000	0x3faa3722	0xbab94df1	0x3e3851ec	0x3f7dff48	0x3fa8e239
0x3eeccccd	0x3e99999a	0x3f000000	0x3faa3722	0xbab851e8	0x3e3851ec	0x3f7e01ff	0x3fa8e408
0x3eecd9e8	0x3e99999a	0x3f000000	0x3faa3722	0xbab7569e	0x3e3851ec	0x3f7e04b3	0x3fa8e5d4
0x3eece704	0x3e99999a	0x3f000000	0x3faa3722	0xbab65bec	0x3e3851ec	0x3f7e0766	0x3fa8e79f
0x3eecf41f	0x3e99999a	0x3f000000	0x3faa3722	0xbab561fa	0x3e3851ec	0x3f7e0a17	0x3fa8e969
0x3eed013b	0x3e99999a	0x3f000000	0x3faa3722	0xbab468a0	0x3e3851ec	0x3f7e0cc7	0x3fa8eb33
0x3eed0e56	0x3e99999a	0x3f000000	0x3faa3722	0xbab37005	0x3e3851ec	0x3f7e0f74	0x3fa8ecfa
0x3eed1b71	0x3e99999a	0x3f000000	0x3faa3722	0xbab27816	0x3e3851ec	0x3f7e121f	0x3fa8eec0
0x3eed288d	0x3e99999a	0x3f000000	0x3faa3722	0xbab180bf	0x3e3851ec	0x3f7e14c9	0x3fa8f086
0x3eed35a8	0x3e99999a	0x3f000000	0x3faa3722	0xbab08a27	0x3e3851ec	0x3f7e1771	0x3fa8f24a
0x3eed42c4	0x3e99999a	0x3f000000	0x3faa3722	0xbaaf9429	0x3e3851ec	0x3f7e1a17	0x3fa8f40d
0x3eed4fdf	0x3e99999a	0x3f000000	0x3faa3722	0xbaae9ee9	0x3e3851ec	0x3f7e1cbc	0x3fa8f5cf
0x3eed5cfb	0x3e99999a	0x3f000000	0x3faa3722	0xbaadaa42	0x3e3851ec	0x3f7e1f5e	0x3fa8f78f
0x3eed6a16	0x3e99999a	0x3f000000	0x3faa3722	0xbaacb659	0x3e3851ec	0x3f7e21ff	0x3fa8f94e
0x3eed7732	0x3e99999a	0x3f000000	0x3faa3722	0xbaabc30a	0x3e3851ec	0x3f7e249e	0x3fa8fb0d
0x3eed844d	0x3e99999a	0x3f000000	0x3faa3722	0xbaaad079	0x3e3851ec	0x3f7e273b	0x3fa8fcc9
0x3eed9168	0x3e99999a	0x3f000000	0x3faa3722	0xbaa9de93	0x3e3851ec	0x3f7e29d6	0x3fa8fe85
0x3eed9e84	0x3e99999a	0x3f000000	0x3faa3722	0xbaa8ed48	0x3e3851ec	0x3f7e2c6f	0x3fa9003f
0x3eedab9f	0x3e99999a	0x3f000000	0x3faa3722	0xbaa7fcba	0x3e3851ec	0x3f7e2f07	0x3fa901f9
0x3eedb8bb	0x3e99999a	0x3f000000	0x3faa3722	0xbaa70cc6	0x3e3851ec	0x3f7e319d	0x3fa903b1
0x3eedc5d6	0x3e99999a	0x3f000000	0x3faa3722	0xbaa61d90	0x3e3851ec	0x3f7e3430	0x3fa90567
0x3eedd2f2	0x3e99999a	0x3f000000	0x3faa3722	0xbaa52ef3	0x3e3851ec	0x3f7e36c2	0x3fa9071c
0x3eede00d	0x3e99999a	0x3f000000	0x3faa3722	0xbaa44114	0x3e3851ec	0x3f7e3953	0x3fa908d1
0x3eeded29	0x3e99999a	0x3f000000	0x3faa3722	0xbaa353cf	0x3e3851ec	0x3f7e3be1	0x3fa90a84
0x3eedfa44	0x3e99999a	0x3f000000	0x3faa3722	0xbaa26748	0x3e3851ec	0x3f7e3e6e	0x3fa90c36
0x3eee075f	0x3e99999a	0x3f000000	0x3faa3722	0xbaa17b6d	0x3e3851ec	0x3f7e40f8	0x3fa90de6
0x3eee147b	0x3e99999a	0x3f000000	0x3faa3722	0xbaa0902c	0x3e3851ec	0x3f7e4381	0x3fa90f96
0x3eee2196	0x3e99999a	0x3f000000	0x3faa3722	0xba9fa5a8	0x3e3851ec	0x3f7e4608	0x3fa91144
0x3eee2eb2	0x3e99999a	0x3f000000	0x3faa3722	0xba9ebbbe	0x3e3851ec	0x3f7e488e	0x3fa912f2
0x3eee3bcd	0x3e99999a	0x3f000000	0x3faa3722	0xba9dd292	0x3e3851ec	0x3f7e4b11	0x3fa9149d
0x3eee48e9	0x3e99999a	0x3f000000	0x3faa3722	0xba9cea00	0x3e3851ec	0x3f7e4d93	0x3fa91648
0x3eee5604	0x3e99999a	0x3f000000	0x3faa3722	0xba9c022b	0x3e3851ec	0x3f7e5013	0x3fa917f2
0x3eee6320	0x3e99999a	0x3f000000	0x3faa3722	0xba9b1af1	0x3e3851ec	0x3f7e5291	0x3fa9199a
0x3eee703b	0x3e99999a	0x3f000000	0x3faa3722	0xba9a3474	0x3e3851ec	0x3f7e550d	0x3fa91b41
0x3eee7d56	0x3e99999a	0x3f000000	0x3faa3722	0xba994ea3	0x3e3851ec	0x3f7e5787	0x3fa91ce6
0x3eee8a72	0x3e99999a	0x3f000000	0x3faa3722	0xba98696c	0x3e3851ec	0x3f7e5a00	0x3fa91e8b
0x3eee978d	0x3e99999a	0x3f000000	0x3faa3722	0xba9784f2	0x3e3851ec	0x3f7e5c76	0x3fa9202e
0x3eeea4a9	0x3e99999a	0x3f000000	0x3faa3722	0xba96a112	0x3e3851ec	0x3f7e5eeb	0x3fa921d0
0x3eeeb1c4	0x3e99999a	0x3f000000	0x3faa3722	0xba95bdf0	0x3e3851ec	0x3f7e615e	0x3fa92371
0x3eeebee0	0x3e99999a	0x3f000000	0x3faa3722	0xba94db69	0x3e3851ec	0x3f7e63cf	0x3fa92511
0x3eeecbfb	0x3e99999a	0x3f000000	0x3faa3722	0xba93f99e	0x3e3851ec	0x3f7e663f	0x3fa926b0
0x3eeed917	0x3e99999a	0x3f000000	0x3faa3722	0xba93186e	0x3e3851ec	0x3f7e68ac	0x3fa9284c
0x3eeee632	0x3e99999a	0x3f000000	0x3faa3722	0xba9237fb	0x3e3851ec	0x3f7e6b18	0x3fa929e9
0x3eeef34d	0x3e99999a	0x3f000000	0x3faa3722	0xba915834	0x3e3851ec	0x3f7e6d82	0x3fa92b84
0x3eef0069	0x3e99999a	0x3f000000	0x3faa3722	0xba907907	0x3e3851ec	0x3f7e6fea	0x3fa92d1d
0x3eef0d84	0x3e99999a	0x3f000000	0x3faa3722	0xba8f9a97	0x3e3851ec	0x3f7e7250	0x3fa92eb5
0x3eef1aa0	0x3e99999a	0x3f000000	0x3faa3722	0xba8ebcc2	0x3e3851ec	0x3f7e74b4	0x3fa9304c
0x3eef27bb	0x3e99999a	0x3f000000	0x3faa3722	0xba8ddfaa	0x3e3851ec	0x3f7e7717	0x3fa931e3
0x3eef34d7	0x3e99999a	0x3f000000	0x3faa3722	0xba8d032d	0x3e3851ec	0x3f7e7978	0x3fa93378
0x3eef41f2	0x3e99999a	0x3f000000	0x3faa3722	0xba8c276c	0x3e3851ec	0x3f7e7bd6	0x3fa9350b
0x3eef4f0e	0x3e99999a	0x3f000000	0x3faa3722	0xba8b4c47	0x3e3851ec	0x3f7e7e34	0x3fa9369d
0x3eef5c29	0x3e99999a	0x3f000000	0x3faa3722	0xba8a71de	0x3e3851ec	0x3f7e808f	0x3fa9382e
0x3eef6944	0x3e99999a	0x3f000000	0x3faa3722	0xba899820	0x3e3851ec	0x3f7e82e8	0x3fa939be
0x3eef7660	0x3e99999a	0x3f000000	0x3faa3722	0xba88befe	0x3e3851ec	0x3f7e8540	0x3fa93b4d
0x3eef837b	0x3e99999a	0x3f000000	0x3faa3722	0xba87e699	0x3e3851ec	0x3f7e8795	0x3fa93cda
0x3eef9097	0x3e99999a	0x3f000000	0x3faa3722	0xba870ece	0x3e3851ec	0x3f7e89e9	0x3fa93e66
0x3eef9db2	0x3e99999a	0x3f000000	0x3faa3722	0xba8637c0	0x3e3851ec	0x3f7e8c3b	0x3fa93ff1
0x3eefaace	0x3e99999a	0x3f000000	0x3faa3722	0xba85614d	0x3e3851ec	0x3f7e8e8c	0x3fa9417b
0x3eefb7e9	0x3e99999a	0x3f000000	0x3faa3722	0xba848b96	0x3e3851ec	0x3f7e90da	0x3fa94304
0x3eefc505	0x3e99999a	0x3f000000	0x3faa3722	0xba83b67b	0x3e3851ec	0x3f7e9327	0x3fa9448b
0x3eefd220	0x3e99999a	0x3f000000	0x3faa3722	0xba82e21c	0x3e3851ec	0x3f7e9571	0x3fa94611
0x3eefdf3b	0x3e99999a	0x3f000000	0x3faa3722	0xba820e69	0x3e3851ec	0x3f7e97ba	0x3fa94796
0x3eefec57	0x3e99999a	0x3f000000	0x3faa3722	0xba813b51	0x3e3851ec	0x3f7e9a01	0x3fa9491a
0x3eeff972	0x3e99999a	0x3f000000	0x3faa3722	0xba8068f5	0x3e3851ec	0x3f7e9c46	0x3fa94a9c
0x3ef0068e	0x3e99999a	0x3f000000	0x3faa3722	0xba7f2e6b	0x3e3851ec	0x3f7e9e8a	0x3fa94c1e
0x3ef013a9	0x3e99999a	0x3f000000	0x3faa3722	0xba7d8c63	0x3e3851ec	0x3f7ea0cb	0x3fa94d9d
0x3ef020c5	0x3e99999a	0x3f000000	0x3faa3722	0xba7beb92	0x3e3851ec	0x3f7ea30b	0x3fa94f1c
0x3ef02de0	0x3e99999a	0x3f000000	0x3faa3722	0xba7a4c39	0x3e3851ec	0x3f7ea549	0x3fa9509a
0x3ef03afb	0x3e99999a	0x3f000000	0x3faa3722	0xba78ae37	0x3e3851ec	0x3f7ea785	0x3fa95216
0x3ef04817	0x3e99999a	0x3f000000	0x3faa3722	0xba77116d	0x3e3851ec	0x3f7ea9bf	0x3fa95391
0x3ef05532	0x3e99999a	0x3f000000	0x3faa3722	0xba75761a	0x3e3851ec	0x3f7eabf7	0x3fa9550b
0x3ef0624e	0x3e99999a	0x3f000000	0x3faa3722	0xba73dc00	0x3e3851ec	0x3f7eae2e	0x3fa95684
0x3ef06f69	0x3e99999a	0x3f000000	0x3faa3722	0xba72435c	0x3e3851ec	0x3f7eb063	0x3fa957fb
0x3ef07c85	0x3e99999a	0x3f000000	0x3faa3722	0xba70abf1	0x3e3851ec	0x3f7eb296	0x3fa95972
0x3ef089a0	0x3e99999a	0x3f000000	0x3faa3722	0xba6f15fd	0x3e3851ec	0x3f7eb4c7	0x3fa95ae7
0x3ef096bc	0x3e99999a	0x3f000000	0x3faa3722	0xba6d8141	0x3e3851ec	0x3f7eb6f6	0x3fa95c5a
0x3ef0a3d7	0x3e99999a	0x3f000000	0x3faa3722	0xba6bedfb	0x3e3851ec	0x3f7eb923	0x3fa95dcd
0x3ef0b0f2	0x3e99999a	0x3f000000	0x3faa3722	0xba6a5c0e	0x3e3851ec	0x3f7ebb4f	0x3fa95f3f
0x3ef0be0e	0x3e99999a	0x3f000000	0x3faa3722	0xba68cb59	0x3e3851ec	0x3f7ebd79	0x3fa960af
0x3ef0cb29	0x3e99999a	0x3f000000	0x3faa3722	0xba673c1a	0x3e3851ec	0x3f7ebfa0	0x3fa9621d
0x3ef0d845	0x3e99999a	0x3f000000	0x3faa3722	0xba65ae15	0x3e3851ec	0x3f7ec1c6	0x3fa9638b
0x3ef0e560	0x3e99999a	0x3f000000	0x3faa3722	0xba642185	0x3e3851ec	0x3f7ec3eb	0x3fa964f8
0x3ef0f27c	0x3e99999a	0x3f000000	0x3faa3722	0xba62962f	0x3e3851ec	0x3f7ec60d	0x3fa96663
0x3ef0ff97	0x3e99999a	0x3f000000	0x3faa3722	0xba610c4e	0x3e3851ec	0x3f7ec82d	0x3fa967cd
0x3ef10cb3	0x3e99999a	0x3f000000	0x3faa3722	0xba5f83a7	0x3e3851ec	0x3f7eca4c	0x3fa96936
0x3ef119ce	0x3e99999a	0x3f000000	0x3faa3722	0xba5dfc76	0x3e3851ec	0x3f7ecc69	0x3fa96a9d
0x3ef126e9	0x3e99999a	0x3f000000	0x3faa3722	0xba5c769c	0x3e3851ec	0x3f7ece84	0x3fa96c04
0x3ef13405	0x3e99999a	0x3f000000	0x3faa3722	0xba5af1fc	0x3e3851ec	0x3f7ed09d	0x3fa96d69
0x3ef14120	0x3e99999a	0x3f000000	0x3faa3722	0xba596ed1	0x3e3851ec	0x3f7ed2b4	0x3fa96ecd
0x3ef14e3c	0x3e99999a	0x3f000000	0x3faa3722	0xba57ece1	0x3e3851ec	0x3f7ed4ca	0x3fa97030
0x3ef15b57	0x3e99999a	0x3f000000	0x3faa3722	0xba566c65	0x3e3851ec	0x3f7ed6de	0x3fa97191
0x3ef16873	0x3e99999a	0x3f000000	0x3faa3722	0xba54ed24	0x3e3851ec	0x3f7ed8ef	0x3fa972f1
0x3ef1758e	0x3e99999a	0x3f000000	0x3faa3722	0xba536f57	0x3e3851ec	0x3f7edaff	0x3fa97450
0x3ef182aa	0x3e99999a	0x3f000000	0x3faa3722	0xba51f2c5	0x3e3851ec	0x3f7edd0e	0x3fa975af
0x3ef18fc5	0x3e99999a	0x3f000000	0x3faa3722	0xba5077a8	0x3e3851ec	0x3f7edf1a	0x3fa9770b
0x3ef19ce0	0x3e99999a	0x3f000000	0x3faa3722	0xba4efde2	0x3e3851ec	0x3f7ee124	0x3fa97866
0x3ef1a9fc	0x3e99999a	0x3f000000	0x3faa3722	0xba4d8557	0x3e3851ec	0x3f7ee32d	0x3fa979c1
0x3ef1b717	0x3e99999a	0x3f000000	0x3faa3722	0xba4c0e40	0x3e3851ec	0x3f7ee534	0x3fa97b1a
0x3ef1c433	0x3e99999a	0x3f000000	0x3faa3722	0xba4a9864	0x3e3851ec	0x3f7ee739	0x3fa97c71
0x3ef1d14e	0x3e99999a	0x3f000000	0x3faa3722	0xba4923fc	0x3e3851ec	0x3f7ee93c	0x3fa97dc8
0x3ef1de6a	0x3e99999a	0x3f000000	0x3faa3722	0xba47b0d0	0x3e3851ec	0x3f7eeb3d	0x3fa97f1d
0x3ef1eb85	0x3e99999a	0x3f000000	0x3faa3722	0xba463f17	0x3e3851ec	0x3f7eed3c	0x3fa98071
0x3ef1f8a1	0x3e99999a	0x3f000000	0x3faa3722	0xba44ce9a	0x3e3851ec	0x3f7eef3a	0x3fa981c4
0x3ef205bc	0x3e99999a	0x3f000000	0x3faa3722	0xba435f91	0x3e3851ec	0x3f7ef136	0x3fa98316
0x3ef212d7	0x3e99999a	0x3f000000	0x3faa3722	0xba41f1df	0x3e3851ec	0x3f7ef32f	0x3fa98465
0x3ef21ff3	0x3e99999a	0x3f000000	0x3faa3722	0xba408569	0x3e3851ec	0x3f7ef528	0x3fa985b5
0x3ef22d0e	0x3e99999a	0x3f000000	0x3faa3722	0xba3f1a66	0x3e3851ec	0x3f7ef71e	0x3fa98703
0x3ef23a2a	0x3e99999a	0x3f000000	0x3faa3722	0xba3db09f	0x3e3851ec	0x3f7ef912	0x3fa9884f
0x3ef24745	0x3e99999a	0x3f000000	0x3faa3722	0xba3c484b	0x3e3851ec	0x3f7efb05	0x3fa9899b
0x3ef25461	0x3e99999a	0x3f000000	0x3faa3722	0xba3ae134	0x3e3851ec	0x3f7efcf5	0x3fa98ae5
0x3ef2617c	0x3e99999a	0x3f000000	0x3faa3722	0xba397b8f	0x3e3851ec	0x3f7efee4	0x3fa98c2e
0x3ef26e98	0x3e99999a	0x3f000000	0x3faa3722	0xba381727	0x3e3851ec	0x3f7f00d1	0x3fa98d76
0x3ef27bb3	0x3e99999a	0x3f000000	0x3faa3722	0xba36b431	0x3e3851ec	0x3f7f02bc	0x3fa98ebc
0x3ef288ce	0x3e99999a	0x3f000000	0x3faa3722	0xba355294	0x3e3851ec	0x3f7f04a5	0x3fa99001
0x3ef295ea	0x3e99999a	0x3f000000	0x3faa3722	0xba33f232	0x3e3851ec	0x3f7f068d	0x3fa99146
0x3ef2a305	0x3e99999a	0x3f000000	0x3faa3722	0xba329343	0x3e3851ec	0x3f7f0873	0x3fa99289
0x3ef2b021	0x3e99999a	0x3f000000	0x3faa3722	0xba313591	0x3e3851ec	0x3f7f0a56	0x3fa993ca
0x3ef2bd3c	0x3e99999a	0x3f000000	0x3faa3722	0xba2fd952	0x3e3851ec	0x3f7f0c38	0x3fa9950b
0x3ef2ca58	0x3e99999a	0x3f000000	0x3faa3722	0xba2e7e4f	0x3e3851ec	0x3f7f0e18	0x3fa9964a
0x3ef2d773	0x3e99999a	0x3f000000	0x3faa3722	0xba2d24be	0x3e3851ec	0x3f7f0ff7	0x3fa99788
0x3ef2e48f	0x3e99999a	0x3f000000	0x3faa3722	0xba2bcc6b	0x3e3851ec	0x3f7f11d3	0x3fa998c5
0x3ef2f1aa	0x3e99999a	0x3f000000	0x3faa3722	0xba2a758a	0x3e3851ec	0x3f7f13ae	0x3fa99a01
0x3ef2fec5	0x3e99999a	0x3f000000	0x3faa3722	0xba292000	0x3e3851ec	0x3f7f1586	0x3fa99b3a
0x3ef30be1	0x3e99999a	0x3f000000	0x3faa3722	0xba27cbb3	0x3e3851ec	0x3f7f175d	0x3fa99c74
0x3ef318fc	0x3e99999a	0x3f000000	0x3faa3722	0xba2678d8	0x3e3851ec	0x3f7f1932	0x3fa99dab
0x3ef32618	0x3e99999a	0x3f000000	0x3faa3722	0xba25273b	0x3e3851ec	0x3f7f1b06	0x3fa99ee3
0x3ef33333	0x3e99999a	0x3f000000	0x3faa3722	0xba23d70f	0x3e3851ec	0x3f7f1cd7	0x3fa9a018
0x3ef3404f	0x3e99999a	0x3f000000	0x3faa3722	0xba228822	0x3e3851ec	0x3f7f1ea6	0x3fa9a14c
0x3ef34d6a	0x3e99999a	0x3f000000	0x3faa3722	0xba213aa5	0x3e3851ec	0x3f7f2074	0x3fa9a27f
0x3ef35a86	0x3e99999a	0x3f000000	0x3faa3722	0xba1fee66	0x3e3851ec	0x3f7f2240	0x3fa9a3b1
0x3ef367a1	0x3e99999a	0x3f000000	0x3faa3722	0xba1ea399	0x3e3851ec	0x3f7f240a	0x3fa9a4e1
0x3ef374bc	0x3e99999a	0x3f000000	0x3faa3722	0xba1d5a23	0x3e3851ec	0x3f7f25d2	0x3fa9a610
0x3ef381d8	0x3e99999a	0x3f000000	0x3faa3722	0xba1c11eb	0x3e3851ec	0x3f7f2798	0x3fa9a73e
0x3ef38ef3	0x3e99999a	0x3f000000	0x3faa3722	0xba1acb24	0x3e3851ec	0x3f7f295c	0x3fa9a86b
0x3ef39c0f	0x3e99999a	0x3f000000	0x3faa3722	0xba19859c	0x3e3851ec	0x3f7f2b1f	0x3fa9a997
0x3ef3a92a	0x3e99999a	0x3f000000	0x3faa3722	0xba184184	0x3e3851ec	0x3f7f2ce0	0x3fa9aac1
0x3ef3b646	0x3e99999a	0x3f000000	0x3faa3722	0xba16feac	0x3e3851ec	0x3f7f2e9f	0x3fa9abea
0x3ef3c361	0x3e99999a	0x3f000000	0x3faa3722	0xba15bd43	0x3e3851ec	0x3f7f305c	0x3fa9ad12
0x3ef3d07d	0x3e99999a	0x3f000000	0x3faa3722	0xba147d19	0x3e3851ec	0x3f7f3217	0x3fa9ae39
0x3ef3dd98	0x3e99999a	0x3f000000	0x3faa3722	0xba133e60	0x3e3851ec	0x3f7f33d0	0x3fa9af5e
0x3ef3eab3	0x3e99999a	0x3f000000	0x3faa3722	0xba1200fe	0x3e3851ec	0x3f7f3588	0x3fa9b083
0x3ef3f7cf	0x3e99999a	0x3f000000	0x3faa3722	0xba10c4db	0x3e3851ec	0x3f7f373d	0x3fa9b1a5
0x3ef404ea	0x3e99999a	0x3f000000	0x3faa3722	0xba0f8a28	0x3e3851ec	0x3f7f38f1	0x3fa9b2c7
0x3ef41206	0x3e99999a	0x3f000000	0x3faa3722	0xba0e50b5	0x3e3851ec	0x3f7f3aa3	0x3fa9b3e8
0x3ef41f21	0x3e99999a	0x3f000000	0x3faa3722	0xba0d18b1	0x3e3851ec	0x3f7f3c53	0x3fa9b507
0x3ef42c3d	0x3e99999a	0x3f000000	0x3faa3722	0xba0be1ed	0x3e3851ec	0x3f7f3e02	0x3fa9b626
0x3ef43958	0x3e99999a	0x3f000000	0x3faa3722	0xba0aac98	0x3e3851ec	0x3f7f3fae	0x3fa9b742
0x3ef44674	0x3e99999a	0x3f000000	0x3faa3722	0xba097884	0x3e3851ec	0x3f7f4159	0x3fa9b85e
0x3ef4538f	0x3e99999a	0x3f000000	0x3faa3722	0xba0845de	0x3e3851ec	0x3f7f4301	0x3fa9b978
0x3ef460aa	0x3e99999a	0x3f000000	0x3faa3722	0xba071490	0x3e3851ec	0x3f7f44a8	0x3fa9ba91
0x3ef46dc6	0x3e99999a	0x3f000000	0x3faa3722	0xba05e482	0x3e3851ec	0x3f7f464d	0x3fa9bba9
0x3ef47ae1	0x3e99999a	0x3f000000	0x3faa3722	0xba04b5e3	0x3e3851ec	0x3f7f47f0	0x3fa9bcc0
0x3ef487fd	0x3e99999a	0x3f000000	0x3faa3722	0xba038885	0x3e3851ec	0x3f7f4992	0x3fa9bdd6
0x3ef49518	0x3e99999a	0x3f000000	0x3faa3722	0xba025c95	0x3e3851ec	0x3f7f4b31	0x3fa9beea
0x3ef4a234	0x3e99999a	0x3f000000	0x3faa3722	0xba0131e6	0x3e3851ec	0x3f7f4ccf	0x3fa9bffd
0x3ef4af4f	0x3e99999a	0x3f000000	0x3faa3722	0xba0008a5	0x3e3851ec	0x3f7f4e6b	0x3fa9c10f
0x3ef4bc6a	0x3e99999a	0x3f000000	0x3faa3722	0xb9fdc178	0x3e3851ec	0x3f7f5004	0x3fa9c21f
0x3ef4c986	0x3e99999a	0x3f000000	0x3faa3722	0xb9fb7427	0x3e3851ec	0x3f7f519d	0x3fa9c32f
0x3ef4d6a1	0x3e99999a	0x3f000000	0x3faa3722	0xb9f929b3	0x3e3851ec	0x3f7f5333	0x3fa9c43d
0x3ef4e3bd	0x3e99999a	0x3f000000	0x3faa3722	0xb9f6e1c1	0x3e3851ec	0x3f7f54c7	0x3fa9c549
0x3ef4f0d8	0x3e99999a	0x3f000000	0x3faa3722	0xb9f49cab	0x3e3851ec	0x3f7f565a	0x3fa9c655
0x3ef4fdf4	0x3e99999a	0x3f000000	0x3faa3722	0xb9f25a18	0x3e3851ec	0x3f7f57ea	0x3fa9c75f
0x3ef50b0f	0x3e99999a	0x3f000000	0x3faa3722	0xb9f01a61	0x3e3851ec	0x3f7f5979	0x3fa9c868
0x3ef5182b	0x3e99999a	0x3f000000	0x3faa3722	0xb9eddd2c	0x3e3851ec	0x3f7f5b06	0x3fa9c970
0x3ef52546	0x3e99999a	0x3f000000	0x3faa3722	0xb9eba2d3	0x3e3851ec	0x3f7f5c91	0x3fa9ca77
0x3ef53261	0x3e99999a	0x3f000000	0x3faa3722	0xb9e96b28	0x3e3851ec	0x3f7f5e1b	0x3fa9cb7d
0x3ef53f7d	0x3e99999a	0x3f000000	0x3faa3722	0xb9e73602	0x3e3851ec	0x3f7f5fa2	0x3fa9cc81
0x3ef54c98	0x3e99999a	0x3f000000	0x3faa3722	0xb9e503b5	0x3e3851ec	0x3f7f6128	0x3fa9cd84
0x3ef559b4	0x3e99999a	0x3f000000	0x3faa3722	0xb9e2d3ed	0x3e3851ec	0x3f7f62ab	0x3fa9ce86
0x3ef566cf	0x3e99999a	0x3f000000	0x3faa3722	0xb9e0a6ff	0x3e3851ec	0x3f7f642d	0x3fa9cf86
0x3ef573eb	0x3e99999a	0x3f000000	0x3faa3722	0xb9de7c96	0x3e3851ec	0x3f7f65ad	0x3fa9d086
0x3ef58106	0x3e99999a	0x3f000000	0x3faa3722	0xb9dc5506	0x3e3851ec	0x3f7f672c	0x3fa9d184
0x3ef58e22	0x3e99999a	0x3f000000	0x3faa3722	0xb9da2ffb	0x3e3851ec	0x3f7f68a8	0x3fa9d281
0x3ef59b3d	0x3e99999a	0x3f000000	0x3faa3722	0xb9d80dca	0x3e3851ec	0x3f7f6a22	0x3fa9d37c
0x3ef5a858	0x3e99999a	0x3f000000	0x3faa3722	0xb9d5ee47	0x3e3851ec	0x3f7f6b9b	0x3fa9d477
0x3ef5b574	0x3e99999a	0x3f000000	0x3faa3722	0xb9d3d14a	0x3e3851ec	0x3f7f6d12	0x3fa9d570
0x3ef5c28f	0x3e99999a	0x3f000000	0x3faa3722	0xb9d1b726	0x3e3851ec	0x3f7f6e87	0x3fa9d668
0x3ef5cfab	0x3e99999a	0x3f000000	0x3faa3722	0xb9cf9f88	0x3e3851ec	0x3f7f6ffa	0x3fa9d75f
0x3ef5dcc6	0x3e99999a	0x3f000000	0x3faa3722	0xb9cd8ac2	0x3e3851ec	0x3f7f716b	0x3fa9d854
0x3ef5e9e2	0x3e99999a	0x3f000000	0x3faa3722	0xb9cb7882	0x3e3851ec	0x3f7f72da	0x3fa9d948
0x3ef5f6fd	0x3e99999a	0x3f000000	0x3faa3722	0xb9c9691a	0x3e3851ec	0x3f7f7448	0x3fa9da3c
0x3ef60419	0x3e99999a	0x3f000000	0x3faa3722	0xb9c75c3a	0x3e3851ec	0x3f7f75b4	0x3fa9db2e
0x3ef61134	0x3e99999a	0x3f000000	0x3faa3722	0xb9c55230	0x3e3851ec	0x3f7f771d	0x3fa9dc1e
0x3ef61e4f	0x3e99999a	0x3f000000	0x3faa3722	0xb9c34ad5	0x3e3851ec	0x3f7f7885	0x3fa9dd0d
0x3ef62b6b	0x3e99999a	0x3f000000	0x3faa3722	0xb9c14602	0x3e3851ec	0x3f7f79eb	0x3fa9ddfb
0x3ef63886	0x3e99999a	0x3f000000	0x3faa3722	0xb9bf4406	0x3e3851ec	0x3f7f7b50	0x3fa9dee9
0x3ef645a2	0x3e99999a	0x3f000000	0x3faa3722	0xb9bd4491	0x3e3851ec	0x3f7f7cb2	0x3fa9dfd4
0x3ef652bd	0x3e99999a	0x3f000000	0x3faa3722	0xb9bb47f3	0x3e3851ec	0x3f7f7e13	0x3fa9e0bf
0x3ef65fd9	0x3e99999a	0x3f000000	0x3faa3722	0xb9b94dde	0x3e3851ec	0x3f7f7f71	0x3fa9e1a7
0x3ef66cf4	0x3e99999a	0x3f000000	0x3faa3722	0xb9b7569e	0x3e3851ec	0x3f7f80ce	0x3fa9e28f
0x3ef67a10	0x3e99999a	0x3f000000	0x3faa3722	0xb9b561e7	0x3e3851ec	0x3f7f8229	0x3fa9e376
0x3ef6872b	0x3e99999a	0x3f000000	0x3faa3722	0xb9b37005	0x3e3851ec	0x3f7f8382	0x3fa9e45c
0x3ef69446	0x3e99999a	0x3f000000	0x3faa3722	0xb9b180d2	0x3e3851ec	0x3f7f84da	0x3fa9e540
0x3ef6a162	0x3e99999a	0x3f000000	0x3faa3722	0xb9af9429	0x3e3851ec	0x3f7f862f	0x3fa9e623
0x3ef6ae7d	0x3e99999a	0x3f000000	0x3faa3722	0xb9adaa54	0x3e3851ec	0x3f7f8783	0x3fa9e705
0x3ef6bb99	0x3e99999a	0x3f000000	0x3faa3722	0xb9abc30a	0x3e3851ec	0x3f7f88d4	0x3fa9e7e5
0x3ef6c8b4	0x3e99999a	0x3f000000	0x3faa3722	0xb9a9de93	0x3e3851ec	0x3f7f8a24	0x3fa9e8c5
0x3ef6d5d0	0x3e99999a	0x3f000000	0x3faa3722	0xb9a7fca8	0x3e3851ec	0x3f7f8b72	0x3fa9e9a3
0x3ef6e2eb	0x3e99999a	0x3f000000	0x3faa3722	0xb9a61d90	0x3e3851ec	0x3f7f8cbe	0x3fa9ea7f
0x3ef6f007	0x3e99999a	0x3f000000	0x3faa3722	0xb9a44102	0x3e3851ec	0x3f7f8e09	0x3fa9eb5b
0x3ef6fd22	0x3e99999a	0x3f000000	0x3faa3722	0xb9a26748	0x3e3851ec	0x3f7f8f51	0x3fa9ec36
0x3ef70a3d	0x3e99999a	0x3f000000	0x3faa3722	0xb9a0903e	0x3e3851ec	0x3f7f9098	0x3fa9ed0f
0x3ef71759	0x3e99999a	0x3f000000	0x3faa3722	0xb99ebbbe	0x3e3851ec	0x3f7f91dc	0x3fa9ede6
0x3ef72474	0x3e99999a	0x3f000000	0x3faa3722	0xb99cea12	0x3e3851ec	0x3f7f931f	0x3fa9eebd
0x3ef73190	0x3e99999a	0x3f000000	0x3faa3722	0xb99b1af1	0x3e3851ec	0x3f7f9460	0x3fa9ef93
0x3ef73eab	0x3e99999a	0x3f000000	0x3faa3722	0xb9994ea3	0x3e3851ec	0x3f7f95a0	0x3fa9f067
0x3ef74bc7	0x3e99999a	0x3f000000	0x3faa3722	0xb99784e0	0x3e3851ec	0x3f7f96dd	0x3fa9f13a
0x3ef758e2	0x3e99999a	0x3f000000	0x3faa3722	0xb995bdf0	0x3e3851ec	0x3f7f9818	0x3fa9f20c
0x3ef765fe	0x3e99999a	0x3f000000	0x3faa3722	0xb993f98d	0x3e3851ec	0x3f7f9952	0x3fa9f2dc
0x3ef77319	0x3e99999a	0x3f000000	0x3faa3722	0xb99237fb	0x3e3851ec	0x3f7f9a8a	0x3fa9f3ac
0x3ef78034	0x3e99999a	0x3f000000	0x3faa3722	0xb9907918	0x3e3851ec	0x3f7f9bc0	0x3fa9f47a
0x3ef78d50	0x3e99999a	0x3f000000	0x3faa3722	0xb98ebcc2	0x3e3851ec	0x3f7f9cf4	0x3fa9f547
0x3ef79a6b	0x3e99999a	0x3f000000	0x3faa3722	0xb98d033e	0x3e3851ec	0x3f7f9e26	0x3fa9f612
0x3ef7a787	0x3e99999a	0x3f000000	0x3faa3722	0xb98b4c47	0x3e3851ec	0x3f7f9f56	0x3fa9f6dc
0x3ef7b4a2	0x3e99999a	0x3f000000	0x3faa3722	0xb9899820	0x3e3851ec	0x3f7fa085	0x3fa9f7a6
0x3ef7c1be	0x3e99999a	0x3f000000	0x3faa3722	0xb987e688	0x3e3851ec	0x3f7fa1b1	0x3fa9f86d
0x3ef7ced9	0x3e99999a	0x3f000000	0x3faa3722	0xb98637c0	0x3e3851ec	0x3f7fa2dc	0x3fa9f934
0x3ef7dbf5	0x3e99999a	0x3f000000	0x3faa3722	0xb9848b86	0x3e3851ec	0x3f7fa405	0x3fa9f9fa
0x3ef7e910	0x3e99999a	0x3f000000	0x3faa3722	0xb982e21c	0x3e3851ec	0x3f7fa52c	0x3fa9fabe
0x3ef7f62b	0x3e99999a	0x3f000000	0x3faa3722	0xb9813b61	0x3e3851ec	0x3f7fa651	0x3fa9fb80
0x3ef80347	0x3e99999a	0x3f000000	0x3faa3722	0xb97f2e6b	0x3e3851ec	0x3f7fa775	0x3fa9fc43
0x3ef81062	0x3e99999a	0x3f000000	0x3faa3722	0xb97bebb2	0x3e3851ec	0x3f7fa896	0x3fa9fd03
0x3ef81d7e	0x3e99999a	0x3f000000	0x3faa3722	0xb978ae17	0x3e3851ec	0x3f7fa9b6	0x3fa9fdc2
0x3ef82a99	0x3e99999a	0x3f000000	0x3faa3722	0xb975761a	0x3e3851ec	0x3f7faad3	0x3fa9fe80
0x3ef837b5	0x3e99999a	0x3f000000	0x3faa3722	0xb972433d	0x3e3851ec	0x3f7fabef	0x3fa9ff3d
0x3ef844d0	0x3e99999a	0x3f000000	0x3faa3722	0xb96f15fd	0x3e3851ec	0x3f7fad09	0x3fa9fff8
0x3ef851ec	0x3e99999a	0x3f000000	0x3faa3722	0xb96beddd	0x3e3851ec	0x3f7fae22	0x3faa00b3
0x3ef85f07	0x3e99999a	0x3f000000	0x3faa3722	0xb968cb59	0x3e3851ec	0x3f7faf38	0x3faa016c
0x3ef86c22	0x3e99999a	0x3f000000	0x3faa3722	0xb965ae33	0x3e3851ec	0x3f7fb04c	0x3faa0223
0x3ef8793e	0x3e99999a	0x3f000000	0x3faa3722	0xb962962f	0x3e3851ec	0x3f7fb15f	0x3faa02da
0x3ef88659	0x3e99999a	0x3f000000	0x3faa3722	0xb95f83c5	0x3e3851ec	0x3f7fb270	0x3faa0390
0x3ef89375	0x3e99999a	0x3f000000	0x3faa3722	0xb95c767e	0x3e3851ec	0x3f7fb37f	0x3faa0444
0x3ef8a090	0x3e99999a	0x3f000000	0x3faa3722	0xb9596ed1	0x3e3851ec	0x3f7fb48c	0x3faa04f7
0x3ef8adac	0x3e99999a	0x3f000000	0x3faa3722	0xb9566c48	0x3e3851ec	0x3f7fb597	0x3faa05a8
0x3ef8bac7	0x3e99999a	0x3f000000	0x3faa3722	0xb9536f57	0x3e3851ec	0x3f7fb6a0	0x3faa0658
0x3ef8c7e3	0x3e99999a	0x3f000000	0x3faa3722	0xb950778b	0x3e3851ec	0x3f7fb7a8	0x3faa0708
0x3ef8d4fe	0x3e99999a	0x3f000000	0x3faa3722	0xb94d8557	0x3e3851ec	0x3f7fb8ad	0x3faa07b6
0x3ef8e219	0x3e99999a	0x3f000000	0x3faa3722	0xb94a9881	0x3e3851ec	0x3f7fb9b1	0x3faa0862
0x3ef8ef35	0x3e99999a	0x3f000000	0x3faa3722	0xb947b0d0	0x3e3851ec	0x3f7fbab3	0x3faa090e
0x3ef8fc50	0x3e99999a	0x3f000000	0x3faa3722	0xb944ceb6	0x3e3851ec	0x3f7fbbb3	0x3faa09b8
0x3ef9096c	0x3e99999a	0x3f000000	0x3faa3722	0xb941f1c3	0x3e3851ec	0x3f7fbcb1	0x3faa0a61
0x3ef91687	0x3e99999a	0x3f000000	0x3faa3722	0xb93f1a66	0x3e3851ec	0x3f7fbdae	0x3faa0b09
0x3ef923a3	0x3e99999a	0x3f000000	0x3faa3722	0xb93c4830	0x3e3851ec	0x3f7fbea8	0x3faa0baf
0x3ef930be	0x3e99999a	0x3f000000	0x3faa3722	0xb9397b8f	0x3e3851ec	0x3f7fbfa1	0x3faa0c55
0x3ef93dd9	0x3e99999a	0x3f000000	0x3faa3722	0xb936b44d	0x3e3851ec	0x3f7fc097	0x3faa0cf9
0x3ef94af5	0x3e99999a	0x3f000000	0x3faa3722	0xb933f232	0x3e3851ec	0x3f7fc18c	0x3faa0d9c
0x3ef95810	0x3e99999a	0x3f000000	0x3faa3722	0xb93135ac	0x3e3851ec	0x3f7fc27f	0x3faa0e3d
0x3ef9652c	0x3e99999a	0x3f000000	0x3faa3722	0xb92e7e4f	0x3e3851ec	0x3f7fc371	0x3faa0ede
0x3ef97247	0x3e99999a	0x3f000000	0x3faa3722	0xb92bcc85	0x3e3851ec	0x3f7fc460	0x3faa0f7d
0x3ef97f63	0x3e99999a	0x3f000000	0x3faa3722	0xb9291fe6	0x3e3851ec	0x3f7fc54d	0x3faa101a
0x3ef98c7e	0x3e99999a	0x3f000000	0x3faa3722	0xb92678d8	0x3e3851ec	0x3f7fc639	0x3faa10b7
0x3ef9999a	0x3e99999a	0x3f000000	0x3faa3722	0xb923d6f6	0x3e3851ec	0x3f7fc723	0x3faa1153
0x3ef9a6b5	0x3e99999a	0x3f000000	0x3faa3722	0xb9213aa5	0x3e3851ec	0x3f7fc80b	0x3faa11ed
0x3ef9b3d0	0x3e99999a	0x3f000000	0x3faa3722	0xb91ea3b2	0x3e3851ec	0x3f7fc8f1	0x3faa1286
0x3ef9c0ec	0x3e99999a	0x3f000000	0x3faa3722	0xb91c11eb	0x3e3851ec	0x3f7fc9d5	0x3faa131e
0x3ef9ce07	0x3e99999a	0x3f000000	0x3faa3722	0xb91985b5	0x3e3851ec	0x3f7fcab7	0x3faa13b4
0x3ef9db23	0x3e99999a	0x3f000000	0x3faa3722	0xb916feac	0x3e3851ec	0x3f7fcb98	0x3faa144a
0x3ef9e83e	0x3e99999a	0x3f000000	0x3faa3722	0xb9147d32	0x3e3851ec	0x3f7fcc76	0x3faa14dd
0x3ef9f55a	0x3e99999a	0x3f000000	0x3faa3722	0xb91200e6	0x3e3851ec	0x3f7fcd53	0x3faa1570
0x3efa0275	0x3e99999a	0x3f000000	0x3faa3722	0xb90f8a28	0x3e3851ec	0x3f7fce2e	0x3faa1602
0x3efa0f91	0x3e99999a	0x3f000000	0x3faa3722	0xb90d1899	0x3e3851ec	0x3f7fcf07	0x3faa1692
0x3efa1cac	0x3e99999a	0x3f000000	0x3faa3722	0xb90aac98	0x3e3851ec	0x3f7fcfde	0x3faa1721
0x3efa29c7	0x3e99999a	0x3f000000	0x3faa3722	0xb90845f5	0x3e3851ec	0x3f7fd0b3	0x3faa17af
0x3efa36e3	0x3e99999a	0x3f000000	0x3faa3722	0xb905e482	0x3e3851ec	0x3f7fd187	0x3faa183c
0x3efa43fe	0x3e99999a	0x3f000000	0x3faa3722	0xb903889c	0x3e3851ec	0x3f7fd258	0x3faa18c7
0x3efa511a	0x3e99999a	0x3f000000	0x3faa3722	0xb90131e6	0x3e3851ec	0x3f7fd328	0x3faa1951
0x3efa5e35	0x3e99999a	0x3f000000	0x3faa3722	0xb8fdc178	0x3e3851ec	0x3f7fd3f6	0x3faa19da
0x3efa6b51	0x3e99999a	0x3f000000	0x3faa3722	0xb8f92986	0x3e3851ec	0x3f7fd4c2	0x3faa1a62
0x3efa786c	0x3e99999a	0x3f000000	0x3faa3722	0xb8f49cab	0x3e3851ec	0x3f7fd58c	0x3faa1ae8
0x3efa8588	0x3e99999a	0x3f000000	0x3faa3722	0xb8f01a35	0x3e3851ec	0x3f7fd654	0x3faa1b6d
0x3efa92a3	0x3e99999a	0x3f000000	0x3faa3722	0xb8eba2d3	0x3e3851ec	0x3f7fd71b	0x3faa1bf1
0x3efa9fbe	0x3e99999a	0x3f000000	0x3faa3722	0xb8e7362d	0x3e3851ec	0x3f7fd7df	0x3faa1c73
0x3efaacda	0x3e99999a	0x3f000000	0x3faa3722	0xb8e2d3ed	0x3e3851ec	0x3f7fd8a2	0x3faa1cf5
0x3efab9f5	0x3e99999a	0x3f000000	0x3faa3722	0xb8de7cc0	0x3e3851ec	0x3f7fd963	0x3faa1d75
0x3efac711	0x3e99999a	0x3f000000	0x3faa3722	0xb8da2ffb	0x3e3851ec	0x3f7fda22	0x3faa1df4
0x3efad42c	0x3e99999a	0x3f000000	0x3faa3722	0xb8d5ee47	0x3e3851ec	0x3f7fdadf	0x3faa1e72
0x3efae148	0x3e99999a	0x3f000000	0x3faa3722	0xb8d1b6fd	0x3e3851ec	0x3f7fdb9a	0x3faa1eee
0x3efaee63	0x3e99999a	0x3f000000	0x3faa3722	0xb8cd8ac2	0x3e3851ec	0x3f7fdc53	0x3faa1f69
0x3efafb7f	0x3e99999a	0x3f000000	0x3faa3722	0xb8c968f2	0x3e3851ec	0x3f7fdd0b	0x3faa1fe4
0x3efb089a	0x3e99999a	0x3f000000	0x3faa3722	0xb8c55230	0x3e3851ec	0x3f7fddc0	0x3faa205c
0x3efb15b5	0x3e99999a	0x3f000000	0x3faa3722	0xb8c1462a	0x3e3851ec	0x3f7fde74	0x3faa20d4
0x3efb22d1	0x3e99999a	0x3f000000	0x3faa3722	0xb8bd4491	0x3e3851ec	0x3f7fdf26	0x3faa214a
0x3efb2fec	0x3e99999a	0x3f000000	0x3faa3722	0xb8b94e04	0x3e3851ec	0x3f7fdfd6	0x3faa21bf
0x3efb3d08	0x3e99999a	0x3f000000	0x3faa3722	0xb8b561e7	0x3e3851ec	0x3f7fe084	0x3faa2233
0x3efb4a23	0x3e99999a	0x3f000000	0x3faa3722	0xb8b180d2	0x3e3851ec	0x3f7fe131	0x3faa22a6
0x3efb573f	0x3e99999a	0x3f000000	0x3faa3722	0xb8adaa2f	0x3e3851ec	0x3f7fe1db	0x3faa2317
0x3efb645a	0x3e99999a	0x3f000000	0x3faa3722	0xb8a9de93	0x3e3851ec	0x3f7fe284	0x3faa2387
0x3efb7176	0x3e99999a	0x3f000000	0x3faa3722	0xb8a61d6b	0x3e3851ec	0x3f7fe32b	0x3faa23f6
0x3efb7e91	0x3e99999a	0x3f000000	0x3faa3722	0xb8a26748	0x3e3851ec	0x3f7fe3d0	0x3faa2464
0x3efb8bac	0x3e99999a	0x3f000000	0x3faa3722	0xb89ebbe2	0x3e3851ec	0x3f7fe473	0x3faa24d0
0x3efb98c8	0x3e99999a	0x3f000000	0x3faa3722	0xb89b1af1	0x3e3851ec	0x3f7fe514	0x3faa253b
0x3efba5e3	0x3e99999a	0x3f000000	0x3faa3722	0xb8978503	0x3e3851ec	0x3f7fe5b3	0x3faa25a5
0x3efbb2ff	0x3e99999a	0x3f000000	0x3faa3722	0xb893f98d	0x3e3851ec	0x3f7fe651	0x3faa260e
0x3efbc01a	0x3e99999a	0x3f000000	0x3faa3722	0xb8907918	0x3e3851ec	0x3f7fe6ec	0x3faa2675
0x3efbcd36	0x3e99999a	0x3f000000	0x3faa3722	0xb88d031c	0x3e3851ec	0x3f7fe786	0x3faa26dc
0x3efbda51	0x3e99999a	0x3f000000	0x3faa3722	0xb8899820	0x3e3851ec	0x3f7fe81e	0x3faa2741
0x3efbe76d	0x3e99999a	0x3f000000	0x3faa3722	0xb886379f	0x3e3851ec	0x3f7fe8b4	0x3faa27a5
0x3efbf488	0x3e99999a	0x3f000000	0x3faa3722	0xb882e21c	0x3e3851ec	0x3f7fe948	0x3faa2807
0x3efc01a3	0x3e99999a	0x3f000000	0x3faa3722	0xb87f2eab	0x3e3851ec	0x3f7fe9da	0x3faa2868
0x3efc0ebf	0x3e99999a	0x3f000000	0x3faa3722	0xb878ae17	0x3e3851ec	0x3f7fea6b	0x3faa28c8
0x3efc1bda	0x3e99999a	0x3f000000	0x3faa3722	0xb872437b	0x3e3851ec	0x3f7feaf9	0x3faa2927
0x3efc28f6	0x3e99999a	0x3f000000	0x3faa3722	0xb86beddd	0x3e3851ec	0x3f7feb86	0x3faa2985
0x3efc3611	0x3e99999a	0x3f000000	0x3faa3722	0xb865ae33	0x3e3851ec	0x3f7fec11	0x3faa29e1
0x3efc432d	0x3e99999a	0x3f000000	0x3faa3722	0xb85f8389	0x3e3851ec	0x3f7fec9a	0x3faa2a3c
0x3efc5048	0x3e99999a	0x3f000000	0x3faa3722	0xb8596ed1	0x3e3851ec	0x3f7fed21	0x3faa2a96
0x3efc5d64	0x3e99999a	0x3f000000	0x3faa3722	0xb8536f1d	0x3e3851ec	0x3f7feda6	0x3faa2aee
0x3efc6a7f	0x3e99999a	0x3f000000	0x3faa3722	0xb84d8557	0x3e3851ec	0x3f7fee29	0x3faa2b45
0x3efc779a	0x3e99999a	0x3f000000	0x3faa3722	0xb847b109	0x3e3851ec	0x3f7feeab	0x3faa2b9c
0x3efc84b6	0x3e99999a	0x3f000000	0x3faa3722	0xb841f1c3	0x3e3851ec	0x3f7fef2b	0x3faa2bf1
0x3efc91d1	0x3e99999a	0x3f000000	0x3faa3722	0xb83c4867	0x3e3851ec	0x3f7fefa8	0x3faa2c44
0x3efc9eed	0x3e99999a	0x3f000000	0x3faa3722	0xb836b416	0x3e3851ec	0x3f7ff024	0x3faa2c96
0x3efcac08	0x3e99999a	0x3f000000	0x3faa3722	0xb83135ac	0x3e3851ec	0x3f7ff09e	0x3faa2ce8
0x3efcb924	0x3e99999a	0x3f000000	0x3faa3722	0xb82bcc51	0x3e3851ec	0x3f7ff117	0x3faa2d38
0x3efcc63f	0x3e99999a	0x3f000000	0x3faa3722	0xb82678d8	0x3e3851ec	0x3f7ff18d	0x3faa2d87
0x3efcd35b	0x3e99999a	0x3f000000	0x3faa3722	0xb8213a72	0x3e3851ec	0x3f7ff202	0x3faa2dd4
0x3efce076	0x3e99999a	0x3f000000	0x3faa3722	0xb81c11eb	0x3e3851ec	0x3f7ff274	0x3faa2e20
0x3efced91	0x3e99999a	0x3f000000	0x3faa3722	0xb816fedd	0x3e3851ec	0x3f7ff2e5	0x3faa2e6b
0x3efcfaad	0x3e99999a	0x3f000000	0x3faa3722	0xb81200e6	0x3e3851ec	0x3f7ff354	0x3faa2eb5
0x3efd07c8	0x3e99999a	0x3f000000	0x3faa3722	0xb80d18c9	0x3e3851ec	0x3f7ff3c1	0x3faa2efe
0x3efd14e4	0x3e99999a	0x3f000000	0x3faa3722	0xb80845c7	0x3e3851ec	0x3f7ff42c	0x3faa2f45
0x3efd21ff	0x3e99999a	0x3f000000	0x3faa3722	0xb803889c	0x3e3851ec	0x3f7ff495	0x3faa2f8a
0x3efd2f1b	0x3e99999a	0x3f000000	0x3faa3722	0xb7fdc11e	0x3e3851ec	0x3f7ff4fd	0x3faa2fd0
0x3efd3c36	0x3e99999a	0x3f000000	0x3faa3722	0xb7f49cab	0x3e3851ec	0x3f7ff562	0x3faa3013
0x3efd4952	0x3e99999a	0x3f000000	0x3faa3722	0xb7eba27c	0x3e3851ec	0x3f7ff5c6	0x3faa3055
0x3efd566d	0x3e99999a	0x3f000000	0x3faa3722	0xb7e2d3ed	0x3e3851ec	0x3f7ff628	0x3faa3096
0x3efd6388	0x3e99999a	0x3f000000	0x3faa3722	0xb7da304f	0x3e3851ec	0x3f7ff688	0x3faa30d6
0x3efd70a4	0x3e99999a	0x3f000000	0x3faa3722	0xb7d1b6fd	0x3e3851ec	0x3f7ff6e6	0x3faa3115
0x3efd7dbf	0x3e99999a	0x3f000000	0x3faa3722	0xb7c96943	0x3e3851ec	0x3f7ff742	0x3faa3152
0x3efd8adb	0x3e99999a	0x3f000000	0x3faa3722	0xb7c145db	0x3e3851ec	0x3f7ff79d	0x3faa318e
0x3efd97f6	0x3e99999a	0x3f000000	0x3faa3722	0xb7b94e04	0x3e3851ec	0x3f7ff7f5	0x3faa31c9
0x3efda512	0x3e99999a	0x3f000000	0x3faa3722	0xb7b18087	0x3e3851ec	0x3f7ff84c	0x3faa3203
0x3efdb22d	0x3e99999a	0x3f000000	0x3faa3722	0xb7a9de93	0x3e3851ec	0x3f7ff8a1	0x3faa323b
0x3efdbf48	0x3e99999a	0x3f000000	0x3faa3722	0xb7a26791	0x3e3851ec	0x3f7ff8f4	0x3faa3273
0x3efdcc64	0x3e99999a	0x3f000000	0x3faa3722	0xb79b1af1	0x3e3851ec	0x3f7ff945	0x3faa32a8
0x3efdd97f	0x3e99999a	0x3f000000	0x3faa3722	0xb793f9d2	0x3e3851ec	0x3f7ff994	0x3faa32dd
0x3efde69b	0x3e99999a	0x3f000000	0x3faa3722	0xb78d031c	0x3e3851ec	0x3f7ff9e1	0x3faa3310
0x3efdf3b6	0x3e99999a	0x3f000000	0x3faa3722	0xb78637e1	0x3e3851ec	0x3f7ffa2d	0x3faa3343
0x3efe00d2	0x3e99999a	0x3f000000	0x3faa3722	0xb77f2e2b	0x3e3851ec	0x3f7ffa76	0x3faa3373
0x3efe0ded	0x3e99999a	0x3f000000	0x3faa3722	0xb772437b	0x3e3851ec	0x3f7ffabe	0x3faa33a3
0x3efe1b09	0x3e99999a	0x3f000000	0x3faa3722	0xb765adba	0x3e3851ec	0x3f7ffb04	0x3faa33d2
0x3efe2824	0x3e99999a	0x3f000000	0x3faa3722	0xb7596ed1	0x3e3851ec	0x3f7ffb48	0x3faa33ff
0x3efe353f	0x3e99999a	0x3f000000	0x3faa3722	0xb74d85c9	0x3e3851ec	0x3f7ffb8a	0x3faa342b
0x3efe425b	0x3e99999a	0x3f000000	0x3faa3722	0xb741f1c3	0x3e3851ec	0x3f7ffbcb	0x3faa3456
0x3efe4f76	0x3e99999a	0x3f000000	0x3faa3722	0xb736b483	0x3e3851ec	0x3f7ffc09	0x3faa347f
0x3efe5c92	0x3e99999a	0x3f000000	0x3faa3722	0xb72bcc51	0x3e3851ec	0x3f7ffc46	0x3faa34a8
0x3efe69ad	0x3e99999a	0x3f000000	0x3faa3722	0xb7213ad8	0x3e3851ec	0x3f7ffc80	0x3faa34ce
0x3efe76c9	0x3e99999a	0x3f000000	0x3faa3722	0xb716fe7a	0x3e3851ec	0x3f7ffcb9	0x3faa34f4
0x3efe83e4	0x3e99999a	0x3f000000	0x3faa3722	0xb70d18c9	0x3e3851ec	0x3f7ffcf0	0x3faa3519
0x3efe9100	0x3e99999a	0x3f000000	0x3faa3722	0xb7038840	0x3e3851ec	0x3f7ffd25	0x3faa353c
0x3efe9e1b	0x3e99999a	0x3f000000	0x3faa3722	0xb6f49cab	0x3e3851ec	0x3f7ffd59	0x3faa355f
0x3efeab36	0x3e99999a	0x3f000000	0x3faa3722	0xb6e2d498	0x3e3851ec	0x3f7ffd8a	0x3faa357f
0x3efeb852	0x3e99999a	0x3f000000	0x3faa3722	0xb6d1b6fd	0x3e3851ec	0x3f7ffdb9	0x3faa359e
0x3efec56d	0x3e99999a	0x3f000000	0x3faa3722	0xb6c14678	0x3e3851ec	0x3f7ffde7	0x3faa35bd
0x3efed289	0x3e99999a	0x3f000000	0x3faa3722	0xb6b18087	0x3e3851ec	0x3f7ffe13	0x3faa35da
0x3efedfa4	0x3e99999a	0x3f000000	0x3faa3722	0xb6a26791	0x3e3851ec	0x3f7ffe3d	0x3faa35f6
0x3efeecc0	0x3e99999a	0x3f000000	0x3faa3722	0xb693f948	0x3e3851ec	0x3f7ffe65	0x3faa3611
0x3efef9db	0x3e99999a	0x3f000000	0x3faa3722	0xb68637e1	0x3e3851ec	0x3f7ffe8b	0x3faa362a
0x3eff06f7	0x3e99999a	0x3f000000	0x3faa3722	0xb6724282	0x3e3851ec	0x3f7ffeb0	0x3faa3643
0x3eff1412	0x3e99999a	0x3f000000	0x3faa3722	0xb6596ed1	0x3e3851ec	0x3f7ffed2	0x3faa3659
0x3eff212d	0x3e99999a	0x3f000000	0x3faa3722	0xb641f2a2	0x3e3851ec	0x3f7ffef3	0x3faa366f
0x3eff2e49	0x3e99999a	0x3f000000	0x3faa3722	0xb62bcc51	0x3e3851ec	0x3f7fff11	0x3faa3683
0x3eff3b64	0x3e99999a	0x3f000000	0x3faa3722	0xb616ff3f	0x3e3851ec	0x3f7fff2e	0x3faa3696
0x3eff4880	0x3e99999a	0x3f000000	0x3faa3722	0xb6038840	0x3e3851ec	0x3f7fff49	0x3faa36a8
0x3eff559b	0x3e99999a	0x3f000000	0x3faa3722	0xb5e2d498	0x3e3851ec	0x3f7fff62	0x3faa36b9
0x3eff62b7	0x3e99999a	0x3f000000	0x3faa3722	0xb5c1453e	0x3e3851ec	0x3f7fff7a	0x3faa36c9
0x3eff6fd2	0x3e99999a	0x3f000000	0x3faa3722	0xb5a26791	0x3e3851ec	0x3f7fff8f	0x3faa36d7
0x3eff7cee	0x3e99999a	0x3f000000	0x3faa3722	0xb58636db	0x3e3851ec	0x3f7fffa3	0x3faa36e4
0x3eff8a09	0x3e99999a	0x3f000000	0x3faa3722	0xb5596ed1	0x3e3851ec	0x3f7fffb5	0x3faa36f0
0x3eff9724	0x3e99999a	0x3f000000	0x3faa3722	0xb52bcdf4	0x3e3851ec	0x3f7fffc4	0x3faa36fa
0x3effa440	0x3e99999a	0x3f000000	0x3faa3722	0xb5038840	0x3e3851ec	0x3f7fffd2	0x3faa3703
0x3effb15b	0x3e99999a	0x3f000000	0x3faa3722	0xb4c147b3	0x3e3851ec	0x3f7fffde	0x3faa370b
0x3effbe77	0x3e99999a	0x3f000000	0x3faa3722	0xb48636db	0x3e3851ec	0x3f7fffe9	0x3faa3713
0x3effcb92	0x3e99999a	0x3f000000	0x3faa3722	0xb42bcdf4	0x3e3851ec	0x3f7ffff1	0x3faa3718
0x3effd8ae	0x3e99999a	0x3f000000	0x3faa3722	0xb3c142c8	0x3e3851ec	0x3f7ffff8	0x3faa371d
0x3effe5c9	0x3e99999a	0x3f000000	0x3faa3722	0xb32bcdf4	0x3e3851ec	0x3f7ffffc	0x3faa371f
0x3efff2e5	0x3e99999a	0x3f000000	0x3faa3722	0xb22bc0d9	0x3e3851ec	0x3f7fffff	0x3faa3721
0x3f000000	0x3e99999a	0x3f000000	0x3faa3722	0x80000000	0x3e3851ec	0x3f800000	0x3faa3722
0x3f00068e	0x3e99999a	0x3f000000	0x3faa3722	0xb22bdb10	0x3e3851ec	0x3f7fffff	0x3faa3721
0x3f000d1b	0x3e99999a	0x3f000000	0x3faa3722	0xb32bc0d9	0x3e3851ec	0x3f7ffffc	0x3faa371f
0x3f0013a9	0x3e99999a	0x3f000000	0x3faa3722	0xb3c142c8	0x3e3851ec	0x3f7ffff8	0x3faa371d
0x3f001a37	0x3e99999a	0x3f000000	0x3faa3722	0xb42bcdf4	0x3e3851ec	0x3f7ffff1	0x3faa3718
0x3f0020c5	0x3e99999a	0x3f000000	0x3faa3722	0xb4863af3	0x3e3851ec	0x3f7fffe9	0x3faa3713
0x3f002752	0x3e99999a	0x3f000000	0x3faa3722	0xb4c142c8	0x3e3851ec	0x3f7fffde	0x3faa370b
0x3f002de0	0x3e99999a	0x3f000000	0x3faa3722	0xb5038840	0x3e3851ec	0x3f7fffd2	0x3faa3703
0x3f00346e	0x3e99999a	0x3f000000	0x3faa3722	0xb52bcdf4	0x3e3851ec	0x3f7fffc4	0x3faa36fa
0x3f003afb	0x3e99999a	0x3f000000	0x3faa3722	0xb5596b22	0x3e3851ec	0x3f7fffb5	0x3faa36f0
0x3f004189	0x3e99999a	0x3f000000	0x3faa3722	0xb58636db	0x3e3851ec	0x3f7fffa3	0x3faa36e4
0x3f004817	0x3e99999a	0x3f000000	0x3faa3722	0xb5a26791	0x3e3851ec	0x3f7fff8f	0x3faa36d7
0x3f004ea5	0x3e99999a	0x3f000000	0x3faa3722	0xb5c147b3	0x3e3851ec	0x3f7fff7a	0x3faa36c9
0x3f005532	0x3e99999a	0x3f000000	0x3faa3722	0xb5e2d1ee	0x3e3851ec	0x3f7fff62	0x3faa36b9
0x3f005bc0	0x3e99999a	0x3f000000	0x3faa3722	0xb6038840	0x3e3851ec	0x3f7fff49	0x3faa36a8
0x3f00624e	0x3e99999a	0x3f000000	0x3faa3722	0xb616ff3f	0x3e3851ec	0x3f7fff2e	0x3faa3696
0x3f0068dc	0x3e99999a	0x3f000000	0x3faa3722	0xb62bcdf4	0x3e3851ec	0x3f7fff11	0x3faa3683
0x3f006f69	0x3e99999a	0x3f000000	0x3faa3722	0xb641f0e4	0x3e3851ec	0x3f7ffef3	0x3faa366f
0x3f0075f7	0x3e99999a	0x3f000000	0x3faa3722	0xb6596ed1	0x3e3851ec	0x3f7ffed2	0x3faa3659
0x3f007c85	0x3e99999a	0x3f000000	0x3faa3722	0xb6724474	0x3e3851ec	0x3f7ffeb0	0x3faa3643
0x3f008312	0x3e99999a	0x3f000000	0x3faa3722	0xb68636db	0x3e3851ec	0x3f7ffe8b	0x3faa362a
0x3f0089a0	0x3e99999a	0x3f000000	0x3faa3722	0xb693f948	0x3e3851ec	0x3f7ffe65	0x3faa3611
0x3f00902e	0x3e99999a	0x3f000000	0x3faa3722	0xb6a26791	0x3e3851ec	0x3f7ffe3d	0x3faa35f6
0x3f0096bc	0x3e99999a	0x3f000000	0x3faa3722	0xb6b181b4	0x3e3851ec	0x3f7ffe13	0x3faa35da
0x3f009d49	0x3e99999a	0x3f000000	0x3faa3722	0xb6c1453e	0x3e3851ec	0x3f7ffde7	0x3faa35bd
0x3f00a3d7	0x3e99999a	0x3f000000	0x3faa3722	0xb6d1b6fd	0x3e3851ec	0x3f7ffdb9	0x3faa359e
0x3f00aa65	0x3e99999a	0x3f000000	0x3faa3722	0xb6e2d498	0x3e3851ec	0x3f7ffd8a	0x3faa357f
0x3f00b0f2	0x3e99999a	0x3f000000	0x3faa3722	0xb6f49b4a	0x3e3851ec	0x3f7ffd59	0x3faa355f
0x3f00b780	0x3e99999a	0x3f000000	0x3faa3722	0xb7038840	0x3e3851ec	0x3f7ffd25	0x3faa353c
0x3f00be0e	0x3e99999a	0x3f000000	0x3faa3722	0xb70d18c9	0x3e3851ec	0x3f7ffcf0	0x3faa3519
0x3f00c49c	0x3e99999a	0x3f000000	0x3faa3722	0xb716ff3f	0x3e3851ec	0x3f7ffcb9	0x3faa34f4
0x3f00cb29	0x3e99999a	0x3f000000	0x3faa3722	0xb7213a0d	0x3e3851ec	0x3f7ffc80	0x3faa34ce
0x3f00d1b7	0x3e99999a	0x3f000000	0x3faa3722	0xb72bcc51	0x3e3851ec	0x3f7ffc46	0x3faa34a8
0x3f00d845	0x3e99999a	0x3f000000	0x3faa3722	0xb736b483	0x3e3851ec	0x3f7ffc09	0x3faa347f
0x3f00ded3	0x3e99999a	0x3f000000	0x3faa3722	0xb741f2a2	0x3e3851ec	0x3f7ffbcb	0x3faa3456
0x3f00e560	0x3e99999a	0x3f000000	0x3faa3722	0xb74d84e4	0x3e3851ec	0x3f7ffb8a	0x3faa342b
0x3f00ebee	0x3e99999a	0x3f000000	0x3faa3722	0xb7596ed1	0x3e3851ec	0x3f7ffb48	0x3faa33ff
0x3f00f27c	0x3e99999a	0x3f000000	0x3faa3722	0xb765aeac	0x3e3851ec	0x3f7ffb04	0x3faa33d2
0x3f00f909	0x3e99999a	0x3f000000	0x3faa3722	0xb7724282	0x3e3851ec	0x3f7ffabe	0x3faa33a3
0x3f00ff97	0x3e99999a	0x3f000000	0x3faa3722	0xb77f2e2b	0x3e3851ec	0x3f7ffa76	0x3faa3373
0x3f010625	0x3e99999a	0x3f000000	0x3faa3722	0xb78637e1	0x3e3851ec	0x3f7ffa2d	0x3faa3343
0x3f010cb3	0x3e99999a	0x3f000000	0x3faa3722	0xb78d03a3	0x3e3851ec	0x3f7ff9e1	0x3faa3310
0x3f011340	0x3e99999a	0x3f000000	0x3faa3722	0xb793f948	0x3e3851ec	0x3f7ff994	0x3faa32dd
0x3f0119ce	0x3e99999a	0x3f000000	0x3faa3722	0xb79b1af1	0x3e3851ec	0x3f7ff945	0x3faa32a8
0x3f01205c	0x3e99999a	0x3f000000	0x3faa3722	0xb7a26791	0x3e3851ec	0x3f7ff8f4	0x3faa3273
0x3f0126e9	0x3e99999a	0x3f000000	0x3faa3722	0xb7a9de00	0x3e3851ec	0x3f7ff8a1	0x3faa323b
0x3f012d77	0x3e99999a	0x3f000000	0x3faa3722	0xb7b18087	0x3e3851ec	0x3f7ff84c	0x3faa3203
0x3f013405	0x3e99999a	0x3f000000	0x3faa3722	0xb7b94e04	0x3e3851ec	0x3f7ff7f5	0x3faa31c9
0x3f013a93	0x3e99999a	0x3f000000	0x3faa3722	0xb7c14678	0x3e3851ec	0x3f7ff79d	0x3faa318e
0x3f014120	0x3e99999a	0x3f000000	0x3faa3722	0xb7c968a2	0x3e3851ec	0x3f7ff742	0x3faa3152
0x3f0147ae	0x3e99999a	0x3f000000	0x3faa3722	0xb7d1b6fd	0x3e3851ec	0x3f7ff6e6	0x3faa3115
0x3f014e3c	0x3e99999a	0x3f000000	0x3faa3722	0xb7da304f	0x3e3851ec	0x3f7ff688	0x3faa30d6
0x3f0154ca	0x3e99999a	0x3f000000	0x3faa3722	0xb7e2d498	0x3e3851ec	0x3f7ff628	0x3faa3096
0x3f015b57	0x3e99999a	0x3f000000	0x3faa3722	0xb7eba27c	0x3e3851ec	0x3f7ff5c6	0x3faa3055
0x3f0161e5	0x3e99999a	0x3f000000	0x3faa3722	0xb7f49cab	0x3e3851ec	0x3f7ff562	0x3faa3013
0x3f016873	0x3e99999a	0x3f000000	0x3faa3722	0xb7fdc1d2	0x3e3851ec	0x3f7ff4fd	0x3faa2fd0
0x3f016f00	0x3e99999a	0x3f000000	0x3faa3722	0xb8038840	0x3e3851ec	0x3f7ff495	0x3faa2f8a
0x3f01758e	0x3e99999a	0x3f000000	0x3faa3722	0xb80845c7	0x3e3851ec	0x3f7ff42c	0x3faa2f45
0x3f017c1c	0x3e99999a	0x3f000000	0x3faa3722	0xb80d18c9	0x3e3851ec	0x3f7ff3c1	0x3faa2efe
0x3f0182aa	0x3e99999a	0x3f000000	0x3faa3722	0xb8120146	0x3e3851ec	0x3f7ff354	0x3faa2eb5
0x3f018937	0x3e99999a	0x3f000000	0x3faa3722	0xb816fe7a	0x3e3851ec	0x3f7ff2e5	0x3faa2e6b
0x3f018fc5	0x3e99999a	0x3f000000	0x3faa3722	0xb81c11eb	0x3e3851ec	0x3f7ff274	0x3faa2e20
0x3f019653	0x3e99999a	0x3f000000	0x3faa3722	0xb8213ad8	0x3e3851ec	0x3f7ff201	0x3faa2dd4
0x3f019ce0	0x3e99999a	0x3f000000	0x3faa3722	0xb8267871	0x3e3851ec	0x3f7ff18d	0x3faa2d87
0x3f01a36e	0x3e99999a	0x3f000000	0x3faa3722	0xb82bcc51	0x3e3851ec	0x3f7ff117	0x3faa2d38
0x3f01a9fc	0x3e99999a	0x3f000000	0x3faa3722	0xb83135ac	0x3e3851ec	0x3f7ff09e	0x3faa2ce8
0x3f01b08a	0x3e99999a	0x3f000000	0x3faa3722	0xb836b483	0x3e3851ec	0x3f7ff024	0x3faa2c96
0x3f01b717	0x3e99999a	0x3f000000	0x3faa3722	0xb83c47f9	0x3e3851ec	0x3f7fefa8	0x3faa2c44
0x3f01bda5	0x3e99999a	0x3f000000	0x3faa3722	0xb841f1c3	0x3e3851ec	0x3f7fef2b	0x3faa2bf1
0x3f01c433	0x3e99999a	0x3f000000	0x3faa3722	0xb847b109	0x3e3851ec	0x3f7feeab	0x3faa2b9c
0x3f01cac1	0x3e99999a	0x3f000000	0x3faa3722	0xb84d85c9	0x3e3851ec	0x3f7fee29	0x3faa2b45
0x3f01d14e	0x3e99999a	0x3f000000	0x3faa3722	0xb8536f1d	0x3e3851ec	0x3f7feda6	0x3faa2aee
0x3f01d7dc	0x3e99999a	0x3f000000	0x3faa3722	0xb8596ed1	0x3e3851ec	0x3f7fed21	0x3faa2a96
0x3f01de6a	0x3e99999a	0x3f000000	0x3faa3722	0xb85f8401	0x3e3851ec	0x3f7fec9a	0x3faa2a3c
0x3f01e4f7	0x3e99999a	0x3f000000	0x3faa3722	0xb865adba	0x3e3851ec	0x3f7fec11	0x3faa29e1
0x3f01eb85	0x3e99999a	0x3f000000	0x3faa3722	0xb86beddd	0x3e3851ec	0x3f7feb86	0x3faa2985
0x3f01f213	0x3e99999a	0x3f000000	0x3faa3722	0xb872437b	0x3e3851ec	0x3f7feaf9	0x3faa2927
0x3f01f8a1	0x3e99999a	0x3f000000	0x3faa3722	0xb878ae95	0x3e3851ec	0x3f7fea6b	0x3faa28c8
0x3f01ff2e	0x3e99999a	0x3f000000	0x3faa3722	0xb87f2e2b	0x3e3851ec	0x3f7fe9da	0x3faa2868
0x3f0205bc	0x3e99999a	0x3f000000	0x3faa3722	0xb882e21c	0x3e3851ec	0x3f7fe948	0x3faa2807
0x3f020c4a	0x3e99999a	0x3f000000	0x3faa3722	0xb88637e1	0x3e3851ec	0x3f7fe8b4	0x3faa27a5
0x3f0212d7	0x3e99999a	0x3f000000	0x3faa3722	0xb88997de	0x3e3851ec	0x3f7fe81e	0x3faa2741
0x3f021965	0x3e99999a	0x3f000000	0x3faa3722	0xb88d031c	0x3e3851ec	0x3f7fe786	0x3faa26dc
0x3f021ff3	0x3e99999a	0x3f000000	0x3faa3722	0xb8907918	0x3e3851ec	0x3f7fe6ec	0x3faa2675
0x3f022681	0x3e99999a	0x3f000000	0x3faa3722	0xb893f9d2	0x3e3851ec	0x3f7fe651	0x3faa260e
0x3f022d0e	0x3e99999a	0x3f000000	0x3faa3722	0xb89784be	0x3e3851ec	0x3f7fe5b3	0x3faa25a5
0x3f02339c	0x3e99999a	0x3f000000	0x3faa3722	0xb89b1af1	0x3e3851ec	0x3f7fe514	0x3faa253b
0x3f023a2a	0x3e99999a	0x3f000000	0x3faa3722	0xb89ebbe2	0x3e3851ec	0x3f7fe473	0x3faa24d0
0x3f0240b8	0x3e99999a	0x3f000000	0x3faa3722	0xb8a26791	0x3e3851ec	0x3f7fe3d0	0x3faa2464
0x3f024745	0x3e99999a	0x3f000000	0x3faa3722	0xb8a61d6b	0x3e3851ec	0x3f7fe32b	0x3faa23f6
0x3f024dd3	0x3e99999a	0x3f000000	0x3faa3722	0xb8a9de93	0x3e3851ec	0x3f7fe284	0x3faa2387
0x3f025461	0x3e99999a	0x3f000000	0x3faa3722	0xb8adaa7a	0x3e3851ec	0x3f7fe1db	0x3faa2317
0x3f025aee	0x3e99999a	0x3f000000	0x3faa3722	0xb8b18087	0x3e3851ec	0x3f7fe131	0x3faa22a6
0x3f02617c	0x3e99999a	0x3f000000	0x3faa3722	0xb8b561e7	0x3e3851ec	0x3f7fe084	0x3faa2233
0x3f02680a	0x3e99999a	0x3f000000	0x3faa3722	0xb8b94e04	0x3e3851ec	0x3f7fdfd6	0x3faa21bf
0x3f026e98	0x3e99999a	0x3f000000	0x3faa3722	0xb8bd44df	0x3e3851ec	0x3f7fdf26	0x3faa214a
0x3f027525	0x3e99999a	0x3f000000	0x3faa3722	0xb8c145db	0x3e3851ec	0x3f7fde74	0x3faa20d4
0x3f027bb3	0x3e99999a	0x3f000000	0x3faa3722	0xb8c55230	0x3e3851ec	0x3f7fddc0	0x3faa205c
0x3f028241	0x3e99999a	0x3f000000	0x3faa3722	0xb8c96943	0x3e3851ec	0x3f7fdd0b	0x3faa1fe4
0x3f0288ce	0x3e99999a	0x3f000000	0x3faa3722	0xb8cd8a71	0x3e3851ec	0x3f7fdc53	0x3faa1f69
0x3f028f5c	0x3e99999a	0x3f000000	0x3faa3722	0xb8d1b6fd	0x3e3851ec	0x3f7fdb9a	0x3faa1eee
0x3f0295ea	0x3e99999a	0x3f000000	0x3faa3722	0xb8d5ee47	0x3e3851ec	0x3f7fdadf	0x3faa1e72
0x3f029c78	0x3e99999a	0x3f000000	0x3faa3722	0xb8da304f	0x3e3851ec	0x3f7fda22	0x3faa1df4
0x3f02a305	0x3e99999a	0x3f000000	0x3faa3722	0xb8de7c6c	0x3e3851ec	0x3f7fd963	0x3faa1d75
0x3f02a993	0x3e99999a	0x3f000000	0x3faa3722	0xb8e2d3ed	0x3e3851ec	0x3f7fd8a2	0x3faa1cf5
0x3f02b021	0x3e99999a	0x3f000000	0x3faa3722	0xb8e7362d	0x3e3851ec	0x3f7fd7df	0x3faa1c73
0x3f02b6ae	0x3e99999a	0x3f000000	0x3faa3722	0xb8eba27c	0x3e3851ec	0x3f7fd71b	0x3faa1bf1
0x3f02bd3c	0x3e99999a	0x3f000000	0x3faa3722	0xb8f01a35	0x3e3851ec	0x3f7fd654	0x3faa1b6d
0x3f02c3ca	0x3e99999a	0x3f000000	0x3faa3722	0xb8f49cab	0x3e3851ec	0x3f7fd58c	0x3faa1ae8
0x3f02ca58	0x3e99999a	0x3f000000	0x3faa3722	0xb8f929e0	0x3e3851ec	0x3f7fd4c2	0x3faa1a62
0x3f02d0e5	0x3e99999a	0x3f000000	0x3faa3722	0xb8fdc11e	0x3e3851ec	0x3f7fd3f6	0x3faa19da
0x3f02d773	0x3e99999a	0x3f000000	0x3faa3722	0xb90131e6	0x3e3851ec	0x3f7fd328	0x3faa1951
0x3f02de01	0x3e99999a	0x3f000000	0x3faa3722	0xb903889c	0x3e3851ec	0x3f7fd258	0x3faa18c7
0x3f02e48f	0x3e99999a	0x3f000000	0x3faa3722	0xb905e4b0	0x3e3851ec	0x3f7fd187	0x3faa183c
0x3f02eb1c	0x3e99999a	0x3f000000	0x3faa3722	0xb90845c7	0x3e3851ec	0x3f7fd0b3	0x3faa17af
0x3f02f1aa	0x3e99999a	0x3f000000	0x3faa3722	0xb90aac98	0x3e3851ec	0x3f7fcfde	0x3faa1721
0x3f02f838	0x3e99999a	0x3f000000	0x3faa3722	0xb90d18c9	0x3e3851ec	0x3f7fcf07	0x3faa1692
0x3f02fec5	0x3e99999a	0x3f000000	0x3faa3722	0xb90f89f8	0x3e3851ec	0x3f7fce2e	0x3faa1602
0x3f030553	0x3e99999a	0x3f000000	0x3faa3722	0xb91200e6	0x3e3851ec	0x3f7fcd53	0x3faa1570
0x3f030be1	0x3e99999a	0x3f000000	0x3faa3722	0xb9147d32	0x3e3851ec	0x3f7fcc76	0x3faa14dd
0x3f03126f	0x3e99999a	0x3f000000	0x3faa3722	0xb916fedd	0x3e3851ec	0x3f7fcb98	0x3faa144a
0x3f0318fc	0x3e99999a	0x3f000000	0x3faa3722	0xb9198584	0x3e3851ec	0x3f7fcab7	0x3faa13b4
0x3f031f8a	0x3e99999a	0x3f000000	0x3faa3722	0xb91c11eb	0x3e3851ec	0x3f7fc9d5	0x3faa131e
0x3f032618	0x3e99999a	0x3f000000	0x3faa3722	0xb91ea3b2	0x3e3851ec	0x3f7fc8f1	0x3faa1286
0x3f032ca5	0x3e99999a	0x3f000000	0x3faa3722	0xb9213a72	0x3e3851ec	0x3f7fc80b	0x3faa11ed
0x3f033333	0x3e99999a	0x3f000000	0x3faa3722	0xb923d6f6	0x3e3851ec	0x3f7fc723	0x3faa1153
0x3f0339c1	0x3e99999a	0x3f000000	0x3faa3722	0xb92678d8	0x3e3851ec	0x3f7fc639	0x3faa10b7
0x3f03404f	0x3e99999a	0x3f000000	0x3faa3722	0xb929201a	0x3e3851ec	0x3f7fc54d	0x3faa101a
0x3f0346dc	0x3e99999a	0x3f000000	0x3faa3722	0xb92bcc51	0x3e3851ec	0x3f7fc460	0x3faa0f7d
0x3f034d6a	0x3e99999a	0x3f000000	0x3faa3722	0xb92e7e4f	0x3e3851ec	0x3f7fc371	0x3faa0ede
0x3f0353f8	0x3e99999a	0x3f000000	0x3faa3722	0xb93135ac	0x3e3851ec	0x3f7fc27f	0x3faa0e3d
0x3f035a86	0x3e99999a	0x3f000000	0x3faa3722	0xb933f268	0x3e3851ec	0x3f7fc18c	0x3faa0d9c
0x3f036113	0x3e99999a	0x3f000000	0x3faa3722	0xb936b416	0x3e3851ec	0x3f7fc098	0x3faa0cf9
0x3f0367a1	0x3e99999a	0x3f000000	0x3faa3722	0xb9397b8f	0x3e3851ec	0x3f7fbfa1	0x3faa0c55
0x3f036e2f	0x3e99999a	0x3f000000	0x3faa3722	0xb93c4867	0x3e3851ec	0x3f7fbea8	0x3faa0baf
0x3f0374bc	0x3e99999a	0x3f000000	0x3faa3722	0xb93f1a2f	0x3e3851ec	0x3f7fbdae	0x3faa0b09
0x3f037b4a	0x3e99999a	0x3f000000	0x3faa3722	0xb941f1c3	0x3e3851ec	0x3f7fbcb1	0x3faa0a61
0x3f0381d8	0x3e99999a	0x3f000000	0x3faa3722	0xb944ceb6	0x3e3851ec	0x3f7fbbb3	0x3faa09b8
0x3f038866	0x3e99999a	0x3f000000	0x3faa3722	0xb947b109	0x3e3851ec	0x3f7fbab3	0x3faa090e
0x3f038ef3	0x3e99999a	0x3f000000	0x3faa3722	0xb94a9848	0x3e3851ec	0x3f7fb9b1	0x3faa0862
0x3f039581	0x3e99999a	0x3f000000	0x3faa3722	0xb94d8557	0x3e3851ec	0x3f7fb8ad	0x3faa07b6
0x3f039c0f	0x3e99999a	0x3f000000	0x3faa3722	0xb95077c5	0x3e3851ec	0x3f7fb7a8	0x3faa0708
0x3f03a29c	0x3e99999a	0x3f000000	0x3faa3722	0xb9536f1d	0x3e3851ec	0x3f7fb6a0	0x3faa0658
0x3f03a92a	0x3e99999a	0x3f000000	0x3faa3722	0xb9566c48	0x3e3851ec	0x3f7fb597	0x3faa05a8
0x3f03afb8	0x3e99999a	0x3f000000	0x3faa3722	0xb9596ed1	0x3e3851ec	0x3f7fb48c	0x3faa04f7
0x3f03b646	0x3e99999a	0x3f000000	0x3faa3722	0xb95c76ba	0x3e3851ec	0x3f7fb37f	0x3faa0444
0x3f03bcd3	0x3e99999a	0x3f000000	0x3faa3722	0xb95f8389	0x3e3851ec	0x3f7fb270	0x3faa0390
0x3f03c361	0x3e99999a	0x3f000000	0x3faa3722	0xb962962f	0x3e3851ec	0x3f7fb15f	0x3faa02da
0x3f03c9ef	0x3e99999a	0x3f000000	0x3faa3722	0xb965ae33	0x3e3851ec	0x3f7fb04c	0x3faa0223
0x3f03d07d	0x3e99999a	0x3f000000	0x3faa3722	0xb968cb96	0x3e3851ec	0x3f7faf38	0x3faa016c
0x3f03d70a	0x3e99999a	0x3f000000	0x3faa3722	0xb96beddd	0x3e3851ec	0x3f7fae22	0x3faa00b3
0x3f03dd98	0x3e99999a	0x3f000000	0x3faa3722	0xb96f15fd	0x3e3851ec	0x3f7fad09	0x3fa9fff8
0x3f03e426	0x3e99999a	0x3f000000	0x3faa3722	0xb972437b	0x3e3851ec	0x3f7fabef	0x3fa9ff3d
0x3f03eab3	0x3e99999a	0x3f000000	0x3faa3722	0xb97575dc	0x3e3851ec	0x3f7faad3	0x3fa9fe80
0x3f03f141	0x3e99999a	0x3f000000	0x3faa3722	0xb978ae17	0x3e3851ec	0x3f7fa9b6	0x3fa9fdc2
0x3f03f7cf	0x3e99999a	0x3f000000	0x3faa3722	0xb97bebb2	0x3e3851ec	0x3f7fa896	0x3fa9fd03
0x3f03fe5d	0x3e99999a	0x3f000000	0x3faa3722	0xb97f2eab	0x3e3851ec	0x3f7fa774	0x3fa9fc42
0x3f0404ea	0x3e99999a	0x3f000000	0x3faa3722	0xb9813b41	0x3e3851ec	0x3f7fa651	0x3fa9fb80
0x3f040b78	0x3e99999a	0x3f000000	0x3faa3722	0xb982e21c	0x3e3851ec	0x3f7fa52c	0x3fa9fabe
0x3f041206	0x3e99999a	0x3f000000	0x3faa3722	0xb9848ba7	0x3e3851ec	0x3f7fa405	0x3fa9f9fa
0x3f041893	0x3e99999a	0x3f000000	0x3faa3722	0xb986379f	0x3e3851ec	0x3f7fa2dc	0x3fa9f934
0x3f041f21	0x3e99999a	0x3f000000	0x3faa3722	0xb987e688	0x3e3851ec	0x3f7fa1b1	0x3fa9f86d
0x3f0425af	0x3e99999a	0x3f000000	0x3faa3722	0xb9899820	0x3e3851ec	0x3f7fa085	0x3fa9f7a6
0x3f042c3d	0x3e99999a	0x3f000000	0x3faa3722	0xb98b4c68	0x3e3851ec	0x3f7f9f56	0x3fa9f6dc
0x3f0432ca	0x3e99999a	0x3f000000	0x3faa3722	0xb98d031c	0x3e3851ec	0x3f7f9e26	0x3fa9f612
0x3f043958	0x3e99999a	0x3f000000	0x3faa3722	0xb98ebcc2	0x3e3851ec	0x3f7f9cf4	0x3fa9f547
0x3f043fe6	0x3e99999a	0x3f000000	0x3faa3722	0xb9907918	0x3e3851ec	0x3f7f9bc0	0x3fa9f47a
0x3f044674	0x3e99999a	0x3f000000	0x3faa3722	0xb992381d	0x3e3851ec	0x3f7f9a8a	0x3fa9f3ac
0x3f044d01	0x3e99999a	0x3f000000	0x3faa3722	0xb993f98d	0x3e3851ec	0x3f7f9952	0x3fa9f2dc
0x3f04538f	0x3e99999a	0x3f000000	0x3faa3722	0xb995bdf0	0x3e3851ec	0x3f7f9818	0x3fa9f20c
0x3f045a1d	0x3e99999a	0x3f000000	0x3faa3722	0xb9978503	0x3e3851ec	0x3f7f96dd	0x3fa9f13a
0x3f0460aa	0x3e99999a	0x3f000000	0x3faa3722	0xb9994e80	0x3e3851ec	0x3f7f95a0	0x3fa9f067
0x3f046738	0x3e99999a	0x3f000000	0x3faa3722	0xb99b1af1	0x3e3851ec	0x3f7f9460	0x3fa9ef93
0x3f046dc6	0x3e99999a	0x3f000000	0x3faa3722	0xb99cea12	0x3e3851ec	0x3f7f931f	0x3fa9eebd
0x3f047454	0x3e99999a	0x3f000000	0x3faa3722	0xb99ebbe2	0x3e3851ec	0x3f7f91dc	0x3fa9ede6
0x3f047ae1	0x3e99999a	0x3f000000	0x3faa3722	0xb9a0901a	0x3e3851ec	0x3f7f9098	0x3fa9ed0f
0x3f04816f	0x3e99999a	0x3f000000	0x3faa3722	0xb9a26748	0x3e3851ec	0x3f7f8f51	0x3fa9ec36
0x3f0487fd	0x3e99999a	0x3f000000	0x3faa3722	0xb9a44127	0x3e3851ec	0x3f7f8e09	0x3fa9eb5b
0x3f048e8a	0x3e99999a	0x3f000000	0x3faa3722	0xb9a61d6b	0x3e3851ec	0x3f7f8cbe	0x3fa9ea7f
0x3f049518	0x3e99999a	0x3f000000	0x3faa3722	0xb9a7fca8	0x3e3851ec	0x3f7f8b72	0x3fa9e9a3
0x3f049ba6	0x3e99999a	0x3f000000	0x3faa3722	0xb9a9de93	0x3e3851ec	0x3f7f8a24	0x3fa9e8c5
0x3f04a234	0x3e99999a	0x3f000000	0x3faa3722	0xb9abc32f	0x3e3851ec	0x3f7f88d4	0x3fa9e7e5
0x3f04a8c1	0x3e99999a	0x3f000000	0x3faa3722	0xb9adaa2f	0x3e3851ec	0x3f7f8783	0x3fa9e705
0x3f04af4f	0x3e99999a	0x3f000000	0x3faa3722	0xb9af9429	0x3e3851ec	0x3f7f862f	0x3fa9e623
0x3f04b5dd	0x3e99999a	0x3f000000	0x3faa3722	0xb9b180d2	0x3e3851ec	0x3f7f84da	0x3fa9e540
0x3f04bc6a	0x3e99999a	0x3f000000	0x3faa3722	0xb9b36fdf	0x3e3851ec	0x3f7f8382	0x3fa9e45c
0x3f04c2f8	0x3e99999a	0x3f000000	0x3faa3722	0xb9b561e7	0x3e3851ec	0x3f7f8229	0x3fa9e376
0x3f04c986	0x3e99999a	0x3f000000	0x3faa3722	0xb9b7569e	0x3e3851ec	0x3f7f80ce	0x3fa9e28f
0x3f04d014	0x3e99999a	0x3f000000	0x3faa3722	0xb9b94e04	0x3e3851ec	0x3f7f7f71	0x3fa9e1a7
0x3f04d6a1	0x3e99999a	0x3f000000	0x3faa3722	0xb9bb47cd	0x3e3851ec	0x3f7f7e13	0x3fa9e0bf
0x3f04dd2f	0x3e99999a	0x3f000000	0x3faa3722	0xb9bd4491	0x3e3851ec	0x3f7f7cb2	0x3fa9dfd4
0x3f04e3bd	0x3e99999a	0x3f000000	0x3faa3722	0xb9bf4406	0x3e3851ec	0x3f7f7b50	0x3fa9dee9
0x3f04ea4b	0x3e99999a	0x3f000000	0x3faa3722	0xb9c1462a	0x3e3851ec	0x3f7f79eb	0x3fa9ddfb
0x3f04f0d8	0x3e99999a	0x3f000000	0x3faa3722	0xb9c34aae	0x3e3851ec	0x3f7f7885	0x3fa9dd0d
0x3f04f766	0x3e99999a	0x3f000000	0x3faa3722	0xb9c55230	0x3e3851ec	0x3f7f771d	0x3fa9dc1e
0x3f04fdf4	0x3e99999a	0x3f000000	0x3faa3722	0xb9c75c62	0x3e3851ec	0x3f7f75b3	0x3fa9db2d
0x3f050481	0x3e99999a	0x3f000000	0x3faa3722	0xb9c968f2	0x3e3851ec	0x3f7f7448	0x3fa9da3c
0x3f050b0f	0x3e99999a	0x3f000000	0x3faa3722	0xb9cb7882	0x3e3851ec	0x3f7f72da	0x3fa9d948
0x3f05119d	0x3e99999a	0x3f000000	0x3faa3722	0xb9cd8ac2	0x3e3851ec	0x3f7f716b	0x3fa9d854
0x3f05182b	0x3e99999a	0x3f000000	0x3faa3722	0xb9cf9fb1	0x3e3851ec	0x3f7f6ffa	0x3fa9d75f
0x3f051eb8	0x3e99999a	0x3f000000	0x3faa3722	0xb9d1b6fd	0x3e3851ec	0x3f7f6e87	0x3fa9d668
0x3f052546	0x3e99999a	0x3f000000	0x3faa3722	0xb9d3d14a	0x3e3851ec	0x3f7f6d12	0x3fa9d570
0x3f052bd4	0x3e99999a	0x3f000000	0x3faa3722	0xb9d5ee47	0x3e3851ec	0x3f7f6b9b	0x3fa9d477
0x3f053261	0x3e99999a	0x3f000000	0x3faa3722	0xb9d80da0	0x3e3851ec	0x3f7f6a22	0x3fa9d37c
0x3f0538ef	0x3e99999a	0x3f000000	0x3faa3722	0xb9da2ffb	0x3e3851ec	0x3f7f68a8	0x3fa9d281
0x3f053f7d	0x3e99999a	0x3f000000	0x3faa3722	0xb9dc5506	0x3e3851ec	0x3f7f672c	0x3fa9d184
0x3f05460b	0x3e99999a	0x3f000000	0x3faa3722	0xb9de7cc0	0x3e3851ec	0x3f7f65ad	0x3fa9d086
0x3f054c98	0x3e99999a	0x3f000000	0x3faa3722	0xb9e0a6d5	0x3e3851ec	0x3f7f642d	0x3fa9cf86
0x3f055326	0x3e99999a	0x3f000000	0x3faa3722	0xb9e2d3ed	0x3e3851ec	0x3f7f62ab	0x3fa9ce86
0x3f0559b4	0x3e99999a	0x3f000000	0x3faa3722	0xb9e503b5	0x3e3851ec	0x3f7f6128	0x3fa9cd84
0x3f056042	0x3e99999a	0x3f000000	0x3faa3722	0xb9e7362d	0x3e3851ec	0x3f7f5fa2	0x3fa9cc81
0x3f0566cf	0x3e99999a	0x3f000000	0x3faa3722	0xb9e96afd	0x3e3851ec	0x3f7f5e1b	0x3fa9cb7d
0x3f056d5d	0x3e99999a	0x3f000000	0x3faa3722	0xb9eba2d3	0x3e3851ec	0x3f7f5c91	0x3fa9ca77
0x3f0573eb	0x3e99999a	0x3f000000	0x3faa3722	0xb9eddd58	0x3e3851ec	0x3f7f5b06	0x3fa9c970
0x3f057a78	0x3e99999a	0x3f000000	0x3faa3722	0xb9f01a35	0x3e3851ec	0x3f7f5979	0x3fa9c868
0x3f058106	0x3e99999a	0x3f000000	0x3faa3722	0xb9f25a18	0x3e3851ec	0x3f7f57ea	0x3fa9c75f
0x3f058794	0x3e99999a	0x3f000000	0x3faa3722	0xb9f49cab	0x3e3851ec	0x3f7f565a	0x3fa9c655
0x3f058e22	0x3e99999a	0x3f000000	0x3faa3722	0xb9f6e1ee	0x3e3851ec	0x3f7f54c7	0x3fa9c549
0x3f0594af	0x3e99999a	0x3f000000	0x3faa3722	0xb9f92986	0x3e3851ec	0x3f7f5333	0x3fa9c43d
0x3f059b3d	0x3e99999a	0x3f000000	0x3faa3722	0xb9fb7427	0x3e3851ec	0x3f7f519d	0x3fa9c32f
0x3f05a1cb	0x3e99999a	0x3f000000	0x3faa3722	0xb9fdc178	0x3e3851ec	0x3f7f5004	0x3fa9c21f
0x3f05a858	0x3e99999a	0x3f000000	0x3faa3722	0xba00088e	0x3e3851ec	0x3f7f4e6b	0x3fa9c10f
0x3f05aee6	0x3e99999a	0x3f000000	0x3faa3722	0xba0131e6	0x3e3851ec	0x3f7f4ccf	0x3fa9bffd
0x3f05b574	0x3e99999a	0x3f000000	0x3faa3722	0xba025c95	0x3e3851ec	0x3f7f4b31	0x3fa9beea
0x3f05bc02	0x3e99999a	0x3f000000	0x3faa3722	0xba03889c	0x3e3851ec	0x3f7f4992	0x3fa9bdd6
0x3f05c28f	0x3e99999a	0x3f000000	0x3faa3722	0xba04b5cc	0x3e3851ec	0x3f7f47f0	0x3fa9bcc0
0x3f05c91d	0x3e99999a	0x3f000000	0x3faa3722	0xba05e482	0x3e3851ec	0x3f7f464d	0x3fa9bba9
0x3f05cfab	0x3e99999a	0x3f000000	0x3faa3722	0xba071490	0x3e3851ec	0x3f7f44a8	0x3fa9ba91
0x3f05d639	0x3e99999a	0x3f000000	0x3faa3722	0xba0845f5	0x3e3851ec	0x3f7f4301	0x3fa9b978
0x3f05dcc6	0x3e99999a	0x3f000000	0x3faa3722	0xba097884	0x3e3851ec	0x3f7f4159	0x3fa9b85e
0x3f05e354	0x3e99999a	0x3f000000	0x3faa3722	0xba0aac98	0x3e3851ec	0x3f7f3fae	0x3fa9b742
0x3f05e9e2	0x3e99999a	0x3f000000	0x3faa3722	0xba0be205	0x3e3851ec	0x3f7f3e02	0x3fa9b626
0x3f05f06f	0x3e99999a	0x3f000000	0x3faa3722	0xba0d1899	0x3e3851ec	0x3f7f3c53	0x3fa9b507
0x3f05f6fd	0x3e99999a	0x3f000000	0x3faa3722	0xba0e50b5	0x3e3851ec	0x3f7f3aa3	0x3fa9b3e8
0x3f05fd8b	0x3e99999a	0x3f000000	0x3faa3722	0xba0f8a28	0x3e3851ec	0x3f7f38f1	0x3fa9b2c7
0x3f060419	0x3e99999a	0x3f000000	0x3faa3722	0xba10c4f3	0x3e3851ec	0x3f7f373d	0x3fa9b1a5
0x3f060aa6	0x3e99999a	0x3f000000	0x3faa3722	0xba1200e6	0x3e3851ec	0x3f7f3588	0x3fa9b083
0x3f061134	0x3e99999a	0x3f000000	0x3faa3722	0xba133e60	0x3e3851ec	0x3f7f33d0	0x3fa9af5e
0x3f0617c2	0x3e99999a	0x3f000000	0x3faa3722	0xba147d32	0x3e3851ec	0x3f7f3217	0x3fa9ae39
0x3f061e4f	0x3e99999a	0x3f000000	0x3faa3722	0xba15bd2a	0x3e3851ec	0x3f7f305c	0x3fa9ad12
0x3f0624dd	0x3e99999a	0x3f000000	0x3faa3722	0xba16feac	0x3e3851ec	0x3f7f2e9f	0x3fa9abea
0x3f062b6b	0x3e99999a	0x3f000000	0x3faa3722	0xba184184	0x3e3851ec	0x3f7f2ce0	0x3fa9aac1
0x3f0631f9	0x3e99999a	0x3f000000	0x3faa3722	0xba1985b5	0x3e3851ec	0x3f7f2b1f	0x3fa9a997
0x3f063886	0x3e99999a	0x3f000000	0x3faa3722	0xba1acb0c	0x3e3851ec	0x3f7f295d	0x3fa9a86c
0x3f063f14	0x3e99999a	0x3f000000	0x3faa3722	0xba1c11eb	0x3e3851ec	0x3f7f2798	0x3fa9a73e
0x3f0645a2	0x3e99999a	0x3f000000	0x3faa3722	0xba1d5a23	0x3e3851ec	0x3f7f25d2	0x3fa9a610
0x3f064c30	0x3e99999a	0x3f000000	0x3faa3722	0xba1ea3b2	0x3e3851ec	0x3f7f240a	0x3fa9a4e1
0x3f0652bd	0x3e99999a	0x3f000000	0x3faa3722	0xba1fee66	0x3e3851ec	0x3f7f2240	0x3fa9a3b1
0x3f06594b	0x3e99999a	0x3f000000	0x3faa3722	0xba213aa5	0x3e3851ec	0x3f7f2074	0x3fa9a27f
0x3f065fd9	0x3e99999a	0x3f000000	0x3faa3722	0xba22883b	0x3e3851ec	0x3f7f1ea6	0x3fa9a14c
0x3f066666	0x3e99999a	0x3f000000	0x3faa3722	0xba23d6f6	0x3e3851ec	0x3f7f1cd7	0x3fa9a018
0x3f066cf4	0x3e99999a	0x3f000000	0x3faa3722	0xba25273b	0x3e3851ec	0x3f7f1b06	0x3fa99ee3
0x3f067382	0x3e99999a	0x3f000000	0x3faa3722	0xba2678d8	0x3e3851ec	0x3f7f1932	0x3fa99dab
0x3f067a10	0x3e99999a	0x3f000000	0x3faa3722	0xba27cbcd	0x3e3851ec	0x3f7f175d	0x3fa99c74
0x3f06809d	0x3e99999a	0x3f000000	0x3faa3722	0xba291fe6	0x3e3851ec	0x3f7f1586	0x3fa99b3a
0x3f06872b	0x3e99999a	0x3f000000	0x3faa3722	0xba2a758a	0x3e3851ec	0x3f7f13ae	0x3fa99a01
0x3f068db9	0x3e99999a	0x3f000000	0x3faa3722	0xba2bcc85	0x3e3851ec	0x3f7f11d3	0x3fa998c5
0x3f069446	0x3e99999a	0x3f000000	0x3faa3722	0xba2d24a4	0x3e3851ec	0x3f7f0ff7	0x3fa99788
0x3f069ad4	0x3e99999a	0x3f000000	0x3faa3722	0xba2e7e4f	0x3e3851ec	0x3f7f0e18	0x3fa9964a
0x3f06a162	0x3e99999a	0x3f000000	0x3faa3722	0xba2fd952	0x3e3851ec	0x3f7f0c38	0x3fa9950b
0x3f06a7f0	0x3e99999a	0x3f000000	0x3faa3722	0xba3135ac	0x3e3851ec	0x3f7f0a56	0x3fa993ca
0x3f06ae7d	0x3e99999a	0x3f000000	0x3faa3722	0xba329329	0x3e3851ec	0x3f7f0873	0x3fa99289
0x3f06b50b	0x3e99999a	0x3f000000	0x3faa3722	0xba33f232	0x3e3851ec	0x3f7f068d	0x3fa99146
0x3f06bb99	0x3e99999a	0x3f000000	0x3faa3722	0xba355294	0x3e3851ec	0x3f7f04a5	0x3fa99001
0x3f06c227	0x3e99999a	0x3f000000	0x3faa3722	0xba36b44d	0x3e3851ec	0x3f7f02bc	0x3fa98ebc
0x3f06c8b4	0x3e99999a	0x3f000000	0x3faa3722	0xba381727	0x3e3851ec	0x3f7f00d1	0x3fa98d76
0x3f06cf42	0x3e99999a	0x3f000000	0x3faa3722	0xba397b8f	0x3e3851ec	0x3f7efee4	0x3fa98c2e
0x3f06d5d0	0x3e99999a	0x3f000000	0x3faa3722	0xba3ae14f	0x3e3851ec	0x3f7efcf5	0x3fa98ae5
0x3f06dc5d	0x3e99999a	0x3f000000	0x3faa3722	0xba3c4830	0x3e3851ec	0x3f7efb05	0x3fa9899b
0x3f06e2eb	0x3e99999a	0x3f000000	0x3faa3722	0xba3db09f	0x3e3851ec	0x3f7ef912	0x3fa9884f
0x3f06e979	0x3e99999a	0x3f000000	0x3faa3722	0xba3f1a66	0x3e3851ec	0x3f7ef71e	0x3fa98703
0x3f06f007	0x3e99999a	0x3f000000	0x3faa3722	0xba408585	0x3e3851ec	0x3f7ef527	0x3fa985b4
0x3f06f694	0x3e99999a	0x3f000000	0x3faa3722	0xba41f1c3	0x3e3851ec	0x3f7ef330	0x3fa98466
0x3f06fd22	0x3e99999a	0x3f000000	0x3faa3722	0xba435f91	0x3e3851ec	0x3f7ef136	0x3fa98316
0x3f0703b0	0x3e99999a	0x3f000000	0x3faa3722	0xba44ceb6	0x3e3851ec	0x3f7eef3a	0x3fa981c4
0x3f070a3d	0x3e99999a	0x3f000000	0x3faa3722	0xba463efb	0x3e3851ec	0x3f7eed3c	0x3fa98071
0x3f0710cb	0x3e99999a	0x3f000000	0x3faa3722	0xba47b0d0	0x3e3851ec	0x3f7eeb3d	0x3fa97f1d
0x3f071759	0x3e99999a	0x3f000000	0x3faa3722	0xba4923fc	0x3e3851ec	0x3f7ee93c	0x3fa97dc8
0x3f071de7	0x3e99999a	0x3f000000	0x3faa3722	0xba4a9881	0x3e3851ec	0x3f7ee738	0x3fa97c71
0x3f072474	0x3e99999a	0x3f000000	0x3faa3722	0xba4c0e23	0x3e3851ec	0x3f7ee534	0x3fa97b1a
0x3f072b02	0x3e99999a	0x3f000000	0x3faa3722	0xba4d8557	0x3e3851ec	0x3f7ee32d	0x3fa979c1
0x3f073190	0x3e99999a	0x3f000000	0x3faa3722	0xba4efde2	0x3e3851ec	0x3f7ee124	0x3fa97866
0x3f07381d	0x3e99999a	0x3f000000	0x3faa3722	0xba50778b	0x3e3851ec	0x3f7edf1a	0x3fa9770b
0x3f073eab	0x3e99999a	0x3f000000	0x3faa3722	0xba51f2c5	0x3e3851ec	0x3f7edd0e	0x3fa975af
0x3f074539	0x3e99999a	0x3f000000	0x3faa3722	0xba536f57	0x3e3851ec	0x3f7edaff	0x3fa97450
0x3f074bc7	0x3e99999a	0x3f000000	0x3faa3722	0xba54ed41	0x3e3851ec	0x3f7ed8ef	0x3fa972f1
0x3f075254	0x3e99999a	0x3f000000	0x3faa3722	0xba566c48	0x3e3851ec	0x3f7ed6de	0x3fa97191
0x3f0758e2	0x3e99999a	0x3f000000	0x3faa3722	0xba57ece1	0x3e3851ec	0x3f7ed4ca	0x3fa97030
0x3f075f70	0x3e99999a	0x3f000000	0x3faa3722	0xba596ed1	0x3e3851ec	0x3f7ed2b4	0x3fa96ecd
0x3f0765fe	0x3e99999a	0x3f000000	0x3faa3722	0xba5af21a	0x3e3851ec	0x3f7ed09d	0x3fa96d69
0x3f076c8b	0x3e99999a	0x3f000000	0x3faa3722	0xba5c767e	0x3e3851ec	0x3f7ece84	0x3fa96c04
0x3f077319	0x3e99999a	0x3f000000	0x3faa3722	0xba5dfc76	0x3e3851ec	0x3f7ecc69	0x3fa96a9d
0x3f0779a7	0x3e99999a	0x3f000000	0x3faa3722	0xba5f83c5	0x3e3851ec	0x3f7eca4c	0x3fa96936
0x3f078034	0x3e99999a	0x3f000000	0x3faa3722	0xba610c30	0x3e3851ec	0x3f7ec82e	0x3fa967cd
0x3f0786c2	0x3e99999a	0x3f000000	0x3faa3722	0xba62962f	0x3e3851ec	0x3f7ec60d	0x3fa96663
0x3f078d50	0x3e99999a	0x3f000000	0x3faa3722	0xba642185	0x3e3851ec	0x3f7ec3eb	0x3fa964f8
0x3f0793de	0x3e99999a	0x3f000000	0x3faa3722	0xba65ae33	0x3e3851ec	0x3f7ec1c6	0x3fa9638b
0x3f079a6b	0x3e99999a	0x3f000000	0x3faa3722	0xba673bfc	0x3e3851ec	0x3f7ebfa0	0x3fa9621d
0x3f07a0f9	0x3e99999a	0x3f000000	0x3faa3722	0xba68cb59	0x3e3851ec	0x3f7ebd79	0x3fa960af
0x3f07a787	0x3e99999a	0x3f000000	0x3faa3722	0xba6a5c0e	0x3e3851ec	0x3f7ebb4f	0x3fa95f3f
0x3f07ae14	0x3e99999a	0x3f000000	0x3faa3722	0xba6beddd	0x3e3851ec	0x3f7eb923	0x3fa95dcd
0x3f07b4a2	0x3e99999a	0x3f000000	0x3faa3722	0xba6d8141	0x3e3851ec	0x3f7eb6f6	0x3fa95c5a
0x3f07bb30	0x3e99999a	0x3f000000	0x3faa3722	0xba6f15fd	0x3e3851ec	0x3f7eb4c7	0x3fa95ae7
0x3f07c1be	0x3e99999a	0x3f000000	0x3faa3722	0xba70ac10	0x3e3851ec	0x3f7eb296	0x3fa95972
0x3f07c84b	0x3e99999a	0x3f000000	0x3faa3722	0xba72433d	0x3e3851ec	0x3f7eb063	0x3fa957fb
0x3f07ced9	0x3e99999a	0x3f000000	0x3faa3722	0xba73dc00	0x3e3851ec	0x3f7eae2e	0x3fa95684
0x3f07d567	0x3e99999a	0x3f000000	0x3faa3722	0xba75761a	0x3e3851ec	0x3f7eabf7	0x3fa9550b
0x3f07dbf5	0x3e99999a	0x3f000000	0x3faa3722	0xba77118c	0x3e3851ec	0x3f7ea9bf	0x3fa95391
0x3f07e282	0x3e99999a	0x3f000000	0x3faa3722	0xba78ae17	0x3e3851ec	0x3f7ea785	0x3fa95216
0x3f07e910	0x3e99999a	0x3f000000	0x3faa3722	0xba7a4c39	0x3e3851ec	0x3f7ea549	0x3fa9509a
0x3f07ef9e	0x3e99999a	0x3f000000	0x3faa3722	0xba7bebb2	0x3e3851ec	0x3f7ea30b	0x3fa94f1c
0x3f07f62b	0x3e99999a	0x3f000000	0x3faa3722	0xba7d8c43	0x3e3851ec	0x3f7ea0cb	0x3fa94d9d
0x3f07fcb9	0x3e99999a	0x3f000000	0x3faa3722	0xba7f2e6b	0x3e3851ec	0x3f7e9e8a	0x3fa94c1e
0x3f080347	0x3e99999a	0x3f000000	0x3faa3722	0xba8068f5	0x3e3851ec	0x3f7e9c46	0x3fa94a9c
0x3f0809d5	0x3e99999a	0x3f000000	0x3faa3722	0xba813b61	0x3e3851ec	0x3f7e9a01	0x3fa9491a
0x3f081062	0x3e99999a	0x3f000000	0x3faa3722	0xba820e59	0x3e3851ec	0x3f7e97ba	0x3fa94796
0x3f0816f0	0x3e99999a	0x3f000000	0x3faa3722	0xba82e21c	0x3e3851ec	0x3f7e9571	0x3fa94611
0x3f081d7e	0x3e99999a	0x3f000000	0x3faa3722	0xba83b68c	0x3e3851ec	0x3f7e9326	0x3fa9448b
0x3f08240b	0x3e99999a	0x3f000000	0x3faa3722	0xba848b86	0x3e3851ec	0x3f7e90da	0x3fa94304
0x3f082a99	0x3e99999a	0x3f000000	0x3faa3722	0xba85614d	0x3e3851ec	0x3f7e8e8c	0x3fa9417b
0x3f083127	0x3e99999a	0x3f000000	0x3faa3722	0xba8637c0	0x3e3851ec	0x3f7e8c3b	0x3fa93ff1
0x3f0837b5	0x3e99999a	0x3f000000	0x3faa3722	0xba870edf	0x3e3851ec	0x3f7e89e9	0x3fa93e66
0x3f083e42	0x3e99999a	0x3f000000	0x3faa3722	0xba87e688	0x3e3851ec	0x3f7e8795	0x3fa93cda
0x3f0844d0	0x3e99999a	0x3f000000	0x3faa3722	0xba88befe	0x3e3851ec	0x3f7e8540	0x3fa93b4d
0x3f084b5e	0x3e99999a	0x3f000000	0x3faa3722	0xba899820	0x3e3851ec	0x3f7e82e8	0x3fa939be
0x3f0851ec	0x3e99999a	0x3f000000	0x3faa3722	0xba8a71ee	0x3e3851ec	0x3f7e808e	0x3fa9382e
0x3f085879	0x3e99999a	0x3f000000	0x3faa3722	0xba8b4c47	0x3e3851ec	0x3f7e7e34	0x3fa9369d
0x3f085f07	0x3e99999a	0x3f000000	0x3faa3722	0xba8c276c	0x3e3851ec	0x3f7e7bd6	0x3fa9350b
0x3f086595	0x3e99999a	0x3f000000	0x3faa3722	0xba8d033e	0x3e3851ec	0x3f7e7977	0x3fa93377
0x3f086c22	0x3e99999a	0x3f000000	0x3faa3722	0xba8ddf99	0x3e3851ec	0x3f7e7717	0x3fa931e3
0x3f0872b0	0x3e99999a	0x3f000000	0x3faa3722	0xba8ebcc2	0x3e3851ec	0x3f7e74b4	0x3fa9304c
0x3f08793e	0x3e99999a	0x3f000000	0x3faa3722	0xba8f9a97	0x3e3851ec	0x3f7e7250	0x3fa92eb5
0x3f087fcc	0x3e99999a	0x3f000000	0x3faa3722	0xba907918	0x3e3851ec	0x3f7e6fea	0x3fa92d1d
0x3f088659	0x3e99999a	0x3f000000	0x3faa3722	0xba915823	0x3e3851ec	0x3f7e6d82	0x3fa92b84
0x3f088ce7	0x3e99999a	0x3f000000	0x3faa3722	0xba9237fb	0x3e3851ec	0x3f7e6b18	0x3fa929e9
0x3f089375	0x3e99999a	0x3f000000	0x3faa3722	0xba93187f	0x3e3851ec	0x3f7e68ac	0x3fa9284c
0x3f089a02	0x3e99999a	0x3f000000	0x3faa3722	0xba93f98d	0x3e3851ec	0x3f7e663f	0x3fa926b0
0x3f08a090	0x3e99999a	0x3f000000	0x3faa3722	0xba94db69	0x3e3851ec	0x3f7e63cf	0x3fa92511
0x3f08a71e	0x3e99999a	0x3f000000	0x3faa3722	0xba95bdf0	0x3e3851ec	0x3f7e615e	0x3fa92371
0x3f08adac	0x3e99999a	0x3f000000	0x3faa3722	0xba96a124	0x3e3851ec	0x3f7e5eeb	0x3fa921d0
0x3f08b439	0x3e99999a	0x3f000000	0x3faa3722	0xba9784e0	0x3e3851ec	0x3f7e5c76	0x3fa9202e
0x3f08bac7	0x3e99999a	0x3f000000	0x3faa3722	0xba98696c	0x3e3851ec	0x3f7e5a00	0x3fa91e8b
0x3f08c155	0x3e99999a	0x3f000000	0x3faa3722	0xba994ea3	0x3e3851ec	0x3f7e5787	0x3fa91ce6
0x3f08c7e3	0x3e99999a	0x3f000000	0x3faa3722	0xba9a3485	0x3e3851ec	0x3f7e550d	0x3fa91b41
0x3f08ce70	0x3e99999a	0x3f000000	0x3faa3722	0xba9b1af1	0x3e3851ec	0x3f7e5291	0x3fa9199a
0x3f08d4fe	0x3e99999a	0x3f000000	0x3faa3722	0xba9c022b	0x3e3851ec	0x3f7e5013	0x3fa917f2
0x3f08db8c	0x3e99999a	0x3f000000	0x3faa3722	0xba9cea12	0x3e3851ec	0x3f7e4d93	0x3fa91648
0x3f08e219	0x3e99999a	0x3f000000	0x3faa3722	0xba9dd280	0x3e3851ec	0x3f7e4b11	0x3fa9149d
0x3f08e8a7	0x3e99999a	0x3f000000	0x3faa3722	0xba9ebbbe	0x3e3851ec	0x3f7e488e	0x3fa912f2
0x3f08ef35	0x3e99999a	0x3f000000	0x3faa3722	0xba9fa5a8	0x3e3851ec	0x3f7e4608	0x3fa91144
0x3f08f5c3	0x3e99999a	0x3f000000	0x3faa3722	0xbaa0903e	0x3e3851ec	0x3f7e4381	0x3fa90f96
0x3f08fc50	0x3e99999a	0x3f000000	0x3faa3722	0xbaa17b5b	0x3e3851ec	0x3f7e40f9	0x3fa90de7
0x3f0902de	0x3e99999a	0x3f000000	0x3faa3722	0xbaa26748	0x3e3851ec	0x3f7e3e6e	0x3fa90c36
0x3f09096c	0x3e99999a	0x3f000000	0x3faa3722	0xbaa353e2	0x3e3851ec	0x3f7e3be1	0x3fa90a84
0x3f090ff9	0x3e99999a	0x3f000000	0x3faa3722	0xbaa44102	0x3e3851ec	0x3f7e3953	0x3fa908d1
0x3f091687	0x3e99999a	0x3f000000	0x3faa3722	0xbaa52ef3	0x3e3851ec	0x3f7e36c2	0x3fa9071c
0x3f091d15	0x3e99999a	0x3f000000	0x3faa3722	0xbaa61d90	0x3e3851ec	0x3f7e3430	0x3fa90567
0x3f0923a3	0x3e99999a	0x3f000000	0x3faa3722	0xbaa70cd8	0x3e3851ec	0x3f7e319c	0x3fa903b0
0x3f092a30	0x3e99999a	0x3f000000	0x3faa3722	0xbaa7fca8	0x3e3851ec	0x3f7e2f07	0x3fa901f9
0x3f0930be	0x3e99999a	0x3f000000	0x3faa3722	0xbaa8ed48	0x3e3851ec	0x3f7e2c6f	0x3fa9003f
0x3f09374c	0x3e99999a	0x3f000000	0x3faa3722	0xbaa9de93	0x3e3851ec	0x3f7e29d6	0x3fa8fe85
0x3f093dd9	0x3e99999a	0x3f000000	0x3faa3722	0xbaaad066	0x3e3851ec	0x3f7e273b	0x3fa8fcc9
0x3f094467	0x3e99999a	0x3f000000	0x3faa3722	0xbaabc30a	0x3e3851ec	0x3f7e249e	0x3fa8fb0d
0x3f094af5	0x3e99999a	0x3f000000	0x3faa3722	0xbaacb659	0x3e3851ec	0x3f7e21ff	0x3fa8f94e
0x3f095183	0x3e99999a	0x3f000000	0x3faa3722	0xbaadaa54	0x3e3851ec	0x3f7e1f5e	0x3fa8f78f
0x3f095810	0x3e99999a	0x3f000000	0x3faa3722	0xbaae9ed6	0x3e3851ec	0x3f7e1cbc	0x3fa8f5cf
0x3f095e9e	0x3e99999a	0x3f000000	0x3faa3722	0xbaaf9429	0x3e3851ec	0x3f7e1a17	0x3fa8f40d
0x3f09652c	0x3e99999a	0x3f000000	0x3faa3722	0xbab08a27	0x3e3851ec	0x3f7e1771	0x3fa8f24a
0x3f096bba	0x3e99999a	0x3f000000	0x3faa3722	0xbab180d2	0x3e3851ec	0x3f7e14c9	0x3fa8f086
0x3f097247	0x3e99999a	0x3f000000	0x3faa3722	0xbab27803	0x3e3851ec	0x3f7e1220	0x3fa8eec1
0x3f0978d5	0x3e99999a	0x3f000000	0x3faa3722	0xbab37005	0x3e3851ec	0x3f7e0f74	0x3fa8ecfa
0x3f097f63	0x3e99999a	0x3f000000	0x3faa3722	0xbab468b3	0x3e3851ec	0x3f7e0cc6	0x3fa8eb32
0x3f0985f0	0x3e99999a	0x3f000000	0x3faa3722	0xbab561e7	0x3e3851ec	0x3f7e0a17	0x3fa8e969
0x3f098c7e	0x3e99999a	0x3f000000	0x3faa3722	0xbab65bec	0x3e3851ec	0x3f7e0766	0x3fa8e79f
0x3f09930c	0x3e99999a	0x3f000000	0x3faa3722	0xbab7569e	0x3e3851ec	0x3f7e04b3	0x3fa8e5d4
0x3f09999a	0x3e99999a	0x3f000000	0x3faa3722	0xbab851fb	0x3e3851ec	0x3f7e01ff	0x3fa8e408
0x3f09a027	0x3e99999a	0x3f000000	0x3faa3722	0xbab94dde	0x3e3851ec	0x3f7dff48	0x3fa8e239
0x3f09a6b5	0x3e99999a	0x3f000000	0x3faa3722	0xbaba4a92	0x3e3851ec	0x3f7dfc90	0x3fa8e06b
0x3f09ad43	0x3e99999a	0x3f000000	0x3faa3722	0xbabb47f3	0x3e3851ec	0x3f7df9d6	0x3fa8de9b
0x3f09b3d0	0x3e99999a	0x3f000000	0x3faa3722	0xbabc45d9	0x3e3851ec	0x3f7df71a	0x3fa8dcc9
0x3f09ba5e	0x3e99999a	0x3f000000	0x3faa3722	0xbabd4491	0x3e3851ec	0x3f7df45c	0x3fa8daf6
0x3f09c0ec	0x3e99999a	0x3f000000	0x3faa3722	0xbabe43f6	0x3e3851ec	0x3f7df19c	0x3fa8d922
0x3f09c77a	0x3e99999a	0x3f000000	0x3faa3722	0xbabf4406	0x3e3851ec	0x3f7deedb	0x3fa8d74d
0x3f09ce07	0x3e99999a	0x3f000000	0x3faa3722	0xbac0449b	0x3e3851ec	0x3f7dec18	0x3fa8d577
0x3f09d495	0x3e99999a	0x3f000000	0x3faa3722	0xbac14602	0x3e3851ec	0x3f7de953	0x3fa8d3a0
0x3f09db23	0x3e99999a	0x3f000000	0x3faa3722	0xbac24816	0x3e3851ec	0x3f7de68b	0x3fa8d1c7
0x3f09e1b1	0x3e99999a	0x3f000000	0x3faa3722	0xbac34ad5	0x3e3851ec	0x3f7de3c3	0x3fa8cfed
0x3f09e83e	0x3e99999a	0x3f000000	0x3faa3722	0xbac44e19	0x3e3851ec	0x3f7de0f8	0x3fa8ce12
0x3f09eecc	0x3e99999a	0x3f000000	0x3faa3722	0xbac55230	0x3e3851ec	0x3f7dde2c	0x3fa8cc36
0x3f09f55a	0x3e99999a	0x3f000000	0x3faa3722	0xbac656f3	0x3e3851ec	0x3f7ddb5e	0x3fa8ca58
0x3f09fbe7	0x3e99999a	0x3f000000	0x3faa3722	0xbac75c3a	0x3e3851ec	0x3f7dd88e	0x3fa8c87a
0x3f0a0275	0x3e99999a	0x3f000000	0x3faa3722	0xbac86254	0x3e3851ec	0x3f7dd5bc	0x3fa8c699
0x3f0a0903	0x3e99999a	0x3f000000	0x3faa3722	0xbac9691a	0x3e3851ec	0x3f7dd2e8	0x3fa8c4b8
0x3f0a0f91	0x3e99999a	0x3f000000	0x3faa3722	0xbaca708d	0x3e3851ec	0x3f7dd013	0x3fa8c2d6
0x3f0a161e	0x3e99999a	0x3f000000	0x3faa3722	0xbacb7882	0x3e3851ec	0x3f7dcd3c	0x3fa8c0f3
0x3f0a1cac	0x3e99999a	0x3f000000	0x3faa3722	0xbacc814c	0x3e3851ec	0x3f7dca63	0x3fa8bf0e
0x3f0a233a	0x3e99999a	0x3f000000	0x3faa3722	0xbacd8ac2	0x3e3851ec	0x3f7dc788	0x3fa8bd28
0x3f0a29c7	0x3e99999a	0x3f000000	0x3faa3722	0xbace94bb	0x3e3851ec	0x3f7dc4ab	0x3fa8bb41
0x3f0a3055	0x3e99999a	0x3f000000	0x3faa3722	0xbacf9f88	0x3e3851ec	0x3f7dc1cd	0x3fa8b958
0x3f0a36e3	0x3e99999a	0x3f000000	0x3faa3722	0xbad0ab01	0x3e3851ec	0x3f7dbeec	0x3fa8b76e
0x3f0a3d71	0x3e99999a	0x3f000000	0x3faa3722	0xbad1b726	0x3e3851ec	0x3f7dbc0a	0x3fa8b584
0x3f0a43fe	0x3e99999a	0x3f000000	0x3faa3722	0xbad2c3ce	0x3e3851ec	0x3f7db926	0x3fa8b398
0x3f0a4a8c	0x3e99999a	0x3f000000	0x3faa3722	0xbad3d14a	0x3e3851ec	0x3f7db640	0x3fa8b1aa
0x3f0a511a	0x3e99999a	0x3f000000	0x3faa3722	0xbad4df73	0x3e3851ec	0x3f7db359	0x3fa8afbc
0x3f0a57a8	0x3e99999a	0x3f000000	0x3faa3722	0xbad5ee47	0x3e3851ec	0x3f7db06f	0x3fa8adcc
0x3f0a5e35	0x3e99999a	0x3f000000	0x3faa3722	0xbad6fd9e	0x3e3851ec	0x3f7dad84	0x3fa8abdc
0x3f0a64c3	0x3e99999a	0x3f000000	0x3faa3722	0xbad80dca	0x3e3851ec	0x3f7daa97	0x3fa8a9ea
0x3f0a6b51	0x3e99999a	0x3f000000	0x3faa3722	0xbad91ea2	0x3e3851ec	0x3f7da7a8	0x3fa8a7f6
0x3f0a71de	0x3e99999a	0x3f000000	0x3faa3722	0xbada2ffb	0x3e3851ec	0x3f7da4b8	0x3fa8a602
0x3f0a786c	0x3e99999a	0x3f000000	0x3faa3722	0xbadb422b	0x3e3851ec	0x3f7da1c5	0x3fa8a40c
0x3f0a7efa	0x3e99999a	0x3f000000	0x3faa3722	0xbadc5506	0x3e3851ec	0x3f7d9ed1	0x3fa8a216
0x3f0a8588	0x3e99999a	0x3f000000	0x3faa3722	0xbadd688d	0x3e3851ec	0x3f7d9bdb	0x3fa8a01e
0x3f0a8c15	0x3e99999a	0x3f000000	0x3faa3722	0xbade7c96	0x3e3851ec	0x3f7d98e3	0x3fa89e24
0x3f0a92a3	0x3e99999a	0x3f000000	0x3faa3722	0xbadf9175	0x3e3851ec	0x3f7d95e9	0x3fa89c2a
0x3f0a9931	0x3e99999a	0x3f000000	0x3faa3722	0xbae0a6ff	0x3e3851ec	0x3f7d92ed	0x3fa89a2e
0x3f0a9fbe	0x3e99999a	0x3f000000	0x3faa3722	0xbae1bd0b	0x3e3851ec	0x3f7d8ff0	0x3fa89831
0x3f0aa64c	0x3e99999a	0x3f000000	0x3faa3722	0xbae2d3ed	0x3e3851ec	0x3f7d8cf1	0x3fa89633
0x3f0aacda	0x3e99999a	0x3f000000	0x3faa3722	0xbae3eb7b	0x3e3851ec	0x3f7d89f0	0x3fa89434
0x3f0ab368	0x3e99999a	0x3f000000	0x3faa3722	0xbae503b5	0x3e3851ec	0x3f7d86ed	0x3fa89233
0x3f0ab9f5	0x3e99999a	0x3f000000	0x3faa3722	0xbae61c70	0x3e3851ec	0x3f7d83e9	0x3fa89032
0x3f0ac083	0x3e99999a	0x3f000000	0x3faa3722	0xbae73602	0x3e3851ec	0x3f7d80e2	0x3fa88e2e
0x3f0ac711	0x3e99999a	0x3f000000	0x3faa3722	0xbae8503f	0x3e3851ec	0x3f7d7dda	0x3fa88c2a
0x3f0acd9f	0x3e99999a	0x3f000000	0x3faa3722	0xbae96b28	0x3e3851ec	0x3f7d7ad0	0x3fa88a25
0x3f0ad42c	0x3e99999a	0x3f000000	0x3faa3722	0xbaea8692	0x3e3851ec	0x3f7d77c4	0x3fa8881f
0x3f0adaba	0x3e99999a	0x3f000000	0x3faa3722	0xbaeba2d3	0x3e3851ec	0x3f7d74b7	0x3fa88617
0x3f0ae148	0x3e99999a	0x3f000000	0x3faa3722	0xbaecbfbf	0x3e3851ec	0x3f7d71a7	0x3fa8840e
0x3f0ae7d5	0x3e99999a	0x3f000000	0x3faa3722	0xbaeddd2c	0x3e3851ec	0x3f7d6e96	0x3fa88204
0x3f0aee63	0x3e99999a	0x3f000000	0x3faa3722	0xbaeefb70	0x3e3851ec	0x3f7d6b83	0x3fa87ff9
0x3f0af4f1	0x3e99999a	0x3f000000	0x3faa3722	0xbaf01a61	0x3e3851ec	0x3f7d686e	0x3fa87dec
0x3f0afb7f	0x3e99999a	0x3f000000	0x3faa3722	0xbaf139fd	0x3e3851ec	0x3f7d6557	0x3fa87bde
0x3f0b020c	0x3e99999a	0x3f000000	0x3faa3722	0xbaf25a18	0x3e3851ec	0x3f7d623f	0x3fa879d0
0x3f0b089a	0x3e99999a	0x3f000000	0x3faa3722	0xbaf37b0c	0x3e3851ec	0x3f7d5f25	0x3fa877c0
0x3f0b0f28	0x3e99999a	0x3f000000	0x3faa3722	0xbaf49cab	0x3e3851ec	0x3f7d5c08	0x3fa875ae
0x3f0b15b5	0x3e99999a	0x3f000000	0x3faa3722	0xbaf5beca	0x3e3851ec	0x3f7d58eb	0x3fa8739c
0x3f0b1c43	0x3e99999a	0x3f000000	0x3faa3722	0xbaf6e1c1	0x3e3851ec	0x3f7d55cb	0x3fa87188
0x3f0b22d1	0x3e99999a	0x3f000000	0x3faa3722	0xbaf80564	0x3e3851ec	0x3f7d52a9	0x3fa86f73
0x3f0b295f	0x3e99999a	0x3f000000	0x3faa3722	0xbaf929b3	0x3e3851ec	0x3f7d4f86	0x3fa86d5d
0x3f0b2fec	0x3e99999a	0x3f000000	0x3faa3722	0xbafa4e81	0x3e3851ec	0x3f7d4c61	0x3fa86b45
0x3f0b367a	0x3e99999a	0x3f000000	0x3faa3722	0xbafb7427	0x3e3851ec	0x3f7d493a	0x3fa8692d
0x3f0b3d08	0x3e99999a	0x3f000000	0x3faa3722	0xbafc9a7a	0x3e3851ec	0x3f7d4611	0x3fa86713
0x3f0b4396	0x3e99999a	0x3f000000	0x3faa3722	0xbafdc178	0x3e3851ec	0x3f7d42e6	0x3fa864f8
0x3f0b4a23	0x3e99999a	0x3f000000	0x3faa3722	0xbafee8f5	0x3e3851ec	0x3f7d3fba	0x3fa862dc
0x3f0b50b1	0x3e99999a	0x3f000000	0x3faa3722	0xbb0008a5	0x3e3851ec	0x3f7d3c8c	0x3fa860bf
0x3f0b573f	0x3e99999a	0x3f000000	0x3faa3722	0xbb009d26	0x3e3851ec	0x3f7d395c	0x3fa85ea0
0x3f0b5dcc	0x3e99999a	0x3f000000	0x3faa3722	0xbb0131e6	0x3e3851ec	0x3f7d362b	0x3fa85c81
0x3f0b645a	0x3e99999a	0x3f000000	0x3faa3722	0xbb01c712	0x3e3851ec	0x3f7d32f7	0x3fa85a60
0x3f0b6ae8	0x3e99999a	0x3f000000	0x3faa3722	0xbb025c95	0x3e3851ec	0x3f7d2fc1	0x3fa8583d
0x3f0b7176	0x3e99999a	0x3f000000	0x3faa3722	0xbb02f26d	0x3e3851ec	0x3f7d2c8a	0x3fa8561a
0x3f0b7803	0x3e99999a	0x3f000000	0x3faa3722	0xbb038885	0x3e3851ec	0x3f7d2952	0x3fa853f6
0x3f0b7e91	0x3e99999a	0x3f000000	0x3faa3722	0xbb041f09	0x3e3851ec	0x3f7d2617	0x3fa851d0
0x3f0b851f	0x3e99999a	0x3f000000	0x3faa3722	0xbb04b5e3	0x3e3851ec	0x3f7d22da	0x3fa84fa9
0x3f0b8bac	0x3e99999a	0x3f000000	0x3faa3722	0xbb054cfc	0x3e3851ec	0x3f7d1f9c	0x3fa84d81
0x3f0b923a	0x3e99999a	0x3f000000	0x3faa3722	0xbb05e482	0x3e3851ec	0x3f7d1c5c	0x3fa84b58
0x3f0b98c8	0x3e99999a	0x3f000000	0x3faa3722	0xbb067c5e	0x3e3851ec	0x3f7d1919	0x3fa8492d
0x3f0b9f56	0x3e99999a	0x3f000000	0x3faa3722	0xbb071490	0x3e3851ec	0x3f7d15d6	0x3fa84701
0x3f0ba5e3	0x3e99999a	0x3f000000	0x3faa3722	0xbb07ad00	0x3e3851ec	0x3f7d1290	0x3fa844d4
0x3f0bac71	0x3e99999a	0x3f000000	0x3faa3722	0xbb0845de	0x3e3851ec	0x3f7d0f49	0x3fa842a6
0x3f0bb2ff	0x3e99999a	0x3f000000	0x3faa3722	0xbb08df12	0x3e3851ec	0x3f7d0bff	0x3fa84077
0x3f0bb98c	0x3e99999a	0x3f000000	0x3faa3722	0xbb097884	0x3e3851ec	0x3f7d08b5	0x3fa83e47
0x3f0bc01a	0x3e99999a	0x3f000000	0x3faa3722	0xbb0a1263	0x3e3851ec	0x3f7d0568	0x3fa83c15
0x3f0bc6a8	0x3e99999a	0x3f000000	0x3faa3722	0xbb0aac98	0x3e3851ec	0x3f7d0219	0x3fa839e2
0x3f0bcd36	0x3e99999a	0x3f000000	0x3faa3722	0xbb0b4724	0x3e3851ec	0x3f7cfec9	0x3fa837ae
0x3f0bd3c3	0x3e99999a	0x3f000000	0x3faa3722	0xbb0be1ed	0x3e3851ec	0x3f7cfb77	0x3fa83579
0x3f0bda51	0x3e99999a	0x3f000000	0x3faa3722	0xbb0c7d24	0x3e3851ec	0x3f7cf823	0x3fa83342
0x3f0be0df	0x3e99999a	0x3f000000	0x3faa3722	0xbb0d18b1	0x3e3851ec	0x3f7cf4cd	0x3fa8310a
0x3f0be76d	0x3e99999a	0x3f000000	0x3faa3722	0xbb0db494	0x3e3851ec	0x3f7cf175	0x3fa82ed1
0x3f0bedfa	0x3e99999a	0x3f000000	0x3faa3722	0xbb0e50b5	0x3e3851ec	0x3f7cee1c	0x3fa82c97
0x3f0bf488	0x3e99999a	0x3f000000	0x3faa3722	0xbb0eed44	0x3e3851ec	0x3f7ceac1	0x3fa82a5c
0x3f0bfb16	0x3e99999a	0x3f000000	0x3faa3722	0xbb0f8a28	0x3e3851ec	0x3f7ce764	0x3fa82820
0x3f0c01a3	0x3e99999a	0x3f000000	0x3faa3722	0xbb10274b	0x3e3851ec	0x3f7ce405	0x3fa825e2
0x3f0c0831	0x3e99999a	0x3f000000	0x3faa3722	0xbb10c4db	0x3e3851ec	0x3f7ce0a5	0x3fa823a3
0x3f0c0ebf	0x3e99999a	0x3f000000	0x3faa3722	0xbb1162c1	0x3e3851ec	0x3f7cdd42	0x3fa82163
0x3f0c154d	0x3e99999a	0x3f000000	0x3faa3722	0xbb1200fe	0x3e3851ec	0x3f7cd9de	0x3fa81f22
0x3f0c1bda	0x3e99999a	0x3f000000	0x3faa3722	0xbb129f78	0x3e3851ec	0x3f7cd678	0x3fa81cdf
0x3f0c2268	0x3e99999a	0x3f000000	0x3faa3722	0xbb133e60	0x3e3851ec	0x3f7cd310	0x3fa81a9c
0x3f0c28f6	0x3e99999a	0x3f000000	0x3faa3722	0xbb13dd9e	0x3e3851ec	0x3f7ccfa7	0x3fa81857
0x3f0c2f83	0x3e99999a	0x3f000000	0x3faa3722	0xbb147d19	0x3e3851ec	0x3f7ccc3c	0x3fa81611
0x3f0c3611	0x3e99999a	0x3f000000	0x3faa3722	0xbb151d03	0x3e3851ec	0x3f7cc8ce	0x3fa813ca
0x3f0c3c9f	0x3e99999a	0x3f000000	0x3faa3722	0xbb15bd43	0x3e3851ec	0x3f7cc55f	0x3fa81181
0x3f0c432d	0x3e99999a	0x3f000000	0x3faa3722	0xbb165dd9	0x3e3851ec	0x3f7cc1ee	0x3fa80f37
0x3f0c49ba	0x3e99999a	0x3f000000	0x3faa3722	0xbb16feac	0x3e3851ec	0x3f7cbe7c	0x3fa80ced
0x3f0c5048	0x3e99999a	0x3f000000	0x3faa3722	0xbb179fed	0x3e3851ec	0x3f7cbb08	0x3fa80aa1
0x3f0c56d6	0x3e99999a	0x3f000000	0x3faa3722	0xbb184184	0x3e3851ec	0x3f7cb792	0x3fa80854
0x3f0c5d64	0x3e99999a	0x3f000000	0x3faa3722	0xbb18e372	0x3e3851ec	0x3f7cb41a	0x3fa80606
0x3f0c63f1	0x3e99999a	0x3f000000	0x3faa3722	0xbb19859c	0x3e3851ec	0x3f7cb0a0	0x3fa803b6
0x3f0c6a7f	0x3e99999a	0x3f000000	0x3faa3722	0xbb1a2835	0x3e3851ec	0x3f7cad25	0x3fa80165
0x3f0c710d	0x3e99999a	0x3f000000	0x3faa3722	0xbb1acb24	0x3e3851ec	0x3f7ca9a7	0x3fa7ff13
0x3f0c779a	0x3e99999a	0x3f000000	0x3faa3722	0xbb1b6e51	0x3e3851ec	0x3f7ca629	0x3fa7fcc0
0x3f0c7e28	0x3e99999a	0x3f000000	0x3faa3722	0xbb1c11eb	0x3e3851ec	0x3f7ca2a8	0x3fa7fa6c
0x3f0c84b6	0x3e99999a	0x3f000000	0x3faa3722	0xbb1cb5dc	0x3e3851ec	0x3f7c9f25	0x3fa7f816
0x3f0c8b44	0x3e99999a	0x3f000000	0x3faa3722	0xbb1d5a23	0x3e3851ec	0x3f7c9ba0	0x3fa7f5bf
0x3f0c91d1	0x3e99999a	0x3f000000	0x3faa3722	0xbb1dfea6	0x3e3851ec	0x3f7c981a	0x3fa7f367
0x3f0c985f	0x3e99999a	0x3f000000	0x3faa3722	0xbb1ea399	0x3e3851ec	0x3f7c9492	0x3fa7f10e
0x3f0c9eed	0x3e99999a	0x3f000000	0x3faa3722	0xbb1f48e1	0x3e3851ec	0x3f7c9108	0x3fa7eeb4
0x3f0ca57a	0x3e99999a	0x3f000000	0x3faa3722	0xbb1fee66	0x3e3851ec	0x3f7c8d7d	0x3fa7ec59
0x3f0cac08	0x3e99999a	0x3f000000	0x3faa3722	0xbb20945b	0x3e3851ec	0x3f7c89f0	0x3fa7e9fd
0x3f0cb296	0x3e99999a	0x3f000000	0x3faa3722	0xbb213aa5	0x3e3851ec	0x3f7c8660	0x3fa7e79e
0x3f0cb924	0x3e99999a	0x3f000000	0x3faa3722	0xbb21e145	0x3e3851ec	0x3f7c82cf	0x3fa7e53f
0x3f0cbfb1	0x3e99999a	0x3f000000	0x3faa3722	0xbb228822	0x3e3851ec	0x3f7c7f3d	0x3fa7e2df
0x3f0cc63f	0x3e99999a	0x3f000000	0x3faa3722	0xbb232f6e	0x3e3851ec	0x3f7c7ba8	0x3fa7e07e
0x3f0ccccd	0x3e99999a	0x3f000000	0x3faa3722	0xbb23d70f	0x3e3851ec	0x3f7c7812	0x3fa7de1b
0x3f0cd35b	0x3e99999a	0x3f000000	0x3faa3722	0xbb247f07	0x3e3851ec	0x3f7c7479	0x3fa7dbb7
0x3f0cd9e8	0x3e99999a	0x3f000000	0x3faa3722	0xbb25273b	0x3e3851ec	0x3f7c70e0	0x3fa7d953
0x3f0ce076	0x3e99999a	0x3f000000	0x3faa3722	0xbb25cfdf	0x3e3851ec	0x3f7c6d44	0x3fa7d6ec
0x3f0ce704	0x3e99999a	0x3f000000	0x3faa3722	0xbb2678d8	0x3e3851ec	0x3f7c69a7	0x3fa7d485
0x3f0ced91	0x3e99999a	0x3f000000	0x3faa3722	0xbb27220e	0x3e3851ec	0x3f7c6608	0x3fa7d21d
0x3f0cf41f	0x3e99999a	0x3f000000	0x3faa3722	0xbb27cbb3	0x3e3851ec	0x3f7c6266	0x3fa7cfb2
0x3f0cfaad	0x3e99999a	0x3f000000	0x3faa3722	0xbb2875ae	0x3e3851ec	0x3f7c5ec4	0x3fa7cd48
0x3f0d013b	0x3e99999a	0x3f000000	0x3faa3722	0xbb292000	0x3e3851ec	0x3f7c5b1f	0x3fa7cadc
0x3f0d07c8	0x3e99999a	0x3f000000	0x3faa3722	0xbb29ca8d	0x3e3851ec	0x3f7c5779	0x3fa7c86f
0x3f0d0e56	0x3e99999a	0x3f000000	0x3faa3722	0xbb2a758a	0x3e3851ec	0x3f7c53d0	0x3fa7c600
0x3f0d14e4	0x3e99999a	0x3f000000	0x3faa3722	0xbb2b20dc	0x3e3851ec	0x3f7c5026	0x3fa7c390
0x3f0d1b71	0x3e99999a	0x3f000000	0x3faa3722	0xbb2bcc6b	0x3e3851ec	0x3f7c4c7b	0x3fa7c120
0x3f0d21ff	0x3e99999a	0x3f000000	0x3faa3722	0xbb2c786a	0x3e3851ec	0x3f7c48cd	0x3fa7bead
0x3f0d288d	0x3e99999a	0x3f000000	0x3faa3722	0xbb2d24be	0x3e3851ec	0x3f7c451e	0x3fa7bc3a
0x3f0d2f1b	0x3e99999a	0x3f000000	0x3faa3722	0xbb2dd169	0x3e3851ec	0x3f7c416d	0x3fa7b9c6
0x3f0d35a8	0x3e99999a	0x3f000000	0x3faa3722	0xbb2e7e4f	0x3e3851ec	0x3f7c3dba	0x3fa7b750
0x3f0d3c36	0x3e99999a	0x3f000000	0x3faa3722	0xbb2f2ba5	0x3e3851ec	0x3f7c3a05	0x3fa7b4d9
0x3f0d42c4	0x3e99999a	0x3f000000	0x3faa3722	0xbb2fd952	0x3e3851ec	0x3f7c364f	0x3fa7b262
0x3f0d4952	0x3e99999a	0x3f000000	0x3faa3722	0xbb308754	0x3e3851ec	0x3f7c3296	0x3fa7afe8
0x3f0d4fdf	0x3e99999a	0x3f000000	0x3faa3722	0xbb313591	0x3e3851ec	0x3f7c2edd	0x3fa7ad6e
0x3f0d566d	0x3e99999a	0x3f000000	0x3faa3722	0xbb31e43f	0x3e3851ec	0x3f7c2b21	0x3fa7aaf3
0x3f0d5cfb	0x3e99999a	0x3f000000	0x3faa3722	0xbb329343	0x3e3851ec	0x3f7c2763	0x3fa7a876
0x3f0d6388	0x3e99999a	0x3f000000	0x3faa3722	0xbb334282	0x3e3851ec	0x3f7c23a4	0x3fa7a5f8
0x3f0d6a16	0x3e99999a	0x3f000000	0x3faa3722	0xbb33f232	0x3e3851ec	0x3f7c1fe3	0x3fa7a379
0x3f0d70a4	0x3e99999a	0x3f000000	0x3faa3722	0xbb34a238	0x3e3851ec	0x3f7c1c20	0x3fa7a0f9
0x3f0d7732	0x3e99999a	0x3f000000	0x3faa3722	0xbb355294	0x3e3851ec	0x3f7c185b	0x3fa79e77
0x3f0d7dbf	0x3e99999a	0x3f000000	0x3faa3722	0xbb36032a	0x3e3851ec	0x3f7c1495	0x3fa79bf5
0x3f0d844d	0x3e99999a	0x3f000000	0x3faa3722	0xbb36b431	0x3e3851ec	0x3f7c10cc	0x3fa79971
0x3f0d8adb	0x3e99999a	0x3f000000	0x3faa3722	0xbb37658f	0x3e3851ec	0x3f7c0d02	0x3fa796ec
0x3f0d9168	0x3e99999a	0x3f000000	0x3faa3722	0xbb381727	0x3e3851ec	0x3f7c0937	0x3fa79466
0x3f0d97f6	0x3e99999a	0x3f000000	0x3faa3722	0xbb38c930	0x3e3851ec	0x3f7c0569	0x3fa791de
0x3f0d9e84	0x3e99999a	0x3f000000	0x3faa3722	0xbb397b8f	0x3e3851ec	0x3f7c019a	0x3fa78f56
0x3f0da512	0x3e99999a	0x3f000000	0x3faa3722	0xbb3a2e44	0x3e3851ec	0x3f7bfdc8	0x3fa78ccc
0x3f0dab9f	0x3e99999a	0x3f000000	0x3faa3722	0xbb3ae134	0x3e3851ec	0x3f7bf9f6	0x3fa78a42
0x3f0db22d	0x3e99999a	0x3f000000	0x3faa3722	0xbb3b9495	0x3e3851ec	0x3f7bf621	0x3fa787b5
0x3f0db8bb	0x3e99999a	0x3f000000	0x3faa3722	0xbb3c484b	0x3e3851ec	0x3f7bf24a	0x3fa78528
0x3f0dbf48	0x3e99999a	0x3f000000	0x3faa3722	0xbb3cfc3d	0x3e3851ec	0x3f7bee72	0x3fa78299
0x3f0dc5d6	0x3e99999a	0x3f000000	0x3faa3722	0xbb3db09f	0x3e3851ec	0x3f7bea98	0x3fa7800a
0x3f0dcc64	0x3e99999a	0x3f000000	0x3faa3722	0xbb3e6558	0x3e3851ec	0x3f7be6bc	0x3fa77d79
0x3f0dd2f2	0x3e99999a	0x3f000000	0x3faa3722	0xbb3f1a66	0x3e3851ec	0x3f7be2df	0x3fa77ae7
0x3f0dd97f	0x3e99999a	0x3f000000	0x3faa3722	0xbb3fcfaf	0x3e3851ec	0x3f7bdf00	0x3fa77854
0x3f0de00d	0x3e99999a	0x3f000000	0x3faa3722	0xbb408569	0x3e3851ec	0x3f7bdb1e	0x3fa775bf
0x3f0de69b	0x3e99999a	0x3f000000	0x3faa3722	0xbb413b79	0x3e3851ec	0x3f7bd73b	0x3fa7732a
0x3f0ded29	0x3e99999a	0x3f000000	0x3faa3722	0xbb41f1df	0x3e3851ec	0x3f7bd357	0x3fa77094
0x3f0df3b6	0x3e99999a	0x3f000000	0x3faa3722	0xbb42a87f	0x3e3851ec	0x3f7bcf70	0x3fa76dfb
0x3f0dfa44	0x3e99999a	0x3f000000	0x3faa3722	0xbb435f91	0x3e3851ec	0x3f7bcb88	0x3fa76b62
0x3f0e00d2	0x3e99999a	0x3f000000	0x3faa3722	0xbb4416f9	0x3e3851ec	0x3f7bc79e	0x3fa768c8
0x3f0e075f	0x3e99999a	0x3f000000	0x3faa3722	0xbb44ce9a	0x3e3851ec	0x3f7bc3b3	0x3fa7662d
0x3f0e0ded	0x3e99999a	0x3f000000	0x3faa3722	0xbb4586ae	0x3e3851ec	0x3f7bbfc5	0x3fa76390
0x3f0e147b	0x3e99999a	0x3f000000	0x3faa3722	0xbb463f17	0x3e3851ec	0x3f7bbbd5	0x3fa760f2
0x3f0e1b09	0x3e99999a	0x3f000000	0x3faa3722	0xbb46f7d7	0x3e3851ec	0x3f7bb7e4	0x3fa75e53
0x3f0e2196	0x3e99999a	0x3f000000	0x3faa3722	0xbb47b0d0	0x3e3851ec	0x3f7bb3f2	0x3fa75bb4
0x3f0e2824	0x3e99999a	0x3f000000	0x3faa3722	0xbb486a3b	0x3e3851ec	0x3f7baffd	0x3fa75912
0x3f0e2eb2	0x3e99999a	0x3f000000	0x3faa3722	0xbb4923fc	0x3e3851ec	0x3f7bac06	0x3fa7566f
0x3f0e353f	0x3e99999a	0x3f000000	0x3faa3722	0xbb49ddf7	0x3e3851ec	0x3f7ba80f	0x3fa753cc
0x3f0e3bcd	0x3e99999a	0x3f000000	0x3faa3722	0xbb4a9864	0x3e3851ec	0x3f7ba415	0x3fa75128
0x3f0e425b	0x3e99999a	0x3f000000	0x3faa3722	0xbb4b5327	0x3e3851ec	0x3f7ba019	0x3fa74e81
0x3f0e48e9	0x3e99999a	0x3f000000	0x3faa3722	0xbb4c0e40	0x3e3851ec	0x3f7b9c1b	0x3fa74bda
0x3f0e4f76	0x3e99999a	0x3f000000	0x3faa3722	0xbb4cc992	0x3e3851ec	0x3f7b981c	0x3fa74932
0x3f0e5604	0x3e99999a	0x3f000000	0x3faa3722	0xbb4d8557	0x3e3851ec	0x3f7b941b	0x3fa74688
0x3f0e5c92	0x3e99999a	0x3f000000	0x3faa3722	0xbb4e4171	0x3e3851ec	0x3f7b9018	0x3fa743dd
0x3f0e6320	0x3e99999a	0x3f000000	0x3faa3722	0xbb4efde2	0x3e3851ec	0x3f7b8c14	0x3fa74132
0x3f0e69ad	0x3e99999a	0x3f000000	0x3faa3722	0xbb4fba8b	0x3e3851ec	0x3f7b880e	0x3fa73e85
0x3f0e703b	0x3e99999a	0x3f000000	0x3faa3722	0xbb5077a8	0x3e3851ec	0x3f7b8405	0x3fa73bd6
0x3f0e76c9	0x3e99999a	0x3f000000	0x3faa3722	0xbb51351a	0x3e3851ec	0x3f7b7ffb	0x3fa73927
0x3f0e7d56	0x3e99999a	0x3f000000	0x3faa3722	0xbb51f2c5	0x3e3851ec	0x3f7b7bf0	0x3fa73676
0x3f0e83e4	0x3e99999a	0x3f000000	0x3faa3722	0xbb52b0e3	0x3e3851ec	0x3f7b77e3	0x3fa733c5
0x3f0e8a72	0x3e99999a	0x3f000000	0x3faa3722	0xbb536f57	0x3e3851ec	0x3f7b73d3	0x3fa73111
0x3f0e9100	0x3e99999a	0x3f000000	0x3faa3722	0xbb542e21	0x3e3851ec	0x3f7b6fc2	0x3fa72e5d
0x3f0e978d	0x3e99999a	0x3f000000	0x3faa3722	0xbb54ed24	0x3e3851ec	0x3f7b6bb0	0x3fa72ba8
0x3f0e9e1b	0x3e99999a	0x3f000000	0x3faa3722	0xbb55ac99	0x3e3851ec	0x3f7b679c	0x3fa728f2
0x3f0ea4a9	0x3e99999a	0x3f000000	0x3faa3722	0xbb566c65	0x3e3851ec	0x3f7b6385	0x3fa7263a
0x3f0eab36	0x3e99999a	0x3f000000	0x3faa3722	0xbb572c69	0x3e3851ec	0x3f7b5f6e	0x3fa72382
0x3f0eb1c4	0x3e99999a	0x3f000000	0x3faa3722	0xbb57ece1	0x3e3851ec	0x3f7b5b54	0x3fa720c8
0x3f0eb852	0x3e99999a	0x3f000000	0x3faa3722	0xbb58adae	0x3e3851ec	0x3f7b5738	0x3fa71e0c
0x3f0ebee0	0x3e99999a	0x3f000000	0x3faa3722	0xbb596ed1	0x3e3851ec	0x3f7b531b	0x3fa71b50
0x3f0ec56d	0x3e99999a	0x3f000000	0x3faa3722	0xbb5a302d	0x3e3851ec	0x3f7b4efc	0x3fa71893
0x3f0ecbfb	0x3e99999a	0x3f000000	0x3faa3722	0xbb5af1fc	0x3e3851ec	0x3f7b4adb	0x3fa715d4
0x3f0ed289	0x3e99999a	0x3f000000	0x3faa3722	0xbb5bb421	0x3e3851ec	0x3f7b46b8	0x3fa71314
0x3f0ed917	0x3e99999a	0x3f000000	0x3faa3722	0xbb5c769c	0x3e3851ec	0x3f7b4294	0x3fa71053
0x3f0edfa4	0x3e99999a	0x3f000000	0x3faa3722	0xbb5d394f	0x3e3851ec	0x3f7b3e6e	0x3fa70d91
0x3f0ee632	0x3e99999a	0x3f000000	0x3faa3722	0xbb5dfc76	0x3e3851ec	0x3f7b3a46	0x3fa70acd
0x3f0eecc0	0x3e99999a	0x3f000000	0x3faa3722	0xbb5ebff3	0x3e3851ec	0x3f7b361d	0x3fa70809
0x3f0ef34d	0x3e99999a	0x3f000000	0x3faa3722	0xbb5f83a7	0x3e3851ec	0x3f7b31f2	0x3fa70544
0x3f0ef9db	0x3e99999a	0x3f000000	0x3faa3722	0xbb6047d0	0x3e3851ec	0x3f7b2dc4	0x3fa7027c
0x3f0f0069	0x3e99999a	0x3f000000	0x3faa3722	0xbb610c4e	0x3e3851ec	0x3f7b2995	0x3fa6ffb4
0x3f0f06f7	0x3e99999a	0x3f000000	0x3faa3722	0xbb61d123	0x3e3851ec	0x3f7b2565	0x3fa6fceb
0x3f0f0d84	0x3e99999a	0x3f000000	0x3faa3722	0xbb62962f	0x3e3851ec	0x3f7b2133	0x3fa6fa21
0x3f0f1412	0x3e99999a	0x3f000000	0x3faa3722	0xbb635baf	0x3e3851ec	0x3f7b1cfe	0x3fa6f755
0x3f0f1aa0	0x3e99999a	0x3f000000	0x3faa3722	0xbb642185	0x3e3851ec	0x3f7b18c8	0x3fa6f488
0x3f0f212d	0x3e99999a	0x3f000000	0x3faa3722	0xbb64e793	0x3e3851ec	0x3f7b1491	0x3fa6f1bb
0x3f0f27bb	0x3e99999a	0x3f000000	0x3faa3722	0xbb65ae15	0x3e3851ec	0x3f7b1058	0x3fa6eeec
0x3f0f2e49	0x3e99999a	0x3f000000	0x3faa3722	0xbb6674ec	0x3e3851ec	0x3f7b0c1c	0x3fa6ec1c
0x3f0f34d7	0x3e99999a	0x3f000000	0x3faa3722	0xbb673c1a	0x3e3851ec	0x3f7b07df	0x3fa6e94a
0x3f0f3b64	0x3e99999a	0x3f000000	0x3faa3722	0xbb68037f	0x3e3851ec	0x3f7b03a1	0x3fa6e678
0x3f0f41f2	0x3e99999a	0x3f000000	0x3faa3722	0xbb68cb59	0x3e3851ec	0x3f7aff60	0x3fa6e3a4
0x3f0f4880	0x3e99999a	0x3f000000	0x3faa3722	0xbb699388	0x3e3851ec	0x3f7afb1e	0x3fa6e0cf
0x3f0f4f0e	0x3e99999a	0x3f000000	0x3faa3722	0xbb6a5c0e	0x3e3851ec	0x3f7af6da	0x3fa6ddf9
0x3f0f559b	0x3e99999a	0x3f000000	0x3faa3722	0xbb6b24ca	0x3e3851ec	0x3f7af295	0x3fa6db22
0x3f0f5c29	0x3e99999a	0x3f000000	0x3faa3722	0xbb6bedfb	0x3e3851ec	0x3f7aee4d	0x3fa6d84a
0x3f0f62b7	0x3e99999a	0x3f000000	0x3faa3722	0xbb6cb783	0x3e3851ec	0x3f7aea03	0x3fa6d570
0x3f0f6944	0x3e99999a	0x3f000000	0x3faa3722	0xbb6d8141	0x3e3851ec	0x3f7ae5b9	0x3fa6d296
0x3f0f6fd2	0x3e99999a	0x3f000000	0x3faa3722	0xbb6e4b74	0x3e3851ec	0x3f7ae16c	0x3fa6cfb9
0x3f0f7660	0x3e99999a	0x3f000000	0x3faa3722	0xbb6f15fd	0x3e3851ec	0x3f7add1d	0x3fa6ccdc
0x3f0f7cee	0x3e99999a	0x3f000000	0x3faa3722	0xbb6fe0db	0x3e3851ec	0x3f7ad8cd	0x3fa6c9fe
0x3f0f837b	0x3e99999a	0x3f000000	0x3faa3722	0xbb70abf1	0x3e3851ec	0x3f7ad47c	0x3fa6c71f
0x3f0f8a09	0x3e99999a	0x3f000000	0x3faa3722	0xbb71777c	0x3e3851ec	0x3f7ad028	0x3fa6c43f
0x3f0f9097	0x3e99999a	0x3f000000	0x3faa3722	0xbb72435c	0x3e3851ec	0x3f7acbd2	0x3fa6c15d
0x3f0f9724	0x3e99999a	0x3f000000	0x3faa3722	0xbb730f73	0x3e3851ec	0x3f7ac77b	0x3fa6be7a
0x3f0f9db2	0x3e99999a	0x3f000000	0x3faa3722	0xbb73dc00	0x3e3851ec	0x3f7ac322	0x3fa6bb96
0x3f0fa440	0x3e99999a	0x3f000000	0x3faa3722	0xbb74a8e2	0x3e3851ec	0x3f7abec7	0x3fa6b8b0
0x3f0faace	0x3e99999a	0x3f000000	0x3faa3722	0xbb75761a	0x3e3851ec	0x3f7aba6a	0x3fa6b5ca
0x3f0fb15b	0x3e99999a	0x3f000000	0x3faa3722	0xbb764389	0x3e3851ec	0x3f7ab60d	0x3fa6b2e3
0x3f0fb7e9	0x3e99999a	0x3f000000	0x3faa3722	0xbb77116d	0x3e3851ec	0x3f7ab1ad	0x3fa6affa
0x3f0fbe77	0x3e99999a	0x3f000000	0x3faa3722	0xbb77dfa7	0x3e3851ec	0x3f7aad4b	0x3fa6ad10
0x3f0fc505	0x3e99999a	0x3f000000	0x3faa3722	0xbb78ae37	0x3e3851ec	0x3f7aa8e7	0x3fa6aa25
0x3f0fcb92	0x3e99999a	0x3f000000	0x3faa3722	0xbb797cfd	0x3e3851ec	0x3f7aa482	0x3fa6a739
0x3f0fd220	0x3e99999a	0x3f000000	0x3faa3722	0xbb7a4c39	0x3e3851ec	0x3f7aa01b	0x3fa6a44c
0x3f0fd8ae	0x3e99999a	0x3f000000	0x3faa3722	0xbb7b1bca	0x3e3851ec	0x3f7a9bb2	0x3fa6a15d
0x3f0fdf3b	0x3e99999a	0x3f000000	0x3faa3722	0xbb7beb92	0x3e3851ec	0x3f7a9748	0x3fa69e6e
0x3f0fe5c9	0x3e99999a	0x3f000000	0x3faa3722	0xbb7cbbcf	0x3e3851ec	0x3f7a92dc	0x3fa69b7d
0x3f0fec57	0x3e99999a	0x3f000000	0x3faa3722	0xbb7d8c63	0x3e3851ec	0x3f7a8e6e	0x3fa6988b
0x3f0ff2e5	0x3e99999a	0x3f000000	0x3faa3722	0xbb7e5d4c	0x3e3851ec	0x3f7a89fe	0x3fa69598
0x3f0ff972	0x3e99999a	0x3f000000	0x3faa3722	0xbb7f2e6b	0x3e3851ec	0x3f7a858d	0x3fa692a4
0x3f100000	0x3e99999a	0x3f000000	0x3faa3722	0xbb800000	0x3e3851ec	0x3f7a8119	0x3fa68fae
0x3f10068e	0x3e99999a	0x3f000000	0x3faa3722	0xbb8068f5	0x3e3851ec	0x3f7a7ca4	0x3fa68cb7
0x3f100d1b	0x3e99999a	0x3f000000	0x3faa3722	0xbb80d206	0x3e3851ec	0x3f7a782e	0x3fa689c0
0x3f1013a9	0x3e99999a	0x3f000000	0x3faa3722	0xbb813b51	0x3e3851ec	0x3f7a73b5	0x3fa686c6
0x3f101a37	0x3e99999a	0x3f000000	0x3faa3722	0xbb81a4c8	0x3e3851ec	0x3f7a6f3b	0x3fa683cc
0x3f1020c5	0x3e99999a	0x3f000000	0x3faa3722	0xbb820e69	0x3e3851ec	0x3f7a6abf	0x3fa680d1
0x3f102752	0x3e99999a	0x3f000000	0x3faa3722	0xbb827825	0x3e3851ec	0x3f7a6642	0x3fa67dd5
0x3f102de0	0x3e99999a	0x3f000000	0x3faa3722	0xbb82e21c	0x3e3851ec	0x3f7a61c2	0x3fa67ad7
0x3f10346e	0x3e99999a	0x3f000000	0x3faa3722	0xbb834c3e	0x3e3851ec	0x3f7a5d41	0x3fa677d8
0x3f103afb	0x3e99999a	0x3f000000	0x3faa3722	0xbb83b67b	0x3e3851ec	0x3f7a58be	0x3fa674d8
0x3f104189	0x3e99999a	0x3f000000	0x3faa3722	0xbb8420f3	0x3e3851ec	0x3f7a543a	0x3fa671d8
0x3f104817	0x3e99999a	0x3f000000	0x3faa3722	0xbb848b96	0x3e3851ec	0x3f7a4fb3	0x3fa66ed5
0x3f104ea5	0x3e99999a	0x3f000000	0x3faa3722	0xbb84f664	0x3e3851ec	0x3f7a4b2b	0x3fa66bd2
0x3f105532	0x3e99999a	0x3f000000	0x3faa3722	0xbb85614d	0x3e3851ec	0x3f7a46a1	0x3fa668cd
0x3f105bc0	0x3e99999a	0x3f000000	0x3faa3722	0xbb85cc71	0x3e3851ec	0x3f7a4216	0x3fa665c8
0x3f10624e	0x3e99999a	0x3f000000	0x3faa3722	0xbb8637c0	0x3e3851ec	0x3f7a3d88	0x3fa662c1
0x3f1068dc	0x3e99999a	0x3f000000	0x3faa3722	0xbb86a33a	0x3e3851ec	0x3f7a38f9	0x3fa65fb9
0x3f106f69	0x3e99999a	0x3f000000	0x3faa3722	0xbb870ece	0x3e3851ec	0x3f7a3468	0x3fa65cb0
0x3f1075f7	0x3e99999a	0x3f000000	0x3faa3722	0xbb877a9e	0x3e3851ec	0x3f7a2fd6	0x3fa659a6
0x3f107c85	0x3e99999a	0x3f000000	0x3faa3722	0xbb87e699	0x3e3851ec	0x3f7a2b41	0x3fa6569a
0x3f108312	0x3e99999a	0x3f000000	0x3faa3722	0xbb8852ae	0x3e3851ec	0x3f7a26ac	0x3fa6538e
0x3f1089a0	0x3e99999a	0x3f000000	0x3faa3722	0xbb88befe	0x3e3851ec	0x3f7a2214	0x3fa65080
0x3f10902e	0x3e99999a	0x3f000000	0x3faa3722	0xbb892b7a	0x3e3851ec	0x3f7a1d7a	0x3fa64d71
0x3f1096bc	0x3e99999a	0x3f000000	0x3faa3722	0xbb899820	0x3e3851ec	0x3f7a18df	0x3fa64a61
0x3f109d49	0x3e99999a	0x3f000000	0x3faa3722	0xbb8a04e1	0x3e3851ec	0x3f7a1442	0x3fa6474f
0x3f10a3d7	0x3e99999a	0x3f000000	0x3faa3722	0xbb8a71de	0x3e3851ec	0x3f7a0fa3	0x3fa6443d
0x3f10aa65	0x3e99999a	0x3f000000	0x3faa3722	0xbb8adf05	0x3e3851ec	0x3f7a0b03	0x3fa6412a
0x3f10b0f2	0x3e99999a	0x3f000000	0x3faa3722	0xbb8b4c47	0x3e3851ec	0x3f7a0661	0x3fa63e15
0x3f10b780	0x3e99999a	0x3f000000	0x3faa3722	0xbb8bb9c4	0x3e3851ec	0x3f7a01bd	0x3fa63aff
0x3f10be0e	0x3e99999a	0x3f000000	0x3faa3722	0xbb8c276c	0x3e3851ec	0x3f79fd17	0x3fa637e8
0x3f10c49c	0x3e99999a	0x3f000000	0x3faa3722	0xbb8c9540	0x3e3851ec	0x3f79f86f	0x3fa634cf
0x3f10cb29	0x3e99999a	0x3f000000	0x3faa3722	0xbb8d032d	0x3e3851ec	0x3f79f3c7	0x3fa631b7
0x3f10d1b7	0x3e99999a	0x3f000000	0x3faa3722	0xbb8d7156	0x3e3851ec	0x3f79ef1c	0x3fa62e9c
0x3f10d845	0x3e99999a	0x3f000000	0x3faa3722	0xbb8ddfaa	0x3e3851ec	0x3f79ea6f	0x3fa62b80
0x3f10ded3	0x3e99999a	0x3f000000	0x3faa3722	0xbb8e4e29	0x3e3851ec	0x3f79e5c0	0x3fa62863
0x3f10e560	0x3e99999a	0x3f000000	0x3faa3722	0xbb8ebcc2	0x3e3851ec	0x3f79e111	0x3fa62546
0x3f10ebee	0x3e99999a	0x3f000000	0x3faa3722	0xbb8f2b97	0x3e3851ec	0x3f79dc5f	0x3fa62227
0x3f10f27c	0x3e99999a	0x3f000000	0x3faa3722	0xbb8f9a97	0x3e3851ec	0x3f79d7ab	0x3fa61f06
0x3f10f909	0x3e99999a	0x3f000000	0x3faa3722	0xbb9009b1	0x3e3851ec	0x3f79d2f6	0x3fa61be5
0x3f10ff97	0x3e99999a	0x3f000000	0x3faa3722	0xbb907907	0x3e3851ec	0x3f79ce3f	0x3fa618c2
0x3f110625	0x3e99999a	0x3f000000	0x3faa3722	0xbb90e888	0x3e3851ec	0x3f79c986	0x3fa6159e
0x3f110cb3	0x3e99999a	0x3f000000	0x3faa3722	0xbb915834	0x3e3851ec	0x3f79c4cc	0x3fa6127a
0x3f111340	0x3e99999a	0x3f000000	0x3faa3722	0xbb91c7f9	0x3e3851ec	0x3f79c010	0x3fa60f54
0x3f1119ce	0x3e99999a	0x3f000000	0x3faa3722	0xbb9237fb	0x3e3851ec	0x3f79bb52	0x3fa60c2d
0x3f11205c	0x3e99999a	0x3f000000	0x3faa3722	0xbb92a828	0x3e3851ec	0x3f79b692	0x3fa60904
0x3f1126e9	0x3e99999a	0x3f000000	0x3faa3722	0xbb93186e	0x3e3851ec	0x3f79b1d1	0x3fa605db
0x3f112d77	0x3e99999a	0x3f000000	0x3faa3722	0xbb9388f1	0x3e3851ec	0x3f79ad0e	0x3fa602b1
0x3f113405	0x3e99999a	0x3f000000	0x3faa3722	0xbb93f99e	0x3e3851ec	0x3f79a849	0x3fa5ff85
0x3f113a93	0x3e99999a	0x3f000000	0x3faa3722	0xbb946a76	0x3e3851ec	0x3f79a382	0x3fa5fc58
0x3f114120	0x3e99999a	0x3f000000	0x3faa3722	0xbb94db69	0x3e3851ec	0x3f799ebb	0x3fa5f92a
0x3f1147ae	0x3e99999a	0x3f000000	0x3faa3722	0xbb954c97	0x3e3851ec	0x3f7999f1	0x3fa5f5fb
0x3f114e3c	0x3e99999a	0x3f000000	0x3faa3722	0xbb95bdf0	0x3e3851ec	0x3f799525	0x3fa5f2cb
0x3f1154ca	0x3e99999a	0x3f000000	0x3faa3722	0xbb962f75	0x3e3851ec	0x3f799057	0x3fa5ef99
0x3f115b57	0x3e99999a	0x3f000000	0x3faa3722	0xbb96a112	0x3e3851ec	0x3f798b88	0x3fa5ec66
0x3f1161e5	0x3e99999a	0x3f000000	0x3faa3722	0xbb9712ed	0x3e3851ec	0x3f7986b7	0x3fa5e933
0x3f116873	0x3e99999a	0x3f000000	0x3faa3722	0xbb9784f2	0x3e3851ec	0x3f7981e4	0x3fa5e5fd
0x3f116f00	0x3e99999a	0x3f000000	0x3faa3722	0xbb97f710	0x3e3851ec	0x3f797d11	0x3fa5e2c8
0x3f11758e	0x3e99999a	0x3f000000	0x3faa3722	0xbb98696c	0x3e3851ec	0x3f79783a	0x3fa5df90
0x3f117c1c	0x3e99999a	0x3f000000	0x3faa3722	0xbb98dbf2	0x3e3851ec	0x3f797362	0x3fa5dc58
0x3f1182aa	0x3e99999a	0x3f000000	0x3faa3722	0xbb994ea3	0x3e3851ec	0x3f796e89	0x3fa5d91f
0x3f118937	0x3e99999a	0x3f000000	0x3faa3722	0xbb99c16d	0x3e3851ec	0x3f7969ae	0x3fa5d5e4
0x3f118fc5	0x3e99999a	0x3f000000	0x3faa3722	0xbb9a3474	0x3e3851ec	0x3f7964d1	0x3fa5d2a9
0x3f119653	0x3e99999a	0x3f000000	0x3faa3722	0xbb9aa7a6	0x3e3851ec	0x3f795ff2	0x3fa5cf6b
0x3f119ce0	0x3e99999a	0x3f000000	0x3faa3722	0xbb9b1af1	0x3e3851ec	0x3f795b12	0x3fa5cc2e
0x3f11a36e	0x3e99999a	0x3f000000	0x3faa3722	0xbb9b8e79	0x3e3851ec	0x3f795630	0x3fa5c8ef
0x3f11a9fc	0x3e99999a	0x3f000000	0x3faa3722	0xbb9c022b	0x3e3851ec	0x3f79514c	0x3fa5c5ae
0x3f11b08a	0x3e99999a	0x3f000000	0x3faa3722	0xbb9c7609	0x3e3851ec	0x3f794c66	0x3fa5c26c
0x3f11b717	0x3e99999a	0x3f000000	0x3faa3722	0xbb9cea00	0x3e3851ec	0x3f79477f	0x3fa5bf2a
0x3f11bda5	0x3e99999a	0x3f000000	0x3faa3722	0xbb9d5e34	0x3e3851ec	0x3f794296	0x3fa5bbe6
0x3f11c433	0x3e99999a	0x3f000000	0x3faa3722	0xbb9dd292	0x3e3851ec	0x3f793dab	0x3fa5b8a1
0x3f11cac1	0x3e99999a	0x3f000000	0x3faa3722	0xbb9e471c	0x3e3851ec	0x3f7938bf	0x3fa5b55b
0x3f11d14e	0x3e99999a	0x3f000000	0x3faa3722	0xbb9ebbbe	0x3e3851ec	0x3f7933d1	0x3fa5b214
0x3f11d7dc	0x3e99999a	0x3f000000	0x3faa3722	0xbb9f309e	0x3e3851ec	0x3f792ee1	0x3fa5aecc
0x3f11de6a	0x3e99999a	0x3f000000	0x3faa3722	0xbb9fa5a8	0x3e3851ec	0x3f7929ef	0x3fa5ab82
0x3f11e4f7	0x3e99999a	0x3f000000	0x3faa3722	0xbba01acb	0x3e3851ec	0x3f7924fd	0x3fa5a838
0x3f11eb85	0x3e99999a	0x3f000000	0x3faa3722	0xbba0902c	0x3e3851ec	0x3f792007	0x3fa5a4ec
0x3f11f213	0x3e99999a	0x3f000000	0x3faa3722	0xbba105b7	0x3e3851ec	0x3f791b10	0x3fa5a19f
0x3f11f8a1	0x3e99999a	0x3f000000	0x3faa3722	0xbba17b6d	0x3e3851ec	0x3f791618	0x3fa59e51
0x3f11ff2e	0x3e99999a	0x3f000000	0x3faa3722	0xbba1f13c	0x3e3851ec	0x3f79111e	0x3fa59b02
0x3f1205bc	0x3e99999a	0x3f000000	0x3faa3722	0xbba26748	0x3e3851ec	0x3f790c22	0x3fa597b1
0x3f120c4a	0x3e99999a	0x3f000000	0x3faa3722	0xbba2dd80	0x3e3851ec	0x3f790724	0x3fa59460
0x3f1212d7	0x3e99999a	0x3f000000	0x3faa3722	0xbba353cf	0x3e3851ec	0x3f790226	0x3fa5910e
0x3f121965	0x3e99999a	0x3f000000	0x3faa3722	0xbba3ca5c	0x3e3851ec	0x3f78fd24	0x3fa58db9
0x3f121ff3	0x3e99999a	0x3f000000	0x3faa3722	0xbba44114	0x3e3851ec	0x3f78f822	0x3fa58a65
0x3f122681	0x3e99999a	0x3f000000	0x3faa3722	0xbba4b7f7	0x3e3851ec	0x3f78f31d	0x3fa5870f
0x3f122d0e	0x3e99999a	0x3f000000	0x3faa3722	0xbba52ef3	0x3e3851ec	0x3f78ee17	0x3fa583b7
0x3f12339c	0x3e99999a	0x3f000000	0x3faa3722	0xbba5a62c	0x3e3851ec	0x3f78e90f	0x3fa5805f
0x3f123a2a	0x3e99999a	0x3f000000	0x3faa3722	0xbba61d90	0x3e3851ec	0x3f78e405	0x3fa57d05
0x3f1240b8	0x3e99999a	0x3f000000	0x3faa3722	0xbba6951e	0x3e3851ec	0x3f78defa	0x3fa579ab
0x3f124745	0x3e99999a	0x3f000000	0x3faa3722	0xbba70cc6	0x3e3851ec	0x3f78d9ee	0x3fa57650
0x3f124dd3	0x3e99999a	0x3f000000	0x3faa3722	0xbba784aa	0x3e3851ec	0x3f78d4df	0x3fa572f3
0x3f125461	0x3e99999a	0x3f000000	0x3faa3722	0xbba7fcba	0x3e3851ec	0x3f78cfce	0x3fa56f94
0x3f125aee	0x3e99999a	0x3f000000	0x3faa3722	0xbba874e2	0x3e3851ec	0x3f78cabd	0x3fa56c36
0x3f12617c	0x3e99999a	0x3f000000	0x3faa3722	0xbba8ed48	0x3e3851ec	0x3f78c5a9	0x3fa568d6
0x3f12680a	0x3e99999a	0x3f000000	0x3faa3722	0xbba965d8	0x3e3851ec	0x3f78c093	0x3fa56574
0x3f126e98	0x3e99999a	0x3f000000	0x3faa3722	0xbba9de93	0x3e3851ec	0x3f78bb7b	0x3fa56211
0x3f127525	0x3e99999a	0x3f000000	0x3faa3722	0xbbaa5767	0x3e3851ec	0x3f78b663	0x3fa55eae
0x3f127bb3	0x3e99999a	0x3f000000	0x3faa3722	0xbbaad079	0x3e3851ec	0x3f78b148	0x3fa55b49
0x3f128241	0x3e99999a	0x3f000000	0x3faa3722	0xbbab49b5	0x3e3851ec	0x3f78ac2c	0x3fa557e3
0x3f1288ce	0x3e99999a	0x3f000000	0x3faa3722	0xbbabc30a	0x3e3851ec	0x3f78a70e	0x3fa5547c
0x3f128f5c	0x3e99999a	0x3f000000	0x3faa3722	0xbbac3c9c	0x3e3851ec	0x3f78a1ee	0x3fa55114
0x3f1295ea	0x3e99999a	0x3f000000	0x3faa3722	0xbbacb659	0x3e3851ec	0x3f789ccd	0x3fa54dab
0x3f129c78	0x3e99999a	0x3f000000	0x3faa3722	0xbbad3041	0x3e3851ec	0x3f7897a9	0x3fa54a40
0x3f12a305	0x3e99999a	0x3f000000	0x3faa3722	0xbbadaa42	0x3e3851ec	0x3f789285	0x3fa546d5
0x3f12a993	0x3e99999a	0x3f000000	0x3faa3722	0xbbae2480	0x3e3851ec	0x3f788d5e	0x3fa54368
0x3f12b021	0x3e99999a	0x3f000000	0x3faa3722	0xbbae9ee9	0x3e3851ec	0x3f788836	0x3fa53ffa
0x3f12b6ae	0x3e99999a	0x3f000000	0x3faa3722	0xbbaf196a	0x3e3851ec	0x3f78830c	0x3fa53c8b
0x3f12bd3c	0x3e99999a	0x3f000000	0x3faa3722	0xbbaf9429	0x3e3851ec	0x3f787de0	0x3fa5391b
0x3f12c3ca	0x3e99999a	0x3f000000	0x3faa3722	0xbbb00f13	0x3e3851ec	0x3f7878b3	0x3fa535aa
0x3f12ca58	0x3e99999a	0x3f000000	0x3faa3722	0xbbb08a27	0x3e3851ec	0x3f787383	0x3fa53237
0x3f12d0e5	0x3e99999a	0x3f000000	0x3faa3722	0xbbb10554	0x3e3851ec	0x3f786e53	0x3fa52ec4
0x3f12d773	0x3e99999a	0x3f000000	0x3faa3722	0xbbb180bf	0x3e3851ec	0x3f786920	0x3fa52b4f
0x3f12de01	0x3e99999a	0x3f000000	0x3faa3722	0xbbb1fc55	0x3e3851ec	0x3f7863ec	0x3fa527d9
0x3f12e48f	0x3e99999a	0x3f000000	0x3faa3722	0xbbb27816	0x3e3851ec	0x3f785eb6	0x3fa52462
0x3f12eb1c	0x3e99999a	0x3f000000	0x3faa3722	0xbbb2f3ee	0x3e3851ec	0x3f78597f	0x3fa520eb
0x3f12f1aa	0x3e99999a	0x3f000000	0x3faa3722	0xbbb37005	0x3e3851ec	0x3f785445	0x3fa51d71
0x3f12f838	0x3e99999a	0x3f000000	0x3faa3722	0xbbb3ec46	0x3e3851ec	0x3f784f0a	0x3fa519f7
0x3f12fec5	0x3e99999a	0x3f000000	0x3faa3722	0xbbb468a0	0x3e3851ec	0x3f7849ce	0x3fa5167c
0x3f130553	0x3e99999a	0x3f000000	0x3faa3722	0xbbb4e537	0x3e3851ec	0x3f784490	0x3fa512ff
0x3f130be1	0x3e99999a	0x3f000000	0x3faa3722	0xbbb561fa	0x3e3851ec	0x3f783f4f	0x3fa50f81
0x3f13126f	0x3e99999a	0x3f000000	0x3faa3722	0xbbb5dee7	0x3e3851ec	0x3f783a0d	0x3fa50c02
0x3f1318fc	0x3e99999a	0x3f000000	0x3faa3722	0xbbb65bec	0x3e3851ec	0x3f7834ca	0x3fa50882
0x3f131f8a	0x3e99999a	0x3f000000	0x3faa3722	0xbbb6d92f	0x3e3851ec	0x3f782f85	0x3fa50501
0x3f132618	0x3e99999a	0x3f000000	0x3faa3722	0xbbb7569e	0x3e3851ec	0x3f782a3e	0x3fa5017f
0x3f132ca5	0x3e99999a	0x3f000000	0x3faa3722	0xbbb7d424	0x3e3851ec	0x3f7824f6	0x3fa4fdfc
0x3f133333	0x3e99999a	0x3f000000	0x3faa3722	0xbbb851e8	0x3e3851ec	0x3f781fac	0x3fa4fa78
0x3f1339c1	0x3e99999a	0x3f000000	0x3faa3722	0xbbb8cfd7	0x3e3851ec	0x3f781a5f	0x3fa4f6f2
0x3f13404f	0x3e99999a	0x3f000000	0x3faa3722	0xbbb94df1	0x3e3851ec	0x3f781512	0x3fa4f36b
0x3f1346dc	0x3e99999a	0x3f000000	0x3faa3722	0xbbb9cc23	0x3e3851ec	0x3f780fc3	0x3fa4efe4
0x3f134d6a	0x3e99999a	0x3f000000	0x3faa3722	0xbbba4a92	0x3e3851ec	0x3f780a72	0x3fa4ec5b
0x3f1353f8	0x3e99999a	0x3f000000	0x3faa3722	0xbbbac92d	0x3e3851ec	0x3f78051f	0x3fa4e8d1
0x3f135a86	0x3e99999a	0x3f000000	0x3faa3722	0xbbbb47f3	0x3e3851ec	0x3f77ffca	0x3fa4e545
0x3f136113	0x3e99999a	0x3f000000	0x3faa3722	0xbbbbc6d1	0x3e3851ec	0x3f77fa74	0x3fa4e1b9
0x3f1367a1	0x3e99999a	0x3f000000	0x3faa3722	0xbbbc45ec	0x3e3851ec	0x3f77f51d	0x3fa4de2c
0x3f136e2f	0x3e99999a	0x3f000000	0x3faa3722	0xbbbcc533	0x3e3851ec	0x3f77efc3	0x3fa4da9d
0x3f1374bc	0x3e99999a	0x3f000000	0x3faa3722	0xbbbd4491	0x3e3851ec	0x3f77ea68	0x3fa4d70d
0x3f137b4a	0x3e99999a	0x3f000000	0x3faa3722	0xbbbdc42e	0x3e3851ec	0x3f77e50b	0x3fa4d37c
0x3f1381d8	0x3e99999a	0x3f000000	0x3faa3722	0xbbbe43f6	0x3e3851ec	0x3f77dfac	0x3fa4cfea
0x3f138866	0x3e99999a	0x3f000000	0x3faa3722	0xbbbec3e8	0x3e3851ec	0x3f77da4c	0x3fa4cc57
0x3f138ef3	0x3e99999a	0x3f000000	0x3faa3722	0xbbbf43f2	0x3e3851ec	0x3f77d4eb	0x3fa4c8c4
0x3f139581	0x3e99999a	0x3f000000	0x3faa3722	0xbbbfc43b	0x3e3851ec	0x3f77cf87	0x3fa4c52e
0x3f139c0f	0x3e99999a	0x3f000000	0x3faa3722	0xbbc044ae	0x3e3851ec	0x3f77ca21	0x3fa4c197
0x3f13a29c	0x3e99999a	0x3f000000	0x3faa3722	0xbbc0c539	0x3e3851ec	0x3f77c4bb	0x3fa4be00
0x3f13a92a	0x3e99999a	0x3f000000	0x3faa3722	0xbbc14602	0x3e3851ec	0x3f77bf52	0x3fa4ba67
0x3f13afb8	0x3e99999a	0x3f000000	0x3faa3722	0xbbc1c6f7	0x3e3851ec	0x3f77b9e7	0x3fa4b6cd
0x3f13b646	0x3e99999a	0x3f000000	0x3faa3722	0xbbc24816	0x3e3851ec	0x3f77b47b	0x3fa4b332
0x3f13bcd3	0x3e99999a	0x3f000000	0x3faa3722	0xbbc2c94c	0x3e3851ec	0x3f77af0e	0x3fa4af97
0x3f13c361	0x3e99999a	0x3f000000	0x3faa3722	0xbbc34ac1	0x3e3851ec	0x3f77a99e	0x3fa4abf9
0x3f13c9ef	0x3e99999a	0x3f000000	0x3faa3722	0xbbc3cc62	0x3e3851ec	0x3f77a42d	0x3fa4a85b
0x3f13d07d	0x3e99999a	0x3f000000	0x3faa3722	0xbbc44e2d	0x3e3851ec	0x3f779eba	0x3fa4a4bc
0x3f13d70a	0x3e99999a	0x3f000000	0x3faa3722	0xbbc4d00f	0x3e3851ec	0x3f779946	0x3fa4a11b
0x3f13dd98	0x3e99999a	0x3f000000	0x3faa3722	0xbbc55230	0x3e3851ec	0x3f7793d0	0x3fa49d7a
0x3f13e426	0x3e99999a	0x3f000000	0x3faa3722	0xbbc5d47c	0x3e3851ec	0x3f778e58	0x3fa499d7
0x3f13eab3	0x3e99999a	0x3f000000	0x3faa3722	0xbbc656df	0x3e3851ec	0x3f7788df	0x3fa49633
0x3f13f141	0x3e99999a	0x3f000000	0x3faa3722	0xbbc6d981	0x3e3851ec	0x3f778363	0x3fa4928e
0x3f13f7cf	0x3e99999a	0x3f000000	0x3faa3722	0xbbc75c4e	0x3e3851ec	0x3f777de6	0x3fa48ee8
0x3f13fe5d	0x3e99999a	0x3f000000	0x3faa3722	0xbbc7df45	0x3e3851ec	0x3f777868	0x3fa48b41
0x3f1404ea	0x3e99999a	0x3f000000	0x3faa3722	0xbbc86254	0x3e3851ec	0x3f7772e8	0x3fa48799
0x3f140b78	0x3e99999a	0x3f000000	0x3faa3722	0xbbc8e5a2	0x3e3851ec	0x3f776d66	0x3fa483ef
0x3f141206	0x3e99999a	0x3f000000	0x3faa3722	0xbbc9691a	0x3e3851ec	0x3f7767e2	0x3fa48044
0x3f141893	0x3e99999a	0x3f000000	0x3faa3722	0xbbc9ecaa	0x3e3851ec	0x3f77625d	0x3fa47c99
0x3f141f21	0x3e99999a	0x3f000000	0x3faa3722	0xbbca7079	0x3e3851ec	0x3f775cd6	0x3fa478ec
0x3f1425af	0x3e99999a	0x3f000000	0x3faa3722	0xbbcaf472	0x3e3851ec	0x3f77574d	0x3fa4753e
0x3f142c3d	0x3e99999a	0x3f000000	0x3faa3722	0xbbcb7897	0x3e3851ec	0x3f7751c3	0x3fa4718f
0x3f1432ca	0x3e99999a	0x3f000000	0x3faa3722	0xbbcbfcd2	0x3e3851ec	0x3f774c38	0x3fa46ddf
0x3f143958	0x3e99999a	0x3f000000	0x3faa3722	0xbbcc814c	0x3e3851ec	0x3f7746aa	0x3fa46a2e
0x3f143fe6	0x3e99999a	0x3f000000	0x3faa3722	0xbbcd05f2	0x3e3851ec	0x3f77411a	0x3fa4667b
0x3f144674	0x3e99999a	0x3f000000	0x3faa3722	0xbbcd8ac2	0x3e3851ec	0x3f773b89	0x3fa462c8
0x3f144d01	0x3e99999a	0x3f000000	0x3faa3722	0xbbce0fa9	0x3e3851ec	0x3f7735f7	0x3fa45f13
0x3f14538f	0x3e99999a	0x3f000000	0x3faa3722	0xbbce94cf	0x3e3851ec	0x3f773062	0x3fa45b5d
0x3f145a1d	0x3e99999a	0x3f000000	0x3faa3722	0xbbcf1a20	0x3e3851ec	0x3f772acc	0x3fa457a6
0x3f1460aa	0x3e99999a	0x3f000000	0x3faa3722	0xbbcf9f88	0x3e3851ec	0x3f772535	0x3fa453ef
0x3f146738	0x3e99999a	0x3f000000	0x3faa3722	0xbbd0252f	0x3e3851ec	0x3f771f9b	0x3fa45036
0x3f146dc6	0x3e99999a	0x3f000000	0x3faa3722	0xbbd0ab01	0x3e3851ec	0x3f771a00	0x3fa44c7b
0x3f147454	0x3e99999a	0x3f000000	0x3faa3722	0xbbd130fe	0x3e3851ec	0x3f771463	0x3fa448c0
0x3f147ae1	0x3e99999a	0x3f000000	0x3faa3722	0xbbd1b712	0x3e3851ec	0x3f770ec5	0x3fa44504
0x3f14816f	0x3e99999a	0x3f000000	0x3faa3722	0xbbd23d65	0x3e3851ec	0x3f770925	0x3fa44146
0x3f1487fd	0x3e99999a	0x3f000000	0x3faa3722	0xbbd2c3e2	0x3e3851ec	0x3f770383	0x3fa43d88
0x3f148e8a	0x3e99999a	0x3f000000	0x3faa3722	0xbbd34a77	0x3e3851ec	0x3f76fde0	0x3fa439c8
0x3f149518	0x3e99999a	0x3f000000	0x3faa3722	0xbbd3d14a	0x3e3851ec	0x3f76f83b	0x3fa43607
0x3f149ba6	0x3e99999a	0x3f000000	0x3faa3722	0xbbd45849	0x3e3851ec	0x3f76f294	0x3fa43245
0x3f14a234	0x3e99999a	0x3f000000	0x3faa3722	0xbbd4df73	0x3e3851ec	0x3f76eceb	0x3fa42e82
0x3f14a8c1	0x3e99999a	0x3f000000	0x3faa3722	0xbbd566b3	0x3e3851ec	0x3f76e742	0x3fa42abe
0x3f14af4f	0x3e99999a	0x3f000000	0x3faa3722	0xbbd5ee33	0x3e3851ec	0x3f76e196	0x3fa426f9
0x3f14b5dd	0x3e99999a	0x3f000000	0x3faa3722	0xbbd675dd	0x3e3851ec	0x3f76dbe8	0x3fa42332
0x3f14bc6a	0x3e99999a	0x3f000000	0x3faa3722	0xbbd6fd9e	0x3e3851ec	0x3f76d63a	0x3fa41f6b
0x3f14c2f8	0x3e99999a	0x3f000000	0x3faa3722	0xbbd7859e	0x3e3851ec	0x3f76d089	0x3fa41ba3
0x3f14c986	0x3e99999a	0x3f000000	0x3faa3722	0xbbd80dca	0x3e3851ec	0x3f76cad6	0x3fa417d8
0x3f14d014	0x3e99999a	0x3f000000	0x3faa3722	0xbbd89620	0x3e3851ec	0x3f76c522	0x3fa4140e
0x3f14d6a1	0x3e99999a	0x3f000000	0x3faa3722	0xbbd91e8d	0x3e3851ec	0x3f76bf6d	0x3fa41042
0x3f14dd2f	0x3e99999a	0x3f000000	0x3faa3722	0xbbd9a739	0x3e3851ec	0x3f76b9b5	0x3fa40c75
0x3f14e3bd	0x3e99999a	0x3f000000	0x3faa3722	0xbbda3010	0x3e3851ec	0x3f76b3fc	0x3fa408a7
0x3f14ea4b	0x3e99999a	0x3f000000	0x3faa3722	0xbbdab913	0x3e3851ec	0x3f76ae41	0x3fa404d7
0x3f14f0d8	0x3e99999a	0x3f000000	0x3faa3722	0xbbdb422b	0x3e3851ec	0x3f76a885	0x3fa40107
0x3f14f766	0x3e99999a	0x3f000000	0x3faa3722	0xbbdbcb83	0x3e3851ec	0x3f76a2c7	0x3fa3fd36
0x3f14fdf4	0x3e99999a	0x3f000000	0x3faa3722	0xbbdc5506	0x3e3851ec	0x3f769d07	0x3fa3f963
0x3f150481	0x3e99999a	0x3f000000	0x3faa3722	0xbbdcde9f	0x3e3851ec	0x3f769746	0x3fa3f590
0x3f150b0f	0x3e99999a	0x3f000000	0x3faa3722	0xbbdd6878	0x3e3851ec	0x3f769183	0x3fa3f1bb
0x3f15119d	0x3e99999a	0x3f000000	0x3faa3722	0xbbddf27c	0x3e3851ec	0x3f768bbe	0x3fa3ede5
0x3f15182b	0x3e99999a	0x3f000000	0x3faa3722	0xbbde7cab	0x3e3851ec	0x3f7685f7	0x3fa3ea0e
0x3f151eb8	0x3e99999a	0x3f000000	0x3faa3722	0xbbdf06f0	0x3e3851ec	0x3f768030	0x3fa3e636
0x3f152546	0x3e99999a	0x3f000000	0x3faa3722	0xbbdf9175	0x3e3851ec	0x3f767a66	0x3fa3e25d
0x3f152bd4	0x3e99999a	0x3f000000	0x3faa3722	0xbbe01c24	0x3e3851ec	0x3f76749b	0x3fa3de83
0x3f153261	0x3e99999a	0x3f000000	0x3faa3722	0xbbe0a6ea	0x3e3851ec	0x3f766ece	0x3fa3daa7
0x3f1538ef	0x3e99999a	0x3f000000	0x3faa3722	0xbbe131f0	0x3e3851ec	0x3f7668ff	0x3fa3d6cb
0x3f153f7d	0x3e99999a	0x3f000000	0x3faa3722	0xbbe1bd20	0x3e3851ec	0x3f76632f	0x3fa3d2ed
0x3f15460b	0x3e99999a	0x3f000000	0x3faa3722	0xbbe2487c	0x3e3851ec	0x3f765d5c	0x3fa3cf0e
0x3f154c98	0x3e99999a	0x3f000000	0x3faa3722	0xbbe2d3ed	0x3e3851ec	0x3f76578a	0x3fa3cb2f
0x3f155326	0x3e99999a	0x3f000000	0x3faa3722	0xbbe35f9f	0x3e3851ec	0x3f7651b4	0x3fa3c74e
0x3f1559b4	0x3e99999a	0x3f000000	0x3faa3722	0xbbe3eb7b	0x3e3851ec	0x3f764bdd	0x3fa3c36c
0x3f156042	0x3e99999a	0x3f000000	0x3faa3722	0xbbe47783	0x3e3851ec	0x3f764604	0x3fa3bf88
0x3f1566cf	0x3e99999a	0x3f000000	0x3faa3722	0xbbe503a0	0x3e3851ec	0x3f76402a	0x3fa3bba4
0x3f156d5d	0x3e99999a	0x3f000000	0x3faa3722	0xbbe58ffd	0x3e3851ec	0x3f763a4e	0x3fa3b7bf
0x3f1573eb	0x3e99999a	0x3f000000	0x3faa3722	0xbbe61c85	0x3e3851ec	0x3f763470	0x3fa3b3d8
0x3f157a78	0x3e99999a	0x3f000000	0x3faa3722	0xbbe6a923	0x3e3851ec	0x3f762e92	0x3fa3aff2
0x3f158106	0x3e99999a	0x3f000000	0x3faa3722	0xbbe73602	0x3e3851ec	0x3f7628b1	0x3fa3ac09
0x3f158794	0x3e99999a	0x3f000000	0x3faa3722	0xbbe7c30b	0x3e3851ec	0x3f7622ce	0x3fa3a81f
0x3f158e22	0x3e99999a	0x3f000000	0x3faa3722	0xbbe8503f	0x3e3851ec	0x3f761cea	0x3fa3a434
0x3f1594af	0x3e99999a	0x3f000000	0x3faa3722	0xbbe8dd88	0x3e3851ec	0x3f761704	0x3fa3a048
0x3f159b3d	0x3e99999a	0x3f000000	0x3faa3722	0xbbe96b12	0x3e3851ec	0x3f76111d	0x3fa39c5c
0x3f15a1cb	0x3e99999a	0x3f000000	0x3faa3722	0xbbe9f8c7	0x3e3851ec	0x3f760b33	0x3fa3986d
0x3f15a858	0x3e99999a	0x3f000000	0x3faa3722	0xbbea8692	0x3e3851ec	0x3f760549	0x3fa3947e
0x3f15aee6	0x3e99999a	0x3f000000	0x3faa3722	0xbbeb149d	0x3e3851ec	0x3f75ff5d	0x3fa3908e
0x3f15b574	0x3e99999a	0x3f000000	0x3faa3722	0xbbeba2d3	0x3e3851ec	0x3f75f96e	0x3fa38c9c
0x3f15bc02	0x3e99999a	0x3f000000	0x3faa3722	0xbbec3133	0x3e3851ec	0x3f75f37e	0x3fa388aa
0x3f15c28f	0x3e99999a	0x3f000000	0x3faa3722	0xbbecbfaa	0x3e3851ec	0x3f75ed8e	0x3fa384b7
0x3f15c91d	0x3e99999a	0x3f000000	0x3faa3722	0xbbed4e60	0x3e3851ec	0x3f75e79a	0x3fa380c2
0x3f15cfab	0x3e99999a	0x3f000000	0x3faa3722	0xbbeddd42	0x3e3851ec	0x3f75e1a6	0x3fa37ccc
0x3f15d639	0x3e99999a	0x3f000000	0x3faa3722	0xbbee6c4f	0x3e3851ec	0x3f75dbaf	0x3fa378d5
0x3f15dcc6	0x3e99999a	0x3f000000	0x3faa3722	0xbbeefb70	0x3e3851ec	0x3f75d5b8	0x3fa374de
0x3f15e354	0x3e99999a	0x3f000000	0x3faa3722	0xbbef8ad3	0x3e3851ec	0x3f75cfbe	0x3fa370e4
0x3f15e9e2	0x3e99999a	0x3f000000	0x3faa3722	0xbbf01a61	0x3e3851ec	0x3f75c9c2	0x3fa36cea
0x3f15f06f	0x3e99999a	0x3f000000	0x3faa3722	0xbbf0aa03	0x3e3851ec	0x3f75c3c6	0x3fa368ef
0x3f15f6fd	0x3e99999a	0x3f000000	0x3faa3722	0xbbf139e7	0x3e3851ec	0x3f75bdc7	0x3fa364f3
0x3f15fd8b	0x3e99999a	0x3f000000	0x3faa3722	0xbbf1c9f5	0x3e3851ec	0x3f75b7c7	0x3fa360f5
0x3f160419	0x3e99999a	0x3f000000	0x3faa3722	0xbbf25a2e	0x3e3851ec	0x3f75b1c5	0x3fa35cf7
0x3f160aa6	0x3e99999a	0x3f000000	0x3faa3722	0xbbf2ea7d	0x3e3851ec	0x3f75abc2	0x3fa358f7
0x3f161134	0x3e99999a	0x3f000000	0x3faa3722	0xbbf37b0c	0x3e3851ec	0x3f75a5bd	0x3fa354f7
0x3f1617c2	0x3e99999a	0x3f000000	0x3faa3722	0xbbf40bc6	0x3e3851ec	0x3f759fb6	0x3fa350f5
0x3f161e4f	0x3e99999a	0x3f000000	0x3faa3722	0xbbf49c95	0x3e3851ec	0x3f7599ae	0x3fa34cf2
0x3f1624dd	0x3e99999a	0x3f000000	0x3faa3722	0xbbf52da5	0x3e3851ec	0x3f7593a4	0x3fa348ee
0x3f162b6b	0x3e99999a	0x3f000000	0x3faa3722	0xbbf5bee1	0x3e3851ec	0x3f758d98	0x3fa344e9
0x3f1631f9	0x3e99999a	0x3f000000	0x3faa3722	0xbbf65047	0x3e3851ec	0x3f75878a	0x3fa340e2
0x3f163886	0x3e99999a	0x3f000000	0x3faa3722	0xbbf6e1c1	0x3e3851ec	0x3f75817c	0x3fa33cdc
0x3f163f14	0x3e99999a	0x3f000000	0x3faa3722	0xbbf7737d	0x3e3851ec	0x3f757b6b	0x3fa338d3
0x3f1645a2	0x3e99999a	0x3f000000	0x3faa3722	0xbbf80564	0x3e3851ec	0x3f757559	0x3fa334ca
0x3f164c30	0x3e99999a	0x3f000000	0x3faa3722	0xbbf89776	0x3e3851ec	0x3f756f45	0x3fa330bf
0x3f1652bd	0x3e99999a	0x3f000000	0x3faa3722	0xbbf9299d	0x3e3851ec	0x3f756930	0x3fa32cb4
0x3f16594b	0x3e99999a	0x3f000000	0x3faa3722	0xbbf9bc05	0x3e3851ec	0x3f756319	0x3fa328a7
0x3f165fd9	0x3e99999a	0x3f000000	0x3faa3722	0xbbfa4e97	0x3e3851ec	0x3f755d00	0x3fa3249a
0x3f166666	0x3e99999a	0x3f000000	0x3faa3722	0xbbfae13f	0x3e3851ec	0x3f7556e6	0x3fa3208b
0x3f166cf4	0x3e99999a	0x3f000000	0x3faa3722	0xbbfb7427	0x3e3851ec	0x3f7550ca	0x3fa31c7b
0x3f167382	0x3e99999a	0x3f000000	0x3faa3722	0xbbfc073b	0x3e3851ec	0x3f754aac	0x3fa3186a
0x3f167a10	0x3e99999a	0x3f000000	0x3faa3722	0xbbfc9a7a	0x3e3851ec	0x3f75448c	0x3fa31457
0x3f16809d	0x3e99999a	0x3f000000	0x3faa3722	0xbbfd2dcd	0x3e3851ec	0x3f753e6c	0x3fa31045
0x3f16872b	0x3e99999a	0x3f000000	0x3faa3722	0xbbfdc161	0x3e3851ec	0x3f753849	0x3fa30c30
0x3f168db9	0x3e99999a	0x3f000000	0x3faa3722	0xbbfe5521	0x3e3851ec	0x3f753225	0x3fa3081b
0x3f169446	0x3e99999a	0x3f000000	0x3faa3722	0xbbfee8f5	0x3e3851ec	0x3f752c00	0x3fa30405
0x3f169ad4	0x3e99999a	0x3f000000	0x3faa3722	0xbbff7d0a	0x3e3851ec	0x3f7525d8	0x3fa2ffed
0x3f16a162	0x3e99999a	0x3f000000	0x3faa3722	0xbc0008a5	0x3e3851ec	0x3f751faf	0x3fa2fbd5
0x3f16a7f0	0x3e99999a	0x3f000000	0x3faa3722	0xbc0052db	0x3e3851ec	0x3f751984	0x3fa2f7bb
0x3f16ae7d	0x3e99999a	0x3f000000	0x3faa3722	0xbc009d1b	0x3e3851ec	0x3f751358	0x3fa2f3a0
0x3f16b50b	0x3e99999a	0x3f000000	0x3faa3722	0xbc00e77b	0x3e3851ec	0x3f750d2a	0x3fa2ef84
0x3f16bb99	0x3e99999a	0x3f000000	0x3faa3722	0xbc0131f1	0x3e3851ec	0x3f7506fa	0x3fa2eb67
0x3f16c227	0x3e99999a	0x3f000000	0x3faa3722	0xbc017c7d	0x3e3851ec	0x3f7500c8	0x3fa2e749
0x3f16c8b4	0x3e99999a	0x3f000000	0x3faa3722	0xbc01c712	0x3e3851ec	0x3f74fa96	0x3fa2e32a
0x3f16cf42	0x3e99999a	0x3f000000	0x3faa3722	0xbc0211c9	0x3e3851ec	0x3f74f462	0x3fa2df0a
0x3f16d5d0	0x3e99999a	0x3f000000	0x3faa3722	0xbc025c95	0x3e3851ec	0x3f74ee2b	0x3fa2dae8
0x3f16dc5d	0x3e99999a	0x3f000000	0x3faa3722	0xbc02a76b	0x3e3851ec	0x3f74e7f4	0x3fa2d6c6
0x3f16e2eb	0x3e99999a	0x3f000000	0x3faa3722	0xbc02f262	0x3e3851ec	0x3f74e1bb	0x3fa2d2a3
0x3f16e979	0x3e99999a	0x3f000000	0x3faa3722	0xbc033d6e	0x3e3851ec	0x3f74db7f	0x3fa2ce7e
0x3f16f007	0x3e99999a	0x3f000000	0x3faa3722	0xbc038890	0x3e3851ec	0x3f74d543	0x3fa2ca59
0x3f16f694	0x3e99999a	0x3f000000	0x3faa3722	0xbc03d3bc	0x3e3851ec	0x3f74cf05	0x3fa2c632
0x3f16fd22	0x3e99999a	0x3f000000	0x3faa3722	0xbc041f09	0x3e3851ec	0x3f74c8c5	0x3fa2c20a
0x3f1703b0	0x3e99999a	0x3f000000	0x3faa3722	0xbc046a6b	0x3e3851ec	0x3f74c283	0x3fa2bde1
0x3f170a3d	0x3e99999a	0x3f000000	0x3faa3722	0xbc04b5d8	0x3e3851ec	0x3f74bc41	0x3fa2b9b8
0x3f1710cb	0x3e99999a	0x3f000000	0x3faa3722	0xbc050165	0x3e3851ec	0x3f74b5fc	0x3fa2b58d
0x3f171759	0x3e99999a	0x3f000000	0x3faa3722	0xbc054d08	0x3e3851ec	0x3f74afb5	0x3fa2b160
0x3f171de7	0x3e99999a	0x3f000000	0x3faa3722	0xbc0598c0	0x3e3851ec	0x3f74a96d	0x3fa2ad33
0x3f172474	0x3e99999a	0x3f000000	0x3faa3722	0xbc05e482	0x3e3851ec	0x3f74a324	0x3fa2a905
0x3f172b02	0x3e99999a	0x3f000000	0x3faa3722	0xbc063065	0x3e3851ec	0x3f749cd9	0x3fa2a4d6
0x3f173190	0x3e99999a	0x3f000000	0x3faa3722	0xbc067c5e	0x3e3851ec	0x3f74968c	0x3fa2a0a6
0x3f17381d	0x3e99999a	0x3f000000	0x3faa3722	0xbc06c861	0x3e3851ec	0x3f74903e	0x3fa29c75
0x3f173eab	0x3e99999a	0x3f000000	0x3faa3722	0xbc071484	0x3e3851ec	0x3f7489ee	0x3fa29842
0x3f174539	0x3e99999a	0x3f000000	0x3faa3722	0xbc0760bd	0x3e3851ec	0x3f74839c	0x3fa2940e
0x3f174bc7	0x3e99999a	0x3f000000	0x3faa3722	0xbc07ad0c	0x3e3851ec	0x3f747d48	0x3fa28fd9
0x3f175254	0x3e99999a	0x3f000000	0x3faa3722	0xbc07f964	0x3e3851ec	0x3f7476f4	0x3fa28ba4
0x3f1758e2	0x3e99999a	0x3f000000	0x3faa3722	0xbc0845de	0x3e3851ec	0x3f74709d	0x3fa2876d
0x3f175f70	0x3e99999a	0x3f000000	0x3faa3722	0xbc08926d	0x3e3851ec	0x3f746a45	0x3fa28335
0x3f1765fe	0x3e99999a	0x3f000000	0x3faa3722	0xbc08df12	0x3e3851ec	0x3f7463eb	0x3fa27efc
0x3f176c8b	0x3e99999a	0x3f000000	0x3faa3722	0xbc092bc0	0x3e3851ec	0x3f745d90	0x3fa27ac2
0x3f177319	0x3e99999a	0x3f000000	0x3faa3722	0xbc09788f	0x3e3851ec	0x3f745733	0x3fa27687
0x3f1779a7	0x3e99999a	0x3f000000	0x3faa3722	0xbc09c574	0x3e3851ec	0x3f7450d4	0x3fa2724b
0x3f178034	0x3e99999a	0x3f000000	0x3faa3722	0xbc0a1263	0x3e3851ec	0x3f744a74	0x3fa26e0d
0x3f1786c2	0x3e99999a	0x3f000000	0x3faa3722	0xbc0a5f73	0x3e3851ec	0x3f744412	0x3fa269cf
0x3f178d50	0x3e99999a	0x3f000000	0x3faa3722	0xbc0aac98	0x3e3851ec	0x3f743daf	0x3fa26590
0x3f1793de	0x3e99999a	0x3f000000	0x3faa3722	0xbc0af9d3	0x3e3851ec	0x3f743749	0x3fa2614f
0x3f179a6b	0x3e99999a	0x3f000000	0x3faa3722	0xbc0b4718	0x3e3851ec	0x3f7430e3	0x3fa25d0e
0x3f17a0f9	0x3e99999a	0x3f000000	0x3faa3722	0xbc0b947e	0x3e3851ec	0x3f742a7b	0x3fa258cb
0x3f17a787	0x3e99999a	0x3f000000	0x3faa3722	0xbc0be1f9	0x3e3851ec	0x3f742411	0x3fa25487
0x3f17ae14	0x3e99999a	0x3f000000	0x3faa3722	0xbc0c2f7e	0x3e3851ec	0x3f741da6	0x3fa25043
0x3f17b4a2	0x3e99999a	0x3f000000	0x3faa3722	0xbc0c7d24	0x3e3851ec	0x3f741739	0x3fa24bfd
0x3f17bb30	0x3e99999a	0x3f000000	0x3faa3722	0xbc0ccae0	0x3e3851ec	0x3f7410ca	0x3fa247b6
0x3f17c1be	0x3e99999a	0x3f000000	0x3faa3722	0xbc0d18b1	0x3e3851ec	0x3f740a59	0x3fa2436e
0x3f17c84b	0x3e99999a	0x3f000000	0x3faa3722	0xbc0d668c	0x3e3851ec	0x3f7403e8	0x3fa23f25
0x3f17ced9	0x3e99999a	0x3f000000	0x3faa3722	0xbc0db488	0x3e3851ec	0x3f73fd74	0x3fa23adb
0x3f17d567	0x3e99999a	0x3f000000	0x3faa3722	0xbc0e029a	0x3e3851ec	0x3f73f6ff	0x3fa23690
0x3f17dbf5	0x3e99999a	0x3f000000	0x3faa3722	0xbc0e50c1	0x3e3851ec	0x3f73f088	0x3fa23243
0x3f17e282	0x3e99999a	0x3f000000	0x3faa3722	0xbc0e9ef1	0x3e3851ec	0x3f73ea10	0x3fa22df6
0x3f17e910	0x3e99999a	0x3f000000	0x3faa3722	0xbc0eed44	0x3e3851ec	0x3f73e396	0x3fa229a8
0x3f17ef9e	0x3e99999a	0x3f000000	0x3faa3722	0xbc0f3bab	0x3e3851ec	0x3f73dd1a	0x3fa22558
0x3f17f62b	0x3e99999a	0x3f000000	0x3faa3722	0xbc0f8a1c	0x3e3851ec	0x3f73d69e	0x3fa22108
0x3f17fcb9	0x3e99999a	0x3f000000	0x3faa3722	0xbc0fd8af	0x3e3851ec	0x3f73d01f	0x3fa21cb7
0x3f180347	0x3e99999a	0x3f000000	0x3faa3722	0xbc102757	0x3e3851ec	0x3f73c99e	0x3fa21864
0x3f1809d5	0x3e99999a	0x3f000000	0x3faa3722	0xbc107614	0x3e3851ec	0x3f73c31c	0x3fa21410
0x3f181062	0x3e99999a	0x3f000000	0x3faa3722	0xbc10c4db	0x3e3851ec	0x3f73bc99	0x3fa20fbb
0x3f1816f0	0x3e99999a	0x3f000000	0x3faa3722	0xbc1113c4	0x3e3851ec	0x3f73b613	0x3fa20b65
0x3f181d7e	0x3e99999a	0x3f000000	0x3faa3722	0xbc1162c1	0x3e3851ec	0x3f73af8d	0x3fa2070f
0x3f18240b	0x3e99999a	0x3f000000	0x3faa3722	0xbc11b1c9	0x3e3851ec	0x3f73a905	0x3fa202b7
0x3f182a99	0x3e99999a	0x3f000000	0x3faa3722	0xbc1200f2	0x3e3851ec	0x3f73a27b	0x3fa1fe5e
0x3f183127	0x3e99999a	0x3f000000	0x3faa3722	0xbc125030	0x3e3851ec	0x3f739bef	0x3fa1fa04
0x3f1837b5	0x3e99999a	0x3f000000	0x3faa3722	0xbc129f84	0x3e3851ec	0x3f739561	0x3fa1f5a8
0x3f183e42	0x3e99999a	0x3f000000	0x3faa3722	0xbc12eee1	0x3e3851ec	0x3f738ed3	0x3fa1f14c
0x3f1844d0	0x3e99999a	0x3f000000	0x3faa3722	0xbc133e60	0x3e3851ec	0x3f738843	0x3fa1ecef
0x3f184b5e	0x3e99999a	0x3f000000	0x3faa3722	0xbc138df4	0x3e3851ec	0x3f7381b1	0x3fa1e891
0x3f1851ec	0x3e99999a	0x3f000000	0x3faa3722	0xbc13dd9e	0x3e3851ec	0x3f737b1d	0x3fa1e431
0x3f185879	0x3e99999a	0x3f000000	0x3faa3722	0xbc142d51	0x3e3851ec	0x3f737488	0x3fa1dfd1
0x3f185f07	0x3e99999a	0x3f000000	0x3faa3722	0xbc147d26	0x3e3851ec	0x3f736df1	0x3fa1db6f
0x3f186595	0x3e99999a	0x3f000000	0x3faa3722	0xbc14cd10	0x3e3851ec	0x3f736759	0x3fa1d70d
0x3f186c22	0x3e99999a	0x3f000000	0x3faa3722	0xbc151d03	0x3e3851ec	0x3f7360c0	0x3fa1d2aa
0x3f1872b0	0x3e99999a	0x3f000000	0x3faa3722	0xbc156d18	0x3e3851ec	0x3f735a24	0x3fa1ce45
0x3f18793e	0x3e99999a	0x3f000000	0x3faa3722	0xbc15bd43	0x3e3851ec	0x3f735386	0x3fa1c9de
0x3f187fcc	0x3e99999a	0x3f000000	0x3faa3722	0xbc160d83	0x3e3851ec	0x3f734ce7	0x3fa1c577
0x3f188659	0x3e99999a	0x3f000000	0x3faa3722	0xbc165dcc	0x3e3851ec	0x3f734648	0x3fa1c110
0x3f188ce7	0x3e99999a	0x3f000000	0x3faa3722	0xbc16ae37	0x3e3851ec	0x3f733fa6	0x3fa1bca7
0x3f189375	0x3e99999a	0x3f000000	0x3faa3722	0xbc16feb8	0x3e3851ec	0x3f733902	0x3fa1b83d
0x3f189a02	0x3e99999a	0x3f000000	0x3faa3722	0xbc174f42	0x3e3851ec	0x3f73325e	0x3fa1b3d3
0x3f18a090	0x3e99999a	0x3f000000	0x3faa3722	0xbc179fed	0x3e3851ec	0x3f732bb7	0x3fa1af66
0x3f18a71e	0x3e99999a	0x3f000000	0x3faa3722	0xbc17f0ae	0x3e3851ec	0x3f73250e	0x3fa1aaf9
0x3f18adac	0x3e99999a	0x3f000000	0x3faa3722	0xbc184184	0x3e3851ec	0x3f731e64	0x3fa1a68a
0x3f18b439	0x3e99999a	0x3f000000	0x3faa3722	0xbc189264	0x3e3851ec	0x3f7317ba	0x3fa1a21c
0x3f18bac7	0x3e99999a	0x3f000000	0x3faa3722	0xbc18e365	0x3e3851ec	0x3f73110c	0x3fa19dab
0x3f18c155	0x3e99999a	0x3f000000	0x3faa3722	0xbc19347c	0x3e3851ec	0x3f730a5d	0x3fa19939
0x3f18c7e3	0x3e99999a	0x3f000000	0x3faa3722	0xbc1985a9	0x3e3851ec	0x3f7303ad	0x3fa194c7
0x3f18ce70	0x3e99999a	0x3f000000	0x3faa3722	0xbc19d6de	0x3e3851ec	0x3f72fcfc	0x3fa19054
0x3f18d4fe	0x3e99999a	0x3f000000	0x3faa3722	0xbc1a2835	0x3e3851ec	0x3f72f648	0x3fa18bdf
0x3f18db8c	0x3e99999a	0x3f000000	0x3faa3722	0xbc1a79a2	0x3e3851ec	0x3f72ef93	0x3fa18769
0x3f18e219	0x3e99999a	0x3f000000	0x3faa3722	0xbc1acb18	0x3e3851ec	0x3f72e8dd	0x3fa182f3
0x3f18e8a7	0x3e99999a	0x3f000000	0x3faa3722	0xbc1b1cb0	0x3e3851ec	0x3f72e225	0x3fa17e7b
0x3f18ef35	0x3e99999a	0x3f000000	0x3faa3722	0xbc1b6e5d	0x3e3851ec	0x3f72db6b	0x3fa17a02
0x3f18f5c3	0x3e99999a	0x3f000000	0x3faa3722	0xbc1bc020	0x3e3851ec	0x3f72d4b0	0x3fa17589
0x3f18fc50	0x3e99999a	0x3f000000	0x3faa3722	0xbc1c11eb	0x3e3851ec	0x3f72cdf4	0x3fa1710f
0x3f1902de	0x3e99999a	0x3f000000	0x3faa3722	0xbc1c63d9	0x3e3851ec	0x3f72c735	0x3fa16c92
0x3f19096c	0x3e99999a	0x3f000000	0x3faa3722	0xbc1cb5dc	0x3e3851ec	0x3f72c075	0x3fa16815
0x3f190ff9	0x3e99999a	0x3f000000	0x3faa3722	0xbc1d07e8	0x3e3851ec	0x3f72b9b4	0x3fa16398
0x3f191687	0x3e99999a	0x3f000000	0x3faa3722	0xbc1d5a16	0x3e3851ec	0x3f72b2f0	0x3fa15f18
0x3f191d15	0x3e99999a	0x3f000000	0x3faa3722	0xbc1dac5a	0x3e3851ec	0x3f72ac2b	0x3fa15a98
0x3f1923a3	0x3e99999a	0x3f000000	0x3faa3722	0xbc1dfeb3	0x3e3851ec	0x3f72a565	0x3fa15617
0x3f192a30	0x3e99999a	0x3f000000	0x3faa3722	0xbc1e5115	0x3e3851ec	0x3f729e9e	0x3fa15195
0x3f1930be	0x3e99999a	0x3f000000	0x3faa3722	0xbc1ea399	0x3e3851ec	0x3f7297d4	0x3fa14d12
0x3f19374c	0x3e99999a	0x3f000000	0x3faa3722	0xbc1ef632	0x3e3851ec	0x3f729108	0x3fa1488d
0x3f193dd9	0x3e99999a	0x3f000000	0x3faa3722	0xbc1f48d5	0x3e3851ec	0x3f728a3d	0x3fa14408
0x3f194467	0x3e99999a	0x3f000000	0x3faa3722	0xbc1f9b99	0x3e3851ec	0x3f72836e	0x3fa13f81
0x3f194af5	0x3e99999a	0x3f000000	0x3faa3722	0xbc1fee73	0x3e3851ec	0x3f727c9e	0x3fa13afa
0x3f195183	0x3e99999a	0x3f000000	0x3faa3722	0xbc204163	0x3e3851ec	0x3f7275cc	0x3fa13671
0x3f195810	0x3e99999a	0x3f000000	0x3faa3722	0xbc20945b	0x3e3851ec	0x3f726efa	0x3fa131e8
0x3f195e9e	0x3e99999a	0x3f000000	0x3faa3722	0xbc20e775	0x3e3851ec	0x3f726826	0x3fa12d5e
0x3f19652c	0x3e99999a	0x3f000000	0x3faa3722	0xbc213aa5	0x3e3851ec	0x3f72614f	0x3fa128d2
0x3f196bba	0x3e99999a	0x3f000000	0x3faa3722	0xbc218dea	0x3e3851ec	0x3f725a77	0x3fa12445
0x3f197247	0x3e99999a	0x3f000000	0x3faa3722	0xbc21e138	0x3e3851ec	0x3f72539f	0x3fa11fb8
0x3f1978d5	0x3e99999a	0x3f000000	0x3faa3722	0xbc2234a9	0x3e3851ec	0x3f724cc4	0x3fa11b29
0x3f197f63	0x3e99999a	0x3f000000	0x3faa3722	0xbc22882e	0x3e3851ec	0x3f7245e7	0x3fa11699
0x3f1985f0	0x3e99999a	0x3f000000	0x3faa3722	0xbc22dbbd	0x3e3851ec	0x3f723f0a	0x3fa11208
0x3f198c7e	0x3e99999a	0x3f000000	0x3faa3722	0xbc232f6e	0x3e3851ec	0x3f72382a	0x3fa10d76
0x3f19930c	0x3e99999a	0x3f000000	0x3faa3722	0xbc238334	0x3e3851ec	0x3f723149	0x3fa108e3
0x3f19999a	0x3e99999a	0x3f000000	0x3faa3722	0xbc23d70f	0x3e3851ec	0x3f722a66	0x3fa1044f
0x3f19a027	0x3e99999a	0x3f000000	0x3faa3722	0xbc242af4	0x3e3851ec	0x3f722383	0x3fa0ffbb
0x3f19a6b5	0x3e99999a	0x3f000000	0x3faa3722	0xbc247efa	0x3e3851ec	0x3f721c9d	0x3fa0fb25
0x3f19ad43	0x3e99999a	0x3f000000	0x3faa3722	0xbc24d316	0x3e3851ec	0x3f7215b5	0x3fa0f68d
0x3f19b3d0	0x3e99999a	0x3f000000	0x3faa3722	0xbc25273b	0x3e3851ec	0x3f720ecd	0x3fa0f1f5
0x3f19ba5e	0x3e99999a	0x3f000000	0x3faa3722	0xbc257b82	0x3e3851ec	0x3f7207e2	0x3fa0ed5c
0x3f19c0ec	0x3e99999a	0x3f000000	0x3faa3722	0xbc25cfdf	0x3e3851ec	0x3f7200f6	0x3fa0e8c2
0x3f19c77a	0x3e99999a	0x3f000000	0x3faa3722	0xbc262451	0x3e3851ec	0x3f71fa08	0x3fa0e426
0x3f19ce07	0x3e99999a	0x3f000000	0x3faa3722	0xbc2678cb	0x3e3851ec	0x3f71f31a	0x3fa0df8b
0x3f19d495	0x3e99999a	0x3f000000	0x3faa3722	0xbc26cd68	0x3e3851ec	0x3f71ec29	0x3fa0daed
0x3f19db23	0x3e99999a	0x3f000000	0x3faa3722	0xbc27221b	0x3e3851ec	0x3f71e536	0x3fa0d64e
0x3f19e1b1	0x3e99999a	0x3f000000	0x3faa3722	0xbc2776e3	0x3e3851ec	0x3f71de42	0x3fa0d1af
0x3f19e83e	0x3e99999a	0x3f000000	0x3faa3722	0xbc27cbb3	0x3e3851ec	0x3f71d74d	0x3fa0cd0f
0x3f19eecc	0x3e99999a	0x3f000000	0x3faa3722	0xbc2820a6	0x3e3851ec	0x3f71d056	0x3fa0c86d
0x3f19f55a	0x3e99999a	0x3f000000	0x3faa3722	0xbc2875ae	0x3e3851ec	0x3f71c95d	0x3fa0c3ca
0x3f19fbe7	0x3e99999a	0x3f000000	0x3faa3722	0xbc28cabf	0x3e3851ec	0x3f71c264	0x3fa0bf27
0x3f1a0275	0x3e99999a	0x3f000000	0x3faa3722	0xbc291ff3	0x3e3851ec	0x3f71bb68	0x3fa0ba82
0x3f1a0903	0x3e99999a	0x3f000000	0x3faa3722	0xbc29753b	0x3e3851ec	0x3f71b46b	0x3fa0b5dd
0x3f1a0f91	0x3e99999a	0x3f000000	0x3faa3722	0xbc29ca9a	0x3e3851ec	0x3f71ad6b	0x3fa0b135
0x3f1a161e	0x3e99999a	0x3f000000	0x3faa3722	0xbc2a2000	0x3e3851ec	0x3f71a66c	0x3fa0ac8f
0x3f1a1cac	0x3e99999a	0x3f000000	0x3faa3722	0xbc2a758a	0x3e3851ec	0x3f719f6a	0x3fa0a7e6
0x3f1a233a	0x3e99999a	0x3f000000	0x3faa3722	0xbc2acb28	0x3e3851ec	0x3f719866	0x3fa0a33c
0x3f1a29c7	0x3e99999a	0x3f000000	0x3faa3722	0xbc2b20cf	0x3e3851ec	0x3f719162	0x3fa09e91
0x3f1a3055	0x3e99999a	0x3f000000	0x3faa3722	0xbc2b7699	0x3e3851ec	0x3f718a5b	0x3fa099e5
0x3f1a36e3	0x3e99999a	0x3f000000	0x3faa3722	0xbc2bcc78	0x3e3851ec	0x3f718353	0x3fa09538
0x3f1a3d71	0x3e99999a	0x3f000000	0x3faa3722	0xbc2c226d	0x3e3851ec	0x3f717c49	0x3fa0908a
0x3f1a43fe	0x3e99999a	0x3f000000	0x3faa3722	0xbc2c786a	0x3e3851ec	0x3f71753e	0x3fa08bdb
0x3f1a4a8c	0x3e99999a	0x3f000000	0x3faa3722	0xbc2cce89	0x3e3851ec	0x3f716e31	0x3fa0872b
0x3f1a511a	0x3e99999a	0x3f000000	0x3faa3722	0xbc2d24be	0x3e3851ec	0x3f716723	0x3fa0827a
0x3f1a57a8	0x3e99999a	0x3f000000	0x3faa3722	0xbc2d7b09	0x3e3851ec	0x3f716013	0x3fa07dc8
0x3f1a5e35	0x3e99999a	0x3f000000	0x3faa3722	0xbc2dd15c	0x3e3851ec	0x3f715902	0x3fa07916
0x3f1a64c3	0x3e99999a	0x3f000000	0x3faa3722	0xbc2e27d1	0x3e3851ec	0x3f7151ef	0x3fa07461
0x3f1a6b51	0x3e99999a	0x3f000000	0x3faa3722	0xbc2e7e5c	0x3e3851ec	0x3f714ada	0x3fa06fac
0x3f1a71de	0x3e99999a	0x3f000000	0x3faa3722	0xbc2ed4ef	0x3e3851ec	0x3f7143c5	0x3fa06af6
0x3f1a786c	0x3e99999a	0x3f000000	0x3faa3722	0xbc2f2ba5	0x3e3851ec	0x3f713cad	0x3fa0663f
0x3f1a7efa	0x3e99999a	0x3f000000	0x3faa3722	0xbc2f8271	0x3e3851ec	0x3f713593	0x3fa06186
0x3f1a8588	0x3e99999a	0x3f000000	0x3faa3722	0xbc2fd952	0x3e3851ec	0x3f712e78	0x3fa05ccd
0x3f1a8c15	0x3e99999a	0x3f000000	0x3faa3722	0xbc30303b	0x3e3851ec	0x3f71275d	0x3fa05813
0x3f1a92a3	0x3e99999a	0x3f000000	0x3faa3722	0xbc308747	0x3e3851ec	0x3f71203f	0x3fa05358
0x3f1a9931	0x3e99999a	0x3f000000	0x3faa3722	0xbc30de68	0x3e3851ec	0x3f71191f	0x3fa04e9b
0x3f1a9fbe	0x3e99999a	0x3f000000	0x3faa3722	0xbc313591	0x3e3851ec	0x3f7111ff	0x3fa049de
0x3f1aa64c	0x3e99999a	0x3f000000	0x3faa3722	0xbc318cde	0x3e3851ec	0x3f710adc	0x3fa0451f
0x3f1aacda	0x3e99999a	0x3f000000	0x3faa3722	0xbc31e43f	0x3e3851ec	0x3f7103b8	0x3fa04060
0x3f1ab368	0x3e99999a	0x3f000000	0x3faa3722	0xbc323bb7	0x3e3851ec	0x3f70fc92	0x3fa03b9f
0x3f1ab9f5	0x3e99999a	0x3f000000	0x3faa3722	0xbc329336	0x3e3851ec	0x3f70f56c	0x3fa036de
0x3f1ac083	0x3e99999a	0x3f000000	0x3faa3722	0xbc32ead8	0x3e3851ec	0x3f70ee43	0x3fa0321c
0x3f1ac711	0x3e99999a	0x3f000000	0x3faa3722	0xbc334290	0x3e3851ec	0x3f70e719	0x3fa02d58
0x3f1acd9f	0x3e99999a	0x3f000000	0x3faa3722	0xbc339a5d	0x3e3851ec	0x3f70dfed	0x3fa02893
0x3f1ad42c	0x3e99999a	0x3f000000	0x3faa3722	0xbc33f232	0x3e3851ec	0x3f70d8c0	0x3fa023ce
0x3f1adaba	0x3e99999a	0x3f000000	0x3faa3722	0xbc344a2a	0x3e3851ec	0x3f70d191	0x3fa01f07
0x3f1ae148	0x3e99999a	0x3f000000	0x3faa3722	0xbc34a238	0x3e3851ec	0x3f70ca61	0x3fa01a40
0x3f1ae7d5	0x3e99999a	0x3f000000	0x3faa3722	0xbc34fa4e	0x3e3851ec	0x3f70c330	0x3fa01578
0x3f1aee63	0x3e99999a	0x3f000000	0x3faa3722	0xbc355286	0x3e3851ec	0x3f70bbfc	0x3fa010ae
0x3f1af4f1	0x3e99999a	0x3f000000	0x3faa3722	0xbc35aad4	0x3e3851ec	0x3f70b4c7	0x3fa00be3
0x3f1afb7f	0x3e99999a	0x3f000000	0x3faa3722	0xbc360338	0x3e3851ec	0x3f70ad90	0x3fa00717
0x3f1b020c	0x3e99999a	0x3f000000	0x3faa3722	0xbc365ba3	0x3e3851ec	0x3f70a659	0x3fa0024b
0x3f1b089a	0x3e99999a	0x3f000000	0x3faa3722	0xbc36b431	0x3e3851ec	0x3f709f1f	0x3f9ffd7d
0x3f1b0f28	0x3e99999a	0x3f000000	0x3faa3722	0xbc370cd5	0x3e3851ec	0x3f7097e4	0x3f9ff8ae
0x3f1b15b5	0x3e99999a	0x3f000000	0x3faa3722	0xbc376581	0x3e3851ec	0x3f7090a8	0x3f9ff3df
0x3f1b1c43	0x3e99999a	0x3f000000	0x3faa3722	0xbc37be50	0x3e3851ec	0x3f70896a	0x3f9fef0e
0x3f1b22d1	0x3e99999a	0x3f000000	0x3faa3722	0xbc381735	0x3e3851ec	0x3f70822a	0x3f9fea3c
0x3f1b295f	0x3e99999a	0x3f000000	0x3faa3722	0xbc38702e	0x3e3851ec	0x3f707ae8	0x3f9fe568
0x3f1b2fec	0x3e99999a	0x3f000000	0x3faa3722	0xbc38c930	0x3e3851ec	0x3f7073a6	0x3f9fe095
0x3f1b367a	0x3e99999a	0x3f000000	0x3faa3722	0xbc392255	0x3e3851ec	0x3f706c62	0x3f9fdbc0
0x3f1b3d08	0x3e99999a	0x3f000000	0x3faa3722	0xbc397b8f	0x3e3851ec	0x3f70651c	0x3f9fd6ea
0x3f1b4396	0x3e99999a	0x3f000000	0x3faa3722	0xbc39d4df	0x3e3851ec	0x3f705dd4	0x3f9fd213
0x3f1b4a23	0x3e99999a	0x3f000000	0x3faa3722	0xbc3a2e37	0x3e3851ec	0x3f70568c	0x3f9fcd3b
0x3f1b50b1	0x3e99999a	0x3f000000	0x3faa3722	0xbc3a87b1	0x3e3851ec	0x3f704f41	0x3f9fc862
0x3f1b573f	0x3e99999a	0x3f000000	0x3faa3722	0xbc3ae141	0x3e3851ec	0x3f7047f5	0x3f9fc388
0x3f1b5dcc	0x3e99999a	0x3f000000	0x3faa3722	0xbc3b3ad9	0x3e3851ec	0x3f7040a9	0x3f9fbeae
0x3f1b645a	0x3e99999a	0x3f000000	0x3faa3722	0xbc3b9495	0x3e3851ec	0x3f703959	0x3f9fb9d1
0x3f1b6ae8	0x3e99999a	0x3f000000	0x3faa3722	0xbc3bee65	0x3e3851ec	0x3f703209	0x3f9fb4f5
0x3f1b7176	0x3e99999a	0x3f000000	0x3faa3722	0xbc3c484b	0x3e3851ec	0x3f702ab6	0x3f9fb016
0x3f1b7803	0x3e99999a	0x3f000000	0x3faa3722	0xbc3ca239	0x3e3851ec	0x3f702364	0x3f9fab38
0x3f1b7e91	0x3e99999a	0x3f000000	0x3faa3722	0xbc3cfc4a	0x3e3851ec	0x3f701c0e	0x3f9fa657
0x3f1b851f	0x3e99999a	0x3f000000	0x3faa3722	0xbc3d5671	0x3e3851ec	0x3f7014b7	0x3f9fa176
0x3f1b8bac	0x3e99999a	0x3f000000	0x3faa3722	0xbc3db09f	0x3e3851ec	0x3f700d60	0x3f9f9c95
0x3f1b923a	0x3e99999a	0x3f000000	0x3faa3722	0xbc3e0af1	0x3e3851ec	0x3f700606	0x3f9f97b1
0x3f1b98c8	0x3e99999a	0x3f000000	0x3faa3722	0xbc3e6558	0x3e3851ec	0x3f6ffeab	0x3f9f92cd
0x3f1b9f56	0x3e99999a	0x3f000000	0x3faa3722	0xbc3ebfd4	0x3e3851ec	0x3f6ff74e	0x3f9f8de8
0x3f1ba5e3	0x3e99999a	0x3f000000	0x3faa3722	0xbc3f1a58	0x3e3851ec	0x3f6feff0	0x3f9f8902
0x3f1bac71	0x3e99999a	0x3f000000	0x3faa3722	0xbc3f7500	0x3e3851ec	0x3f6fe890	0x3f9f841a
0x3f1bb2ff	0x3e99999a	0x3f000000	0x3faa3722	0xbc3fcfbc	0x3e3851ec	0x3f6fe12f	0x3f9f7f32
0x3f1bb98c	0x3e99999a	0x3f000000	0x3faa3722	0xbc402a81	0x3e3851ec	0x3f6fd9cd	0x3f9f7a4a
0x3f1bc01a	0x3e99999a	0x3f000000	0x3faa3722	0xbc408569	0x3e3851ec	0x3f6fd268	0x3f9f755f
0x3f1bc6a8	0x3e99999a	0x3f000000	0x3faa3722	0xbc40e066	0x3e3851ec	0x3f6fcb02	0x3f9f7074
0x3f1bcd36	0x3e99999a	0x3f000000	0x3faa3722	0xbc413b79	0x3e3851ec	0x3f6fc39a	0x3f9f6b87
0x3f1bd3c3	0x3e99999a	0x3f000000	0x3faa3722	0xbc419693	0x3e3851ec	0x3f6fbc32	0x3f9f669a
0x3f1bda51	0x3e99999a	0x3f000000	0x3faa3722	0xbc41f1d1	0x3e3851ec	0x3f6fb4c8	0x3f9f61ac
0x3f1be0df	0x3e99999a	0x3f000000	0x3faa3722	0xbc424d24	0x3e3851ec	0x3f6fad5c	0x3f9f5cbd
0x3f1be76d	0x3e99999a	0x3f000000	0x3faa3722	0xbc42a88d	0x3e3851ec	0x3f6fa5ee	0x3f9f57cd
0x3f1bedfa	0x3e99999a	0x3f000000	0x3faa3722	0xbc4303fd	0x3e3851ec	0x3f6f9e80	0x3f9f52dc
0x3f1bf488	0x3e99999a	0x3f000000	0x3faa3722	0xbc435f91	0x3e3851ec	0x3f6f970f	0x3f9f4de9
0x3f1bfb16	0x3e99999a	0x3f000000	0x3faa3722	0xbc43bb3a	0x3e3851ec	0x3f6f8f9d	0x3f9f48f6
0x3f1c01a3	0x3e99999a	0x3f000000	0x3faa3722	0xbc4416eb	0x3e3851ec	0x3f6f882a	0x3f9f4402
0x3f1c0831	0x3e99999a	0x3f000000	0x3faa3722	0xbc4472bf	0x3e3851ec	0x3f6f80b5	0x3f9f3f0d
0x3f1c0ebf	0x3e99999a	0x3f000000	0x3faa3722	0xbc44cea8	0x3e3851ec	0x3f6f793e	0x3f9f3a16
0x3f1c154d	0x3e99999a	0x3f000000	0x3faa3722	0xbc452aa7	0x3e3851ec	0x3f6f71c6	0x3f9f351f
0x3f1c1bda	0x3e99999a	0x3f000000	0x3faa3722	0xbc4586ae	0x3e3851ec	0x3f6f6a4d	0x3f9f3027
0x3f1c2268	0x3e99999a	0x3f000000	0x3faa3722	0xbc45e2d8	0x3e3851ec	0x3f6f62d2	0x3f9f2b2d
0x3f1c28f6	0x3e99999a	0x3f000000	0x3faa3722	0xbc463f17	0x3e3851ec	0x3f6f5b55	0x3f9f2633
0x3f1c2f83	0x3e99999a	0x3f000000	0x3faa3722	0xbc469b5e	0x3e3851ec	0x3f6f53d8	0x3f9f2138
0x3f1c3611	0x3e99999a	0x3f000000	0x3faa3722	0xbc46f7c9	0x3e3851ec	0x3f6f4c58	0x3f9f1c3c
0x3f1c3c9f	0x3e99999a	0x3f000000	0x3faa3722	0xbc475449	0x3e3851ec	0x3f6f44d7	0x3f9f173e
0x3f1c432d	0x3e99999a	0x3f000000	0x3faa3722	0xbc47b0de	0x3e3851ec	0x3f6f3d54	0x3f9f1240
0x3f1c49ba	0x3e99999a	0x3f000000	0x3faa3722	0xbc480d7b	0x3e3851ec	0x3f6f35d1	0x3f9f0d41
0x3f1c5048	0x3e99999a	0x3f000000	0x3faa3722	0xbc486a3b	0x3e3851ec	0x3f6f2e4b	0x3f9f0841
0x3f1c56d6	0x3e99999a	0x3f000000	0x3faa3722	0xbc48c711	0x3e3851ec	0x3f6f26c4	0x3f9f033f
0x3f1c5d64	0x3e99999a	0x3f000000	0x3faa3722	0xbc4923fc	0x3e3851ec	0x3f6f1f3b	0x3f9efe3d
0x3f1c63f1	0x3e99999a	0x3f000000	0x3faa3722	0xbc4980ef	0x3e3851ec	0x3f6f17b2	0x3f9ef93a
0x3f1c6a7f	0x3e99999a	0x3f000000	0x3faa3722	0xbc49de05	0x3e3851ec	0x3f6f1026	0x3f9ef435
0x3f1c710d	0x3e99999a	0x3f000000	0x3faa3722	0xbc4a3b31	0x3e3851ec	0x3f6f0899	0x3f9eef30
0x3f1c779a	0x3e99999a	0x3f000000	0x3faa3722	0xbc4a9864	0x3e3851ec	0x3f6f010b	0x3f9eea2a
0x3f1c7e28	0x3e99999a	0x3f000000	0x3faa3722	0xbc4af5bb	0x3e3851ec	0x3f6ef97b	0x3f9ee523
0x3f1c84b6	0x3e99999a	0x3f000000	0x3faa3722	0xbc4b5327	0x3e3851ec	0x3f6ef1e9	0x3f9ee01a
0x3f1c8b44	0x3e99999a	0x3f000000	0x3faa3722	0xbc4bb0a9	0x3e3851ec	0x3f6eea55	0x3f9edb11
0x3f1c91d1	0x3e99999a	0x3f000000	0x3faa3722	0xbc4c0e32	0x3e3851ec	0x3f6ee2c2	0x3f9ed607
0x3f1c985f	0x3e99999a	0x3f000000	0x3faa3722	0xbc4c6bde	0x3e3851ec	0x3f6edb2b	0x3f9ed0fb
0x3f1c9eed	0x3e99999a	0x3f000000	0x3faa3722	0xbc4cc9a0	0x3e3851ec	0x3f6ed393	0x3f9ecbef
0x3f1ca57a	0x3e99999a	0x3f000000	0x3faa3722	0xbc4d276a	0x3e3851ec	0x3f6ecbfb	0x3f9ec6e2
0x3f1cac08	0x3e99999a	0x3f000000	0x3faa3722	0xbc4d8557	0x3e3851ec	0x3f6ec460	0x3f9ec1d4
0x3f1cb296	0x3e99999a	0x3f000000	0x3faa3722	0xbc4de359	0x3e3851ec	0x3f6ebcc4	0x3f9ebcc4
0x3f1cb924	0x3e99999a	0x3f000000	0x3faa3722	0xbc4e4171	0x3e3851ec	0x3f6eb526	0x3f9eb7b4
0x3f1cbfb1	0x3e99999a	0x3f000000	0x3faa3722	0xbc4e9f90	0x3e3851ec	0x3f6ead88	0x3f9eb2a3
0x3f1cc63f	0x3e99999a	0x3f000000	0x3faa3722	0xbc4efdd3	0x3e3851ec	0x3f6ea5e7	0x3f9ead91
0x3f1ccccd	0x3e99999a	0x3f000000	0x3faa3722	0xbc4f5c2c	0x3e3851ec	0x3f6e9e45	0x3f9ea87e
0x3f1cd35b	0x3e99999a	0x3f000000	0x3faa3722	0xbc4fba9a	0x3e3851ec	0x3f6e96a1	0x3f9ea369
0x3f1cd9e8	0x3e99999a	0x3f000000	0x3faa3722	0xbc50190f	0x3e3851ec	0x3f6e8efd	0x3f9e9e54
0x3f1ce076	0x3e99999a	0x3f000000	0x3faa3722	0xbc5077a8	0x3e3851ec	0x3f6e8756	0x3f9e993e
0x3f1ce704	0x3e99999a	0x3f000000	0x3faa3722	0xbc50d656	0x3e3851ec	0x3f6e7fae	0x3f9e9427
0x3f1ced91	0x3e99999a	0x3f000000	0x3faa3722	0xbc51350b	0x3e3851ec	0x3f6e7805	0x3f9e8f0f
0x3f1cf41f	0x3e99999a	0x3f000000	0x3faa3722	0xbc5193e5	0x3e3851ec	0x3f6e705a	0x3f9e89f6
0x3f1cfaad	0x3e99999a	0x3f000000	0x3faa3722	0xbc51f2d4	0x3e3851ec	0x3f6e68ad	0x3f9e84db
0x3f1d013b	0x3e99999a	0x3f000000	0x3faa3722	0xbc5251d8	0x3e3851ec	0x3f6e60ff	0x3f9e7fc0
0x3f1d07c8	0x3e99999a	0x3f000000	0x3faa3722	0xbc52b0e3	0x3e3851ec	0x3f6e5950	0x3f9e7aa4
0x3f1d0e56	0x3e99999a	0x3f000000	0x3faa3722	0xbc531012	0x3e3851ec	0x3f6e519f	0x3f9e7587
0x3f1d14e4	0x3e99999a	0x3f000000	0x3faa3722	0xbc536f57	0x3e3851ec	0x3f6e49ec	0x3f9e7068
0x3f1d1b71	0x3e99999a	0x3f000000	0x3faa3722	0xbc53cea3	0x3e3851ec	0x3f6e4239	0x3f9e6b4a
0x3f1d21ff	0x3e99999a	0x3f000000	0x3faa3722	0xbc542e12	0x3e3851ec	0x3f6e3a83	0x3f9e6629
0x3f1d288d	0x3e99999a	0x3f000000	0x3faa3722	0xbc548d98	0x3e3851ec	0x3f6e32cc	0x3f9e6108
0x3f1d2f1b	0x3e99999a	0x3f000000	0x3faa3722	0xbc54ed32	0x3e3851ec	0x3f6e2b13	0x3f9e5be6
0x3f1d35a8	0x3e99999a	0x3f000000	0x3faa3722	0xbc554cd4	0x3e3851ec	0x3f6e235a	0x3f9e56c3
0x3f1d3c36	0x3e99999a	0x3f000000	0x3faa3722	0xbc55ac99	0x3e3851ec	0x3f6e1b9f	0x3f9e519f
0x3f1d42c4	0x3e99999a	0x3f000000	0x3faa3722	0xbc560c74	0x3e3851ec	0x3f6e13e2	0x3f9e4c7a
0x3f1d4952	0x3e99999a	0x3f000000	0x3faa3722	0xbc566c65	0x3e3851ec	0x3f6e0c23	0x3f9e4753
0x3f1d4fdf	0x3e99999a	0x3f000000	0x3faa3722	0xbc56cc5c	0x3e3851ec	0x3f6e0464	0x3f9e422d
0x3f1d566d	0x3e99999a	0x3f000000	0x3faa3722	0xbc572c78	0x3e3851ec	0x3f6dfca3	0x3f9e3d05
0x3f1d5cfb	0x3e99999a	0x3f000000	0x3faa3722	0xbc578ca9	0x3e3851ec	0x3f6df4e0	0x3f9e37dc
0x3f1d6388	0x3e99999a	0x3f000000	0x3faa3722	0xbc57ece1	0x3e3851ec	0x3f6ded1c	0x3f9e32b2
0x3f1d6a16	0x3e99999a	0x3f000000	0x3faa3722	0xbc584d3d	0x3e3851ec	0x3f6de556	0x3f9e2d87
0x3f1d70a4	0x3e99999a	0x3f000000	0x3faa3722	0xbc58adae	0x3e3851ec	0x3f6ddd8f	0x3f9e285b
0x3f1d7732	0x3e99999a	0x3f000000	0x3faa3722	0xbc590e35	0x3e3851ec	0x3f6dd5c6	0x3f9e232e
0x3f1d7dbf	0x3e99999a	0x3f000000	0x3faa3722	0xbc596ec3	0x3e3851ec	0x3f6dcdfc	0x3f9e1e00
0x3f1d844d	0x3e99999a	0x3f000000	0x3faa3722	0xbc59cf74	0x3e3851ec	0x3f6dc631	0x3f9e18d2
0x3f1d8adb	0x3e99999a	0x3f000000	0x3faa3722	0xbc5a303c	0x3e3851ec	0x3f6dbe63	0x3f9e13a1
0x3f1d9168	0x3e99999a	0x3f000000	0x3faa3722	0xbc5a910a	0x3e3851ec	0x3f6db695	0x3f9e0e71
0x3f1d97f6	0x3e99999a	0x3f000000	0x3faa3722	0xbc5af1fc	0x3e3851ec	0x3f6daec5	0x3f9e093f
0x3f1d9e84	0x3e99999a	0x3f000000	0x3faa3722	0xbc5b5304	0x3e3851ec	0x3f6da6f3	0x3f9e040c
0x3f1da512	0x3e99999a	0x3f000000	0x3faa3722	0xbc5bb421	0x3e3851ec	0x3f6d9f20	0x3f9dfed8
0x3f1dab9f	0x3e99999a	0x3f000000	0x3faa3722	0xbc5c1545	0x3e3851ec	0x3f6d974d	0x3f9df9a4
0x3f1db22d	0x3e99999a	0x3f000000	0x3faa3722	0xbc5c768d	0x3e3851ec	0x3f6d8f76	0x3f9df46e
0x3f1db8bb	0x3e99999a	0x3f000000	0x3faa3722	0xbc5cd7eb	0x3e3851ec	0x3f6d879f	0x3f9def37
0x3f1dbf48	0x3e99999a	0x3f000000	0x3faa3722	0xbc5d394f	0x3e3851ec	0x3f6d7fc7	0x3f9dea00
0x3f1dc5d6	0x3e99999a	0x3f000000	0x3faa3722	0xbc5d9ad8	0x3e3851ec	0x3f6d77ec	0x3f9de4c7
0x3f1dcc64	0x3e99999a	0x3f000000	0x3faa3722	0xbc5dfc76	0x3e3851ec	0x3f6d7010	0x3f9ddf8d
0x3f1dd2f2	0x3e99999a	0x3f000000	0x3faa3722	0xbc5e5e29	0x3e3851ec	0x3f6d6832	0x3f9dda52
0x3f1dd97f	0x3e99999a	0x3f000000	0x3faa3722	0xbc5ebfe4	0x3e3851ec	0x3f6d6054	0x3f9dd517
0x3f1de00d	0x3e99999a	0x3f000000	0x3faa3722	0xbc5f21c2	0x3e3851ec	0x3f6d5874	0x3f9dcfdb
0x3f1de69b	0x3e99999a	0x3f000000	0x3faa3722	0xbc5f83b6	0x3e3851ec	0x3f6d5092	0x3f9dca9d
0x3f1ded29	0x3e99999a	0x3f000000	0x3faa3722	0xbc5fe5c0	0x3e3851ec	0x3f6d48ae	0x3f9dc55e
0x3f1df3b6	0x3e99999a	0x3f000000	0x3faa3722	0xbc6047d0	0x3e3851ec	0x3f6d40cb	0x3f9dc01f
0x3f1dfa44	0x3e99999a	0x3f000000	0x3faa3722	0xbc60aa04	0x3e3851ec	0x3f6d38e4	0x3f9dbade
0x3f1e00d2	0x3e99999a	0x3f000000	0x3faa3722	0xbc610c4e	0x3e3851ec	0x3f6d30fc	0x3f9db59c
0x3f1e075f	0x3e99999a	0x3f000000	0x3faa3722	0xbc616e9f	0x3e3851ec	0x3f6d2914	0x3f9db05b
0x3f1e0ded	0x3e99999a	0x3f000000	0x3faa3722	0xbc61d113	0x3e3851ec	0x3f6d212a	0x3f9dab18
0x3f1e147b	0x3e99999a	0x3f000000	0x3faa3722	0xbc62339e	0x3e3851ec	0x3f6d193d	0x3f9da5d2
0x3f1e1b09	0x3e99999a	0x3f000000	0x3faa3722	0xbc62963e	0x3e3851ec	0x3f6d1150	0x3f9da08d
0x3f1e2196	0x3e99999a	0x3f000000	0x3faa3722	0xbc62f8e4	0x3e3851ec	0x3f6d0962	0x3f9d9b48
0x3f1e2824	0x3e99999a	0x3f000000	0x3faa3722	0xbc635baf	0x3e3851ec	0x3f6d0171	0x3f9d9600
0x3f1e2eb2	0x3e99999a	0x3f000000	0x3faa3722	0xbc63be8f	0x3e3851ec	0x3f6cf97f	0x3f9d90b7
0x3f1e353f	0x3e99999a	0x3f000000	0x3faa3722	0xbc642176	0x3e3851ec	0x3f6cf18c	0x3f9d8b6e
0x3f1e3bcd	0x3e99999a	0x3f000000	0x3faa3722	0xbc648481	0x3e3851ec	0x3f6ce998	0x3f9d8625
0x3f1e425b	0x3e99999a	0x3f000000	0x3faa3722	0xbc64e7a2	0x3e3851ec	0x3f6ce1a1	0x3f9d80d9
0x3f1e48e9	0x3e99999a	0x3f000000	0x3faa3722	0xbc654ad8	0x3e3851ec	0x3f6cd9a9	0x3f9d7b8c
0x3f1e4f76	0x3e99999a	0x3f000000	0x3faa3722	0xbc65ae15	0x3e3851ec	0x3f6cd1b1	0x3f9d7640
0x3f1e5604	0x3e99999a	0x3f000000	0x3faa3722	0xbc661176	0x3e3851ec	0x3f6cc9b6	0x3f9d70f2
0x3f1e5c92	0x3e99999a	0x3f000000	0x3faa3722	0xbc6674ec	0x3e3851ec	0x3f6cc1ba	0x3f9d6ba3
0x3f1e6320	0x3e99999a	0x3f000000	0x3faa3722	0xbc66d878	0x3e3851ec	0x3f6cb9bc	0x3f9d6652
0x3f1e69ad	0x3e99999a	0x3f000000	0x3faa3722	0xbc673c0b	0x3e3851ec	0x3f6cb1be	0x3f9d6102
0x3f1e703b	0x3e99999a	0x3f000000	0x3faa3722	0xbc679fc2	0x3e3851ec	0x3f6ca9bd	0x3f9d5baf
0x3f1e76c9	0x3e99999a	0x3f000000	0x3faa3722	0xbc68038e	0x3e3851ec	0x3f6ca1bc	0x3f9d565d
0x3f1e7d56	0x3e99999a	0x3f000000	0x3faa3722	0xbc686761	0x3e3851ec	0x3f6c99b9	0x3f9d5109
0x3f1e83e4	0x3e99999a	0x3f000000	0x3faa3722	0xbc68cb59	0x3e3851ec	0x3f6c91b4	0x3f9d4bb4
0x3f1e8a72	0x3e99999a	0x3f000000	0x3faa3722	0xbc692f66	0x3e3851ec	0x3f6c89ae	0x3f9d465f
0x3f1e9100	0x3e99999a	0x3f000000	0x3faa3722	0xbc699388	0x3e3851ec	0x3f6c81a6	0x3f9d4107
0x3f1e978d	0x3e99999a	0x3f000000	0x3faa3722	0xbc69f7b1	0x3e3851ec	0x3f6c799e	0x3f9d3bb0
0x3f1e9e1b	0x3e99999a	0x3f000000	0x3faa3722	0xbc6a5bfe	0x3e3851ec	0x3f6c7193	0x3f9d3657
0x3f1ea4a9	0x3e99999a	0x3f000000	0x3faa3722	0xbc6ac061	0x3e3851ec	0x3f6c6987	0x3f9d30fe
0x3f1eab36	0x3e99999a	0x3f000000	0x3faa3722	0xbc6b24ca	0x3e3851ec	0x3f6c617a	0x3f9d2ba3
0x3f1eb1c4	0x3e99999a	0x3f000000	0x3faa3722	0xbc6b8958	0x3e3851ec	0x3f6c596b	0x3f9d2648
0x3f1eb852	0x3e99999a	0x3f000000	0x3faa3722	0xbc6bedfb	0x3e3851ec	0x3f6c515a	0x3f9d20eb
0x3f1ebee0	0x3e99999a	0x3f000000	0x3faa3722	0xbc6c52b4	0x3e3851ec	0x3f6c4948	0x3f9d1b8d
0x3f1ec56d	0x3e99999a	0x3f000000	0x3faa3722	0xbc6cb773	0x3e3851ec	0x3f6c4136	0x3f9d162f
0x3f1ecbfb	0x3e99999a	0x3f000000	0x3faa3722	0xbc6d1c57	0x3e3851ec	0x3f6c3921	0x3f9d10d0
0x3f1ed289	0x3e99999a	0x3f000000	0x3faa3722	0xbc6d8150	0x3e3851ec	0x3f6c310b	0x3f9d0b6f
0x3f1ed917	0x3e99999a	0x3f000000	0x3faa3722	0xbc6de65f	0x3e3851ec	0x3f6c28f3	0x3f9d060e
0x3f1edfa4	0x3e99999a	0x3f000000	0x3faa3722	0xbc6e4b74	0x3e3851ec	0x3f6c20db	0x3f9d00ac
0x3f1ee632	0x3e99999a	0x3f000000	0x3faa3722	0xbc6eb0ad	0x3e3851ec	0x3f6c18c0	0x3f9cfb48
0x3f1eecc0	0x3e99999a	0x3f000000	0x3faa3722	0xbc6f15fd	0x3e3851ec	0x3f6c10a4	0x3f9cf5e4
0x3f1ef34d	0x3e99999a	0x3f000000	0x3faa3722	0xbc6f7b52	0x3e3851ec	0x3f6c0888	0x3f9cf07f
0x3f1ef9db	0x3e99999a	0x3f000000	0x3faa3722	0xbc6fe0cc	0x3e3851ec	0x3f6c0069	0x3f9ceb19
0x3f1f0069	0x3e99999a	0x3f000000	0x3faa3722	0xbc70465c	0x3e3851ec	0x3f6bf848	0x3f9ce5b1
0x3f1f06f7	0x3e99999a	0x3f000000	0x3faa3722	0xbc70ac01	0x3e3851ec	0x3f6bf026	0x3f9ce049
0x3f1f0d84	0x3e99999a	0x3f000000	0x3faa3722	0xbc7111ac	0x3e3851ec	0x3f6be804	0x3f9cdae1
0x3f1f1412	0x3e99999a	0x3f000000	0x3faa3722	0xbc71777c	0x3e3851ec	0x3f6bdfdf	0x3f9cd577
0x3f1f1aa0	0x3e99999a	0x3f000000	0x3faa3722	0xbc71dd61	0x3e3851ec	0x3f6bd7b9	0x3f9cd00c
0x3f1f212d	0x3e99999a	0x3f000000	0x3faa3722	0xbc72434d	0x3e3851ec	0x3f6bcf93	0x3f9ccaa1
0x3f1f27bb	0x3e99999a	0x3f000000	0x3faa3722	0xbc72a95d	0x3e3851ec	0x3f6bc76a	0x3f9cc534
0x3f1f2e49	0x3e99999a	0x3f000000	0x3faa3722	0xbc730f83	0x3e3851ec	0x3f6bbf3f	0x3f9cbfc5
0x3f1f34d7	0x3e99999a	0x3f000000	0x3faa3722	0xbc7375bf	0x3e3851ec	0x3f6bb713	0x3f9cba56
0x3f1f3b64	0x3e99999a	0x3f000000	0x3faa3722	0xbc73dc00	0x3e3851ec	0x3f6baee7	0x3f9cb4e7
0x3f1f41f2	0x3e99999a	0x3f000000	0x3faa3722	0xbc744266	0x3e3851ec	0x3f6ba6b8	0x3f9caf76
0x3f1f4880	0x3e99999a	0x3f000000	0x3faa3722	0xbc74a8e2	0x3e3851ec	0x3f6b9e88	0x3f9caa05
0x3f1f4f0e	0x3e99999a	0x3f000000	0x3faa3722	0xbc750f73	0x3e3851ec	0x3f6b9656	0x3f9ca492
0x3f1f559b	0x3e99999a	0x3f000000	0x3faa3722	0xbc75760b	0x3e3851ec	0x3f6b8e24	0x3f9c9f1f
0x3f1f5c29	0x3e99999a	0x3f000000	0x3faa3722	0xbc75dcc7	0x3e3851ec	0x3f6b85f0	0x3f9c99aa
0x3f1f62b7	0x3e99999a	0x3f000000	0x3faa3722	0xbc764399	0x3e3851ec	0x3f6b7dba	0x3f9c9435
0x3f1f6944	0x3e99999a	0x3f000000	0x3faa3722	0xbc76aa70	0x3e3851ec	0x3f6b7584	0x3f9c8ebf
0x3f1f6fd2	0x3e99999a	0x3f000000	0x3faa3722	0xbc77116d	0x3e3851ec	0x3f6b6d4b	0x3f9c8948
0x3f1f7660	0x3e99999a	0x3f000000	0x3faa3722	0xbc77787f	0x3e3851ec	0x3f6b6511	0x3f9c83cf
0x3f1f7cee	0x3e99999a	0x3f000000	0x3faa3722	0xbc77dfa7	0x3e3851ec	0x3f6b5cd5	0x3f9c7e56
0x3f1f837b	0x3e99999a	0x3f000000	0x3faa3722	0xbc7846d4	0x3e3851ec	0x3f6b5499	0x3f9c78dc
0x3f1f8a09	0x3e99999a	0x3f000000	0x3faa3722	0xbc78ae27	0x3e3851ec	0x3f6b4c5b	0x3f9c7361
0x3f1f9097	0x3e99999a	0x3f000000	0x3faa3722	0xbc79158f	0x3e3851ec	0x3f6b441b	0x3f9c6de5
0x3f1f9724	0x3e99999a	0x3f000000	0x3faa3722	0xbc797cfd	0x3e3851ec	0x3f6b3bdb	0x3f9c6869
0x3f1f9db2	0x3e99999a	0x3f000000	0x3faa3722	0xbc79e490	0x3e3851ec	0x3f6b3398	0x3f9c62ea
0x3f1fa440	0x3e99999a	0x3f000000	0x3faa3722	0xbc7a4c39	0x3e3851ec	0x3f6b2b54	0x3f9c5d6b
0x3f1faace	0x3e99999a	0x3f000000	0x3faa3722	0xbc7ab3f7	0x3e3851ec	0x3f6b230e	0x3f9c57eb
0x3f1fb15b	0x3e99999a	0x3f000000	0x3faa3722	0xbc7b1bba	0x3e3851ec	0x3f6b1ac8	0x3f9c526b
0x3f1fb7e9	0x3e99999a	0x3f000000	0x3faa3722	0xbc7b83a3	0x3e3851ec	0x3f6b1280	0x3f9c4ce9
0x3f1fbe77	0x3e99999a	0x3f000000	0x3faa3722	0xbc7beba2	0x3e3851ec	0x3f6b0a36	0x3f9c4766
0x3f1fc505	0x3e99999a	0x3f000000	0x3faa3722	0xbc7c53b6	0x3e3851ec	0x3f6b01ea	0x3f9c41e2
0x3f1fcb92	0x3e99999a	0x3f000000	0x3faa3722	0xbc7cbbcf	0x3e3851ec	0x3f6af99f	0x3f9c3c5e
0x3f1fd220	0x3e99999a	0x3f000000	0x3faa3722	0xbc7d240e	0x3e3851ec	0x3f6af151	0x3f9c36d9
0x3f1fd8ae	0x3e99999a	0x3f000000	0x3faa3722	0xbc7d8c63	0x3e3851ec	0x3f6ae901	0x3f9c3152
0x3f1fdf3b	0x3e99999a	0x3f000000	0x3faa3722	0xbc7df4bc	0x3e3851ec	0x3f6ae0b1	0x3f9c2bcb
0x3f1fe5c9	0x3e99999a	0x3f000000	0x3faa3722	0xbc7e5d3c	0x3e3851ec	0x3f6ad85f	0x3f9c2643
0x3f1fec57	0x3e99999a	0x3f000000	0x3faa3722	0xbc7ec5d1	0x3e3851ec	0x3f6ad00b	0x3f9c20b9
0x3f1ff2e5	0x3e99999a	0x3f000000	0x3faa3722	0xbc7f2e7b	0x3e3851ec	0x3f6ac7b6	0x3f9c1b2f
0x3f1ff972	0x3e99999a	0x3f000000	0x3faa3722	0xbc7f972b	0x3e3851ec	0x3f6abf61	0x3f9c15a5
0x3f200000	0x3e99999a	0x3f000000	0x3faa3722	0xbc800000	0x3e3851ec	0x3f6ab708	0x3f9c1018
0x3f20068e	0x3e99999a	0x3f000000	0x3faa3722	0xbc803475	0x3e3851ec	0x3f6aaeaf	0x3f9c0a8b
0x3f200d1b	0x3e99999a	0x3f000000	0x3faa3722	0xbc8068ed	0x3e3851ec	0x3f6aa655	0x3f9c04fd
0x3f2013a9	0x3e99999a	0x3f000000	0x3faa3722	0xbc809d78	0x3e3851ec	0x3f6a9df9	0x3f9bff6e
0x3f201a37	0x3e99999a	0x3f000000	0x3faa3722	0xbc80d20e	0x3e3851ec	0x3f6a959b	0x3f9bf9de
0x3f2020c5	0x3e99999a	0x3f000000	0x3faa3722	0xbc8106ae	0x3e3851ec	0x3f6a8d3c	0x3f9bf44d
0x3f202752	0x3e99999a	0x3f000000	0x3faa3722	0xbc813b51	0x3e3851ec	0x3f6a84dd	0x3f9beebc
0x3f202de0	0x3e99999a	0x3f000000	0x3faa3722	0xbc817007	0x3e3851ec	0x3f6a7c7b	0x3f9be92a
0x3f20346e	0x3e99999a	0x3f000000	0x3faa3722	0xbc81a4c8	0x3e3851ec	0x3f6a7418	0x3f9be396
0x3f203afb	0x3e99999a	0x3f000000	0x3faa3722	0xbc81d98b	0x3e3851ec	0x3f6a6bb4	0x3f9bde02
0x3f204189	0x3e99999a	0x3f000000	0x3faa3722	0xbc820e61	0x3e3851ec	0x3f6a634e	0x3f9bd86c
0x3f204817	0x3e99999a	0x3f000000	0x3faa3722	0xbc824342	0x3e3851ec	0x3f6a5ae6	0x3f9bd2d5
0x3f204ea5	0x3e99999a	0x3f000000	0x3faa3722	0xbc82782d	0x3e3851ec	0x3f6a527d	0x3f9bcd3e
0x3f205532	0x3e99999a	0x3f000000	0x3faa3722	0xbc82ad1b	0x3e3851ec	0x3f6a4a14	0x3f9bc7a6
0x3f205bc0	0x3e99999a	0x3f000000	0x3faa3722	0xbc82e21c	0x3e3851ec	0x3f6a41a8	0x3f9bc20d
0x3f20624e	0x3e99999a	0x3f000000	0x3faa3722	0xbc831728	0x3e3851ec	0x3f6a393b	0x3f9bbc73
0x3f2068dc	0x3e99999a	0x3f000000	0x3faa3722	0xbc834c3e	0x3e3851ec	0x3f6a30cd	0x3f9bb6d8
0x3f206f69	0x3e99999a	0x3f000000	0x3faa3722	0xbc838158	0x3e3851ec	0x3f6a285e	0x3f9bb13c
0x3f2075f7	0x3e99999a	0x3f000000	0x3faa3722	0xbc83b683	0x3e3851ec	0x3f6a1fed	0x3f9bab9f
0x3f207c85	0x3e99999a	0x3f000000	0x3faa3722	0xbc83ebba	0x3e3851ec	0x3f6a177a	0x3f9ba601
0x3f208312	0x3e99999a	0x3f000000	0x3faa3722	0xbc8420f3	0x3e3851ec	0x3f6a0f07	0x3f9ba063
0x3f2089a0	0x3e99999a	0x3f000000	0x3faa3722	0xbc845640	0x3e3851ec	0x3f6a0691	0x3f9b9ac3
0x3f20902e	0x3e99999a	0x3f000000	0x3faa3722	0xbc848b96	0x3e3851ec	0x3f69fe1a	0x3f9b9522
0x3f2096bc	0x3e99999a	0x3f000000	0x3faa3722	0xbc84c0f8	0x3e3851ec	0x3f69f5a2	0x3f9b8f80
0x3f209d49	0x3e99999a	0x3f000000	0x3faa3722	0xbc84f65c	0x3e3851ec	0x3f69ed29	0x3f9b89de
0x3f20a3d7	0x3e99999a	0x3f000000	0x3faa3722	0xbc852bd3	0x3e3851ec	0x3f69e4ae	0x3f9b843b
0x3f20aa65	0x3e99999a	0x3f000000	0x3faa3722	0xbc856155	0x3e3851ec	0x3f69dc32	0x3f9b7e97
0x3f20b0f2	0x3e99999a	0x3f000000	0x3faa3722	0xbc8596da	0x3e3851ec	0x3f69d3b5	0x3f9b78f2
0x3f20b780	0x3e99999a	0x3f000000	0x3faa3722	0xbc85cc71	0x3e3851ec	0x3f69cb36	0x3f9b734c
0x3f20be0e	0x3e99999a	0x3f000000	0x3faa3722	0xbc860213	0x3e3851ec	0x3f69c2b5	0x3f9b6da4
0x3f20c49c	0x3e99999a	0x3f000000	0x3faa3722	0xbc8637c0	0x3e3851ec	0x3f69ba33	0x3f9b67fc
0x3f20cb29	0x3e99999a	0x3f000000	0x3faa3722	0xbc866d6f	0x3e3851ec	0x3f69b1b0	0x3f9b6253
0x3f20d1b7	0x3e99999a	0x3f000000	0x3faa3722	0xbc86a332	0x3e3851ec	0x3f69a92b	0x3f9b5ca9
0x3f20d845	0x3e99999a	0x3f000000	0x3faa3722	0xbc86d8ff	0x3e3851ec	0x3f69a0a5	0x3f9b56fe
0x3f20ded3	0x3e99999a	0x3f000000	0x3faa3722	0xbc870ed6	0x3e3851ec	0x3f69981d	0x3f9b5152
0x3f20e560	0x3e99999a	0x3f000000	0x3faa3722	0xbc8744b1	0x3e3851ec	0x3f698f95	0x3f9b4ba6
0x3f20ebee	0x3e99999a	0x3f000000	0x3faa3722	0xbc877a9e	0x3e3851ec	0x3f69870b	0x3f9b45f8
0x3f20f27c	0x3e99999a	0x3f000000	0x3faa3722	0xbc87b096	0x3e3851ec	0x3f697e7f	0x3f9b404a
0x3f20f909	0x3e99999a	0x3f000000	0x3faa3722	0xbc87e690	0x3e3851ec	0x3f6975f3	0x3f9b3a9b
0x3f20ff97	0x3e99999a	0x3f000000	0x3faa3722	0xbc881c9e	0x3e3851ec	0x3f696d64	0x3f9b34ea
0x3f210625	0x3e99999a	0x3f000000	0x3faa3722	0xbc8852b6	0x3e3851ec	0x3f6964d4	0x3f9b2f38
0x3f210cb3	0x3e99999a	0x3f000000	0x3faa3722	0xbc8888d9	0x3e3851ec	0x3f695c43	0x3f9b2986
0x3f211340	0x3e99999a	0x3f000000	0x3faa3722	0xbc88befe	0x3e3851ec	0x3f6953b2	0x3f9b23d4
0x3f2119ce	0x3e99999a	0x3f000000	0x3faa3722	0xbc88f537	0x3e3851ec	0x3f694b1d	0x3f9b1e1f
0x3f21205c	0x3e99999a	0x3f000000	0x3faa3722	0xbc892b7a	0x3e3851ec	0x3f694288	0x3f9b186b
0x3f2126e9	0x3e99999a	0x3f000000	0x3faa3722	0xbc8961c0	0x3e3851ec	0x3f6939f2	0x3f9b12b5
0x3f212d77	0x3e99999a	0x3f000000	0x3faa3722	0xbc899818	0x3e3851ec	0x3f69315a	0x3f9b0cfe
0x3f213405	0x3e99999a	0x3f000000	0x3faa3722	0xbc89ce7c	0x3e3851ec	0x3f6928c0	0x3f9b0746
0x3f213a93	0x3e99999a	0x3f000000	0x3faa3722	0xbc8a04ea	0x3e3851ec	0x3f692025	0x3f9b018d
0x3f214120	0x3e99999a	0x3f000000	0x3faa3722	0xbc8a3b5a	0x3e3851ec	0x3f69178a	0x3f9afbd5
0x3f2147ae	0x3e99999a	0x3f000000	0x3faa3722	0xbc8a71de	0x3e3851ec	0x3f690eec	0x3f9af61a
0x3f214e3c	0x3e99999a	0x3f000000	0x3faa3722	0xbc8aa86c	0x3e3851ec	0x3f69064d	0x3f9af05e
0x3f2154ca	0x3e99999a	0x3f000000	0x3faa3722	0xbc8adf05	0x3e3851ec	0x3f68fdac	0x3f9aeaa2
0x3f215b57	0x3e99999a	0x3f000000	0x3faa3722	0xbc8b15a1	0x3e3851ec	0x3f68f50b	0x3f9ae4e5
0x3f2161e5	0x3e99999a	0x3f000000	0x3faa3722	0xbc8b4c4f	0x3e3851ec	0x3f68ec68	0x3f9adf27
0x3f216873	0x3e99999a	0x3f000000	0x3faa3722	0xbc8b8308	0x3e3851ec	0x3f68e3c3	0x3f9ad967
0x3f216f00	0x3e99999a	0x3f000000	0x3faa3722	0xbc8bb9c4	0x3e3851ec	0x3f68db1e	0x3f9ad3a8
0x3f21758e	0x3e99999a	0x3f000000	0x3faa3722	0xbc8bf093	0x3e3851ec	0x3f68d277	0x3f9acde7
0x3f217c1c	0x3e99999a	0x3f000000	0x3faa3722	0xbc8c276c	0x3e3851ec	0x3f68c9ce	0x3f9ac825
0x3f2182aa	0x3e99999a	0x3f000000	0x3faa3722	0xbc8c5e51	0x3e3851ec	0x3f68c123	0x3f9ac262
0x3f218937	0x3e99999a	0x3f000000	0x3faa3722	0xbc8c9537	0x3e3851ec	0x3f68b879	0x3f9abc9f
0x3f218fc5	0x3e99999a	0x3f000000	0x3faa3722	0xbc8ccc31	0x3e3851ec	0x3f68afcc	0x3f9ab6da
0x3f219653	0x3e99999a	0x3f000000	0x3faa3722	0xbc8d0335	0x3e3851ec	0x3f68a71e	0x3f9ab115
0x3f219ce0	0x3e99999a	0x3f000000	0x3faa3722	0xbc8d3a3c	0x3e3851ec	0x3f689e6f	0x3f9aab4f
0x3f21a36e	0x3e99999a	0x3f000000	0x3faa3722	0xbc8d7156	0x3e3851ec	0x3f6895be	0x3f9aa587
0x3f21a9fc	0x3e99999a	0x3f000000	0x3faa3722	0xbc8da87b	0x3e3851ec	0x3f688d0c	0x3f9a9fbf
0x3f21b08a	0x3e99999a	0x3f000000	0x3faa3722	0xbc8ddfaa	0x3e3851ec	0x3f688458	0x3f9a99f6
0x3f21b717	0x3e99999a	0x3f000000	0x3faa3722	0xbc8e16dc	0x3e3851ec	0x3f687ba4	0x3f9a942c
0x3f21bda5	0x3e99999a	0x3f000000	0x3faa3722	0xbc8e4e21	0x3e3851ec	0x3f6872ed	0x3f9a8e61
0x3f21c433	0x3e99999a	0x3f000000	0x3faa3722	0xbc8e8571	0x3e3851ec	0x3f686a35	0x3f9a8895
0x3f21cac1	0x3e99999a	0x3f000000	0x3faa3722	0xbc8ebccb	0x3e3851ec	0x3f68617c	0x3f9a82c8
0x3f21d14e	0x3e99999a	0x3f000000	0x3faa3722	0xbc8ef428	0x3e3851ec	0x3f6858c3	0x3f9a7cfb
0x3f21d7dc	0x3e99999a	0x3f000000	0x3faa3722	0xbc8f2b97	0x3e3851ec	0x3f685007	0x3f9a772d
0x3f21de6a	0x3e99999a	0x3f000000	0x3faa3722	0xbc8f6312	0x3e3851ec	0x3f684749	0x3f9a715d
0x3f21e4f7	0x3e99999a	0x3f000000	0x3faa3722	0xbc8f9a8f	0x3e3851ec	0x3f683e8c	0x3f9a6b8d
0x3f21eb85	0x3e99999a	0x3f000000	0x3faa3722	0xbc8fd21f	0x3e3851ec	0x3f6835cc	0x3f9a65bc
0x3f21f213	0x3e99999a	0x3f000000	0x3faa3722	0xbc9009ba	0x3e3851ec	0x3f682d0a	0x3f9a5fe9
0x3f21f8a1	0x3e99999a	0x3f000000	0x3faa3722	0xbc90415f	0x3e3851ec	0x3f682447	0x3f9a5a16
0x3f21ff2e	0x3e99999a	0x3f000000	0x3faa3722	0xbc907907	0x3e3851ec	0x3f681b85	0x3f9a5443
0x3f2205bc	0x3e99999a	0x3f000000	0x3faa3722	0xbc90b0c2	0x3e3851ec	0x3f6812bf	0x3f9a4e6e
0x3f220c4a	0x3e99999a	0x3f000000	0x3faa3722	0xbc90e888	0x3e3851ec	0x3f6809f8	0x3f9a4898
0x3f2212d7	0x3e99999a	0x3f000000	0x3faa3722	0xbc912050	0x3e3851ec	0x3f680131	0x3f9a42c2
0x3f221965	0x3e99999a	0x3f000000	0x3faa3722	0xbc91582b	0x3e3851ec	0x3f67f867	0x3f9a3cea
0x3f221ff3	0x3e99999a	0x3f000000	0x3faa3722	0xbc919011	0x3e3851ec	0x3f67ef9c	0x3f9a3711
0x3f222681	0x3e99999a	0x3f000000	0x3faa3722	0xbc91c802	0x3e3851ec	0x3f67e6d0	0x3f9a3138
0x3f222d0e	0x3e99999a	0x3f000000	0x3faa3722	0xbc91fff5	0x3e3851ec	0x3f67de04	0x3f9a2b5e
0x3f22339c	0x3e99999a	0x3f000000	0x3faa3722	0xbc9237fb	0x3e3851ec	0x3f67d535	0x3f9a2583
0x3f223a2a	0x3e99999a	0x3f000000	0x3faa3722	0xbc92700c	0x3e3851ec	0x3f67cc64	0x3f9a1fa6
0x3f2240b8	0x3e99999a	0x3f000000	0x3faa3722	0xbc92a828	0x3e3851ec	0x3f67c392	0x3f9a19c9
0x3f224745	0x3e99999a	0x3f000000	0x3faa3722	0xbc92e045	0x3e3851ec	0x3f67bac1	0x3f9a13ec
0x3f224dd3	0x3e99999a	0x3f000000	0x3faa3722	0xbc931877	0x3e3851ec	0x3f67b1ec	0x3f9a0e0d
0x3f225461	0x3e99999a	0x3f000000	0x3faa3722	0xbc9350b2	0x3e3851ec	0x3f67a916	0x3f9a082d
0x3f225aee	0x3e99999a	0x3f000000	0x3faa3722	0xbc9388f1	0x3e3851ec	0x3f67a040	0x3f9a024d
0x3f22617c	0x3e99999a	0x3f000000	0x3faa3722	0xbc93c142	0x3e3851ec	0x3f679768	0x3f99fc6b
0x3f22680a	0x3e99999a	0x3f000000	0x3faa3722	0xbc93f99e	0x3e3851ec	0x3f678e8e	0x3f99f689
0x3f226e98	0x3e99999a	0x3f000000	0x3faa3722	0xbc943205	0x3e3851ec	0x3f6785b3	0x3f99f0a5
0x3f227525	0x3e99999a	0x3f000000	0x3faa3722	0xbc946a6e	0x3e3851ec	0x3f677cd8	0x3f99eac2
0x3f227bb3	0x3e99999a	0x3f000000	0x3faa3722	0xbc94a2ea	0x3e3851ec	0x3f6773fa	0x3f99e4dd
0x3f228241	0x3e99999a	0x3f000000	0x3faa3722	0xbc94db71	0x3e3851ec	0x3f676b1a	0x3f99def6
0x3f2288ce	0x3e99999a	0x3f000000	0x3faa3722	0xbc9513fa	0x3e3851ec	0x3f67623b	0x3f99d910
0x3f228f5c	0x3e99999a	0x3f000000	0x3faa3722	0xbc954c97	0x3e3851ec	0x3f675959	0x3f99d328
0x3f2295ea	0x3e99999a	0x3f000000	0x3faa3722	0xbc95853e	0x3e3851ec	0x3f675076	0x3f99cd3f
0x3f229c78	0x3e99999a	0x3f000000	0x3faa3722	0xbc95bdf0	0x3e3851ec	0x3f674791	0x3f99c755
0x3f22a305	0x3e99999a	0x3f000000	0x3faa3722	0xbc95f6a4	0x3e3851ec	0x3f673ead	0x3f99c16c
0x3f22a993	0x3e99999a	0x3f000000	0x3faa3722	0xbc962f6c	0x3e3851ec	0x3f6735c5	0x3f99bb80
0x3f22b021	0x3e99999a	0x3f000000	0x3faa3722	0xbc96683e	0x3e3851ec	0x3f672cdd	0x3f99b594
0x3f22b6ae	0x3e99999a	0x3f000000	0x3faa3722	0xbc96a112	0x3e3851ec	0x3f6723f4	0x3f99afa7
0x3f22bd3c	0x3e99999a	0x3f000000	0x3faa3722	0xbc96d9fa	0x3e3851ec	0x3f671b09	0x3f99a9b9
0x3f22c3ca	0x3e99999a	0x3f000000	0x3faa3722	0xbc9712ed	0x3e3851ec	0x3f67121c	0x3f99a3ca
0x3f22ca58	0x3e99999a	0x3f000000	0x3faa3722	0xbc974bea	0x3e3851ec	0x3f67092e	0x3f999dda
0x3f22d0e5	0x3e99999a	0x3f000000	0x3faa3722	0xbc9784e9	0x3e3851ec	0x3f670040	0x3f9997ea
0x3f22d773	0x3e99999a	0x3f000000	0x3faa3722	0xbc97bdfc	0x3e3851ec	0x3f66f74f	0x3f9991f8
0x3f22de01	0x3e99999a	0x3f000000	0x3faa3722	0xbc97f719	0x3e3851ec	0x3f66ee5d	0x3f998c06
0x3f22e48f	0x3e99999a	0x3f000000	0x3faa3722	0xbc983041	0x3e3851ec	0x3f66e56a	0x3f998612
0x3f22eb1c	0x3e99999a	0x3f000000	0x3faa3722	0xbc98696c	0x3e3851ec	0x3f66dc76	0x3f99801e
0x3f22f1aa	0x3e99999a	0x3f000000	0x3faa3722	0xbc98a2a9	0x3e3851ec	0x3f66d380	0x3f997a29
0x3f22f838	0x3e99999a	0x3f000000	0x3faa3722	0xbc98dbf2	0x3e3851ec	0x3f66ca89	0x3f997433
0x3f22fec5	0x3e99999a	0x3f000000	0x3faa3722	0xbc99153c	0x3e3851ec	0x3f66c192	0x3f996e3d
0x3f230553	0x3e99999a	0x3f000000	0x3faa3722	0xbc994e9a	0x3e3851ec	0x3f66b898	0x3f996845
0x3f230be1	0x3e99999a	0x3f000000	0x3faa3722	0xbc998802	0x3e3851ec	0x3f66af9c	0x3f99624c
0x3f23126f	0x3e99999a	0x3f000000	0x3faa3722	0xbc99c176	0x3e3851ec	0x3f66a69f	0x3f995c52
0x3f2318fc	0x3e99999a	0x3f000000	0x3faa3722	0xbc99faeb	0x3e3851ec	0x3f669da3	0x3f995659
0x3f231f8a	0x3e99999a	0x3f000000	0x3faa3722	0xbc9a3474	0x3e3851ec	0x3f6694a3	0x3f99505d
0x3f232618	0x3e99999a	0x3f000000	0x3faa3722	0xbc9a6e07	0x3e3851ec	0x3f668ba3	0x3f994a61
0x3f232ca5	0x3e99999a	0x3f000000	0x3faa3722	0xbc9aa79d	0x3e3851ec	0x3f6682a2	0x3f994464
0x3f233333	0x3e99999a	0x3f000000	0x3faa3722	0xbc9ae146	0x3e3851ec	0x3f66799f	0x3f993e66
0x3f2339c1	0x3e99999a	0x3f000000	0x3faa3722	0xbc9b1afa	0x3e3851ec	0x3f66709a	0x3f993867
0x3f23404f	0x3e99999a	0x3f000000	0x3faa3722	0xbc9b54b8	0x3e3851ec	0x3f666794	0x3f993267
0x3f2346dc	0x3e99999a	0x3f000000	0x3faa3722	0xbc9b8e79	0x3e3851ec	0x3f665e8e	0x3f992c67
0x3f234d6a	0x3e99999a	0x3f000000	0x3faa3722	0xbc9bc84d	0x3e3851ec	0x3f665586	0x3f992666
0x3f2353f8	0x3e99999a	0x3f000000	0x3faa3722	0xbc9c022b	0x3e3851ec	0x3f664c7c	0x3f992063
0x3f235a86	0x3e99999a	0x3f000000	0x3faa3722	0xbc9c3c15	0x3e3851ec	0x3f664370	0x3f991a5f
0x3f236113	0x3e99999a	0x3f000000	0x3faa3722	0xbc9c7600	0x3e3851ec	0x3f663a65	0x3f99145c
0x3f2367a1	0x3e99999a	0x3f000000	0x3faa3722	0xbc9cafff	0x3e3851ec	0x3f663157	0x3f990e57
0x3f236e2f	0x3e99999a	0x3f000000	0x3faa3722	0xbc9cea09	0x3e3851ec	0x3f662848	0x3f990851
0x3f2374bc	0x3e99999a	0x3f000000	0x3faa3722	0xbc9d2414	0x3e3851ec	0x3f661f39	0x3f99024b
0x3f237b4a	0x3e99999a	0x3f000000	0x3faa3722	0xbc9d5e34	0x3e3851ec	0x3f661627	0x3f98fc43
0x3f2381d8	0x3e99999a	0x3f000000	0x3faa3722	0xbc9d985d	0x3e3851ec	0x3f660d14	0x3f98f63b
0x3f238866	0x3e99999a	0x3f000000	0x3faa3722	0xbc9dd292	0x3e3851ec	0x3f6603ff	0x3f98f031
0x3f238ef3	0x3e99999a	0x3f000000	0x3faa3722	0xbc9e0cc9	0x3e3851ec	0x3f65faeb	0x3f98ea28
0x3f239581	0x3e99999a	0x3f000000	0x3faa3722	0xbc9e4713	0x3e3851ec	0x3f65f1d4	0x3f98e41c
0x3f239c0f	0x3e99999a	0x3f000000	0x3faa3722	0xbc9e8168	0x3e3851ec	0x3f65e8bb	0x3f98de10
0x3f23a29c	0x3e99999a	0x3f000000	0x3faa3722	0xbc9ebbbe	0x3e3851ec	0x3f65dfa3	0x3f98d804
0x3f23a92a	0x3e99999a	0x3f000000	0x3faa3722	0xbc9ef629	0x3e3851ec	0x3f65d688	0x3f98d1f6
0x3f23afb8	0x3e99999a	0x3f000000	0x3faa3722	0xbc9f309e	0x3e3851ec	0x3f65cd6b	0x3f98cbe7
0x3f23b646	0x3e99999a	0x3f000000	0x3faa3722	0xbc9f6b1d	0x3e3851ec	0x3f65c44e	0x3f98c5d7
0x3f23bcd3	0x3e99999a	0x3f000000	0x3faa3722	0xbc9fa59f	0x3e3851ec	0x3f65bb30	0x3f98bfc8
0x3f23c361	0x3e99999a	0x3f000000	0x3faa3722	0xbc9fe034	0x3e3851ec	0x3f65b210	0x3f98b9b6
0x3f23c9ef	0x3e99999a	0x3f000000	0x3faa3722	0xbca01ad4	0x3e3851ec	0x3f65a8ee	0x3f98b3a4
0x3f23d07d	0x3e99999a	0x3f000000	0x3faa3722	0xbca0557f	0x3e3851ec	0x3f659fcb	0x3f98ad91
0x3f23d70a	0x3e99999a	0x3f000000	0x3faa3722	0xbca0902c	0x3e3851ec	0x3f6596a8	0x3f98a77d
0x3f23dd98	0x3e99999a	0x3f000000	0x3faa3722	0xbca0caec	0x3e3851ec	0x3f658d82	0x3f98a168
0x3f23e426	0x3e99999a	0x3f000000	0x3faa3722	0xbca105b7	0x3e3851ec	0x3f65845c	0x3f989b53
0x3f23eab3	0x3e99999a	0x3f000000	0x3faa3722	0xbca14084	0x3e3851ec	0x3f657b35	0x3f98953d
0x3f23f141	0x3e99999a	0x3f000000	0x3faa3722	0xbca17b64	0x3e3851ec	0x3f65720b	0x3f988f25
0x3f23f7cf	0x3e99999a	0x3f000000	0x3faa3722	0xbca1b64f	0x3e3851ec	0x3f6568e1	0x3f98890d
0x3f23fe5d	0x3e99999a	0x3f000000	0x3faa3722	0xbca1f145	0x3e3851ec	0x3f655fb4	0x3f9882f4
0x3f2404ea	0x3e99999a	0x3f000000	0x3faa3722	0xbca22c3d	0x3e3851ec	0x3f655688	0x3f987cda
0x3f240b78	0x3e99999a	0x3f000000	0x3faa3722	0xbca26748	0x3e3851ec	0x3f654d5a	0x3f9876c0
0x3f241206	0x3e99999a	0x3f000000	0x3faa3722	0xbca2a25f	0x3e3851ec	0x3f65442a	0x3f9870a4
0x3f241893	0x3e99999a	0x3f000000	0x3faa3722	0xbca2dd76	0x3e3851ec	0x3f653afa	0x3f986a88
0x3f241f21	0x3e99999a	0x3f000000	0x3faa3722	0xbca318a2	0x3e3851ec	0x3f6531c7	0x3f98646a
0x3f2425af	0x3e99999a	0x3f000000	0x3faa3722	0xbca353d9	0x3e3851ec	0x3f652893	0x3f985e4c
0x3f242c3d	0x3e99999a	0x3f000000	0x3faa3722	0xbca38f1a	0x3e3851ec	0x3f651f5e	0x3f98582d
0x3f2432ca	0x3e99999a	0x3f000000	0x3faa3722	0xbca3ca5c	0x3e3851ec	0x3f651629	0x3f98520d
0x3f243958	0x3e99999a	0x3f000000	0x3faa3722	0xbca405b3	0x3e3851ec	0x3f650cf1	0x3f984bec
0x3f243fe6	0x3e99999a	0x3f000000	0x3faa3722	0xbca44114	0x3e3851ec	0x3f6503b8	0x3f9845ca
0x3f244674	0x3e99999a	0x3f000000	0x3faa3722	0xbca47c80	0x3e3851ec	0x3f64fa7e	0x3f983fa8
0x3f244d01	0x3e99999a	0x3f000000	0x3faa3722	0xbca4b7ee	0x3e3851ec	0x3f64f143	0x3f983985
0x3f24538f	0x3e99999a	0x3f000000	0x3faa3722	0xbca4f370	0x3e3851ec	0x3f64e806	0x3f983360
0x3f245a1d	0x3e99999a	0x3f000000	0x3faa3722	0xbca52efc	0x3e3851ec	0x3f64dec8	0x3f982d3b
0x3f2460aa	0x3e99999a	0x3f000000	0x3faa3722	0xbca56a8a	0x3e3851ec	0x3f64d58a	0x3f982716
0x3f246738	0x3e99999a	0x3f000000	0x3faa3722	0xbca5a62c	0x3e3851ec	0x3f64cc49	0x3f9820ef
0x3f246dc6	0x3e99999a	0x3f000000	0x3faa3722	0xbca5e1d8	0x3e3851ec	0x3f64c307	0x3f981ac7
0x3f247454	0x3e99999a	0x3f000000	0x3faa3722	0xbca61d90	0x3e3851ec	0x3f64b9c3	0x3f98149e
0x3f247ae1	0x3e99999a	0x3f000000	0x3faa3722	0xbca65948	0x3e3851ec	0x3f64b080	0x3f980e75
0x3f24816f	0x3e99999a	0x3f000000	0x3faa3722	0xbca69515	0x3e3851ec	0x3f64a73a	0x3f98084b
0x3f2487fd	0x3e99999a	0x3f000000	0x3faa3722	0xbca6d0ed	0x3e3851ec	0x3f649df3	0x3f980220
0x3f248e8a	0x3e99999a	0x3f000000	0x3faa3722	0xbca70cc6	0x3e3851ec	0x3f6494ab	0x3f97fbf4
0x3f249518	0x3e99999a	0x3f000000	0x3faa3722	0xbca748b3	0x3e3851ec	0x3f648b61	0x3f97f5c7
0x3f249ba6	0x3e99999a	0x3f000000	0x3faa3722	0xbca784aa	0x3e3851ec	0x3f648216	0x3f97ef99
0x3f24a234	0x3e99999a	0x3f000000	0x3faa3722	0xbca7c0ad	0x3e3851ec	0x3f6478ca	0x3f97e96a
0x3f24a8c1	0x3e99999a	0x3f000000	0x3faa3722	0xbca7fcb1	0x3e3851ec	0x3f646f7d	0x3f97e33b
0x3f24af4f	0x3e99999a	0x3f000000	0x3faa3722	0xbca838c9	0x3e3851ec	0x3f64662e	0x3f97dd0b
0x3f24b5dd	0x3e99999a	0x3f000000	0x3faa3722	0xbca874eb	0x3e3851ec	0x3f645cde	0x3f97d6da
0x3f24bc6a	0x3e99999a	0x3f000000	0x3faa3722	0xbca8b10f	0x3e3851ec	0x3f64538e	0x3f97d0a9
0x3f24c2f8	0x3e99999a	0x3f000000	0x3faa3722	0xbca8ed48	0x3e3851ec	0x3f644a3b	0x3f97ca75
0x3f24c986	0x3e99999a	0x3f000000	0x3faa3722	0xbca9298a	0x3e3851ec	0x3f6440e7	0x3f97c442
0x3f24d014	0x3e99999a	0x3f000000	0x3faa3722	0xbca965d8	0x3e3851ec	0x3f643791	0x3f97be0d
0x3f24d6a1	0x3e99999a	0x3f000000	0x3faa3722	0xbca9a227	0x3e3851ec	0x3f642e3c	0x3f97b7d8
0x3f24dd2f	0x3e99999a	0x3f000000	0x3faa3722	0xbca9de8a	0x3e3851ec	0x3f6424e4	0x3f97b1a2
0x3f24e3bd	0x3e99999a	0x3f000000	0x3faa3722	0xbcaa1af8	0x3e3851ec	0x3f641b8b	0x3f97ab6b
0x3f24ea4b	0x3e99999a	0x3f000000	0x3faa3722	0xbcaa5771	0x3e3851ec	0x3f641230	0x3f97a532
0x3f24f0d8	0x3e99999a	0x3f000000	0x3faa3722	0xbcaa93eb	0x3e3851ec	0x3f6408d6	0x3f979efa
0x3f24f766	0x3e99999a	0x3f000000	0x3faa3722	0xbcaad079	0x3e3851ec	0x3f63ff78	0x3f9798c0
0x3f24fdf4	0x3e99999a	0x3f000000	0x3faa3722	0xbcab0d12	0x3e3851ec	0x3f63f61a	0x3f979285
0x3f250481	0x3e99999a	0x3f000000	0x3faa3722	0xbcab49ac	0x3e3851ec	0x3f63ecbc	0x3f978c4b
0x3f250b0f	0x3e99999a	0x3f000000	0x3faa3722	0xbcab865a	0x3e3851ec	0x3f63e35b	0x3f97860f
0x3f25119d	0x3e99999a	0x3f000000	0x3faa3722	0xbcabc313	0x3e3851ec	0x3f63d9f9	0x3f977fd1
0x3f25182b	0x3e99999a	0x3f000000	0x3faa3722	0xbcabffd7	0x3e3851ec	0x3f63d095	0x3f977993
0x3f251eb8	0x3e99999a	0x3f000000	0x3faa3722	0xbcac3c9c	0x3e3851ec	0x3f63c732	0x3f977355
0x3f252546	0x3e99999a	0x3f000000	0x3faa3722	0xbcac7975	0x3e3851ec	0x3f63bdcc	0x3f976d15
0x3f252bd4	0x3e99999a	0x3f000000	0x3faa3722	0xbcacb659	0x3e3851ec	0x3f63b465	0x3f9766d5
0x3f253261	0x3e99999a	0x3f000000	0x3faa3722	0xbcacf33f	0x3e3851ec	0x3f63aafd	0x3f976094
0x3f2538ef	0x3e99999a	0x3f000000	0x3faa3722	0xbcad3038	0x3e3851ec	0x3f63a193	0x3f975a52
0x3f253f7d	0x3e99999a	0x3f000000	0x3faa3722	0xbcad6d3c	0x3e3851ec	0x3f639828	0x3f97540e
0x3f25460b	0x3e99999a	0x3f000000	0x3faa3722	0xbcadaa4b	0x3e3851ec	0x3f638ebc	0x3f974dcb
0x3f254c98	0x3e99999a	0x3f000000	0x3faa3722	0xbcade75b	0x3e3851ec	0x3f638550	0x3f974787
0x3f255326	0x3e99999a	0x3f000000	0x3faa3722	0xbcae2480	0x3e3851ec	0x3f637be1	0x3f974141
0x3f2559b4	0x3e99999a	0x3f000000	0x3faa3722	0xbcae61af	0x3e3851ec	0x3f637271	0x3f973afb
0x3f256042	0x3e99999a	0x3f000000	0x3faa3722	0xbcae9ee9	0x3e3851ec	0x3f6368ff	0x3f9734b3
0x3f2566cf	0x3e99999a	0x3f000000	0x3faa3722	0xbcaedc24	0x3e3851ec	0x3f635f8e	0x3f972e6c
0x3f256d5d	0x3e99999a	0x3f000000	0x3faa3722	0xbcaf1973	0x3e3851ec	0x3f63561a	0x3f972823
0x3f2573eb	0x3e99999a	0x3f000000	0x3faa3722	0xbcaf56cd	0x3e3851ec	0x3f634ca5	0x3f9721d9
0x3f257a78	0x3e99999a	0x3f000000	0x3faa3722	0xbcaf9429	0x3e3851ec	0x3f634330	0x3f971b8f
0x3f258106	0x3e99999a	0x3f000000	0x3faa3722	0xbcafd198	0x3e3851ec	0x3f6339b8	0x3f971544
0x3f258794	0x3e99999a	0x3f000000	0x3faa3722	0xbcb00f13	0x3e3851ec	0x3f63303f	0x3f970ef7
0x3f258e22	0x3e99999a	0x3f000000	0x3faa3722	0xbcb04c98	0x3e3851ec	0x3f6326c4	0x3f9708aa
0x3f2594af	0x3e99999a	0x3f000000	0x3faa3722	0xbcb08a1e	0x3e3851ec	0x3f631d4a	0x3f97025d
0x3f259b3d	0x3e99999a	0x3f000000	0x3faa3722	0xbcb0c7b9	0x3e3851ec	0x3f6313ce	0x3f96fc0e
0x3f25a1cb	0x3e99999a	0x3f000000	0x3faa3722	0xbcb1055e	0x3e3851ec	0x3f630a4f	0x3f96f5be
0x3f25a858	0x3e99999a	0x3f000000	0x3faa3722	0xbcb14304	0x3e3851ec	0x3f6300d2	0x3f96ef6f
0x3f25aee6	0x3e99999a	0x3f000000	0x3faa3722	0xbcb180bf	0x3e3851ec	0x3f62f751	0x3f96e91d
0x3f25b574	0x3e99999a	0x3f000000	0x3faa3722	0xbcb1be85	0x3e3851ec	0x3f62edcf	0x3f96e2cb
0x3f25bc02	0x3e99999a	0x3f000000	0x3faa3722	0xbcb1fc55	0x3e3851ec	0x3f62e44c	0x3f96dc78
0x3f25c28f	0x3e99999a	0x3f000000	0x3faa3722	0xbcb23a26	0x3e3851ec	0x3f62dac9	0x3f96d625
0x3f25c91d	0x3e99999a	0x3f000000	0x3faa3722	0xbcb2780c	0x3e3851ec	0x3f62d144	0x3f96cfd0
0x3f25cfab	0x3e99999a	0x3f000000	0x3faa3722	0xbcb2b5fc	0x3e3851ec	0x3f62c7bd	0x3f96c97b
0x3f25d639	0x3e99999a	0x3f000000	0x3faa3722	0xbcb2f3f8	0x3e3851ec	0x3f62be35	0x3f96c324
0x3f25dcc6	0x3e99999a	0x3f000000	0x3faa3722	0xbcb331f4	0x3e3851ec	0x3f62b4ad	0x3f96bcce
0x3f25e354	0x3e99999a	0x3f000000	0x3faa3722	0xbcb37005	0x3e3851ec	0x3f62ab22	0x3f96b675
0x3f25e9e2	0x3e99999a	0x3f000000	0x3faa3722	0xbcb3ae20	0x3e3851ec	0x3f62a196	0x3f96b01c
0x3f25f06f	0x3e99999a	0x3f000000	0x3faa3722	0xbcb3ec3d	0x3e3851ec	0x3f62980b	0x3f96a9c4
0x3f25f6fd	0x3e99999a	0x3f000000	0x3faa3722	0xbcb42a6e	0x3e3851ec	0x3f628e7c	0x3f96a369
0x3f25fd8b	0x3e99999a	0x3f000000	0x3faa3722	0xbcb468a9	0x3e3851ec	0x3f6284ed	0x3f969d0e
0x3f260419	0x3e99999a	0x3f000000	0x3faa3722	0xbcb4a6f0	0x3e3851ec	0x3f627b5c	0x3f9696b2
0x3f260aa6	0x3e99999a	0x3f000000	0x3faa3722	0xbcb4e537	0x3e3851ec	0x3f6271cb	0x3f969055
0x3f261134	0x3e99999a	0x3f000000	0x3faa3722	0xbcb52393	0x3e3851ec	0x3f626838	0x3f9689f8
0x3f2617c2	0x3e99999a	0x3f000000	0x3faa3722	0xbcb561fa	0x3e3851ec	0x3f625ea3	0x3f968399
0x3f261e4f	0x3e99999a	0x3f000000	0x3faa3722	0xbcb5a061	0x3e3851ec	0x3f62550f	0x3f967d3a
0x3f2624dd	0x3e99999a	0x3f000000	0x3faa3722	0xbcb5dedd	0x3e3851ec	0x3f624b78	0x3f9676da
0x3f262b6b	0x3e99999a	0x3f000000	0x3faa3722	0xbcb61d64	0x3e3851ec	0x3f6241e0	0x3f967079
0x3f2631f9	0x3e99999a	0x3f000000	0x3faa3722	0xbcb65bf6	0x3e3851ec	0x3f623846	0x3f966a17
0x3f263886	0x3e99999a	0x3f000000	0x3faa3722	0xbcb69a88	0x3e3851ec	0x3f622ead	0x3f9663b5
0x3f263f14	0x3e99999a	0x3f000000	0x3faa3722	0xbcb6d92f	0x3e3851ec	0x3f622511	0x3f965d51
0x3f2645a2	0x3e99999a	0x3f000000	0x3faa3722	0xbcb717e1	0x3e3851ec	0x3f621b74	0x3f9656ed
0x3f264c30	0x3e99999a	0x3f000000	0x3faa3722	0xbcb7569e	0x3e3851ec	0x3f6211d5	0x3f965087
0x3f2652bd	0x3e99999a	0x3f000000	0x3faa3722	0xbcb7955b	0x3e3851ec	0x3f620837	0x3f964a22
0x3f26594b	0x3e99999a	0x3f000000	0x3faa3722	0xbcb7d42d	0x3e3851ec	0x3f61fe96	0x3f9643bb
0x3f265fd9	0x3e99999a	0x3f000000	0x3faa3722	0xbcb8130a	0x3e3851ec	0x3f61f4f4	0x3f963d54
0x3f266666	0x3e99999a	0x3f000000	0x3faa3722	0xbcb851e8	0x3e3851ec	0x3f61eb52	0x3f9636ec
0x3f266cf4	0x3e99999a	0x3f000000	0x3faa3722	0xbcb890da	0x3e3851ec	0x3f61e1ad	0x3f963082
0x3f267382	0x3e99999a	0x3f000000	0x3faa3722	0xbcb8cfd7	0x3e3851ec	0x3f61d807	0x3f962a18
0x3f267a10	0x3e99999a	0x3f000000	0x3faa3722	0xbcb90ede	0x3e3851ec	0x3f61ce60	0x3f9623ad
0x3f26809d	0x3e99999a	0x3f000000	0x3faa3722	0xbcb94de7	0x3e3851ec	0x3f61c4b9	0x3f961d42
0x3f26872b	0x3e99999a	0x3f000000	0x3faa3722	0xbcb98d04	0x3e3851ec	0x3f61bb10	0x3f9616d6
0x3f268db9	0x3e99999a	0x3f000000	0x3faa3722	0xbcb9cc2c	0x3e3851ec	0x3f61b165	0x3f961068
0x3f269446	0x3e99999a	0x3f000000	0x3faa3722	0xbcba0b55	0x3e3851ec	0x3f61a7ba	0x3f9609fb
0x3f269ad4	0x3e99999a	0x3f000000	0x3faa3722	0xbcba4a92	0x3e3851ec	0x3f619e0d	0x3f96038c
0x3f26a162	0x3e99999a	0x3f000000	0x3faa3722	0xbcba89db	0x3e3851ec	0x3f61945e	0x3f95fd1b
0x3f26a7f0	0x3e99999a	0x3f000000	0x3faa3722	0xbcbac92d	0x3e3851ec	0x3f618aaf	0x3f95f6ab
0x3f26ae7d	0x3e99999a	0x3f000000	0x3faa3722	0xbcbb0881	0x3e3851ec	0x3f6180ff	0x3f95f03a
0x3f26b50b	0x3e99999a	0x3f000000	0x3faa3722	0xbcbb47ea	0x3e3851ec	0x3f61774d	0x3f95e9c8
0x3f26bb99	0x3e99999a	0x3f000000	0x3faa3722	0xbcbb875d	0x3e3851ec	0x3f616d9a	0x3f95e355
0x3f26c227	0x3e99999a	0x3f000000	0x3faa3722	0xbcbbc6da	0x3e3851ec	0x3f6163e5	0x3f95dce0
0x3f26c8b4	0x3e99999a	0x3f000000	0x3faa3722	0xbcbc0659	0x3e3851ec	0x3f615a31	0x3f95d66d
0x3f26cf42	0x3e99999a	0x3f000000	0x3faa3722	0xbcbc45ec	0x3e3851ec	0x3f61507a	0x3f95cff7
0x3f26d5d0	0x3e99999a	0x3f000000	0x3faa3722	0xbcbc858a	0x3e3851ec	0x3f6146c1	0x3f95c980
0x3f26dc5d	0x3e99999a	0x3f000000	0x3faa3722	0xbcbcc529	0x3e3851ec	0x3f613d09	0x3f95c30a
0x3f26e2eb	0x3e99999a	0x3f000000	0x3faa3722	0xbcbd04dd	0x3e3851ec	0x3f61334f	0x3f95bc92
0x3f26e979	0x3e99999a	0x3f000000	0x3faa3722	0xbcbd449b	0x3e3851ec	0x3f612993	0x3f95b619
0x3f26f007	0x3e99999a	0x3f000000	0x3faa3722	0xbcbd8464	0x3e3851ec	0x3f611fd5	0x3f95af9f
0x3f26f694	0x3e99999a	0x3f000000	0x3faa3722	0xbcbdc42e	0x3e3851ec	0x3f611618	0x3f95a926
0x3f26fd22	0x3e99999a	0x3f000000	0x3faa3722	0xbcbe040d	0x3e3851ec	0x3f610c59	0x3f95a2ab
0x3f2703b0	0x3e99999a	0x3f000000	0x3faa3722	0xbcbe43f6	0x3e3851ec	0x3f610298	0x3f959c2e
0x3f270a3d	0x3e99999a	0x3f000000	0x3faa3722	0xbcbe83e0	0x3e3851ec	0x3f60f8d7	0x3f9595b2
0x3f2710cb	0x3e99999a	0x3f000000	0x3faa3722	0xbcbec3df	0x3e3851ec	0x3f60ef14	0x3f958f35
0x3f271759	0x3e99999a	0x3f000000	0x3faa3722	0xbcbf03e8	0x3e3851ec	0x3f60e550	0x3f9588b6
0x3f271de7	0x3e99999a	0x3f000000	0x3faa3722	0xbcbf43fc	0x3e3851ec	0x3f60db8a	0x3f958237
0x3f272474	0x3e99999a	0x3f000000	0x3faa3722	0xbcbf8411	0x3e3851ec	0x3f60d1c5	0x3f957bb8
0x3f272b02	0x3e99999a	0x3f000000	0x3faa3722	0xbcbfc43b	0x3e3851ec	0x3f60c7fc	0x3f957536
0x3f273190	0x3e99999a	0x3f000000	0x3faa3722	0xbcc0046f	0x3e3851ec	0x3f60be33	0x3f956eb5
0x3f27381d	0x3e99999a	0x3f000000	0x3faa3722	0xbcc044a4	0x3e3851ec	0x3f60b46a	0x3f956833
0x3f273eab	0x3e99999a	0x3f000000	0x3faa3722	0xbcc084ee	0x3e3851ec	0x3f60aa9e	0x3f9561af
0x3f274539	0x3e99999a	0x3f000000	0x3faa3722	0xbcc0c543	0x3e3851ec	0x3f60a0d1	0x3f955b2b
0x3f274bc7	0x3e99999a	0x3f000000	0x3faa3722	0xbcc105a2	0x3e3851ec	0x3f609703	0x3f9554a6
0x3f275254	0x3e99999a	0x3f000000	0x3faa3722	0xbcc14602	0x3e3851ec	0x3f608d35	0x3f954e21
0x3f2758e2	0x3e99999a	0x3f000000	0x3faa3722	0xbcc18677	0x3e3851ec	0x3f608365	0x3f95479b
0x3f275f70	0x3e99999a	0x3f000000	0x3faa3722	0xbcc1c6f7	0x3e3851ec	0x3f607993	0x3f954114
0x3f2765fe	0x3e99999a	0x3f000000	0x3faa3722	0xbcc20781	0x3e3851ec	0x3f606fc0	0x3f953a8b
0x3f276c8b	0x3e99999a	0x3f000000	0x3faa3722	0xbcc2480c	0x3e3851ec	0x3f6065ed	0x3f953403
0x3f277319	0x3e99999a	0x3f000000	0x3faa3722	0xbcc288ac	0x3e3851ec	0x3f605c18	0x3f952d7a
0x3f2779a7	0x3e99999a	0x3f000000	0x3faa3722	0xbcc2c956	0x3e3851ec	0x3f605241	0x3f9526ef
0x3f278034	0x3e99999a	0x3f000000	0x3faa3722	0xbcc30a02	0x3e3851ec	0x3f60486b	0x3f952064
0x3f2786c2	0x3e99999a	0x3f000000	0x3faa3722	0xbcc34ac1	0x3e3851ec	0x3f603e92	0x3f9519d8
0x3f278d50	0x3e99999a	0x3f000000	0x3faa3722	0xbcc38b8c	0x3e3851ec	0x3f6034b8	0x3f95134b
0x3f2793de	0x3e99999a	0x3f000000	0x3faa3722	0xbcc3cc62	0x3e3851ec	0x3f602adc	0x3f950cbd
0x3f279a6b	0x3e99999a	0x3f000000	0x3faa3722	0xbcc40d38	0x3e3851ec	0x3f602101	0x3f950630
0x3f27a0f9	0x3e99999a	0x3f000000	0x3faa3722	0xbcc44e23	0x3e3851ec	0x3f601723	0x3f94ffa0
0x3f27a787	0x3e99999a	0x3f000000	0x3faa3722	0xbcc48f18	0x3e3851ec	0x3f600d44	0x3f94f910
0x3f27ae14	0x3e99999a	0x3f000000	0x3faa3722	0xbcc4d00f	0x3e3851ec	0x3f600365	0x3f94f280
0x3f27b4a2	0x3e99999a	0x3f000000	0x3faa3722	0xbcc5111a	0x3e3851ec	0x3f5ff984	0x3f94ebee
0x3f27bb30	0x3e99999a	0x3f000000	0x3faa3722	0xbcc55230	0x3e3851ec	0x3f5fefa1	0x3f94e55b
0x3f27c1be	0x3e99999a	0x3f000000	0x3faa3722	0xbcc59351	0x3e3851ec	0x3f5fe5be	0x3f94dec8
0x3f27c84b	0x3e99999a	0x3f000000	0x3faa3722	0xbcc5d472	0x3e3851ec	0x3f5fdbda	0x3f94d835
0x3f27ced9	0x3e99999a	0x3f000000	0x3faa3722	0xbcc615a8	0x3e3851ec	0x3f5fd1f4	0x3f94d1a0
0x3f27d567	0x3e99999a	0x3f000000	0x3faa3722	0xbcc656e9	0x3e3851ec	0x3f5fc80d	0x3f94cb0a
0x3f27dbf5	0x3e99999a	0x3f000000	0x3faa3722	0xbcc69834	0x3e3851ec	0x3f5fbe24	0x3f94c473
0x3f27e282	0x3e99999a	0x3f000000	0x3faa3722	0xbcc6d981	0x3e3851ec	0x3f5fb43c	0x3f94bddd
0x3f27e910	0x3e99999a	0x3f000000	0x3faa3722	0xbcc71ae2	0x3e3851ec	0x3f5faa51	0x3f94b745
0x3f27ef9e	0x3e99999a	0x3f000000	0x3faa3722	0xbcc75c4e	0x3e3851ec	0x3f5fa065	0x3f94b0ac
0x3f27f62b	0x3e99999a	0x3f000000	0x3faa3722	0xbcc79dba	0x3e3851ec	0x3f5f9679	0x3f94aa13
0x3f27fcb9	0x3e99999a	0x3f000000	0x3faa3722	0xbcc7df3b	0x3e3851ec	0x3f5f8c8b	0x3f94a379
0x3f280347	0x3e99999a	0x3f000000	0x3faa3722	0xbcc820c7	0x3e3851ec	0x3f5f829b	0x3f949cde
0x3f2809d5	0x3e99999a	0x3f000000	0x3faa3722	0xbcc8625e	0x3e3851ec	0x3f5f78aa	0x3f949641
0x3f281062	0x3e99999a	0x3f000000	0x3faa3722	0xbcc8a3f6	0x3e3851ec	0x3f5f6eb9	0x3f948fa5
0x3f2816f0	0x3e99999a	0x3f000000	0x3faa3722	0xbcc8e5a2	0x3e3851ec	0x3f5f64c6	0x3f948908
0x3f281d7e	0x3e99999a	0x3f000000	0x3faa3722	0xbcc92759	0x3e3851ec	0x3f5f5ad2	0x3f94826a
0x3f28240b	0x3e99999a	0x3f000000	0x3faa3722	0xbcc96910	0x3e3851ec	0x3f5f50de	0x3f947bcb
0x3f282a99	0x3e99999a	0x3f000000	0x3faa3722	0xbcc9aadd	0x3e3851ec	0x3f5f46e7	0x3f94752b
0x3f283127	0x3e99999a	0x3f000000	0x3faa3722	0xbcc9ecb4	0x3e3851ec	0x3f5f3cef	0x3f946e8a
0x3f2837b5	0x3e99999a	0x3f000000	0x3faa3722	0xbcca2e96	0x3e3851ec	0x3f5f32f6	0x3f9467e9
0x3f283e42	0x3e99999a	0x3f000000	0x3faa3722	0xbcca7079	0x3e3851ec	0x3f5f28fd	0x3f946147
0x3f2844d0	0x3e99999a	0x3f000000	0x3faa3722	0xbccab270	0x3e3851ec	0x3f5f1f01	0x3f945aa4
0x3f284b5e	0x3e99999a	0x3f000000	0x3faa3722	0xbccaf472	0x3e3851ec	0x3f5f1505	0x3f945400
0x3f2851ec	0x3e99999a	0x3f000000	0x3faa3722	0xbccb367f	0x3e3851ec	0x3f5f0b07	0x3f944d5c
0x3f285879	0x3e99999a	0x3f000000	0x3faa3722	0xbccb788c	0x3e3851ec	0x3f5f0109	0x3f9446b7
0x3f285f07	0x3e99999a	0x3f000000	0x3faa3722	0xbccbbaaf	0x3e3851ec	0x3f5ef709	0x3f944011
0x3f286595	0x3e99999a	0x3f000000	0x3faa3722	0xbccbfcdc	0x3e3851ec	0x3f5eed08	0x3f94396a
0x3f286c22	0x3e99999a	0x3f000000	0x3faa3722	0xbccc3f0a	0x3e3851ec	0x3f5ee307	0x3f9432c3
0x3f2872b0	0x3e99999a	0x3f000000	0x3faa3722	0xbccc814c	0x3e3851ec	0x3f5ed903	0x3f942c1a
0x3f28793e	0x3e99999a	0x3f000000	0x3faa3722	0xbcccc399	0x3e3851ec	0x3f5ecefe	0x3f942571
0x3f287fcc	0x3e99999a	0x3f000000	0x3faa3722	0xbccd05f2	0x3e3851ec	0x3f5ec4f8	0x3f941ec7
0x3f288659	0x3e99999a	0x3f000000	0x3faa3722	0xbccd484a	0x3e3851ec	0x3f5ebaf2	0x3f94181c
0x3f288ce7	0x3e99999a	0x3f000000	0x3faa3722	0xbccd8ab8	0x3e3851ec	0x3f5eb0ea	0x3f941171
0x3f289375	0x3e99999a	0x3f000000	0x3faa3722	0xbccdcd30	0x3e3851ec	0x3f5ea6e0	0x3f940ac4
0x3f289a02	0x3e99999a	0x3f000000	0x3faa3722	0xbcce0fa9	0x3e3851ec	0x3f5e9cd7	0x3f940418
0x3f28a090	0x3e99999a	0x3f000000	0x3faa3722	0xbcce5237	0x3e3851ec	0x3f5e92cb	0x3f93fd6a
0x3f28a71e	0x3e99999a	0x3f000000	0x3faa3722	0xbcce94cf	0x3e3851ec	0x3f5e88be	0x3f93f6bb
0x3f28adac	0x3e99999a	0x3f000000	0x3faa3722	0xbcced772	0x3e3851ec	0x3f5e7eb0	0x3f93f00c
0x3f28b439	0x3e99999a	0x3f000000	0x3faa3722	0xbccf1a16	0x3e3851ec	0x3f5e74a2	0x3f93e95c
0x3f28bac7	0x3e99999a	0x3f000000	0x3faa3722	0xbccf5ccf	0x3e3851ec	0x3f5e6a91	0x3f93e2ab
0x3f28c155	0x3e99999a	0x3f000000	0x3faa3722	0xbccf9f92	0x3e3851ec	0x3f5e607f	0x3f93dbf9
0x3f28c7e3	0x3e99999a	0x3f000000	0x3faa3722	0xbccfe260	0x3e3851ec	0x3f5e566c	0x3f93d546
0x3f28ce70	0x3e99999a	0x3f000000	0x3faa3722	0xbcd0252f	0x3e3851ec	0x3f5e4c5a	0x3f93ce94
0x3f28d4fe	0x3e99999a	0x3f000000	0x3faa3722	0xbcd06813	0x3e3851ec	0x3f5e4244	0x3f93c7df
0x3f28db8c	0x3e99999a	0x3f000000	0x3faa3722	0xbcd0ab01	0x3e3851ec	0x3f5e382e	0x3f93c12a
0x3f28e219	0x3e99999a	0x3f000000	0x3faa3722	0xbcd0edf0	0x3e3851ec	0x3f5e2e18	0x3f93ba75
0x3f28e8a7	0x3e99999a	0x3f000000	0x3faa3722	0xbcd130f4	0x3e3851ec	0x3f5e23ff	0x3f93b3bf
0x3f28ef35	0x3e99999a	0x3f000000	0x3faa3722	0xbcd17403	0x3e3851ec	0x3f5e19e5	0x3f93ad07
0x3f28f5c3	0x3e99999a	0x3f000000	0x3faa3722	0xbcd1b71c	0x3e3851ec	0x3f5e0fca	0x3f93a64f
0x3f28fc50	0x3e99999a	0x3f000000	0x3faa3722	0xbcd1fa36	0x3e3851ec	0x3f5e05b0	0x3f939f98
0x3f2902de	0x3e99999a	0x3f000000	0x3faa3722	0xbcd23d65	0x3e3851ec	0x3f5dfb92	0x3f9398dd
0x3f29096c	0x3e99999a	0x3f000000	0x3faa3722	0xbcd2809e	0x3e3851ec	0x3f5df174	0x3f939223
0x3f290ff9	0x3e99999a	0x3f000000	0x3faa3722	0xbcd2c3d8	0x3e3851ec	0x3f5de756	0x3f938b69
0x3f291687	0x3e99999a	0x3f000000	0x3faa3722	0xbcd30727	0x3e3851ec	0x3f5ddd35	0x3f9384ad
0x3f291d15	0x3e99999a	0x3f000000	0x3faa3722	0xbcd34a81	0x3e3851ec	0x3f5dd313	0x3f937df0
0x3f2923a3	0x3e99999a	0x3f000000	0x3faa3722	0xbcd38de5	0x3e3851ec	0x3f5dc8f0	0x3f937733
0x3f292a30	0x3e99999a	0x3f000000	0x3faa3722	0xbcd3d14a	0x3e3851ec	0x3f5dbecd	0x3f937076
0x3f2930be	0x3e99999a	0x3f000000	0x3faa3722	0xbcd414c4	0x3e3851ec	0x3f5db4a8	0x3f9369b7
0x3f29374c	0x3e99999a	0x3f000000	0x3faa3722	0xbcd45849	0x3e3851ec	0x3f5daa81	0x3f9362f7
0x3f293dd9	0x3e99999a	0x3f000000	0x3faa3722	0xbcd49bce	0x3e3851ec	0x3f5da05b	0x3f935c37
0x3f294467	0x3e99999a	0x3f000000	0x3faa3722	0xbcd4df69	0x3e3851ec	0x3f5d9632	0x3f935576
0x3f294af5	0x3e99999a	0x3f000000	0x3faa3722	0xbcd5230e	0x3e3851ec	0x3f5d8c08	0x3f934eb4
0x3f295183	0x3e99999a	0x3f000000	0x3faa3722	0xbcd566bd	0x3e3851ec	0x3f5d81dd	0x3f9347f1
0x3f295810	0x3e99999a	0x3f000000	0x3faa3722	0xbcd5aa6d	0x3e3851ec	0x3f5d77b2	0x3f93412e
0x3f295e9e	0x3e99999a	0x3f000000	0x3faa3722	0xbcd5ee33	0x3e3851ec	0x3f5d6d84	0x3f933a6a
0x3f29652c	0x3e99999a	0x3f000000	0x3faa3722	0xbcd63202	0x3e3851ec	0x3f5d6356	0x3f9333a5
0x3f296bba	0x3e99999a	0x3f000000	0x3faa3722	0xbcd675dd	0x3e3851ec	0x3f5d5926	0x3f932cdf
0x3f297247	0x3e99999a	0x3f000000	0x3faa3722	0xbcd6b9b8	0x3e3851ec	0x3f5d4ef7	0x3f932619
0x3f2978d5	0x3e99999a	0x3f000000	0x3faa3722	0xbcd6fda8	0x3e3851ec	0x3f5d44c5	0x3f931f52
0x3f297f63	0x3e99999a	0x3f000000	0x3faa3722	0xbcd741a3	0x3e3851ec	0x3f5d3a91	0x3f931889
0x3f2985f0	0x3e99999a	0x3f000000	0x3faa3722	0xbcd7859e	0x3e3851ec	0x3f5d305f	0x3f9311c2
0x3f298c7e	0x3e99999a	0x3f000000	0x3faa3722	0xbcd7c9af	0x3e3851ec	0x3f5d2629	0x3f930af8
0x3f29930c	0x3e99999a	0x3f000000	0x3faa3722	0xbcd80dca	0x3e3851ec	0x3f5d1bf2	0x3f93042d
0x3f29999a	0x3e99999a	0x3f000000	0x3faa3722	0xbcd851f0	0x3e3851ec	0x3f5d11bb	0x3f92fd62
0x3f29a027	0x3e99999a	0x3f000000	0x3faa3722	0xbcd89616	0x3e3851ec	0x3f5d0783	0x3f92f697
0x3f29a6b5	0x3e99999a	0x3f000000	0x3faa3722	0xbcd8da51	0x3e3851ec	0x3f5cfd49	0x3f92efca
0x3f29ad43	0x3e99999a	0x3f000000	0x3faa3722	0xbcd91e97	0x3e3851ec	0x3f5cf30e	0x3f92e8fd
0x3f29b3d0	0x3e99999a	0x3f000000	0x3faa3722	0xbcd962de	0x3e3851ec	0x3f5ce8d3	0x3f92e22f
0x3f29ba5e	0x3e99999a	0x3f000000	0x3faa3722	0xbcd9a739	0x3e3851ec	0x3f5cde96	0x3f92db61
0x3f29c0ec	0x3e99999a	0x3f000000	0x3faa3722	0xbcd9eb9f	0x3e3851ec	0x3f5cd457	0x3f92d491
0x3f29c77a	0x3e99999a	0x3f000000	0x3faa3722	0xbcda3010	0x3e3851ec	0x3f5cca18	0x3f92cdc1
0x3f29ce07	0x3e99999a	0x3f000000	0x3faa3722	0xbcda7482	0x3e3851ec	0x3f5cbfd8	0x3f92c6f0
0x3f29d495	0x3e99999a	0x3f000000	0x3faa3722	0xbcdab908	0x3e3851ec	0x3f5cb597	0x3f92c01f
0x3f29db23	0x3e99999a	0x3f000000	0x3faa3722	0xbcdafd99	0x3e3851ec	0x3f5cab53	0x3f92b94b
0x3f29e1b1	0x3e99999a	0x3f000000	0x3faa3722	0xbcdb4235	0x3e3851ec	0x3f5ca10f	0x3f92b278
0x3f29e83e	0x3e99999a	0x3f000000	0x3faa3722	0xbcdb86d2	0x3e3851ec	0x3f5c96cb	0x3f92aba4
0x3f29eecc	0x3e99999a	0x3f000000	0x3faa3722	0xbcdbcb83	0x3e3851ec	0x3f5c8c85	0x3f92a4d0
0x3f29f55a	0x3e99999a	0x3f000000	0x3faa3722	0xbcdc103f	0x3e3851ec	0x3f5c823d	0x3f929dfa
0x3f29fbe7	0x3e99999a	0x3f000000	0x3faa3722	0xbcdc54fc	0x3e3851ec	0x3f5c77f6	0x3f929724
0x3f2a0275	0x3e99999a	0x3f000000	0x3faa3722	0xbcdc99cd	0x3e3851ec	0x3f5c6dac	0x3f92904d
0x3f2a0903	0x3e99999a	0x3f000000	0x3faa3722	0xbcdcdeaa	0x3e3851ec	0x3f5c6361	0x3f928975
0x3f2a0f91	0x3e99999a	0x3f000000	0x3faa3722	0xbcdd2391	0x3e3851ec	0x3f5c5915	0x3f92829c
0x3f2a161e	0x3e99999a	0x3f000000	0x3faa3722	0xbcdd6878	0x3e3851ec	0x3f5c4eca	0x3f927bc4
0x3f2a1cac	0x3e99999a	0x3f000000	0x3faa3722	0xbcddad75	0x3e3851ec	0x3f5c447b	0x3f9274ea
0x3f2a233a	0x3e99999a	0x3f000000	0x3faa3722	0xbcddf27c	0x3e3851ec	0x3f5c3a2c	0x3f926e0f
0x3f2a29c7	0x3e99999a	0x3f000000	0x3faa3722	0xbcde3784	0x3e3851ec	0x3f5c2fdd	0x3f926734
0x3f2a3055	0x3e99999a	0x3f000000	0x3faa3722	0xbcde7ca0	0x3e3851ec	0x3f5c258b	0x3f926058
0x3f2a36e3	0x3e99999a	0x3f000000	0x3faa3722	0xbcdec1c8	0x3e3851ec	0x3f5c1b38	0x3f92597a
0x3f2a3d71	0x3e99999a	0x3f000000	0x3faa3722	0xbcdf06fa	0x3e3851ec	0x3f5c10e4	0x3f92529c
0x3f2a43fe	0x3e99999a	0x3f000000	0x3faa3722	0xbcdf4c2d	0x3e3851ec	0x3f5c0691	0x3f924bbf
0x3f2a4a8c	0x3e99999a	0x3f000000	0x3faa3722	0xbcdf9175	0x3e3851ec	0x3f5bfc3a	0x3f9244df
0x3f2a511a	0x3e99999a	0x3f000000	0x3faa3722	0xbcdfd6c7	0x3e3851ec	0x3f5bf1e3	0x3f923dff
0x3f2a57a8	0x3e99999a	0x3f000000	0x3faa3722	0xbce01c24	0x3e3851ec	0x3f5be78b	0x3f92371e
0x3f2a5e35	0x3e99999a	0x3f000000	0x3faa3722	0xbce06182	0x3e3851ec	0x3f5bdd33	0x3f92303e
0x3f2a64c3	0x3e99999a	0x3f000000	0x3faa3722	0xbce0a6f5	0x3e3851ec	0x3f5bd2d8	0x3f92295b
0x3f2a6b51	0x3e99999a	0x3f000000	0x3faa3722	0xbce0ec72	0x3e3851ec	0x3f5bc87c	0x3f922278
0x3f2a71de	0x3e99999a	0x3f000000	0x3faa3722	0xbce131f0	0x3e3851ec	0x3f5bbe21	0x3f921b95
0x3f2a786c	0x3e99999a	0x3f000000	0x3faa3722	0xbce17783	0x3e3851ec	0x3f5bb3c3	0x3f9214b0
0x3f2a7efa	0x3e99999a	0x3f000000	0x3faa3722	0xbce1bd20	0x3e3851ec	0x3f5ba964	0x3f920dcb
0x3f2a8588	0x3e99999a	0x3f000000	0x3faa3722	0xbce202c9	0x3e3851ec	0x3f5b9f04	0x3f9206e5
0x3f2a8c15	0x3e99999a	0x3f000000	0x3faa3722	0xbce24871	0x3e3851ec	0x3f5b94a4	0x3f91ffff
0x3f2a92a3	0x3e99999a	0x3f000000	0x3faa3722	0xbce28e2f	0x3e3851ec	0x3f5b8a42	0x3f91f918
0x3f2a9931	0x3e99999a	0x3f000000	0x3faa3722	0xbce2d3f8	0x3e3851ec	0x3f5b7fde	0x3f91f22f
0x3f2a9fbe	0x3e99999a	0x3f000000	0x3faa3722	0xbce319c1	0x3e3851ec	0x3f5b757b	0x3f91eb47
0x3f2aa64c	0x3e99999a	0x3f000000	0x3faa3722	0xbce35f9f	0x3e3851ec	0x3f5b6b15	0x3f91e45d
0x3f2aacda	0x3e99999a	0x3f000000	0x3faa3722	0xbce3a588	0x3e3851ec	0x3f5b60ae	0x3f91dd72
0x3f2ab368	0x3e99999a	0x3f000000	0x3faa3722	0xbce3eb7b	0x3e3851ec	0x3f5b5646	0x3f91d687
0x3f2ab9f5	0x3e99999a	0x3f000000	0x3faa3722	0xbce4316f	0x3e3851ec	0x3f5b4bdf	0x3f91cf9d
0x3f2ac083	0x3e99999a	0x3f000000	0x3faa3722	0xbce47778	0x3e3851ec	0x3f5b4175	0x3f91c8b0
0x3f2ac711	0x3e99999a	0x3f000000	0x3faa3722	0xbce4bd8c	0x3e3851ec	0x3f5b370a	0x3f91c1c3
0x3f2acd9f	0x3e99999a	0x3f000000	0x3faa3722	0xbce503ab	0x3e3851ec	0x3f5b2c9d	0x3f91bad4
0x3f2ad42c	0x3e99999a	0x3f000000	0x3faa3722	0xbce549c9	0x3e3851ec	0x3f5b2231	0x3f91b3e6
0x3f2adaba	0x3e99999a	0x3f000000	0x3faa3722	0xbce58ffd	0x3e3851ec	0x3f5b17c3	0x3f91acf7
0x3f2ae148	0x3e99999a	0x3f000000	0x3faa3722	0xbce5d63c	0x3e3851ec	0x3f5b0d53	0x3f91a606
0x3f2ae7d5	0x3e99999a	0x3f000000	0x3faa3722	0xbce61c7b	0x3e3851ec	0x3f5b02e4	0x3f919f16
0x3f2aee63	0x3e99999a	0x3f000000	0x3faa3722	0xbce662cf	0x3e3851ec	0x3f5af872	0x3f919824
0x3f2af4f1	0x3e99999a	0x3f000000	0x3faa3722	0xbce6a92e	0x3e3851ec	0x3f5aedff	0x3f919132
0x3f2afb7f	0x3e99999a	0x3f000000	0x3faa3722	0xbce6ef98	0x3e3851ec	0x3f5ae38b	0x3f918a3e
0x3f2b020c	0x3e99999a	0x3f000000	0x3faa3722	0xbce73602	0x3e3851ec	0x3f5ad917	0x3f91834b
0x3f2b089a	0x3e99999a	0x3f000000	0x3faa3722	0xbce77c81	0x3e3851ec	0x3f5acea1	0x3f917c56
0x3f2b0f28	0x3e99999a	0x3f000000	0x3faa3722	0xbce7c30b	0x3e3851ec	0x3f5ac42a	0x3f917561
0x3f2b15b5	0x3e99999a	0x3f000000	0x3faa3722	0xbce80995	0x3e3851ec	0x3f5ab9b3	0x3f916e6c
0x3f2b1c43	0x3e99999a	0x3f000000	0x3faa3722	0xbce85034	0x3e3851ec	0x3f5aaf39	0x3f916775
0x3f2b22d1	0x3e99999a	0x3f000000	0x3faa3722	0xbce896de	0x3e3851ec	0x3f5aa4bf	0x3f91607d
0x3f2b295f	0x3e99999a	0x3f000000	0x3faa3722	0xbce8dd93	0x3e3851ec	0x3f5a9a43	0x3f915985
0x3f2b2fec	0x3e99999a	0x3f000000	0x3faa3722	0xbce92448	0x3e3851ec	0x3f5a8fc8	0x3f91528d
0x3f2b367a	0x3e99999a	0x3f000000	0x3faa3722	0xbce96b12	0x3e3851ec	0x3f5a854a	0x3f914b93
0x3f2b3d08	0x3e99999a	0x3f000000	0x3faa3722	0xbce9b1e8	0x3e3851ec	0x3f5a7acb	0x3f914498
0x3f2b4396	0x3e99999a	0x3f000000	0x3faa3722	0xbce9f8c7	0x3e3851ec	0x3f5a704b	0x3f913d9d
0x3f2b4a23	0x3e99999a	0x3f000000	0x3faa3722	0xbcea3fa7	0x3e3851ec	0x3f5a65cb	0x3f9136a2
0x3f2b50b1	0x3e99999a	0x3f000000	0x3faa3722	0xbcea869d	0x3e3851ec	0x3f5a5b49	0x3f912fa5
0x3f2b573f	0x3e99999a	0x3f000000	0x3faa3722	0xbceacd9d	0x3e3851ec	0x3f5a50c6	0x3f9128a8
0x3f2b5dcc	0x3e99999a	0x3f000000	0x3faa3722	0xbceb149d	0x3e3851ec	0x3f5a4643	0x3f9121ab
0x3f2b645a	0x3e99999a	0x3f000000	0x3faa3722	0xbceb5bb2	0x3e3851ec	0x3f5a3bbe	0x3f911aac
0x3f2b6ae8	0x3e99999a	0x3f000000	0x3faa3722	0xbceba2d3	0x3e3851ec	0x3f5a3137	0x3f9113ac
0x3f2b7176	0x3e99999a	0x3f000000	0x3faa3722	0xbcebe9fe	0x3e3851ec	0x3f5a26b0	0x3f910cac
0x3f2b7803	0x3e99999a	0x3f000000	0x3faa3722	0xbcec3129	0x3e3851ec	0x3f5a1c28	0x3f9105ac
0x3f2b7e91	0x3e99999a	0x3f000000	0x3faa3722	0xbcec7869	0x3e3851ec	0x3f5a119f	0x3f90feaa
0x3f2b851f	0x3e99999a	0x3f000000	0x3faa3722	0xbcecbfb4	0x3e3851ec	0x3f5a0714	0x3f90f7a8
0x3f2b8bac	0x3e99999a	0x3f000000	0x3faa3722	0xbced0700	0x3e3851ec	0x3f59fc89	0x3f90f0a5
0x3f2b923a	0x3e99999a	0x3f000000	0x3faa3722	0xbced4e60	0x3e3851ec	0x3f59f1fc	0x3f90e9a1
0x3f2b98c8	0x3e99999a	0x3f000000	0x3faa3722	0xbced95cc	0x3e3851ec	0x3f59e76e	0x3f90e29d
0x3f2b9f56	0x3e99999a	0x3f000000	0x3faa3722	0xbceddd42	0x3e3851ec	0x3f59dcdf	0x3f90db97
0x3f2ba5e3	0x3e99999a	0x3f000000	0x3faa3722	0xbcee24b8	0x3e3851ec	0x3f59d250	0x3f90d492
0x3f2bac71	0x3e99999a	0x3f000000	0x3faa3722	0xbcee6c44	0x3e3851ec	0x3f59c7bf	0x3f90cd8c
0x3f2bb2ff	0x3e99999a	0x3f000000	0x3faa3722	0xbceeb3da	0x3e3851ec	0x3f59bd2d	0x3f90c684
0x3f2bb98c	0x3e99999a	0x3f000000	0x3faa3722	0xbceefb70	0x3e3851ec	0x3f59b29b	0x3f90bf7d
0x3f2bc01a	0x3e99999a	0x3f000000	0x3faa3722	0xbcef431c	0x3e3851ec	0x3f59a806	0x3f90b874
0x3f2bc6a8	0x3e99999a	0x3f000000	0x3faa3722	0xbcef8ad3	0x3e3851ec	0x3f599d71	0x3f90b16b
0x3f2bcd36	0x3e99999a	0x3f000000	0x3faa3722	0xbcefd294	0x3e3851ec	0x3f5992da	0x3f90aa60
0x3f2bd3c3	0x3e99999a	0x3f000000	0x3faa3722	0xbcf01a56	0x3e3851ec	0x3f598844	0x3f90a356
0x3f2bda51	0x3e99999a	0x3f000000	0x3faa3722	0xbcf0622d	0x3e3851ec	0x3f597dab	0x3f909c4a
0x3f2be0df	0x3e99999a	0x3f000000	0x3faa3722	0xbcf0aa0e	0x3e3851ec	0x3f597311	0x3f90953e
0x3f2be76d	0x3e99999a	0x3f000000	0x3faa3722	0xbcf0f1fa	0x3e3851ec	0x3f596876	0x3f908e31
0x3f2bedfa	0x3e99999a	0x3f000000	0x3faa3722	0xbcf139e7	0x3e3851ec	0x3f595ddc	0x3f908724
0x3f2bf488	0x3e99999a	0x3f000000	0x3faa3722	0xbcf181e8	0x3e3851ec	0x3f59533f	0x3f908016
0x3f2bfb16	0x3e99999a	0x3f000000	0x3faa3722	0xbcf1c9f5	0x3e3851ec	0x3f5948a0	0x3f907906
0x3f2c01a3	0x3e99999a	0x3f000000	0x3faa3722	0xbcf21201	0x3e3851ec	0x3f593e03	0x3f9071f7
0x3f2c0831	0x3e99999a	0x3f000000	0x3faa3722	0xbcf25a23	0x3e3851ec	0x3f593363	0x3f906ae7
0x3f2c0ebf	0x3e99999a	0x3f000000	0x3faa3722	0xbcf2a250	0x3e3851ec	0x3f5928c1	0x3f9063d5
0x3f2c154d	0x3e99999a	0x3f000000	0x3faa3722	0xbcf2ea88	0x3e3851ec	0x3f591e1f	0x3f905cc3
0x3f2c1bda	0x3e99999a	0x3f000000	0x3faa3722	0xbcf332bf	0x3e3851ec	0x3f59137d	0x3f9055b1
0x3f2c2268	0x3e99999a	0x3f000000	0x3faa3722	0xbcf37b0c	0x3e3851ec	0x3f5908d8	0x3f904e9d
0x3f2c28f6	0x3e99999a	0x3f000000	0x3faa3722	0xbcf3c364	0x3e3851ec	0x3f58fe33	0x3f904789
0x3f2c2f83	0x3e99999a	0x3f000000	0x3faa3722	0xbcf40bbb	0x3e3851ec	0x3f58f38e	0x3f904075
0x3f2c3611	0x3e99999a	0x3f000000	0x3faa3722	0xbcf45428	0x3e3851ec	0x3f58e8e6	0x3f903960
0x3f2c3c9f	0x3e99999a	0x3f000000	0x3faa3722	0xbcf49ca0	0x3e3851ec	0x3f58de3d	0x3f903249
0x3f2c432d	0x3e99999a	0x3f000000	0x3faa3722	0xbcf4e523	0x3e3851ec	0x3f58d394	0x3f902b33
0x3f2c49ba	0x3e99999a	0x3f000000	0x3faa3722	0xbcf52da5	0x3e3851ec	0x3f58c8eb	0x3f90241c
0x3f2c5048	0x3e99999a	0x3f000000	0x3faa3722	0xbcf5763e	0x3e3851ec	0x3f58be3e	0x3f901d03
0x3f2c56d6	0x3e99999a	0x3f000000	0x3faa3722	0xbcf5bee1	0x3e3851ec	0x3f58b391	0x3f9015ea
0x3f2c5d64	0x3e99999a	0x3f000000	0x3faa3722	0xbcf6078e	0x3e3851ec	0x3f58a8e3	0x3f900ed0
0x3f2c63f1	0x3e99999a	0x3f000000	0x3faa3722	0xbcf6503c	0x3e3851ec	0x3f589e36	0x3f9007b7
0x3f2c6a7f	0x3e99999a	0x3f000000	0x3faa3722	0xbcf698ff	0x3e3851ec	0x3f589386	0x3f90009b
0x3f2c710d	0x3e99999a	0x3f000000	0x3faa3722	0xbcf6e1cd	0x3e3851ec	0x3f5888d5	0x3f8ff980
0x3f2c779a	0x3e99999a	0x3f000000	0x3faa3722	0xbcf72a9a	0x3e3851ec	0x3f587e24	0x3f8ff264
0x3f2c7e28	0x3e99999a	0x3f000000	0x3faa3722	0xbcf7737d	0x3e3851ec	0x3f587371	0x3f8feb47
0x3f2c84b6	0x3e99999a	0x3f000000	0x3faa3722	0xbcf7bc6c	0x3e3851ec	0x3f5868bc	0x3f8fe428
0x3f2c8b44	0x3e99999a	0x3f000000	0x3faa3722	0xbcf80564	0x3e3851ec	0x3f585e07	0x3f8fdd0a
0x3f2c91d1	0x3e99999a	0x3f000000	0x3faa3722	0xbcf84e5d	0x3e3851ec	0x3f585352	0x3f8fd5eb
0x3f2c985f	0x3e99999a	0x3f000000	0x3faa3722	0xbcf8976b	0x3e3851ec	0x3f58489b	0x3f8fcecb
0x3f2c9eed	0x3e99999a	0x3f000000	0x3faa3722	0xbcf8e084	0x3e3851ec	0x3f583de2	0x3f8fc7aa
0x3f2ca57a	0x3e99999a	0x3f000000	0x3faa3722	0xbcf9299d	0x3e3851ec	0x3f58332a	0x3f8fc08a
0x3f2cac08	0x3e99999a	0x3f000000	0x3faa3722	0xbcf972cb	0x3e3851ec	0x3f582870	0x3f8fb968
0x3f2cb296	0x3e99999a	0x3f000000	0x3faa3722	0xbcf9bc05	0x3e3851ec	0x3f581db4	0x3f8fb245
0x3f2cb924	0x3e99999a	0x3f000000	0x3faa3722	0xbcfa0549	0x3e3851ec	0x3f5812f7	0x3f8fab21
0x3f2cbfb1	0x3e99999a	0x3f000000	0x3faa3722	0xbcfa4e8c	0x3e3851ec	0x3f58083c	0x3f8fa3fe
0x3f2cc63f	0x3e99999a	0x3f000000	0x3faa3722	0xbcfa97e6	0x3e3851ec	0x3f57fd7d	0x3f8f9cd9
0x3f2ccccd	0x3e99999a	0x3f000000	0x3faa3722	0xbcfae14a	0x3e3851ec	0x3f57f2bd	0x3f8f95b3
0x3f2cd35b	0x3e99999a	0x3f000000	0x3faa3722	0xbcfb2ab9	0x3e3851ec	0x3f57e7fc	0x3f8f8e8d
0x3f2cd9e8	0x3e99999a	0x3f000000	0x3faa3722	0xbcfb7427	0x3e3851ec	0x3f57dd3c	0x3f8f8767
0x3f2ce076	0x3e99999a	0x3f000000	0x3faa3722	0xbcfbbdac	0x3e3851ec	0x3f57d279	0x3f8f803f
0x3f2ce704	0x3e99999a	0x3f000000	0x3faa3722	0xbcfc073b	0x3e3851ec	0x3f57c7b5	0x3f8f7917
0x3f2ced91	0x3e99999a	0x3f000000	0x3faa3722	0xbcfc50ca	0x3e3851ec	0x3f57bcf2	0x3f8f71ef
0x3f2cf41f	0x3e99999a	0x3f000000	0x3faa3722	0xbcfc9a6e	0x3e3851ec	0x3f57b22c	0x3f8f6ac5
0x3f2cfaad	0x3e99999a	0x3f000000	0x3faa3722	0xbcfce41e	0x3e3851ec	0x3f57a765	0x3f8f639b
0x3f2d013b	0x3e99999a	0x3f000000	0x3faa3722	0xbcfd2dd8	0x3e3851ec	0x3f579c9d	0x3f8f5c70
0x3f2d07c8	0x3e99999a	0x3f000000	0x3faa3722	0xbcfd7792	0x3e3851ec	0x3f5791d5	0x3f8f5544
0x3f2d0e56	0x3e99999a	0x3f000000	0x3faa3722	0xbcfdc161	0x3e3851ec	0x3f57870b	0x3f8f4e18
0x3f2d14e4	0x3e99999a	0x3f000000	0x3faa3722	0xbcfe0b3c	0x3e3851ec	0x3f577c40	0x3f8f46eb
0x3f2d1b71	0x3e99999a	0x3f000000	0x3faa3722	0xbcfe5515	0x3e3851ec	0x3f577176	0x3f8f3fbe
0x3f2d21ff	0x3e99999a	0x3f000000	0x3faa3722	0xbcfe9f05	0x3e3851ec	0x3f5766a8	0x3f8f388f
0x3f2d288d	0x3e99999a	0x3f000000	0x3faa3722	0xbcfee900	0x3e3851ec	0x3f575bda	0x3f8f3160
0x3f2d2f1b	0x3e99999a	0x3f000000	0x3faa3722	0xbcff3305	0x3e3851ec	0x3f57510b	0x3f8f2a30
0x3f2d35a8	0x3e99999a	0x3f000000	0x3faa3722	0xbcff7d0a	0x3e3851ec	0x3f57463c	0x3f8f2301
0x3f2d3c36	0x3e99999a	0x3f000000	0x3faa3722	0xbcffc725	0x3e3851ec	0x3f573b6b	0x3f8f1bcf
0x3f2d42c4	0x3e99999a	0x3f000000	0x3faa3722	0xbd0008a5	0x3e3851ec	0x3f573098	0x3f8f149d
0x3f2d4952	0x3e99999a	0x3f000000	0x3faa3722	0xbd002dbd	0x3e3851ec	0x3f5725c5	0x3f8f0d6b
0x3f2d4fdf	0x3e99999a	0x3f000000	0x3faa3722	0xbd0052d5	0x3e3851ec	0x3f571af2	0x3f8f0638
0x3f2d566d	0x3e99999a	0x3f000000	0x3faa3722	0xbd0077f8	0x3e3851ec	0x3f57101d	0x3f8eff04
0x3f2d5cfb	0x3e99999a	0x3f000000	0x3faa3722	0xbd009d20	0x3e3851ec	0x3f570546	0x3f8ef7cf
0x3f2d6388	0x3e99999a	0x3f000000	0x3faa3722	0xbd00c248	0x3e3851ec	0x3f56fa71	0x3f8ef09b
0x3f2d6a16	0x3e99999a	0x3f000000	0x3faa3722	0xbd00e77b	0x3e3851ec	0x3f56ef98	0x3f8ee965
0x3f2d70a4	0x3e99999a	0x3f000000	0x3faa3722	0xbd010cb3	0x3e3851ec	0x3f56e4bf	0x3f8ee22f
0x3f2d7732	0x3e99999a	0x3f000000	0x3faa3722	0xbd0131f1	0x3e3851ec	0x3f56d9e4	0x3f8edaf7
0x3f2d7dbf	0x3e99999a	0x3f000000	0x3faa3722	0xbd01572f	0x3e3851ec	0x3f56cf0a	0x3f8ed3c0
0x3f2d844d	0x3e99999a	0x3f000000	0x3faa3722	0xbd017c77	0x3e3851ec	0x3f56c42e	0x3f8ecc87
0x3f2d8adb	0x3e99999a	0x3f000000	0x3faa3722	0xbd01a1c5	0x3e3851ec	0x3f56b950	0x3f8ec54d
0x3f2d9168	0x3e99999a	0x3f000000	0x3faa3722	0xbd01c712	0x3e3851ec	0x3f56ae73	0x3f8ebe14
0x3f2d97f6	0x3e99999a	0x3f000000	0x3faa3722	0xbd01ec6b	0x3e3851ec	0x3f56a394	0x3f8eb6da
0x3f2d9e84	0x3e99999a	0x3f000000	0x3faa3722	0xbd0211c9	0x3e3851ec	0x3f5698b3	0x3f8eaf9e
0x3f2da512	0x3e99999a	0x3f000000	0x3faa3722	0xbd02372c	0x3e3851ec	0x3f568dd2	0x3f8ea862
0x3f2dab9f	0x3e99999a	0x3f000000	0x3faa3722	0xbd025c8f	0x3e3851ec	0x3f5682f1	0x3f8ea127
0x3f2db22d	0x3e99999a	0x3f000000	0x3faa3722	0xbd0281fd	0x3e3851ec	0x3f56780d	0x3f8e99e9
0x3f2db8bb	0x3e99999a	0x3f000000	0x3faa3722	0xbd02a771	0x3e3851ec	0x3f566d28	0x3f8e92aa
0x3f2dbf48	0x3e99999a	0x3f000000	0x3faa3722	0xbd02cce4	0x3e3851ec	0x3f566244	0x3f8e8b6d
0x3f2dc5d6	0x3e99999a	0x3f000000	0x3faa3722	0xbd02f262	0x3e3851ec	0x3f56575e	0x3f8e842e
0x3f2dcc64	0x3e99999a	0x3f000000	0x3faa3722	0xbd0317e5	0x3e3851ec	0x3f564c76	0x3f8e7ced
0x3f2dd2f2	0x3e99999a	0x3f000000	0x3faa3722	0xbd033d6e	0x3e3851ec	0x3f56418e	0x3f8e75ad
0x3f2dd97f	0x3e99999a	0x3f000000	0x3faa3722	0xbd0362f7	0x3e3851ec	0x3f5636a5	0x3f8e6e6c
0x3f2de00d	0x3e99999a	0x3f000000	0x3faa3722	0xbd03888b	0x3e3851ec	0x3f562bbb	0x3f8e672a
0x3f2de69b	0x3e99999a	0x3f000000	0x3faa3722	0xbd03ae24	0x3e3851ec	0x3f5620cf	0x3f8e5fe7
0x3f2ded29	0x3e99999a	0x3f000000	0x3faa3722	0xbd03d3c2	0x3e3851ec	0x3f5615e2	0x3f8e58a3
0x3f2df3b6	0x3e99999a	0x3f000000	0x3faa3722	0xbd03f960	0x3e3851ec	0x3f560af6	0x3f8e5160
0x3f2dfa44	0x3e99999a	0x3f000000	0x3faa3722	0xbd041f09	0x3e3851ec	0x3f560008	0x3f8e4a1c
0x3f2e00d2	0x3e99999a	0x3f000000	0x3faa3722	0xbd0444b8	0x3e3851ec	0x3f55f518	0x3f8e42d6
0x3f2e075f	0x3e99999a	0x3f000000	0x3faa3722	0xbd046a66	0x3e3851ec	0x3f55ea29	0x3f8e3b91
0x3f2e0ded	0x3e99999a	0x3f000000	0x3faa3722	0xbd04901f	0x3e3851ec	0x3f55df37	0x3f8e344a
0x3f2e147b	0x3e99999a	0x3f000000	0x3faa3722	0xbd04b5dd	0x3e3851ec	0x3f55d445	0x3f8e2d03
0x3f2e1b09	0x3e99999a	0x3f000000	0x3faa3722	0xbd04dba1	0x3e3851ec	0x3f55c951	0x3f8e25ba
0x3f2e2196	0x3e99999a	0x3f000000	0x3faa3722	0xbd050165	0x3e3851ec	0x3f55be5e	0x3f8e1e73
0x3f2e2824	0x3e99999a	0x3f000000	0x3faa3722	0xbd052734	0x3e3851ec	0x3f55b368	0x3f8e1729
0x3f2e2eb2	0x3e99999a	0x3f000000	0x3faa3722	0xbd054d08	0x3e3851ec	0x3f55a872	0x3f8e0fdf
0x3f2e353f	0x3e99999a	0x3f000000	0x3faa3722	0xbd0572db	0x3e3851ec	0x3f559d7c	0x3f8e0896
0x3f2e3bcd	0x3e99999a	0x3f000000	0x3faa3722	0xbd0598ba	0x3e3851ec	0x3f559283	0x3f8e014a
0x3f2e425b	0x3e99999a	0x3f000000	0x3faa3722	0xbd05be9e	0x3e3851ec	0x3f55878a	0x3f8df9fe
0x3f2e48e9	0x3e99999a	0x3f000000	0x3faa3722	0xbd05e488	0x3e3851ec	0x3f557c8f	0x3f8df2b1
0x3f2e4f76	0x3e99999a	0x3f000000	0x3faa3722	0xbd060a71	0x3e3851ec	0x3f557195	0x3f8deb65
0x3f2e5604	0x3e99999a	0x3f000000	0x3faa3722	0xbd063065	0x3e3851ec	0x3f556699	0x3f8de417
0x3f2e5c92	0x3e99999a	0x3f000000	0x3faa3722	0xbd06565f	0x3e3851ec	0x3f555b9b	0x3f8ddcc8
0x3f2e6320	0x3e99999a	0x3f000000	0x3faa3722	0xbd067c5e	0x3e3851ec	0x3f55509c	0x3f8dd578
0x3f2e69ad	0x3e99999a	0x3f000000	0x3faa3722	0xbd06a25d	0x3e3851ec	0x3f55459e	0x3f8dce29
0x3f2e703b	0x3e99999a	0x3f000000	0x3faa3722	0xbd06c866	0x3e3851ec	0x3f553a9e	0x3f8dc6d9
0x3f2e76c9	0x3e99999a	0x3f000000	0x3faa3722	0xbd06ee76	0x3e3851ec	0x3f552f9c	0x3f8dbf87
0x3f2e7d56	0x3e99999a	0x3f000000	0x3faa3722	0xbd071484	0x3e3851ec	0x3f55249c	0x3f8db837
0x3f2e83e4	0x3e99999a	0x3f000000	0x3faa3722	0xbd073a9e	0x3e3851ec	0x3f551998	0x3f8db0e4
0x3f2e8a72	0x3e99999a	0x3f000000	0x3faa3722	0xbd0760bd	0x3e3851ec	0x3f550e94	0x3f8da991
0x3f2e9100	0x3e99999a	0x3f000000	0x3faa3722	0xbd0786e2	0x3e3851ec	0x3f55038e	0x3f8da23c
0x3f2e978d	0x3e99999a	0x3f000000	0x3faa3722	0xbd07ad06	0x3e3851ec	0x3f54f889	0x3f8d9ae9
0x3f2e9e1b	0x3e99999a	0x3f000000	0x3faa3722	0xbd07d336	0x3e3851ec	0x3f54ed82	0x3f8d9394
0x3f2ea4a9	0x3e99999a	0x3f000000	0x3faa3722	0xbd07f96a	0x3e3851ec	0x3f54e279	0x3f8d8c3d
0x3f2eab36	0x3e99999a	0x3f000000	0x3faa3722	0xbd081f9f	0x3e3851ec	0x3f54d772	0x3f8d84e8
0x3f2eb1c4	0x3e99999a	0x3f000000	0x3faa3722	0xbd0845de	0x3e3851ec	0x3f54cc67	0x3f8d7d91
0x3f2eb852	0x3e99999a	0x3f000000	0x3faa3722	0xbd086c23	0x3e3851ec	0x3f54c15c	0x3f8d7639
0x3f2ebee0	0x3e99999a	0x3f000000	0x3faa3722	0xbd08926d	0x3e3851ec	0x3f54b650	0x3f8d6ee1
0x3f2ec56d	0x3e99999a	0x3f000000	0x3faa3722	0xbd08b8b7	0x3e3851ec	0x3f54ab44	0x3f8d6788
0x3f2ecbfb	0x3e99999a	0x3f000000	0x3faa3722	0xbd08df0c	0x3e3851ec	0x3f54a036	0x3f8d602f
0x3f2ed289	0x3e99999a	0x3f000000	0x3faa3722	0xbd090566	0x3e3851ec	0x3f549527	0x3f8d58d4
0x3f2ed917	0x3e99999a	0x3f000000	0x3faa3722	0xbd092bc6	0x3e3851ec	0x3f548a16	0x3f8d5179
0x3f2edfa4	0x3e99999a	0x3f000000	0x3faa3722	0xbd095225	0x3e3851ec	0x3f547f07	0x3f8d4a1e
0x3f2ee632	0x3e99999a	0x3f000000	0x3faa3722	0xbd09788f	0x3e3851ec	0x3f5473f5	0x3f8d42c2
0x3f2eecc0	0x3e99999a	0x3f000000	0x3faa3722	0xbd099eff	0x3e3851ec	0x3f5468e2	0x3f8d3b65
0x3f2ef34d	0x3e99999a	0x3f000000	0x3faa3722	0xbd09c56e	0x3e3851ec	0x3f545dcf	0x3f8d3408
0x3f2ef9db	0x3e99999a	0x3f000000	0x3faa3722	0xbd09ebe9	0x3e3851ec	0x3f5452ba	0x3f8d2ca9
0x3f2f0069	0x3e99999a	0x3f000000	0x3faa3722	0xbd0a1269	0x3e3851ec	0x3f5447a4	0x3f8d254a
0x3f2f06f7	0x3e99999a	0x3f000000	0x3faa3722	0xbd0a38ee	0x3e3851ec	0x3f543c8d	0x3f8d1deb
0x3f2f0d84	0x3e99999a	0x3f000000	0x3faa3722	0xbd0a5f73	0x3e3851ec	0x3f543177	0x3f8d168c
0x3f2f1412	0x3e99999a	0x3f000000	0x3faa3722	0xbd0a8603	0x3e3851ec	0x3f54265e	0x3f8d0f2b
0x3f2f1aa0	0x3e99999a	0x3f000000	0x3faa3722	0xbd0aac98	0x3e3851ec	0x3f541b44	0x3f8d07c9
0x3f2f212d	0x3e99999a	0x3f000000	0x3faa3722	0xbd0ad32d	0x3e3851ec	0x3f54102b	0x3f8d0068
0x3f2f27bb	0x3e99999a	0x3f000000	0x3faa3722	0xbd0af9cd	0x3e3851ec	0x3f54050f	0x3f8cf905
0x3f2f2e49	0x3e99999a	0x3f000000	0x3faa3722	0xbd0b2073	0x3e3851ec	0x3f53f9f2	0x3f8cf1a2
0x3f2f34d7	0x3e99999a	0x3f000000	0x3faa3722	0xbd0b471e	0x3e3851ec	0x3f53eed5	0x3f8cea3e
0x3f2f3b64	0x3e99999a	0x3f000000	0x3faa3722	0xbd0b6dc8	0x3e3851ec	0x3f53e3b7	0x3f8ce2da
0x3f2f41f2	0x3e99999a	0x3f000000	0x3faa3722	0xbd0b947e	0x3e3851ec	0x3f53d898	0x3f8cdb75
0x3f2f4880	0x3e99999a	0x3f000000	0x3faa3722	0xbd0bbb39	0x3e3851ec	0x3f53cd77	0x3f8cd40e
0x3f2f4f0e	0x3e99999a	0x3f000000	0x3faa3722	0xbd0be1f9	0x3e3851ec	0x3f53c256	0x3f8ccca8
0x3f2f559b	0x3e99999a	0x3f000000	0x3faa3722	0xbd0c08b9	0x3e3851ec	0x3f53b735	0x3f8cc542
0x3f2f5c29	0x3e99999a	0x3f000000	0x3faa3722	0xbd0c2f84	0x3e3851ec	0x3f53ac11	0x3f8cbdd9
0x3f2f62b7	0x3e99999a	0x3f000000	0x3faa3722	0xbd0c5654	0x3e3851ec	0x3f53a0ed	0x3f8cb671
0x3f2f6944	0x3e99999a	0x3f000000	0x3faa3722	0xbd0c7d24	0x3e3851ec	0x3f5395c9	0x3f8caf09
0x3f2f6fd2	0x3e99999a	0x3f000000	0x3faa3722	0xbd0ca3ff	0x3e3851ec	0x3f538aa3	0x3f8ca79f
0x3f2f7660	0x3e99999a	0x3f000000	0x3faa3722	0xbd0ccae0	0x3e3851ec	0x3f537f7b	0x3f8ca034
0x3f2f7cee	0x3e99999a	0x3f000000	0x3faa3722	0xbd0cf1c6	0x3e3851ec	0x3f537453	0x3f8c98c9
0x3f2f837b	0x3e99999a	0x3f000000	0x3faa3722	0xbd0d18ab	0x3e3851ec	0x3f53692c	0x3f8c915f
0x3f2f8a09	0x3e99999a	0x3f000000	0x3faa3722	0xbd0d3f9c	0x3e3851ec	0x3f535e02	0x3f8c89f3
0x3f2f9097	0x3e99999a	0x3f000000	0x3faa3722	0xbd0d6692	0x3e3851ec	0x3f5352d6	0x3f8c8285
0x3f2f9724	0x3e99999a	0x3f000000	0x3faa3722	0xbd0d8d87	0x3e3851ec	0x3f5347ac	0x3f8c7b19
0x3f2f9db2	0x3e99999a	0x3f000000	0x3faa3722	0xbd0db488	0x3e3851ec	0x3f533c7f	0x3f8c73aa
0x3f2fa440	0x3e99999a	0x3f000000	0x3faa3722	0xbd0ddb8e	0x3e3851ec	0x3f533151	0x3f8c6c3b
0x3f2faace	0x3e99999a	0x3f000000	0x3faa3722	0xbd0e029a	0x3e3851ec	0x3f532622	0x3f8c64cc
0x3f2fb15b	0x3e99999a	0x3f000000	0x3faa3722	0xbd0e29a5	0x3e3851ec	0x3f531af4	0x3f8c5d5d
0x3f2fb7e9	0x3e99999a	0x3f000000	0x3faa3722	0xbd0e50bb	0x3e3851ec	0x3f530fc3	0x3f8c55ec
0x3f2fbe77	0x3e99999a	0x3f000000	0x3faa3722	0xbd0e77d6	0x3e3851ec	0x3f530492	0x3f8c4e7b
0x3f2fc505	0x3e99999a	0x3f000000	0x3faa3722	0xbd0e9ef7	0x3e3851ec	0x3f52f95f	0x3f8c4709
0x3f2fcb92	0x3e99999a	0x3f000000	0x3faa3722	0xbd0ec618	0x3e3851ec	0x3f52ee2d	0x3f8c3f97
0x3f2fd220	0x3e99999a	0x3f000000	0x3faa3722	0xbd0eed44	0x3e3851ec	0x3f52e2f8	0x3f8c3823
0x3f2fd8ae	0x3e99999a	0x3f000000	0x3faa3722	0xbd0f1475	0x3e3851ec	0x3f52d7c3	0x3f8c30b0
0x3f2fdf3b	0x3e99999a	0x3f000000	0x3faa3722	0xbd0f3ba5	0x3e3851ec	0x3f52cc8e	0x3f8c293c
0x3f2fe5c9	0x3e99999a	0x3f000000	0x3faa3722	0xbd0f62e1	0x3e3851ec	0x3f52c157	0x3f8c21c7
0x3f2fec57	0x3e99999a	0x3f000000	0x3faa3722	0xbd0f8a22	0x3e3851ec	0x3f52b61f	0x3f8c1a52
0x3f2ff2e5	0x3e99999a	0x3f000000	0x3faa3722	0xbd0fb169	0x3e3851ec	0x3f52aae5	0x3f8c12db
0x3f2ff972	0x3e99999a	0x3f000000	0x3faa3722	0xbd0fd8af	0x3e3851ec	0x3f529fad	0x3f8c0b65
0x3f300000	0x3e99999a	0x3f000000	0x3faa3722	0xbd100000	0x3e3851ec	0x3f529472	0x3f8c03ee
0x3f30068e	0x3e99999a	0x3f000000	0x3faa3722	0xbd102757	0x3e3851ec	0x3f528935	0x3f8bfc75
0x3f300d1b	0x3e99999a	0x3f000000	0x3faa3722	0xbd104ead	0x3e3851ec	0x3f527dfa	0x3f8bf4fd
0x3f3013a9	0x3e99999a	0x3f000000	0x3faa3722	0xbd10760e	0x3e3851ec	0x3f5272bc	0x3f8bed83
0x3f301a37	0x3e99999a	0x3f000000	0x3faa3722	0xbd109d75	0x3e3851ec	0x3f52677e	0x3f8be60a
0x3f3020c5	0x3e99999a	0x3f000000	0x3faa3722	0xbd10c4e1	0x3e3851ec	0x3f525c3e	0x3f8bde8f
0x3f302752	0x3e99999a	0x3f000000	0x3faa3722	0xbd10ec4d	0x3e3851ec	0x3f5250fe	0x3f8bd714
0x3f302de0	0x3e99999a	0x3f000000	0x3faa3722	0xbd1113c4	0x3e3851ec	0x3f5245bd	0x3f8bcf98
0x3f30346e	0x3e99999a	0x3f000000	0x3faa3722	0xbd113b40	0x3e3851ec	0x3f523a7a	0x3f8bc81b
0x3f303afb	0x3e99999a	0x3f000000	0x3faa3722	0xbd1162bb	0x3e3851ec	0x3f522f39	0x3f8bc0a0
0x3f304189	0x3e99999a	0x3f000000	0x3faa3722	0xbd118a42	0x3e3851ec	0x3f5223f4	0x3f8bb922
0x3f304817	0x3e99999a	0x3f000000	0x3faa3722	0xbd11b1cf	0x3e3851ec	0x3f5218af	0x3f8bb1a3
0x3f304ea5	0x3e99999a	0x3f000000	0x3faa3722	0xbd11d961	0x3e3851ec	0x3f520d68	0x3f8baa24
0x3f305532	0x3e99999a	0x3f000000	0x3faa3722	0xbd1200f2	0x3e3851ec	0x3f520223	0x3f8ba2a6
0x3f305bc0	0x3e99999a	0x3f000000	0x3faa3722	0xbd12288e	0x3e3851ec	0x3f51f6db	0x3f8b9b25
0x3f30624e	0x3e99999a	0x3f000000	0x3faa3722	0xbd125030	0x3e3851ec	0x3f51eb92	0x3f8b93a4
0x3f3068dc	0x3e99999a	0x3f000000	0x3faa3722	0xbd1277d7	0x3e3851ec	0x3f51e048	0x3f8b8c23
0x3f306f69	0x3e99999a	0x3f000000	0x3faa3722	0xbd129f7e	0x3e3851ec	0x3f51d4ff	0x3f8b84a2
0x3f3075f7	0x3e99999a	0x3f000000	0x3faa3722	0xbd12c730	0x3e3851ec	0x3f51c9b3	0x3f8b7d1f
0x3f307c85	0x3e99999a	0x3f000000	0x3faa3722	0xbd12eee7	0x3e3851ec	0x3f51be66	0x3f8b759b
0x3f308312	0x3e99999a	0x3f000000	0x3faa3722	0xbd13169e	0x3e3851ec	0x3f51b31a	0x3f8b6e19
0x3f3089a0	0x3e99999a	0x3f000000	0x3faa3722	0xbd133e60	0x3e3851ec	0x3f51a7cc	0x3f8b6694
0x3f30902e	0x3e99999a	0x3f000000	0x3faa3722	0xbd136627	0x3e3851ec	0x3f519c7c	0x3f8b5f0f
0x3f3096bc	0x3e99999a	0x3f000000	0x3faa3722	0xbd138df4	0x3e3851ec	0x3f51912c	0x3f8b5789
0x3f309d49	0x3e99999a	0x3f000000	0x3faa3722	0xbd13b5c0	0x3e3851ec	0x3f5185dc	0x3f8b5004
0x3f30a3d7	0x3e99999a	0x3f000000	0x3faa3722	0xbd13dd98	0x3e3851ec	0x3f517a8a	0x3f8b487d
0x3f30aa65	0x3e99999a	0x3f000000	0x3faa3722	0xbd140575	0x3e3851ec	0x3f516f37	0x3f8b40f5
0x3f30b0f2	0x3e99999a	0x3f000000	0x3faa3722	0xbd142d51	0x3e3851ec	0x3f5163e4	0x3f8b396e
0x3f30b780	0x3e99999a	0x3f000000	0x3faa3722	0xbd145539	0x3e3851ec	0x3f51588f	0x3f8b31e5
0x3f30be0e	0x3e99999a	0x3f000000	0x3faa3722	0xbd147d26	0x3e3851ec	0x3f514d39	0x3f8b2a5b
0x3f30c49c	0x3e99999a	0x3f000000	0x3faa3722	0xbd14a518	0x3e3851ec	0x3f5141e3	0x3f8b22d2
0x3f30cb29	0x3e99999a	0x3f000000	0x3faa3722	0xbd14cd0a	0x3e3851ec	0x3f51368d	0x3f8b1b48
0x3f30d1b7	0x3e99999a	0x3f000000	0x3faa3722	0xbd14f507	0x3e3851ec	0x3f512b34	0x3f8b13bd
0x3f30d845	0x3e99999a	0x3f000000	0x3faa3722	0xbd151d09	0x3e3851ec	0x3f511fdb	0x3f8b0c31
0x3f30ded3	0x3e99999a	0x3f000000	0x3faa3722	0xbd154511	0x3e3851ec	0x3f511480	0x3f8b04a4
0x3f30e560	0x3e99999a	0x3f000000	0x3faa3722	0xbd156d18	0x3e3851ec	0x3f510927	0x3f8afd19
0x3f30ebee	0x3e99999a	0x3f000000	0x3faa3722	0xbd15952b	0x3e3851ec	0x3f50fdca	0x3f8af58a
0x3f30f27c	0x3e99999a	0x3f000000	0x3faa3722	0xbd15bd43	0x3e3851ec	0x3f50f26d	0x3f8aedfc
0x3f30f909	0x3e99999a	0x3f000000	0x3faa3722	0xbd15e55a	0x3e3851ec	0x3f50e711	0x3f8ae66f
0x3f30ff97	0x3e99999a	0x3f000000	0x3faa3722	0xbd160d7d	0x3e3851ec	0x3f50dbb2	0x3f8adedf
0x3f310625	0x3e99999a	0x3f000000	0x3faa3722	0xbd1635a5	0x3e3851ec	0x3f50d052	0x3f8ad74f
0x3f310cb3	0x3e99999a	0x3f000000	0x3faa3722	0xbd165dd2	0x3e3851ec	0x3f50c4f2	0x3f8acfbf
0x3f311340	0x3e99999a	0x3f000000	0x3faa3722	0xbd1685ff	0x3e3851ec	0x3f50b991	0x3f8ac82e
0x3f3119ce	0x3e99999a	0x3f000000	0x3faa3722	0xbd16ae37	0x3e3851ec	0x3f50ae2f	0x3f8ac09c
0x3f31205c	0x3e99999a	0x3f000000	0x3faa3722	0xbd16d675	0x3e3851ec	0x3f50a2cb	0x3f8ab909
0x3f3126e9	0x3e99999a	0x3f000000	0x3faa3722	0xbd16feb2	0x3e3851ec	0x3f509769	0x3f8ab178
0x3f312d77	0x3e99999a	0x3f000000	0x3faa3722	0xbd1726fa	0x3e3851ec	0x3f508c04	0x3f8aa9e4
0x3f313405	0x3e99999a	0x3f000000	0x3faa3722	0xbd174f48	0x3e3851ec	0x3f50809d	0x3f8aa250
0x3f313a93	0x3e99999a	0x3f000000	0x3faa3722	0xbd17779b	0x3e3851ec	0x3f507536	0x3f8a9abb
0x3f314120	0x3e99999a	0x3f000000	0x3faa3722	0xbd179fed	0x3e3851ec	0x3f5069d0	0x3f8a9327
0x3f3147ae	0x3e99999a	0x3f000000	0x3faa3722	0xbd17c84b	0x3e3851ec	0x3f505e67	0x3f8a8b90
0x3f314e3c	0x3e99999a	0x3f000000	0x3faa3722	0xbd17f0ae	0x3e3851ec	0x3f5052fe	0x3f8a83fa
0x3f3154ca	0x3e99999a	0x3f000000	0x3faa3722	0xbd181917	0x3e3851ec	0x3f504793	0x3f8a7c63
0x3f315b57	0x3e99999a	0x3f000000	0x3faa3722	0xbd18417e	0x3e3851ec	0x3f503c29	0x3f8a74cc
0x3f3161e5	0x3e99999a	0x3f000000	0x3faa3722	0xbd1869f2	0x3e3851ec	0x3f5030bd	0x3f8a6d34
0x3f316873	0x3e99999a	0x3f000000	0x3faa3722	0xbd18926a	0x3e3851ec	0x3f50254f	0x3f8a659a
0x3f316f00	0x3e99999a	0x3f000000	0x3faa3722	0xbd18bae2	0x3e3851ec	0x3f5019e3	0x3f8a5e02
0x3f31758e	0x3e99999a	0x3f000000	0x3faa3722	0xbd18e365	0x3e3851ec	0x3f500e74	0x3f8a5668
0x3f317c1c	0x3e99999a	0x3f000000	0x3faa3722	0xbd190bee	0x3e3851ec	0x3f500304	0x3f8a4ecd
0x3f3182aa	0x3e99999a	0x3f000000	0x3faa3722	0xbd19347c	0x3e3851ec	0x3f4ff793	0x3f8a4731
0x3f318937	0x3e99999a	0x3f000000	0x3faa3722	0xbd195d0a	0x3e3851ec	0x3f4fec23	0x3f8a3f97
0x3f318fc5	0x3e99999a	0x3f000000	0x3faa3722	0xbd1985a2	0x3e3851ec	0x3f4fe0b1	0x3f8a37fa
0x3f319653	0x3e99999a	0x3f000000	0x3faa3722	0xbd19ae41	0x3e3851ec	0x3f4fd53d	0x3f8a305d
0x3f319ce0	0x3e99999a	0x3f000000	0x3faa3722	0xbd19d6de	0x3e3851ec	0x3f4fc9cb	0x3f8a28c1
0x3f31a36e	0x3e99999a	0x3f000000	0x3faa3722	0xbd19ff87	0x3e3851ec	0x3f4fbe55	0x3f8a2122
0x3f31a9fc	0x3e99999a	0x3f000000	0x3faa3722	0xbd1a2835	0x3e3851ec	0x3f4fb2df	0x3f8a1983
0x3f31b08a	0x3e99999a	0x3f000000	0x3faa3722	0xbd1a50e9	0x3e3851ec	0x3f4fa768	0x3f8a11e4
0x3f31b717	0x3e99999a	0x3f000000	0x3faa3722	0xbd1a799c	0x3e3851ec	0x3f4f9bf2	0x3f8a0a45
0x3f31bda5	0x3e99999a	0x3f000000	0x3faa3722	0xbd1aa25a	0x3e3851ec	0x3f4f9079	0x3f8a02a4
0x3f31c433	0x3e99999a	0x3f000000	0x3faa3722	0xbd1acb1e	0x3e3851ec	0x3f4f8500	0x3f89fb03
0x3f31cac1	0x3e99999a	0x3f000000	0x3faa3722	0xbd1af3e7	0x3e3851ec	0x3f4f7985	0x3f89f361
0x3f31d14e	0x3e99999a	0x3f000000	0x3faa3722	0xbd1b1cb0	0x3e3851ec	0x3f4f6e0b	0x3f89ebbf
0x3f31d7dc	0x3e99999a	0x3f000000	0x3faa3722	0xbd1b4584	0x3e3851ec	0x3f4f628f	0x3f89e41d
0x3f31de6a	0x3e99999a	0x3f000000	0x3faa3722	0xbd1b6e5d	0x3e3851ec	0x3f4f5712	0x3f89dc79
0x3f31e4f7	0x3e99999a	0x3f000000	0x3faa3722	0xbd1b9735	0x3e3851ec	0x3f4f4b96	0x3f89d4d6
0x3f31eb85	0x3e99999a	0x3f000000	0x3faa3722	0xbd1bc019	0x3e3851ec	0x3f4f4017	0x3f89cd32
0x3f31f213	0x3e99999a	0x3f000000	0x3faa3722	0xbd1be903	0x3e3851ec	0x3f4f3497	0x3f89c58c
0x3f31f8a1	0x3e99999a	0x3f000000	0x3faa3722	0xbd1c11f2	0x3e3851ec	0x3f4f2916	0x3f89bde6
0x3f31ff2e	0x3e99999a	0x3f000000	0x3faa3722	0xbd1c3ae0	0x3e3851ec	0x3f4f1d97	0x3f89b641
0x3f3205bc	0x3e99999a	0x3f000000	0x3faa3722	0xbd1c63d9	0x3e3851ec	0x3f4f1214	0x3f89ae9a
0x3f320c4a	0x3e99999a	0x3f000000	0x3faa3722	0xbd1c8cd8	0x3e3851ec	0x3f4f0691	0x3f89a6f2
0x3f3212d7	0x3e99999a	0x3f000000	0x3faa3722	0xbd1cb5d6	0x3e3851ec	0x3f4efb0f	0x3f899f4b
0x3f321965	0x3e99999a	0x3f000000	0x3faa3722	0xbd1cdee0	0x3e3851ec	0x3f4eef89	0x3f8997a2
0x3f321ff3	0x3e99999a	0x3f000000	0x3faa3722	0xbd1d07ef	0x3e3851ec	0x3f4ee404	0x3f898ff9
0x3f322681	0x3e99999a	0x3f000000	0x3faa3722	0xbd1d3103	0x3e3851ec	0x3f4ed87d	0x3f89884f
0x3f322d0e	0x3e99999a	0x3f000000	0x3faa3722	0xbd1d5a16	0x3e3851ec	0x3f4eccf7	0x3f8980a6
0x3f32339c	0x3e99999a	0x3f000000	0x3faa3722	0xbd1d8335	0x3e3851ec	0x3f4ec16f	0x3f8978fb
0x3f323a2a	0x3e99999a	0x3f000000	0x3faa3722	0xbd1dac5a	0x3e3851ec	0x3f4eb5e6	0x3f89714f
0x3f3240b8	0x3e99999a	0x3f000000	0x3faa3722	0xbd1dd584	0x3e3851ec	0x3f4eaa5b	0x3f8969a2
0x3f324745	0x3e99999a	0x3f000000	0x3faa3722	0xbd1dfead	0x3e3851ec	0x3f4e9ed2	0x3f8961f7
0x3f324dd3	0x3e99999a	0x3f000000	0x3faa3722	0xbd1e27e1	0x3e3851ec	0x3f4e9346	0x3f895a4a
0x3f325461	0x3e99999a	0x3f000000	0x3faa3722	0xbd1e511b	0x3e3851ec	0x3f4e87ba	0x3f89529c
0x3f325aee	0x3e99999a	0x3f000000	0x3faa3722	0xbd1e7a54	0x3e3851ec	0x3f4e7c2e	0x3f894aef
0x3f32617c	0x3e99999a	0x3f000000	0x3faa3722	0xbd1ea399	0x3e3851ec	0x3f4e709f	0x3f89433f
0x3f32680a	0x3e99999a	0x3f000000	0x3faa3722	0xbd1ecce3	0x3e3851ec	0x3f4e6510	0x3f893b90
0x3f326e98	0x3e99999a	0x3f000000	0x3faa3722	0xbd1ef632	0x3e3851ec	0x3f4e5980	0x3f8933e0
0x3f327525	0x3e99999a	0x3f000000	0x3faa3722	0xbd1f1f81	0x3e3851ec	0x3f4e4df1	0x3f892c30
0x3f327bb3	0x3e99999a	0x3f000000	0x3faa3722	0xbd1f48db	0x3e3851ec	0x3f4e425f	0x3f89247f
0x3f328241	0x3e99999a	0x3f000000	0x3faa3722	0xbd1f723b	0x3e3851ec	0x3f4e36cc	0x3f891ccd
0x3f3288ce	0x3e99999a	0x3f000000	0x3faa3722	0xbd1f9b99	0x3e3851ec	0x3f4e2b3a	0x3f89151b
0x3f328f5c	0x3e99999a	0x3f000000	0x3faa3722	0xbd1fc503	0x3e3851ec	0x3f4e1fa6	0x3f890d68
0x3f3295ea	0x3e99999a	0x3f000000	0x3faa3722	0xbd1fee73	0x3e3851ec	0x3f4e1410	0x3f8905b4
0x3f329c78	0x3e99999a	0x3f000000	0x3faa3722	0xbd2017e8	0x3e3851ec	0x3f4e087a	0x3f88fe00
0x3f32a305	0x3e99999a	0x3f000000	0x3faa3722	0xbd20415c	0x3e3851ec	0x3f4dfce5	0x3f88f64d
0x3f32a993	0x3e99999a	0x3f000000	0x3faa3722	0xbd206adc	0x3e3851ec	0x3f4df14d	0x3f88ee97
0x3f32b021	0x3e99999a	0x3f000000	0x3faa3722	0xbd209461	0x3e3851ec	0x3f4de5b4	0x3f88e6e1
0x3f32b6ae	0x3e99999a	0x3f000000	0x3faa3722	0xbd20bde5	0x3e3851ec	0x3f4dda1d	0x3f88df2c
0x3f32bd3c	0x3e99999a	0x3f000000	0x3faa3722	0xbd20e775	0x3e3851ec	0x3f4dce82	0x3f88d775
0x3f32c3ca	0x3e99999a	0x3f000000	0x3faa3722	0xbd21110a	0x3e3851ec	0x3f4dc2e7	0x3f88cfbe
0x3f32ca58	0x3e99999a	0x3f000000	0x3faa3722	0xbd213aa5	0x3e3851ec	0x3f4db74b	0x3f88c806
0x3f32d0e5	0x3e99999a	0x3f000000	0x3faa3722	0xbd21643f	0x3e3851ec	0x3f4dabb0	0x3f88c04e
0x3f32d773	0x3e99999a	0x3f000000	0x3faa3722	0xbd218de4	0x3e3851ec	0x3f4da012	0x3f88b895
0x3f32de01	0x3e99999a	0x3f000000	0x3faa3722	0xbd21b78f	0x3e3851ec	0x3f4d9474	0x3f88b0db
0x3f32e48f	0x3e99999a	0x3f000000	0x3faa3722	0xbd21e13f	0x3e3851ec	0x3f4d88d4	0x3f88a920
0x3f32eb1c	0x3e99999a	0x3f000000	0x3faa3722	0xbd220aee	0x3e3851ec	0x3f4d7d36	0x3f88a167
0x3f32f1aa	0x3e99999a	0x3f000000	0x3faa3722	0xbd2234a9	0x3e3851ec	0x3f4d7194	0x3f8899ab
0x3f32f838	0x3e99999a	0x3f000000	0x3faa3722	0xbd225e69	0x3e3851ec	0x3f4d65f3	0x3f8891f0
0x3f32fec5	0x3e99999a	0x3f000000	0x3faa3722	0xbd228828	0x3e3851ec	0x3f4d5a52	0x3f888a34
0x3f330553	0x3e99999a	0x3f000000	0x3faa3722	0xbd22b1f3	0x3e3851ec	0x3f4d4eae	0x3f888277
0x3f330be1	0x3e99999a	0x3f000000	0x3faa3722	0xbd22dbc3	0x3e3851ec	0x3f4d430a	0x3f887ab9
0x3f33126f	0x3e99999a	0x3f000000	0x3faa3722	0xbd230599	0x3e3851ec	0x3f4d3764	0x3f8872fb
0x3f3318fc	0x3e99999a	0x3f000000	0x3faa3722	0xbd232f6e	0x3e3851ec	0x3f4d2bc0	0x3f886b3d
0x3f331f8a	0x3e99999a	0x3f000000	0x3faa3722	0xbd23594e	0x3e3851ec	0x3f4d2019	0x3f88637e
0x3f332618	0x3e99999a	0x3f000000	0x3faa3722	0xbd238334	0x3e3851ec	0x3f4d1471	0x3f885bbe
0x3f332ca5	0x3e99999a	0x3f000000	0x3faa3722	0xbd23ad18	0x3e3851ec	0x3f4d08cb	0x3f8853ff
0x3f333333	0x3e99999a	0x3f000000	0x3faa3722	0xbd23d709	0x3e3851ec	0x3f4cfd21	0x3f884c3e
0x3f3339c1	0x3e99999a	0x3f000000	0x3faa3722	0xbd2400ff	0x3e3851ec	0x3f4cf177	0x3f88447c
0x3f33404f	0x3e99999a	0x3f000000	0x3faa3722	0xbd242afa	0x3e3851ec	0x3f4ce5cc	0x3f883cba
0x3f3346dc	0x3e99999a	0x3f000000	0x3faa3722	0xbd2454f4	0x3e3851ec	0x3f4cda22	0x3f8834f9
0x3f334d6a	0x3e99999a	0x3f000000	0x3faa3722	0xbd247efa	0x3e3851ec	0x3f4cce75	0x3f882d35
0x3f3353f8	0x3e99999a	0x3f000000	0x3faa3722	0xbd24a906	0x3e3851ec	0x3f4cc2c7	0x3f882571
0x3f335a86	0x3e99999a	0x3f000000	0x3faa3722	0xbd24d316	0x3e3851ec	0x3f4cb719	0x3f881dad
0x3f336113	0x3e99999a	0x3f000000	0x3faa3722	0xbd24fd26	0x3e3851ec	0x3f4cab6b	0x3f8815e9
0x3f3367a1	0x3e99999a	0x3f000000	0x3faa3722	0xbd252742	0x3e3851ec	0x3f4c9fbb	0x3f880e24
0x3f336e2f	0x3e99999a	0x3f000000	0x3faa3722	0xbd255162	0x3e3851ec	0x3f4c940a	0x3f88065e
0x3f3374bc	0x3e99999a	0x3f000000	0x3faa3722	0xbd257b82	0x3e3851ec	0x3f4c885a	0x3f87fe98
0x3f337b4a	0x3e99999a	0x3f000000	0x3faa3722	0xbd25a5ae	0x3e3851ec	0x3f4c7ca8	0x3f87f6d2
0x3f3381d8	0x3e99999a	0x3f000000	0x3faa3722	0xbd25cfdf	0x3e3851ec	0x3f4c70f4	0x3f87ef09
0x3f338866	0x3e99999a	0x3f000000	0x3faa3722	0xbd25fa15	0x3e3851ec	0x3f4c6540	0x3f87e741
0x3f338ef3	0x3e99999a	0x3f000000	0x3faa3722	0xbd26244a	0x3e3851ec	0x3f4c598d	0x3f87df7a
0x3f339581	0x3e99999a	0x3f000000	0x3faa3722	0xbd264e8b	0x3e3851ec	0x3f4c4dd7	0x3f87d7b1
0x3f339c0f	0x3e99999a	0x3f000000	0x3faa3722	0xbd2678d2	0x3e3851ec	0x3f4c4221	0x3f87cfe7
0x3f33a29c	0x3e99999a	0x3f000000	0x3faa3722	0xbd26a317	0x3e3851ec	0x3f4c366b	0x3f87c81e
0x3f33a92a	0x3e99999a	0x3f000000	0x3faa3722	0xbd26cd68	0x3e3851ec	0x3f4c2ab3	0x3f87c053
0x3f33afb8	0x3e99999a	0x3f000000	0x3faa3722	0xbd26f7bf	0x3e3851ec	0x3f4c1efa	0x3f87b888
0x3f33b646	0x3e99999a	0x3f000000	0x3faa3722	0xbd27221b	0x3e3851ec	0x3f4c1340	0x3f87b0bc
0x3f33bcd3	0x3e99999a	0x3f000000	0x3faa3722	0xbd274c76	0x3e3851ec	0x3f4c0787	0x3f87a8f0
0x3f33c361	0x3e99999a	0x3f000000	0x3faa3722	0xbd2776dc	0x3e3851ec	0x3f4bfbcb	0x3f87a123
0x3f33c9ef	0x3e99999a	0x3f000000	0x3faa3722	0xbd27a148	0x3e3851ec	0x3f4bf00f	0x3f879956
0x3f33d07d	0x3e99999a	0x3f000000	0x3faa3722	0xbd27cbba	0x3e3851ec	0x3f4be452	0x3f879188
0x3f33d70a	0x3e99999a	0x3f000000	0x3faa3722	0xbd27f62a	0x3e3851ec	0x3f4bd896	0x3f8789ba
0x3f33dd98	0x3e99999a	0x3f000000	0x3faa3722	0xbd2820a6	0x3e3851ec	0x3f4bccd7	0x3f8781eb
0x3f33e426	0x3e99999a	0x3f000000	0x3faa3722	0xbd284b27	0x3e3851ec	0x3f4bc118	0x3f877a1b
0x3f33eab3	0x3e99999a	0x3f000000	0x3faa3722	0xbd2875a8	0x3e3851ec	0x3f4bb559	0x3f87724c
0x3f33f141	0x3e99999a	0x3f000000	0x3faa3722	0xbd28a034	0x3e3851ec	0x3f4ba998	0x3f876a7b
0x3f33f7cf	0x3e99999a	0x3f000000	0x3faa3722	0xbd28cac6	0x3e3851ec	0x3f4b9dd6	0x3f8762aa
0x3f33fe5d	0x3e99999a	0x3f000000	0x3faa3722	0xbd28f55d	0x3e3851ec	0x3f4b9213	0x3f875ad8
0x3f3404ea	0x3e99999a	0x3f000000	0x3faa3722	0xbd291ff3	0x3e3851ec	0x3f4b8651	0x3f875307
0x3f340b78	0x3e99999a	0x3f000000	0x3faa3722	0xbd294a94	0x3e3851ec	0x3f4b7a8d	0x3f874b34
0x3f341206	0x3e99999a	0x3f000000	0x3faa3722	0xbd29753b	0x3e3851ec	0x3f4b6ec8	0x3f874361
0x3f341893	0x3e99999a	0x3f000000	0x3faa3722	0xbd299fe1	0x3e3851ec	0x3f4b6304	0x3f873b8e
0x3f341f21	0x3e99999a	0x3f000000	0x3faa3722	0xbd29ca93	0x3e3851ec	0x3f4b573d	0x3f8733b9
0x3f3425af	0x3e99999a	0x3f000000	0x3faa3722	0xbd29f54a	0x3e3851ec	0x3f4b4b75	0x3f872be4
0x3f342c3d	0x3e99999a	0x3f000000	0x3faa3722	0xbd2a2007	0x3e3851ec	0x3f4b3fad	0x3f87240f
0x3f3432ca	0x3e99999a	0x3f000000	0x3faa3722	0xbd2a4ac2	0x3e3851ec	0x3f4b33e6	0x3f871c3a
0x3f343958	0x3e99999a	0x3f000000	0x3faa3722	0xbd2a758a	0x3e3851ec	0x3f4b281c	0x3f871463
0x3f343fe6	0x3e99999a	0x3f000000	0x3faa3722	0xbd2aa056	0x3e3851ec	0x3f4b1c51	0x3f870c8c
0x3f344674	0x3e99999a	0x3f000000	0x3faa3722	0xbd2acb28	0x3e3851ec	0x3f4b1086	0x3f8704b5
0x3f344d01	0x3e99999a	0x3f000000	0x3faa3722	0xbd2af5f9	0x3e3851ec	0x3f4b04bb	0x3f86fcdd
0x3f34538f	0x3e99999a	0x3f000000	0x3faa3722	0xbd2b20d6	0x3e3851ec	0x3f4af8ee	0x3f86f504
0x3f345a1d	0x3e99999a	0x3f000000	0x3faa3722	0xbd2b4bb8	0x3e3851ec	0x3f4aed20	0x3f86ed2b
0x3f3460aa	0x3e99999a	0x3f000000	0x3faa3722	0xbd2b7699	0x3e3851ec	0x3f4ae153	0x3f86e552
0x3f346738	0x3e99999a	0x3f000000	0x3faa3722	0xbd2ba186	0x3e3851ec	0x3f4ad583	0x3f86dd78
0x3f346dc6	0x3e99999a	0x3f000000	0x3faa3722	0xbd2bcc78	0x3e3851ec	0x3f4ac9b3	0x3f86d59d
0x3f347454	0x3e99999a	0x3f000000	0x3faa3722	0xbd2bf770	0x3e3851ec	0x3f4abde2	0x3f86cdc2
0x3f347ae1	0x3e99999a	0x3f000000	0x3faa3722	0xbd2c2266	0x3e3851ec	0x3f4ab212	0x3f86c5e7
0x3f34816f	0x3e99999a	0x3f000000	0x3faa3722	0xbd2c4d69	0x3e3851ec	0x3f4aa63f	0x3f86be0a
0x3f3487fd	0x3e99999a	0x3f000000	0x3faa3722	0xbd2c7870	0x3e3851ec	0x3f4a9a6c	0x3f86b62e
0x3f348e8a	0x3e99999a	0x3f000000	0x3faa3722	0xbd2ca377	0x3e3851ec	0x3f4a8e99	0x3f86ae51
0x3f349518	0x3e99999a	0x3f000000	0x3faa3722	0xbd2cce89	0x3e3851ec	0x3f4a82c4	0x3f86a673
0x3f349ba6	0x3e99999a	0x3f000000	0x3faa3722	0xbd2cf9a1	0x3e3851ec	0x3f4a76ee	0x3f869e94
0x3f34a234	0x3e99999a	0x3f000000	0x3faa3722	0xbd2d24be	0x3e3851ec	0x3f4a6b18	0x3f8696b6
0x3f34a8c1	0x3e99999a	0x3f000000	0x3faa3722	0xbd2d4fda	0x3e3851ec	0x3f4a5f43	0x3f868ed8
0x3f34af4f	0x3e99999a	0x3f000000	0x3faa3722	0xbd2d7b02	0x3e3851ec	0x3f4a536a	0x3f8686f7
0x3f34b5dd	0x3e99999a	0x3f000000	0x3faa3722	0xbd2da630	0x3e3851ec	0x3f4a4791	0x3f867f17
0x3f34bc6a	0x3e99999a	0x3f000000	0x3faa3722	0xbd2dd15c	0x3e3851ec	0x3f4a3bb9	0x3f867737
0x3f34c2f8	0x3e99999a	0x3f000000	0x3faa3722	0xbd2dfc94	0x3e3851ec	0x3f4a2fdf	0x3f866f55
0x3f34c986	0x3e99999a	0x3f000000	0x3faa3722	0xbd2e27d1	0x3e3851ec	0x3f4a2404	0x3f866773
0x3f34d014	0x3e99999a	0x3f000000	0x3faa3722	0xbd2e5314	0x3e3851ec	0x3f4a1828	0x3f865f91
0x3f34d6a1	0x3e99999a	0x3f000000	0x3faa3722	0xbd2e7e56	0x3e3851ec	0x3f4a0c4d	0x3f8657af
0x3f34dd2f	0x3e99999a	0x3f000000	0x3faa3722	0xbd2ea9a3	0x3e3851ec	0x3f4a006f	0x3f864fcb
0x3f34e3bd	0x3e99999a	0x3f000000	0x3faa3722	0xbd2ed4f6	0x3e3851ec	0x3f49f491	0x3f8647e7
0x3f34ea4b	0x3e99999a	0x3f000000	0x3faa3722	0xbd2f004e	0x3e3851ec	0x3f49e8b2	0x3f864002
0x3f34f0d8	0x3e99999a	0x3f000000	0x3faa3722	0xbd2f2ba5	0x3e3851ec	0x3f49dcd4	0x3f86381e
0x3f34f766	0x3e99999a	0x3f000000	0x3faa3722	0xbd2f5708	0x3e3851ec	0x3f49d0f3	0x3f863038
0x3f34fdf4	0x3e99999a	0x3f000000	0x3faa3722	0xbd2f8271	0x3e3851ec	0x3f49c511	0x3f862851
0x3f350481	0x3e99999a	0x3f000000	0x3faa3722	0xbd2fadd8	0x3e3851ec	0x3f49b931	0x3f86206c
0x3f350b0f	0x3e99999a	0x3f000000	0x3faa3722	0xbd2fd94b	0x3e3851ec	0x3f49ad4e	0x3f861885
0x3f35119d	0x3e99999a	0x3f000000	0x3faa3722	0xbd3004c4	0x3e3851ec	0x3f49a16a	0x3f86109d
0x3f35182b	0x3e99999a	0x3f000000	0x3faa3722	0xbd303041	0x3e3851ec	0x3f499586	0x3f8608b5
0x3f351eb8	0x3e99999a	0x3f000000	0x3faa3722	0xbd305bbe	0x3e3851ec	0x3f4989a2	0x3f8600cd
0x3f352546	0x3e99999a	0x3f000000	0x3faa3722	0xbd308747	0x3e3851ec	0x3f497dbc	0x3f85f8e4
0x3f352bd4	0x3e99999a	0x3f000000	0x3faa3722	0xbd30b2d5	0x3e3851ec	0x3f4971d5	0x3f85f0fa
0x3f353261	0x3e99999a	0x3f000000	0x3faa3722	0xbd30de61	0x3e3851ec	0x3f4965ef	0x3f85e910
0x3f3538ef	0x3e99999a	0x3f000000	0x3faa3722	0xbd3109fa	0x3e3851ec	0x3f495a07	0x3f85e126
0x3f353f7d	0x3e99999a	0x3f000000	0x3faa3722	0xbd313598	0x3e3851ec	0x3f494e1e	0x3f85d93a
0x3f35460b	0x3e99999a	0x3f000000	0x3faa3722	0xbd31613c	0x3e3851ec	0x3f494234	0x3f85d14e
0x3f354c98	0x3e99999a	0x3f000000	0x3faa3722	0xbd318cde	0x3e3851ec	0x3f49364b	0x3f85c963
0x3f355326	0x3e99999a	0x3f000000	0x3faa3722	0xbd31b88c	0x3e3851ec	0x3f492a60	0x3f85c177
0x3f3559b4	0x3e99999a	0x3f000000	0x3faa3722	0xbd31e43f	0x3e3851ec	0x3f491e74	0x3f85b989
0x3f356042	0x3e99999a	0x3f000000	0x3faa3722	0xbd320ff8	0x3e3851ec	0x3f491287	0x3f85b19b
0x3f3566cf	0x3e99999a	0x3f000000	0x3faa3722	0xbd323bb0	0x3e3851ec	0x3f49069b	0x3f85a9ae
0x3f356d5d	0x3e99999a	0x3f000000	0x3faa3722	0xbd326774	0x3e3851ec	0x3f48faad	0x3f85a1bf
0x3f3573eb	0x3e99999a	0x3f000000	0x3faa3722	0xbd32933d	0x3e3851ec	0x3f48eebd	0x3f8599cf
0x3f357a78	0x3e99999a	0x3f000000	0x3faa3722	0xbd32bf04	0x3e3851ec	0x3f48e2cf	0x3f8591e1
0x3f358106	0x3e99999a	0x3f000000	0x3faa3722	0xbd32ead8	0x3e3851ec	0x3f48d6df	0x3f8589f1
0x3f358794	0x3e99999a	0x3f000000	0x3faa3722	0xbd3316b1	0x3e3851ec	0x3f48caed	0x3f858200
0x3f358e22	0x3e99999a	0x3f000000	0x3faa3722	0xbd334290	0x3e3851ec	0x3f48befb	0x3f857a0e
0x3f3594af	0x3e99999a	0x3f000000	0x3faa3722	0xbd336e6d	0x3e3851ec	0x3f48b30a	0x3f85721e
0x3f359b3d	0x3e99999a	0x3f000000	0x3faa3722	0xbd339a56	0x3e3851ec	0x3f48a716	0x3f856a2b
0x3f35a1cb	0x3e99999a	0x3f000000	0x3faa3722	0xbd33c645	0x3e3851ec	0x3f489b22	0x3f856239
0x3f35a858	0x3e99999a	0x3f000000	0x3faa3722	0xbd33f232	0x3e3851ec	0x3f488f2e	0x3f855a46
0x3f35aee6	0x3e99999a	0x3f000000	0x3faa3722	0xbd341e2c	0x3e3851ec	0x3f488338	0x3f855252
0x3f35b574	0x3e99999a	0x3f000000	0x3faa3722	0xbd344a2a	0x3e3851ec	0x3f487742	0x3f854a5e
0x3f35bc02	0x3e99999a	0x3f000000	0x3faa3722	0xbd34762e	0x3e3851ec	0x3f486b4a	0x3f854269
0x3f35c28f	0x3e99999a	0x3f000000	0x3faa3722	0xbd34a231	0x3e3851ec	0x3f485f54	0x3f853a75
0x3f35c91d	0x3e99999a	0x3f000000	0x3faa3722	0xbd34ce40	0x3e3851ec	0x3f48535b	0x3f85327f
0x3f35cfab	0x3e99999a	0x3f000000	0x3faa3722	0xbd34fa54	0x3e3851ec	0x3f484761	0x3f852a88
0x3f35d639	0x3e99999a	0x3f000000	0x3faa3722	0xbd35266e	0x3e3851ec	0x3f483b67	0x3f852292
0x3f35dcc6	0x3e99999a	0x3f000000	0x3faa3722	0xbd355286	0x3e3851ec	0x3f482f6e	0x3f851a9c
0x3f35e354	0x3e99999a	0x3f000000	0x3faa3722	0xbd357eaa	0x3e3851ec	0x3f482372	0x3f8512a4
0x3f35e9e2	0x3e99999a	0x3f000000	0x3faa3722	0xbd35aad4	0x3e3851ec	0x3f481775	0x3f850aab
0x3f35f06f	0x3e99999a	0x3f000000	0x3faa3722	0xbd35d6fc	0x3e3851ec	0x3f480b7a	0x3f8502b4
0x3f35f6fd	0x3e99999a	0x3f000000	0x3faa3722	0xbd360331	0x3e3851ec	0x3f47ff7b	0x3f84faba
0x3f35fd8b	0x3e99999a	0x3f000000	0x3faa3722	0xbd362f6b	0x3e3851ec	0x3f47f37c	0x3f84f2c0
0x3f360419	0x3e99999a	0x3f000000	0x3faa3722	0xbd365baa	0x3e3851ec	0x3f47e77d	0x3f84eac6
0x3f360aa6	0x3e99999a	0x3f000000	0x3faa3722	0xbd3687e8	0x3e3851ec	0x3f47db7e	0x3f84e2cc
0x3f361134	0x3e99999a	0x3f000000	0x3faa3722	0xbd36b431	0x3e3851ec	0x3f47cf7e	0x3f84dad2
0x3f3617c2	0x3e99999a	0x3f000000	0x3faa3722	0xbd36e081	0x3e3851ec	0x3f47c37c	0x3f84d2d6
0x3f361e4f	0x3e99999a	0x3f000000	0x3faa3722	0xbd370ccf	0x3e3851ec	0x3f47b77b	0x3f84cadb
0x3f3624dd	0x3e99999a	0x3f000000	0x3faa3722	0xbd373929	0x3e3851ec	0x3f47ab78	0x3f84c2de
0x3f362b6b	0x3e99999a	0x3f000000	0x3faa3722	0xbd376588	0x3e3851ec	0x3f479f74	0x3f84bae1
0x3f3631f9	0x3e99999a	0x3f000000	0x3faa3722	0xbd3791ed	0x3e3851ec	0x3f47936f	0x3f84b2e3
0x3f363886	0x3e99999a	0x3f000000	0x3faa3722	0xbd37be50	0x3e3851ec	0x3f47876c	0x3f84aae6
0x3f363f14	0x3e99999a	0x3f000000	0x3faa3722	0xbd37eac0	0x3e3851ec	0x3f477b65	0x3f84a2e7
0x3f3645a2	0x3e99999a	0x3f000000	0x3faa3722	0xbd381735	0x3e3851ec	0x3f476f5e	0x3f849ae8
0x3f364c30	0x3e99999a	0x3f000000	0x3faa3722	0xbd3843af	0x3e3851ec	0x3f476357	0x3f8492e9
0x3f3652bd	0x3e99999a	0x3f000000	0x3faa3722	0xbd387028	0x3e3851ec	0x3f475750	0x3f848ae9
0x3f36594b	0x3e99999a	0x3f000000	0x3faa3722	0xbd389cad	0x3e3851ec	0x3f474b47	0x3f8482e9
0x3f365fd9	0x3e99999a	0x3f000000	0x3faa3722	0xbd38c937	0x3e3851ec	0x3f473f3d	0x3f847ae8
0x3f366666	0x3e99999a	0x3f000000	0x3faa3722	0xbd38f5c0	0x3e3851ec	0x3f473335	0x3f8472e8
0x3f366cf4	0x3e99999a	0x3f000000	0x3faa3722	0xbd392255	0x3e3851ec	0x3f472729	0x3f846ae5
0x3f367382	0x3e99999a	0x3f000000	0x3faa3722	0xbd394eef	0x3e3851ec	0x3f471b1e	0x3f8462e3
0x3f367a10	0x3e99999a	0x3f000000	0x3faa3722	0xbd397b8f	0x3e3851ec	0x3f470f11	0x3f845ae0
0x3f36809d	0x3e99999a	0x3f000000	0x3faa3722	0xbd39a82e	0x3e3851ec	0x3f470305	0x3f8452dd
0x3f36872b	0x3e99999a	0x3f000000	0x3faa3722	0xbd39d4d8	0x3e3851ec	0x3f46f6f7	0x3f844ada
0x3f368db9	0x3e99999a	0x3f000000	0x3faa3722	0xbd3a0188	0x3e3851ec	0x3f46eae8	0x3f8442d5
0x3f369446	0x3e99999a	0x3f000000	0x3faa3722	0xbd3a2e37	0x3e3851ec	0x3f46dedb	0x3f843ad2
0x3f369ad4	0x3e99999a	0x3f000000	0x3faa3722	0xbd3a5af1	0x3e3851ec	0x3f46d2ca	0x3f8432cc
0x3f36a162	0x3e99999a	0x3f000000	0x3faa3722	0xbd3a87b1	0x3e3851ec	0x3f46c6b9	0x3f842ac6
0x3f36a7f0	0x3e99999a	0x3f000000	0x3faa3722	0xbd3ab477	0x3e3851ec	0x3f46baa7	0x3f8422bf
0x3f36ae7d	0x3e99999a	0x3f000000	0x3faa3722	0xbd3ae13b	0x3e3851ec	0x3f46ae97	0x3f841aba
0x3f36b50b	0x3e99999a	0x3f000000	0x3faa3722	0xbd3b0e0b	0x3e3851ec	0x3f46a284	0x3f8412b3
0x3f36bb99	0x3e99999a	0x3f000000	0x3faa3722	0xbd3b3ae0	0x3e3851ec	0x3f469670	0x3f840aab
0x3f36c227	0x3e99999a	0x3f000000	0x3faa3722	0xbd3b67bb	0x3e3851ec	0x3f468a5c	0x3f8402a3
0x3f36c8b4	0x3e99999a	0x3f000000	0x3faa3722	0xbd3b9495	0x3e3851ec	0x3f467e48	0x3f83fa9b
0x3f36cf42	0x3e99999a	0x3f000000	0x3faa3722	0xbd3bc17a	0x3e3851ec	0x3f467232	0x3f83f292
0x3f36d5d0	0x3e99999a	0x3f000000	0x3faa3722	0xbd3bee65	0x3e3851ec	0x3f46661b	0x3f83ea88
0x3f36dc5d	0x3e99999a	0x3f000000	0x3faa3722	0xbd3c1b4f	0x3e3851ec	0x3f465a06	0x3f83e280
0x3f36e2eb	0x3e99999a	0x3f000000	0x3faa3722	0xbd3c4844	0x3e3851ec	0x3f464dee	0x3f83da75
0x3f36e979	0x3e99999a	0x3f000000	0x3faa3722	0xbd3c7540	0x3e3851ec	0x3f4641d5	0x3f83d26a
0x3f36f007	0x3e99999a	0x3f000000	0x3faa3722	0xbd3ca240	0x3e3851ec	0x3f4635bb	0x3f83ca5e
0x3f36f694	0x3e99999a	0x3f000000	0x3faa3722	0xbd3ccf3f	0x3e3851ec	0x3f4629a3	0x3f83c254
0x3f36fd22	0x3e99999a	0x3f000000	0x3faa3722	0xbd3cfc4a	0x3e3851ec	0x3f461d88	0x3f83ba47
0x3f3703b0	0x3e99999a	0x3f000000	0x3faa3722	0xbd3d295b	0x3e3851ec	0x3f46116c	0x3f83b23a
0x3f370a3d	0x3e99999a	0x3f000000	0x3faa3722	0xbd3d566a	0x3e3851ec	0x3f460552	0x3f83aa2e
0x3f3710cb	0x3e99999a	0x3f000000	0x3faa3722	0xbd3d8385	0x3e3851ec	0x3f45f935	0x3f83a220
0x3f371759	0x3e99999a	0x3f000000	0x3faa3722	0xbd3db0a6	0x3e3851ec	0x3f45ed17	0x3f839a11
0x3f371de7	0x3e99999a	0x3f000000	0x3faa3722	0xbd3dddcc	0x3e3851ec	0x3f45e0f9	0x3f839203
0x3f372474	0x3e99999a	0x3f000000	0x3faa3722	0xbd3e0af1	0x3e3851ec	0x3f45d4db	0x3f8389f4
0x3f372b02	0x3e99999a	0x3f000000	0x3faa3722	0xbd3e3821	0x3e3851ec	0x3f45c8bc	0x3f8381e5
0x3f373190	0x3e99999a	0x3f000000	0x3faa3722	0xbd3e6558	0x3e3851ec	0x3f45bc9b	0x3f8379d5
0x3f37381d	0x3e99999a	0x3f000000	0x3faa3722	0xbd3e928c	0x3e3851ec	0x3f45b07b	0x3f8371c5
0x3f373eab	0x3e99999a	0x3f000000	0x3faa3722	0xbd3ebfcd	0x3e3851ec	0x3f45a459	0x3f8369b4
0x3f374539	0x3e99999a	0x3f000000	0x3faa3722	0xbd3eed13	0x3e3851ec	0x3f459837	0x3f8361a2
0x3f374bc7	0x3e99999a	0x3f000000	0x3faa3722	0xbd3f1a5f	0x3e3851ec	0x3f458c14	0x3f835991
0x3f375254	0x3e99999a	0x3f000000	0x3faa3722	0xbd3f47a9	0x3e3851ec	0x3f457ff2	0x3f83517f
0x3f3758e2	0x3e99999a	0x3f000000	0x3faa3722	0xbd3f7500	0x3e3851ec	0x3f4573cd	0x3f83496c
0x3f375f70	0x3e99999a	0x3f000000	0x3faa3722	0xbd3fa25b	0x3e3851ec	0x3f4567a7	0x3f834158
0x3f3765fe	0x3e99999a	0x3f000000	0x3faa3722	0xbd3fcfbc	0x3e3851ec	0x3f455b82	0x3f833945
0x3f376c8b	0x3e99999a	0x3f000000	0x3faa3722	0xbd3ffd1c	0x3e3851ec	0x3f454f5c	0x3f833131
0x3f377319	0x3e99999a	0x3f000000	0x3faa3722	0xbd402a88	0x3e3851ec	0x3f454335	0x3f83291d
0x3f3779a7	0x3e99999a	0x3f000000	0x3faa3722	0xbd4057f9	0x3e3851ec	0x3f45370d	0x3f832108
0x3f378034	0x3e99999a	0x3f000000	0x3faa3722	0xbd408569	0x3e3851ec	0x3f452ae6	0x3f8318f3
0x3f3786c2	0x3e99999a	0x3f000000	0x3faa3722	0xbd40b2e5	0x3e3851ec	0x3f451ebc	0x3f8310dd
0x3f378d50	0x3e99999a	0x3f000000	0x3faa3722	0xbd40e066	0x3e3851ec	0x3f451292	0x3f8308c6
0x3f3793de	0x3e99999a	0x3f000000	0x3faa3722	0xbd410ded	0x3e3851ec	0x3f450667	0x3f8300af
0x3f379a6b	0x3e99999a	0x3f000000	0x3faa3722	0xbd413b72	0x3e3851ec	0x3f44fa3d	0x3f82f898
0x3f37a0f9	0x3e99999a	0x3f000000	0x3faa3722	0xbd416903	0x3e3851ec	0x3f44ee11	0x3f82f081
0x3f37a787	0x3e99999a	0x3f000000	0x3faa3722	0xbd41969a	0x3e3851ec	0x3f44e1e4	0x3f82e868
0x3f37ae14	0x3e99999a	0x3f000000	0x3faa3722	0xbd41c42f	0x3e3851ec	0x3f44d5b9	0x3f82e051
0x3f37b4a2	0x3e99999a	0x3f000000	0x3faa3722	0xbd41f1d1	0x3e3851ec	0x3f44c98a	0x3f82d837
0x3f37bb30	0x3e99999a	0x3f000000	0x3faa3722	0xbd421f78	0x3e3851ec	0x3f44bd5b	0x3f82d01d
0x3f37c1be	0x3e99999a	0x3f000000	0x3faa3722	0xbd424d24	0x3e3851ec	0x3f44b12c	0x3f82c803
0x3f37c84b	0x3e99999a	0x3f000000	0x3faa3722	0xbd427acf	0x3e3851ec	0x3f44a4fd	0x3f82bfea
0x3f37ced9	0x3e99999a	0x3f000000	0x3faa3722	0xbd42a886	0x3e3851ec	0x3f4498cc	0x3f82b7ce
0x3f37d567	0x3e99999a	0x3f000000	0x3faa3722	0xbd42d642	0x3e3851ec	0x3f448c9b	0x3f82afb3
0x3f37dbf5	0x3e99999a	0x3f000000	0x3faa3722	0xbd430404	0x3e3851ec	0x3f448068	0x3f82a797
0x3f37e282	0x3e99999a	0x3f000000	0x3faa3722	0xbd4331c4	0x3e3851ec	0x3f447437	0x3f829f7c
0x3f37e910	0x3e99999a	0x3f000000	0x3faa3722	0xbd435f91	0x3e3851ec	0x3f446803	0x3f82975e
0x3f37ef9e	0x3e99999a	0x3f000000	0x3faa3722	0xbd438d63	0x3e3851ec	0x3f445bcf	0x3f828f41
0x3f37f62b	0x3e99999a	0x3f000000	0x3faa3722	0xbd43bb33	0x3e3851ec	0x3f444f9c	0x3f828725
0x3f37fcb9	0x3e99999a	0x3f000000	0x3faa3722	0xbd43e910	0x3e3851ec	0x3f444366	0x3f827f06
0x3f380347	0x3e99999a	0x3f000000	0x3faa3722	0xbd4416f2	0x3e3851ec	0x3f44372f	0x3f8276e7
0x3f3809d5	0x3e99999a	0x3f000000	0x3faa3722	0xbd4444d9	0x3e3851ec	0x3f442af8	0x3f826ec8
0x3f381062	0x3e99999a	0x3f000000	0x3faa3722	0xbd4472bf	0x3e3851ec	0x3f441ec2	0x3f8266a9
0x3f3816f0	0x3e99999a	0x3f000000	0x3faa3722	0xbd44a0b1	0x3e3851ec	0x3f44128a	0x3f825e8a
0x3f381d7e	0x3e99999a	0x3f000000	0x3faa3722	0xbd44cea8	0x3e3851ec	0x3f440651	0x3f825669
0x3f38240b	0x3e99999a	0x3f000000	0x3faa3722	0xbd44fc9e	0x3e3851ec	0x3f43fa19	0x3f824e49
0x3f382a99	0x3e99999a	0x3f000000	0x3faa3722	0xbd452aa0	0x3e3851ec	0x3f43eddf	0x3f824628
0x3f383127	0x3e99999a	0x3f000000	0x3faa3722	0xbd4558a8	0x3e3851ec	0x3f43e1a4	0x3f823e06
0x3f3837b5	0x3e99999a	0x3f000000	0x3faa3722	0xbd4586b5	0x3e3851ec	0x3f43d568	0x3f8235e4
0x3f383e42	0x3e99999a	0x3f000000	0x3faa3722	0xbd45b4c0	0x3e3851ec	0x3f43c92d	0x3f822dc2
0x3f3844d0	0x3e99999a	0x3f000000	0x3faa3722	0xbd45e2d8	0x3e3851ec	0x3f43bcf1	0x3f8225a0
0x3f384b5e	0x3e99999a	0x3f000000	0x3faa3722	0xbd4610f5	0x3e3851ec	0x3f43b0b3	0x3f821d7c
0x3f3851ec	0x3e99999a	0x3f000000	0x3faa3722	0xbd463f17	0x3e3851ec	0x3f43a474	0x3f821557
0x3f385879	0x3e99999a	0x3f000000	0x3faa3722	0xbd466d38	0x3e3851ec	0x3f439837	0x3f820d34
0x3f385f07	0x3e99999a	0x3f000000	0x3faa3722	0xbd469b65	0x3e3851ec	0x3f438bf8	0x3f820510
0x3f386595	0x3e99999a	0x3f000000	0x3faa3722	0xbd46c998	0x3e3851ec	0x3f437fb7	0x3f81fcea
0x3f386c22	0x3e99999a	0x3f000000	0x3faa3722	0xbd46f7c9	0x3e3851ec	0x3f437378	0x3f81f4c5
0x3f3872b0	0x3e99999a	0x3f000000	0x3faa3722	0xbd472606	0x3e3851ec	0x3f436737	0x3f81eca0
0x3f38793e	0x3e99999a	0x3f000000	0x3faa3722	0xbd475449	0x3e3851ec	0x3f435af4	0x3f81e479
0x3f387fcc	0x3e99999a	0x3f000000	0x3faa3722	0xbd478291	0x3e3851ec	0x3f434eb1	0x3f81dc51
0x3f388659	0x3e99999a	0x3f000000	0x3faa3722	0xbd47b0d7	0x3e3851ec	0x3f43426f	0x3f81d42b
0x3f388ce7	0x3e99999a	0x3f000000	0x3faa3722	0xbd47df2a	0x3e3851ec	0x3f43362b	0x3f81cc03
0x3f389375	0x3e99999a	0x3f000000	0x3faa3722	0xbd480d82	0x3e3851ec	0x3f4329e6	0x3f81c3db
0x3f389a02	0x3e99999a	0x3f000000	0x3faa3722	0xbd483bd8	0x3e3851ec	0x3f431da3	0x3f81bbb4
0x3f38a090	0x3e99999a	0x3f000000	0x3faa3722	0xbd486a3b	0x3e3851ec	0x3f43115c	0x3f81b38a
0x3f38a71e	0x3e99999a	0x3f000000	0x3faa3722	0xbd4898a4	0x3e3851ec	0x3f430515	0x3f81ab60
0x3f38adac	0x3e99999a	0x3f000000	0x3faa3722	0xbd48c711	0x3e3851ec	0x3f42f8ce	0x3f81a336
0x3f38b439	0x3e99999a	0x3f000000	0x3faa3722	0xbd48f57d	0x3e3851ec	0x3f42ec88	0x3f819b0d
0x3f38bac7	0x3e99999a	0x3f000000	0x3faa3722	0xbd4923f5	0x3e3851ec	0x3f42e03f	0x3f8192e2
0x3f38c155	0x3e99999a	0x3f000000	0x3faa3722	0xbd495273	0x3e3851ec	0x3f42d3f5	0x3f818ab6
0x3f38c7e3	0x3e99999a	0x3f000000	0x3faa3722	0xbd4980f6	0x3e3851ec	0x3f42c7ac	0x3f81828b
0x3f38ce70	0x3e99999a	0x3f000000	0x3faa3722	0xbd49af78	0x3e3851ec	0x3f42bb63	0x3f817a60
0x3f38d4fe	0x3e99999a	0x3f000000	0x3faa3722	0xbd49de05	0x3e3851ec	0x3f42af17	0x3f817233
0x3f38db8c	0x3e99999a	0x3f000000	0x3faa3722	0xbd4a0c99	0x3e3851ec	0x3f42a2cb	0x3f816a06
0x3f38e219	0x3e99999a	0x3f000000	0x3faa3722	0xbd4a3b2a	0x3e3851ec	0x3f429680	0x3f8161d9
0x3f38e8a7	0x3e99999a	0x3f000000	0x3faa3722	0xbd4a69c8	0x3e3851ec	0x3f428a33	0x3f8159ab
0x3f38ef35	0x3e99999a	0x3f000000	0x3faa3722	0xbd4a986b	0x3e3851ec	0x3f427de5	0x3f81517d
0x3f38f5c3	0x3e99999a	0x3f000000	0x3faa3722	0xbd4ac714	0x3e3851ec	0x3f427196	0x3f81494e
0x3f38fc50	0x3e99999a	0x3f000000	0x3faa3722	0xbd4af5bb	0x3e3851ec	0x3f426549	0x3f814120
0x3f3902de	0x3e99999a	0x3f000000	0x3faa3722	0xbd4b246e	0x3e3851ec	0x3f4258f9	0x3f8138f0
0x3f39096c	0x3e99999a	0x3f000000	0x3faa3722	0xbd4b5327	0x3e3851ec	0x3f424ca9	0x3f8130c1
0x3f390ff9	0x3e99999a	0x3f000000	0x3faa3722	0xbd4b81de	0x3e3851ec	0x3f42405a	0x3f812891
0x3f391687	0x3e99999a	0x3f000000	0x3faa3722	0xbd4bb0a2	0x3e3851ec	0x3f423408	0x3f812060
0x3f391d15	0x3e99999a	0x3f000000	0x3faa3722	0xbd4bdf6a	0x3e3851ec	0x3f4227b6	0x3f81182f
0x3f3923a3	0x3e99999a	0x3f000000	0x3faa3722	0xbd4c0e39	0x3e3851ec	0x3f421b62	0x3f810ffd
0x3f392a30	0x3e99999a	0x3f000000	0x3faa3722	0xbd4c3d05	0x3e3851ec	0x3f420f11	0x3f8107cc
0x3f3930be	0x3e99999a	0x3f000000	0x3faa3722	0xbd4c6bde	0x3e3851ec	0x3f4202bc	0x3f80ff99
0x3f39374c	0x3e99999a	0x3f000000	0x3faa3722	0xbd4c9abd	0x3e3851ec	0x3f41f668	0x3f80f767
0x3f393dd9	0x3e99999a	0x3f000000	0x3faa3722	0xbd4cc999	0x3e3851ec	0x3f41ea14	0x3f80ef34
0x3f394467	0x3e99999a	0x3f000000	0x3faa3722	0xbd4cf882	0x3e3851ec	0x3f41ddbe	0x3f80e701
0x3f394af5	0x3e99999a	0x3f000000	0x3faa3722	0xbd4d2771	0x3e3851ec	0x3f41d167	0x3f80decc
0x3f395183	0x3e99999a	0x3f000000	0x3faa3722	0xbd4d5665	0x3e3851ec	0x3f41c510	0x3f80d698
0x3f395810	0x3e99999a	0x3f000000	0x3faa3722	0xbd4d8557	0x3e3851ec	0x3f41b8b9	0x3f80ce63
0x3f395e9e	0x3e99999a	0x3f000000	0x3faa3722	0xbd4db455	0x3e3851ec	0x3f41ac61	0x3f80c62e
0x3f39652c	0x3e99999a	0x3f000000	0x3faa3722	0xbd4de359	0x3e3851ec	0x3f41a007	0x3f80bdf8
0x3f396bba	0x3e99999a	0x3f000000	0x3faa3722	0xbd4e1263	0x3e3851ec	0x3f4193ad	0x3f80b5c1
0x3f397247	0x3e99999a	0x3f000000	0x3faa3722	0xbd4e416a	0x3e3851ec	0x3f418755	0x3f80ad8c
0x3f3978d5	0x3e99999a	0x3f000000	0x3faa3722	0xbd4e707e	0x3e3851ec	0x3f417afa	0x3f80a555
0x3f397f63	0x3e99999a	0x3f000000	0x3faa3722	0xbd4e9f98	0x3e3851ec	0x3f416e9e	0x3f809d1d
0x3f3985f0	0x3e99999a	0x3f000000	0x3faa3722	0xbd4eceaf	0x3e3851ec	0x3f416244	0x3f8094e7
0x3f398c7e	0x3e99999a	0x3f000000	0x3faa3722	0xbd4efdd3	0x3e3851ec	0x3f4155e6	0x3f808cae
0x3f39930c	0x3e99999a	0x3f000000	0x3faa3722	0xbd4f2cfd	0x3e3851ec	0x3f414989	0x3f808475
0x3f39999a	0x3e99999a	0x3f000000	0x3faa3722	0xbd4f5c2c	0x3e3851ec	0x3f413d2a	0x3f807c3c
0x3f39a027	0x3e99999a	0x3f000000	0x3faa3722	0xbd4f8b59	0x3e3851ec	0x3f4130cd	0x3f807403
0x3f39a6b5	0x3e99999a	0x3f000000	0x3faa3722	0xbd4fba93	0x3e3851ec	0x3f41246e	0x3f806bca
0x3f39ad43	0x3e99999a	0x3f000000	0x3faa3722	0xbd4fe9d2	0x3e3851ec	0x3f41180e	0x3f80638f
0x3f39b3d0	0x3e99999a	0x3f000000	0x3faa3722	0xbd50190f	0x3e3851ec	0x3f410baf	0x3f805b55
0x3f39ba5e	0x3e99999a	0x3f000000	0x3faa3722	0xbd504859	0x3e3851ec	0x3f40ff4e	0x3f80531a
0x3f39c0ec	0x3e99999a	0x3f000000	0x3faa3722	0xbd5077a8	0x3e3851ec	0x3f40f2ec	0x3f804adf
0x3f39c77a	0x3e99999a	0x3f000000	0x3faa3722	0xbd50a6fc	0x3e3851ec	0x3f40e689	0x3f8042a2
0x3f39ce07	0x3e99999a	0x3f000000	0x3faa3722	0xbd50d64f	0x3e3851ec	0x3f40da28	0x3f803a67
0x3f39d495	0x3e99999a	0x3f000000	0x3faa3722	0xbd5105ae	0x3e3851ec	0x3f40cdc4	0x3f80322a
0x3f39db23	0x3e99999a	0x3f000000	0x3faa3722	0xbd513513	0x3e3851ec	0x3f40c160	0x3f8029ed
0x3f39e1b1	0x3e99999a	0x3f000000	0x3faa3722	0xbd51647d	0x3e3851ec	0x3f40b4fb	0x3f8021af
0x3f39e83e	0x3e99999a	0x3f000000	0x3faa3722	0xbd5193e5	0x3e3851ec	0x3f40a897	0x3f801972
0x3f39eecc	0x3e99999a	0x3f000000	0x3faa3722	0xbd51c359	0x3e3851ec	0x3f409c31	0x3f801134
0x3f39f55a	0x3e99999a	0x3f000000	0x3faa3722	0xbd51f2d4	0x3e3851ec	0x3f408fca	0x3f8008f5
0x3f39fbe7	0x3e99999a	0x3f000000	0x3faa3722	0xbd52224c	0x3e3851ec	0x3f408365	0x3f8000b7
0x3f3a0275	0x3e99999a	0x3f000000	0x3faa3722	0xbd5251d1	0x3e3851ec	0x3f4076fd	0x3f7ff0ee
0x3f3a0903	0x3e99999a	0x3f000000	0x3faa3722	0xbd52815b	0x3e3851ec	0x3f406a94	0x3f7fe06d
0x3f3a0f91	0x3e99999a	0x3f000000	0x3faa3722	0xbd52b0ea	0x3e3851ec	0x3f405e2b	0x3f7fcfed
0x3f3a161e	0x3e99999a	0x3f000000	0x3faa3722	0xbd52e078	0x3e3851ec	0x3f4051c3	0x3f7fbf6d
0x3f3a1cac	0x3e99999a	0x3f000000	0x3faa3722	0xbd531012	0x3e3851ec	0x3f404559	0x3f7faeeb
0x3f3a233a	0x3e99999a	0x3f000000	0x3faa3722	0xbd533fb2	0x3e3851ec	0x3f4038ee	0x3f7f9e68
0x3f3a29c7	0x3e99999a	0x3f000000	0x3faa3722	0xbd536f50	0x3e3851ec	0x3f402c84	0x3f7f8de5
0x3f3a3055	0x3e99999a	0x3f000000	0x3faa3722	0xbd539efa	0x3e3851ec	0x3f402018	0x3f7f7d61
0x3f3a36e3	0x3e99999a	0x3f000000	0x3faa3722	0xbd53ceaa	0x3e3851ec	0x3f4013ab	0x3f7f6cdb
0x3f3a3d71	0x3e99999a	0x3f000000	0x3faa3722	0xbd53fe5f	0x3e3851ec	0x3f40073e	0x3f7f5c54
0x3f3a43fe	0x3e99999a	0x3f000000	0x3faa3722	0xbd542e12	0x3e3851ec	0x3f3ffad2	0x3f7f4bd0
0x3f3a4a8c	0x3e99999a	0x3f000000	0x3faa3722	0xbd545dd2	0x3e3851ec	0x3f3fee63	0x3f7f3b47
0x3f3a511a	0x3e99999a	0x3f000000	0x3faa3722	0xbd548d98	0x3e3851ec	0x3f3fe1f4	0x3f7f2abe
0x3f3a57a8	0x3e99999a	0x3f000000	0x3faa3722	0xbd54bd62	0x3e3851ec	0x3f3fd584	0x3f7f1a34
0x3f3a5e35	0x3e99999a	0x3f000000	0x3faa3722	0xbd54ed2b	0x3e3851ec	0x3f3fc916	0x3f7f09ad
0x3f3a64c3	0x3e99999a	0x3f000000	0x3faa3722	0xbd551d00	0x3e3851ec	0x3f3fbca5	0x3f7ef921
0x3f3a6b51	0x3e99999a	0x3f000000	0x3faa3722	0xbd554cdb	0x3e3851ec	0x3f3fb034	0x3f7ee896
0x3f3a71de	0x3e99999a	0x3f000000	0x3faa3722	0xbd557cb4	0x3e3851ec	0x3f3fa3c3	0x3f7ed80a
0x3f3a786c	0x3e99999a	0x3f000000	0x3faa3722	0xbd55ac99	0x3e3851ec	0x3f3f9751	0x3f7ec77d
0x3f3a7efa	0x3e99999a	0x3f000000	0x3faa3722	0xbd55dc84	0x3e3851ec	0x3f3f8add	0x3f7eb6ee
0x3f3a8588	0x3e99999a	0x3f000000	0x3faa3722	0xbd560c74	0x3e3851ec	0x3f3f7e6a	0x3f7ea660
0x3f3a8c15	0x3e99999a	0x3f000000	0x3faa3722	0xbd563c63	0x3e3851ec	0x3f3f71f7	0x3f7e95d2
0x3f3a92a3	0x3e99999a	0x3f000000	0x3faa3722	0xbd566c5e	0x3e3851ec	0x3f3f6581	0x3f7e8540
0x3f3a9931	0x3e99999a	0x3f000000	0x3faa3722	0xbd569c5e	0x3e3851ec	0x3f3f590c	0x3f7e74af
0x3f3a9fbe	0x3e99999a	0x3f000000	0x3faa3722	0xbd56cc5c	0x3e3851ec	0x3f3f4c98	0x3f7e6420
0x3f3aa64c	0x3e99999a	0x3f000000	0x3faa3722	0xbd56fc67	0x3e3851ec	0x3f3f4021	0x3f7e538c
0x3f3aacda	0x3e99999a	0x3f000000	0x3faa3722	0xbd572c78	0x3e3851ec	0x3f3f33aa	0x3f7e42f9
0x3f3ab368	0x3e99999a	0x3f000000	0x3faa3722	0xbd575c8e	0x3e3851ec	0x3f3f2731	0x3f7e3263
0x3f3ab9f5	0x3e99999a	0x3f000000	0x3faa3722	0xbd578ca2	0x3e3851ec	0x3f3f1abb	0x3f7e21d1
0x3f3ac083	0x3e99999a	0x3f000000	0x3faa3722	0xbd57bcc2	0x3e3851ec	0x3f3f0e42	0x3f7e113b
0x3f3ac711	0x3e99999a	0x3f000000	0x3faa3722	0xbd57ece8	0x3e3851ec	0x3f3f01c8	0x3f7e00a3
0x3f3acd9f	0x3e99999a	0x3f000000	0x3faa3722	0xbd581d13	0x3e3851ec	0x3f3ef54e	0x3f7df00c
0x3f3ad42c	0x3e99999a	0x3f000000	0x3faa3722	0xbd584d3d	0x3e3851ec	0x3f3ee8d5	0x3f7ddf76
0x3f3adaba	0x3e99999a	0x3f000000	0x3faa3722	0xbd587d73	0x3e3851ec	0x3f3edc59	0x3f7dcedc
0x3f3ae148	0x3e99999a	0x3f000000	0x3faa3722	0xbd58adae	0x3e3851ec	0x3f3ecfde	0x3f7dbe43
0x3f3ae7d5	0x3e99999a	0x3f000000	0x3faa3722	0xbd58dde7	0x3e3851ec	0x3f3ec363	0x3f7dadaa
0x3f3aee63	0x3e99999a	0x3f000000	0x3faa3722	0xbd590e2e	0x3e3851ec	0x3f3eb6e6	0x3f7d9d0f
0x3f3af4f1	0x3e99999a	0x3f000000	0x3faa3722	0xbd593e79	0x3e3851ec	0x3f3eaa68	0x3f7d8c72
0x3f3afb7f	0x3e99999a	0x3f000000	0x3faa3722	0xbd596eca	0x3e3851ec	0x3f3e9dea	0x3f7d7bd5
0x3f3b020c	0x3e99999a	0x3f000000	0x3faa3722	0xbd599f19	0x3e3851ec	0x3f3e916d	0x3f7d6b3a
0x3f3b089a	0x3e99999a	0x3f000000	0x3faa3722	0xbd59cf74	0x3e3851ec	0x3f3e84ee	0x3f7d5a9c
0x3f3b0f28	0x3e99999a	0x3f000000	0x3faa3722	0xbd59ffd5	0x3e3851ec	0x3f3e786e	0x3f7d49fc
0x3f3b15b5	0x3e99999a	0x3f000000	0x3faa3722	0xbd5a3034	0x3e3851ec	0x3f3e6bef	0x3f7d395e
0x3f3b1c43	0x3e99999a	0x3f000000	0x3faa3722	0xbd5a60a0	0x3e3851ec	0x3f3e5f6e	0x3f7d28be
0x3f3b22d1	0x3e99999a	0x3f000000	0x3faa3722	0xbd5a9111	0x3e3851ec	0x3f3e52ec	0x3f7d181c
0x3f3b295f	0x3e99999a	0x3f000000	0x3faa3722	0xbd5ac188	0x3e3851ec	0x3f3e466a	0x3f7d077a
0x3f3b2fec	0x3e99999a	0x3f000000	0x3faa3722	0xbd5af1fc	0x3e3851ec	0x3f3e39e9	0x3f7cf6d9
0x3f3b367a	0x3e99999a	0x3f000000	0x3faa3722	0xbd5b227d	0x3e3851ec	0x3f3e2d66	0x3f7ce635
0x3f3b3d08	0x3e99999a	0x3f000000	0x3faa3722	0xbd5b5304	0x3e3851ec	0x3f3e20e2	0x3f7cd591
0x3f3b4396	0x3e99999a	0x3f000000	0x3faa3722	0xbd5b8390	0x3e3851ec	0x3f3e145d	0x3f7cc4eb
0x3f3b4a23	0x3e99999a	0x3f000000	0x3faa3722	0xbd5bb41a	0x3e3851ec	0x3f3e07da	0x3f7cb447
0x3f3b50b1	0x3e99999a	0x3f000000	0x3faa3722	0xbd5be4b0	0x3e3851ec	0x3f3dfb55	0x3f7ca3a1
0x3f3b573f	0x3e99999a	0x3f000000	0x3faa3722	0xbd5c154c	0x3e3851ec	0x3f3deecf	0x3f7c92fa
0x3f3b5dcc	0x3e99999a	0x3f000000	0x3faa3722	0xbd5c45e6	0x3e3851ec	0x3f3de24a	0x3f7c8254
0x3f3b645a	0x3e99999a	0x3f000000	0x3faa3722	0xbd5c768d	0x3e3851ec	0x3f3dd5c2	0x3f7c71aa
0x3f3b6ae8	0x3e99999a	0x3f000000	0x3faa3722	0xbd5ca739	0x3e3851ec	0x3f3dc93a	0x3f7c6100
0x3f3b7176	0x3e99999a	0x3f000000	0x3faa3722	0xbd5cd7eb	0x3e3851ec	0x3f3dbcb2	0x3f7c5056
0x3f3b7803	0x3e99999a	0x3f000000	0x3faa3722	0xbd5d089a	0x3e3851ec	0x3f3db02b	0x3f7c3fad
0x3f3b7e91	0x3e99999a	0x3f000000	0x3faa3722	0xbd5d3957	0x3e3851ec	0x3f3da3a2	0x3f7c2f02
0x3f3b851f	0x3e99999a	0x3f000000	0x3faa3722	0xbd5d6a18	0x3e3851ec	0x3f3d9718	0x3f7c1e55
0x3f3b8bac	0x3e99999a	0x3f000000	0x3faa3722	0xbd5d9ad8	0x3e3851ec	0x3f3d8a8f	0x3f7c0daa
0x3f3b923a	0x3e99999a	0x3f000000	0x3faa3722	0xbd5dcba4	0x3e3851ec	0x3f3d7e04	0x3f7bfcfc
0x3f3b98c8	0x3e99999a	0x3f000000	0x3faa3722	0xbd5dfc76	0x3e3851ec	0x3f3d7178	0x3f7bec4c
0x3f3b9f56	0x3e99999a	0x3f000000	0x3faa3722	0xbd5e2d4d	0x3e3851ec	0x3f3d64ec	0x3f7bdb9d
0x3f3ba5e3	0x3e99999a	0x3f000000	0x3faa3722	0xbd5e5e22	0x3e3851ec	0x3f3d5861	0x3f7bcaef
0x3f3bac71	0x3e99999a	0x3f000000	0x3faa3722	0xbd5e8f04	0x3e3851ec	0x3f3d4bd4	0x3f7bba3e
0x3f3bb2ff	0x3e99999a	0x3f000000	0x3faa3722	0xbd5ebfeb	0x3e3851ec	0x3f3d3f46	0x3f7ba98c
0x3f3bb98c	0x3e99999a	0x3f000000	0x3faa3722	0xbd5ef0d0	0x3e3851ec	0x3f3d32b9	0x3f7b98dc
0x3f3bc01a	0x3e99999a	0x3f000000	0x3faa3722	0xbd5f21c2	0x3e3851ec	0x3f3d262a	0x3f7b8828
0x3f3bc6a8	0x3e99999a	0x3f000000	0x3faa3722	0xbd5f52ba	0x3e3851ec	0x3f3d199b	0x3f7b7775
0x3f3bcd36	0x3e99999a	0x3f000000	0x3faa3722	0xbd5f83b6	0x3e3851ec	0x3f3d0d0b	0x3f7b66c0
0x3f3bd3c3	0x3e99999a	0x3f000000	0x3faa3722	0xbd5fb4b1	0x3e3851ec	0x3f3d007c	0x3f7b560d
0x3f3bda51	0x3e99999a	0x3f000000	0x3faa3722	0xbd5fe5b8	0x3e3851ec	0x3f3cf3eb	0x3f7b4557
0x3f3be0df	0x3e99999a	0x3f000000	0x3faa3722	0xbd6016c5	0x3e3851ec	0x3f3ce759	0x3f7b34a0
0x3f3be76d	0x3e99999a	0x3f000000	0x3faa3722	0xbd6047d7	0x3e3851ec	0x3f3cdac7	0x3f7b23e8
0x3f3bedfa	0x3e99999a	0x3f000000	0x3faa3722	0xbd6078e7	0x3e3851ec	0x3f3cce36	0x3f7b1332
0x3f3bf488	0x3e99999a	0x3f000000	0x3faa3722	0xbd60aa04	0x3e3851ec	0x3f3cc1a3	0x3f7b027a
0x3f3bfb16	0x3e99999a	0x3f000000	0x3faa3722	0xbd60db27	0x3e3851ec	0x3f3cb50f	0x3f7af1c0
0x3f3c01a3	0x3e99999a	0x3f000000	0x3faa3722	0xbd610c47	0x3e3851ec	0x3f3ca87c	0x3f7ae107
0x3f3c0831	0x3e99999a	0x3f000000	0x3faa3722	0xbd613d74	0x3e3851ec	0x3f3c9be7	0x3f7ad04c
0x3f3c0ebf	0x3e99999a	0x3f000000	0x3faa3722	0xbd616ea6	0x3e3851ec	0x3f3c8f52	0x3f7abf91
0x3f3c154d	0x3e99999a	0x3f000000	0x3faa3722	0xbd619fde	0x3e3851ec	0x3f3c82bc	0x3f7aaed4
0x3f3c1bda	0x3e99999a	0x3f000000	0x3faa3722	0xbd61d113	0x3e3851ec	0x3f3c7628	0x3f7a9e1a
0x3f3c2268	0x3e99999a	0x3f000000	0x3faa3722	0xbd620256	0x3e3851ec	0x3f3c6991	0x3f7a8d5c
0x3f3c28f6	0x3e99999a	0x3f000000	0x3faa3722	0xbd62339e	0x3e3851ec	0x3f3c5cf9	0x3f7a7c9d
0x3f3c2f83	0x3e99999a	0x3f000000	0x3faa3722	0xbd6264e4	0x3e3851ec	0x3f3c5063	0x3f7a6be0
0x3f3c3611	0x3e99999a	0x3f000000	0x3faa3722	0xbd629636	0x3e3851ec	0x3f3c43ca	0x3f7a5b1f
0x3f3c3c9f	0x3e99999a	0x3f000000	0x3faa3722	0xbd62c78e	0x3e3851ec	0x3f3c3731	0x3f7a4a5f
0x3f3c432d	0x3e99999a	0x3f000000	0x3faa3722	0xbd62f8ec	0x3e3851ec	0x3f3c2a97	0x3f7a399d
0x3f3c49ba	0x3e99999a	0x3f000000	0x3faa3722	0xbd632a47	0x3e3851ec	0x3f3c1dff	0x3f7a28de
0x3f3c5048	0x3e99999a	0x3f000000	0x3faa3722	0xbd635baf	0x3e3851ec	0x3f3c1164	0x3f7a181a
0x3f3c56d6	0x3e99999a	0x3f000000	0x3faa3722	0xbd638d1c	0x3e3851ec	0x3f3c04c9	0x3f7a0757
0x3f3c5d64	0x3e99999a	0x3f000000	0x3faa3722	0xbd63be8f	0x3e3851ec	0x3f3bf82d	0x3f79f692
0x3f3c63f1	0x3e99999a	0x3f000000	0x3faa3722	0xbd63f000	0x3e3851ec	0x3f3beb93	0x3f79e5d0
0x3f3c6a7f	0x3e99999a	0x3f000000	0x3faa3722	0xbd64217d	0x3e3851ec	0x3f3bdef6	0x3f79d50a
0x3f3c710d	0x3e99999a	0x3f000000	0x3faa3722	0xbd645300	0x3e3851ec	0x3f3bd259	0x3f79c444
0x3f3c779a	0x3e99999a	0x3f000000	0x3faa3722	0xbd648481	0x3e3851ec	0x3f3bc5bd	0x3f79b380
0x3f3c7e28	0x3e99999a	0x3f000000	0x3faa3722	0xbd64b60f	0x3e3851ec	0x3f3bb91e	0x3f79a2b7
0x3f3c84b6	0x3e99999a	0x3f000000	0x3faa3722	0xbd64e7a2	0x3e3851ec	0x3f3bac7f	0x3f7991ef
0x3f3c8b44	0x3e99999a	0x3f000000	0x3faa3722	0xbd65193a	0x3e3851ec	0x3f3b9fe0	0x3f798126
0x3f3c91d1	0x3e99999a	0x3f000000	0x3faa3722	0xbd654ad0	0x3e3851ec	0x3f3b9342	0x3f79705f
0x3f3c985f	0x3e99999a	0x3f000000	0x3faa3722	0xbd657c74	0x3e3851ec	0x3f3b86a1	0x3f795f93
0x3f3c9eed	0x3e99999a	0x3f000000	0x3faa3722	0xbd65ae1c	0x3e3851ec	0x3f3b7a00	0x3f794ec8
0x3f3ca57a	0x3e99999a	0x3f000000	0x3faa3722	0xbd65dfc2	0x3e3851ec	0x3f3b6d61	0x3f793e00
0x3f3cac08	0x3e99999a	0x3f000000	0x3faa3722	0xbd661176	0x3e3851ec	0x3f3b60bf	0x3f792d33
0x3f3cb296	0x3e99999a	0x3f000000	0x3faa3722	0xbd66432e	0x3e3851ec	0x3f3b541c	0x3f791c65
0x3f3cb924	0x3e99999a	0x3f000000	0x3faa3722	0xbd6674ec	0x3e3851ec	0x3f3b4779	0x3f790b97
0x3f3cbfb1	0x3e99999a	0x3f000000	0x3faa3722	0xbd66a6a8	0x3e3851ec	0x3f3b3ad8	0x3f78facc
0x3f3cc63f	0x3e99999a	0x3f000000	0x3faa3722	0xbd66d871	0x3e3851ec	0x3f3b2e33	0x3f78e9fb
0x3f3ccccd	0x3e99999a	0x3f000000	0x3faa3722	0xbd670a3f	0x3e3851ec	0x3f3b218f	0x3f78d92c
0x3f3cd35b	0x3e99999a	0x3f000000	0x3faa3722	0xbd673c12	0x3e3851ec	0x3f3b14ea	0x3f78c85b
0x3f3cd9e8	0x3e99999a	0x3f000000	0x3faa3722	0xbd676de4	0x3e3851ec	0x3f3b0846	0x3f78b78c
0x3f3ce076	0x3e99999a	0x3f000000	0x3faa3722	0xbd679fc2	0x3e3851ec	0x3f3afba0	0x3f78a6ba
0x3f3ce704	0x3e99999a	0x3f000000	0x3faa3722	0xbd67d1a6	0x3e3851ec	0x3f3aeef9	0x3f7895e7
0x3f3ced91	0x3e99999a	0x3f000000	0x3faa3722	0xbd680387	0x3e3851ec	0x3f3ae255	0x3f788518
0x3f3cf41f	0x3e99999a	0x3f000000	0x3faa3722	0xbd683575	0x3e3851ec	0x3f3ad5ad	0x3f787443
0x3f3cfaad	0x3e99999a	0x3f000000	0x3faa3722	0xbd686769	0x3e3851ec	0x3f3ac905	0x3f78636f
0x3f3d013b	0x3e99999a	0x3f000000	0x3faa3722	0xbd689962	0x3e3851ec	0x3f3abc5c	0x3f785299
0x3f3d07c8	0x3e99999a	0x3f000000	0x3faa3722	0xbd68cb59	0x3e3851ec	0x3f3aafb5	0x3f7841c5
0x3f3d0e56	0x3e99999a	0x3f000000	0x3faa3722	0xbd68fd5d	0x3e3851ec	0x3f3aa30b	0x3f7830ee
0x3f3d14e4	0x3e99999a	0x3f000000	0x3faa3722	0xbd692f66	0x3e3851ec	0x3f3a9661	0x3f782017
0x3f3d1b71	0x3e99999a	0x3f000000	0x3faa3722	0xbd69616d	0x3e3851ec	0x3f3a89b8	0x3f780f41
0x3f3d21ff	0x3e99999a	0x3f000000	0x3faa3722	0xbd699381	0x3e3851ec	0x3f3a7d0d	0x3f77fe69
0x3f3d288d	0x3e99999a	0x3f000000	0x3faa3722	0xbd69c59a	0x3e3851ec	0x3f3a7062	0x3f77ed90
0x3f3d2f1b	0x3e99999a	0x3f000000	0x3faa3722	0xbd69f7b9	0x3e3851ec	0x3f3a63b6	0x3f77dcb6
0x3f3d35a8	0x3e99999a	0x3f000000	0x3faa3722	0xbd6a29d5	0x3e3851ec	0x3f3a570b	0x3f77cbde
0x3f3d3c36	0x3e99999a	0x3f000000	0x3faa3722	0xbd6a5bfe	0x3e3851ec	0x3f3a4a5e	0x3f77bb02
0x3f3d42c4	0x3e99999a	0x3f000000	0x3faa3722	0xbd6a8e2d	0x3e3851ec	0x3f3a3db0	0x3f77aa26
0x3f3d4952	0x3e99999a	0x3f000000	0x3faa3722	0xbd6ac061	0x3e3851ec	0x3f3a3102	0x3f779949
0x3f3d4fdf	0x3e99999a	0x3f000000	0x3faa3722	0xbd6af293	0x3e3851ec	0x3f3a2456	0x3f77886f
0x3f3d566d	0x3e99999a	0x3f000000	0x3faa3722	0xbd6b24d2	0x3e3851ec	0x3f3a17a6	0x3f777790
0x3f3d5cfb	0x3e99999a	0x3f000000	0x3faa3722	0xbd6b5716	0x3e3851ec	0x3f3a0af7	0x3f7766b2
0x3f3d6388	0x3e99999a	0x3f000000	0x3faa3722	0xbd6b8958	0x3e3851ec	0x3f39fe49	0x3f7755d6
0x3f3d6a16	0x3e99999a	0x3f000000	0x3faa3722	0xbd6bbba7	0x3e3851ec	0x3f39f198	0x3f7744f5
0x3f3d70a4	0x3e99999a	0x3f000000	0x3faa3722	0xbd6bedfb	0x3e3851ec	0x3f39e4e7	0x3f773415
0x3f3d7732	0x3e99999a	0x3f000000	0x3faa3722	0xbd6c2055	0x3e3851ec	0x3f39d836	0x3f772334
0x3f3d7dbf	0x3e99999a	0x3f000000	0x3faa3722	0xbd6c52ad	0x3e3851ec	0x3f39cb85	0x3f771253
0x3f3d844d	0x3e99999a	0x3f000000	0x3faa3722	0xbd6c8511	0x3e3851ec	0x3f39bed3	0x3f770172
0x3f3d8adb	0x3e99999a	0x3f000000	0x3faa3722	0xbd6cb77b	0x3e3851ec	0x3f39b220	0x3f76f08e
0x3f3d9168	0x3e99999a	0x3f000000	0x3faa3722	0xbd6ce9e2	0x3e3851ec	0x3f39a56f	0x3f76dfae
0x3f3d97f6	0x3e99999a	0x3f000000	0x3faa3722	0xbd6d1c57	0x3e3851ec	0x3f3998bb	0x3f76cec9
0x3f3d9e84	0x3e99999a	0x3f000000	0x3faa3722	0xbd6d4ed1	0x3e3851ec	0x3f398c06	0x3f76bde3
0x3f3da512	0x3e99999a	0x3f000000	0x3faa3722	0xbd6d8150	0x3e3851ec	0x3f397f51	0x3f76acfe
0x3f3dab9f	0x3e99999a	0x3f000000	0x3faa3722	0xbd6db3cd	0x3e3851ec	0x3f39729e	0x3f769c1a
0x3f3db22d	0x3e99999a	0x3f000000	0x3faa3722	0xbd6de657	0x3e3851ec	0x3f3965e8	0x3f768b33
0x3f3db8bb	0x3e99999a	0x3f000000	0x3faa3722	0xbd6e18e7	0x3e3851ec	0x3f395932	0x3f767a4c
0x3f3dbf48	0x3e99999a	0x3f000000	0x3faa3722	0xbd6e4b74	0x3e3851ec	0x3f394c7d	0x3f766966
0x3f3dc5d6	0x3e99999a	0x3f000000	0x3faa3722	0xbd6e7e0e	0x3e3851ec	0x3f393fc5	0x3f76587c
0x3f3dcc64	0x3e99999a	0x3f000000	0x3faa3722	0xbd6eb0ad	0x3e3851ec	0x3f39330e	0x3f764794
0x3f3dd2f2	0x3e99999a	0x3f000000	0x3faa3722	0xbd6ee352	0x3e3851ec	0x3f392655	0x3f7636a9
0x3f3dd97f	0x3e99999a	0x3f000000	0x3faa3722	0xbd6f15f5	0x3e3851ec	0x3f39199f	0x3f7625c1
0x3f3de00d	0x3e99999a	0x3f000000	0x3faa3722	0xbd6f48a5	0x3e3851ec	0x3f390ce5	0x3f7614d5
0x3f3de69b	0x3e99999a	0x3f000000	0x3faa3722	0xbd6f7b5a	0x3e3851ec	0x3f39002c	0x3f7603ea
0x3f3ded29	0x3e99999a	0x3f000000	0x3faa3722	0xbd6fae14	0x3e3851ec	0x3f38f372	0x3f75f2fd
0x3f3df3b6	0x3e99999a	0x3f000000	0x3faa3722	0xbd6fe0cc	0x3e3851ec	0x3f38e6b9	0x3f75e212
0x3f3dfa44	0x3e99999a	0x3f000000	0x3faa3722	0xbd701391	0x3e3851ec	0x3f38d9fe	0x3f75d124
0x3f3e00d2	0x3e99999a	0x3f000000	0x3faa3722	0xbd70465c	0x3e3851ec	0x3f38cd42	0x3f75c035
0x3f3e075f	0x3e99999a	0x3f000000	0x3faa3722	0xbd707924	0x3e3851ec	0x3f38c088	0x3f75af48
0x3f3e0ded	0x3e99999a	0x3f000000	0x3faa3722	0xbd70abf9	0x3e3851ec	0x3f38b3cc	0x3f759e59
0x3f3e147b	0x3e99999a	0x3f000000	0x3faa3722	0xbd70ded3	0x3e3851ec	0x3f38a70f	0x3f758d69
0x3f3e1b09	0x3e99999a	0x3f000000	0x3faa3722	0xbd7111b3	0x3e3851ec	0x3f389a51	0x3f757c77
0x3f3e2196	0x3e99999a	0x3f000000	0x3faa3722	0xbd714491	0x3e3851ec	0x3f388d95	0x3f756b88
0x3f3e2824	0x3e99999a	0x3f000000	0x3faa3722	0xbd71777c	0x3e3851ec	0x3f3880d7	0x3f755a96
0x3f3e2eb2	0x3e99999a	0x3f000000	0x3faa3722	0xbd71aa6c	0x3e3851ec	0x3f387418	0x3f7549a3
0x3f3e353f	0x3e99999a	0x3f000000	0x3faa3722	0xbd71dd59	0x3e3851ec	0x3f38675b	0x3f7538b2
0x3f3e3bcd	0x3e99999a	0x3f000000	0x3faa3722	0xbd721054	0x3e3851ec	0x3f385a9b	0x3f7527be
0x3f3e425b	0x3e99999a	0x3f000000	0x3faa3722	0xbd724354	0x3e3851ec	0x3f384ddb	0x3f7516c9
0x3f3e48e9	0x3e99999a	0x3f000000	0x3faa3722	0xbd72765a	0x3e3851ec	0x3f38411a	0x3f7505d3
0x3f3e4f76	0x3e99999a	0x3f000000	0x3faa3722	0xbd72a95d	0x3e3851ec	0x3f38345b	0x3f74f4e0
0x3f3e5604	0x3e99999a	0x3f000000	0x3faa3722	0xbd72dc6d	0x3e3851ec	0x3f38279a	0x3f74e3ea
0x3f3e5c92	0x3e99999a	0x3f000000	0x3faa3722	0xbd730f83	0x3e3851ec	0x3f381ad8	0x3f74d2f3
0x3f3e6320	0x3e99999a	0x3f000000	0x3faa3722	0xbd73429e	0x3e3851ec	0x3f380e15	0x3f74c1fb
0x3f3e69ad	0x3e99999a	0x3f000000	0x3faa3722	0xbd7375b7	0x3e3851ec	0x3f380154	0x3f74b105
0x3f3e703b	0x3e99999a	0x3f000000	0x3faa3722	0xbd73a8dc	0x3e3851ec	0x3f37f491	0x3f74a00d
0x3f3e76c9	0x3e99999a	0x3f000000	0x3faa3722	0xbd73dc08	0x3e3851ec	0x3f37e7cd	0x3f748f13
0x3f3e7d56	0x3e99999a	0x3f000000	0x3faa3722	0xbd740f30	0x3e3851ec	0x3f37db0a	0x3f747e1a
0x3f3e83e4	0x3e99999a	0x3f000000	0x3faa3722	0xbd744266	0x3e3851ec	0x3f37ce46	0x3f746d20
0x3f3e8a72	0x3e99999a	0x3f000000	0x3faa3722	0xbd7475a1	0x3e3851ec	0x3f37c181	0x3f745c25
0x3f3e9100	0x3e99999a	0x3f000000	0x3faa3722	0xbd74a8e2	0x3e3851ec	0x3f37b4bb	0x3f744b29
0x3f3e978d	0x3e99999a	0x3f000000	0x3faa3722	0xbd74dc20	0x3e3851ec	0x3f37a7f7	0x3f743a2f
0x3f3e9e1b	0x3e99999a	0x3f000000	0x3faa3722	0xbd750f6c	0x3e3851ec	0x3f379b30	0x3f742931
0x3f3ea4a9	0x3e99999a	0x3f000000	0x3faa3722	0xbd7542bc	0x3e3851ec	0x3f378e69	0x3f741833
0x3f3eab36	0x3e99999a	0x3f000000	0x3faa3722	0xbd75760b	0x3e3851ec	0x3f3781a3	0x3f740737
0x3f3eb1c4	0x3e99999a	0x3f000000	0x3faa3722	0xbd75a966	0x3e3851ec	0x3f3774dc	0x3f73f639
0x3f3eb852	0x3e99999a	0x3f000000	0x3faa3722	0xbd75dcc7	0x3e3851ec	0x3f376813	0x3f73e539
0x3f3ebee0	0x3e99999a	0x3f000000	0x3faa3722	0xbd76102d	0x3e3851ec	0x3f375b4a	0x3f73d438
0x3f3ec56d	0x3e99999a	0x3f000000	0x3faa3722	0xbd764391	0x3e3851ec	0x3f374e83	0x3f73c33a
0x3f3ecbfb	0x3e99999a	0x3f000000	0x3faa3722	0xbd767702	0x3e3851ec	0x3f3741b9	0x3f73b239
0x3f3ed289	0x3e99999a	0x3f000000	0x3faa3722	0xbd76aa78	0x3e3851ec	0x3f3734ef	0x3f73a137
0x3f3ed917	0x3e99999a	0x3f000000	0x3faa3722	0xbd76ddf4	0x3e3851ec	0x3f372825	0x3f739035
0x3f3edfa4	0x3e99999a	0x3f000000	0x3faa3722	0xbd77116d	0x3e3851ec	0x3f371b5c	0x3f737f35
0x3f3ee632	0x3e99999a	0x3f000000	0x3faa3722	0xbd7744f3	0x3e3851ec	0x3f370e90	0x3f736e30
0x3f3eecc0	0x3e99999a	0x3f000000	0x3faa3722	0xbd77787f	0x3e3851ec	0x3f3701c4	0x3f735d2c
0x3f3ef34d	0x3e99999a	0x3f000000	0x3faa3722	0xbd77ac08	0x3e3851ec	0x3f36f4fa	0x3f734c2a
0x3f3ef9db	0x3e99999a	0x3f000000	0x3faa3722	0xbd77df9f	0x3e3851ec	0x3f36e82d	0x3f733b24
0x3f3f0069	0x3e99999a	0x3f000000	0x3faa3722	0xbd78133b	0x3e3851ec	0x3f36db60	0x3f732a1e
0x3f3f06f7	0x3e99999a	0x3f000000	0x3faa3722	0xbd7846dc	0x3e3851ec	0x3f36ce92	0x3f731917
0x3f3f0d84	0x3e99999a	0x3f000000	0x3faa3722	0xbd787a7b	0x3e3851ec	0x3f36c1c6	0x3f730813
0x3f3f1412	0x3e99999a	0x3f000000	0x3faa3722	0xbd78ae27	0x3e3851ec	0x3f36b4f7	0x3f72f70a
0x3f3f1aa0	0x3e99999a	0x3f000000	0x3faa3722	0xbd78e1d8	0x3e3851ec	0x3f36a829	0x3f72e603
0x3f3f212d	0x3e99999a	0x3f000000	0x3faa3722	0xbd791587	0x3e3851ec	0x3f369b5b	0x3f72d4fc
0x3f3f27bb	0x3e99999a	0x3f000000	0x3faa3722	0xbd794943	0x3e3851ec	0x3f368e8b	0x3f72c3f2
0x3f3f2e49	0x3e99999a	0x3f000000	0x3faa3722	0xbd797d05	0x3e3851ec	0x3f3681bb	0x3f72b2e9
0x3f3f34d7	0x3e99999a	0x3f000000	0x3faa3722	0xbd79b0cc	0x3e3851ec	0x3f3674ea	0x3f72a1dd
0x3f3f3b64	0x3e99999a	0x3f000000	0x3faa3722	0xbd79e490	0x3e3851ec	0x3f36681b	0x3f7290d5
0x3f3f41f2	0x3e99999a	0x3f000000	0x3faa3722	0xbd7a1862	0x3e3851ec	0x3f365b4a	0x3f727fca
0x3f3f4880	0x3e99999a	0x3f000000	0x3faa3722	0xbd7a4c39	0x3e3851ec	0x3f364e78	0x3f726ebe
0x3f3f4f0e	0x3e99999a	0x3f000000	0x3faa3722	0xbd7a8015	0x3e3851ec	0x3f3641a6	0x3f725db1
0x3f3f559b	0x3e99999a	0x3f000000	0x3faa3722	0xbd7ab3ef	0x3e3851ec	0x3f3634d4	0x3f724ca5
0x3f3f5c29	0x3e99999a	0x3f000000	0x3faa3722	0xbd7ae7d6	0x3e3851ec	0x3f362801	0x3f723b97
0x3f3f62b7	0x3e99999a	0x3f000000	0x3faa3722	0xbd7b1bc2	0x3e3851ec	0x3f361b2e	0x3f722a89
0x3f3f6944	0x3e99999a	0x3f000000	0x3faa3722	0xbd7b4fac	0x3e3851ec	0x3f360e5c	0x3f72197d
0x3f3f6fd2	0x3e99999a	0x3f000000	0x3faa3722	0xbd7b83a3	0x3e3851ec	0x3f360187	0x3f72086c
0x3f3f7660	0x3e99999a	0x3f000000	0x3faa3722	0xbd7bb7a0	0x3e3851ec	0x3f35f4b2	0x3f71f75c
0x3f3f7cee	0x3e99999a	0x3f000000	0x3faa3722	0xbd7beba2	0x3e3851ec	0x3f35e7dd	0x3f71e64b
0x3f3f837b	0x3e99999a	0x3f000000	0x3faa3722	0xbd7c1fa1	0x3e3851ec	0x3f35db09	0x3f71d53c
0x3f3f8a09	0x3e99999a	0x3f000000	0x3faa3722	0xbd7c53ae	0x3e3851ec	0x3f35ce33	0x3f71c42b
0x3f3f9097	0x3e99999a	0x3f000000	0x3faa3722	0xbd7c87c0	0x3e3851ec	0x3f35c15c	0x3f71b318
0x3f3f9724	0x3e99999a	0x3f000000	0x3faa3722	0xbd7cbbcf	0x3e3851ec	0x3f35b487	0x3f71a207
0x3f3f9db2	0x3e99999a	0x3f000000	0x3faa3722	0xbd7cefec	0x3e3851ec	0x3f35a7b0	0x3f7190f4
0x3f3fa440	0x3e99999a	0x3f000000	0x3faa3722	0xbd7d240e	0x3e3851ec	0x3f359ad8	0x3f717fe0
0x3f3faace	0x3e99999a	0x3f000000	0x3faa3722	0xbd7d5836	0x3e3851ec	0x3f358e00	0x3f716ecb
0x3f3fb15b	0x3e99999a	0x3f000000	0x3faa3722	0xbd7d8c5b	0x3e3851ec	0x3f358129	0x3f715db8
0x3f3fb7e9	0x3e99999a	0x3f000000	0x3faa3722	0xbd7dc08d	0x3e3851ec	0x3f357450	0x3f714ca2
0x3f3fbe77	0x3e99999a	0x3f000000	0x3faa3722	0xbd7df4c4	0x3e3851ec	0x3f356777	0x3f713b8d
0x3f3fc505	0x3e99999a	0x3f000000	0x3faa3722	0xbd7e2901	0x3e3851ec	0x3f355a9d	0x3f712a76
0x3f3fcb92	0x3e99999a	0x3f000000	0x3faa3722	0xbd7e5d3c	0x3e3851ec	0x3f354dc4	0x3f711960
0x3f3fd220	0x3e99999a	0x3f000000	0x3faa3722	0xbd7e9184	0x3e3851ec	0x3f3540ea	0x3f710849
0x3f3fd8ae	0x3e99999a	0x3f000000	0x3faa3722	0xbd7ec5d1	0x3e3851ec	0x3f35340e	0x3f70f72f
0x3f3fdf3b	0x3e99999a	0x3f000000	0x3faa3722	0xbd7efa1b	0x3e3851ec	0x3f352735	0x3f70e619
0x3f3fe5c9	0x3e99999a	0x3f000000	0x3faa3722	0xbd7f2e73	0x3e3851ec	0x3f351a59	0x3f70d500
0x3f3fec57	0x3e99999a	0x3f000000	0x3faa3722	0xbd7f62d0	0x3e3851ec	0x3f350d7c	0x3f70c3e5
0x3f3ff2e5	0x3e99999a	0x3f000000	0x3faa3722	0xbd7f9733	0x3e3851ec	0x3f3500a0	0x3f70b2cb
0x3f3ff972	0x3e99999a	0x3f000000	0x3faa3722	0xbd7fcb93	0x3e3851ec	0x3f34f3c5	0x3f70a1b2
0x3f400000	0x3e99999a	0x3f000000	0x3faa3722	0xbd800000	0x3e3851ec	0x3f34e6e7	0x3f709096
0x3f40068e	0x3e99999a	0x3f000000	0x3faa3722	0xbd801a39	0x3e3851ec	0x3f34da09	0x3f707f7a
0x3f400d1b	0x3e99999a	0x3f000000	0x3faa3722	0xbd803471	0x3e3851ec	0x3f34cd2d	0x3f706e60
0x3f4013a9	0x3e99999a	0x3f000000	0x3faa3722	0xbd804eb0	0x3e3851ec	0x3f34c04e	0x3f705d42
0x3f401a37	0x3e99999a	0x3f000000	0x3faa3722	0xbd8068f1	0x3e3851ec	0x3f34b36f	0x3f704c25
0x3f4020c5	0x3e99999a	0x3f000000	0x3faa3722	0xbd808336	0x3e3851ec	0x3f34a68f	0x3f703b05
0x3f402752	0x3e99999a	0x3f000000	0x3faa3722	0xbd809d78	0x3e3851ec	0x3f3499b1	0x3f7029e9
0x3f402de0	0x3e99999a	0x3f000000	0x3faa3722	0xbd80b7c2	0x3e3851ec	0x3f348cd1	0x3f7018ca
0x3f40346e	0x3e99999a	0x3f000000	0x3faa3722	0xbd80d20e	0x3e3851ec	0x3f347ff0	0x3f7007aa
0x3f403afb	0x3e99999a	0x3f000000	0x3faa3722	0xbd80ec59	0x3e3851ec	0x3f347311	0x3f6ff68c
0x3f404189	0x3e99999a	0x3f000000	0x3faa3722	0xbd8106aa	0x3e3851ec	0x3f34662f	0x3f6fe56a
0x3f404817	0x3e99999a	0x3f000000	0x3faa3722	0xbd8120fe	0x3e3851ec	0x3f34594e	0x3f6fd44a
0x3f404ea5	0x3e99999a	0x3f000000	0x3faa3722	0xbd813b55	0x3e3851ec	0x3f344c6b	0x3f6fc327
0x3f405532	0x3e99999a	0x3f000000	0x3faa3722	0xbd8155ab	0x3e3851ec	0x3f343f8a	0x3f6fb206
0x3f405bc0	0x3e99999a	0x3f000000	0x3faa3722	0xbd817007	0x3e3851ec	0x3f3432a7	0x3f6fa0e3
0x3f40624e	0x3e99999a	0x3f000000	0x3faa3722	0xbd818a66	0x3e3851ec	0x3f3425c3	0x3f6f8fbf
0x3f4068dc	0x3e99999a	0x3f000000	0x3faa3722	0xbd81a4c8	0x3e3851ec	0x3f3418e0	0x3f6f7e9c
0x3f406f69	0x3e99999a	0x3f000000	0x3faa3722	0xbd81bf28	0x3e3851ec	0x3f340bfd	0x3f6f6d79
0x3f4075f7	0x3e99999a	0x3f000000	0x3faa3722	0xbd81d98f	0x3e3851ec	0x3f33ff19	0x3f6f5c55
0x3f407c85	0x3e99999a	0x3f000000	0x3faa3722	0xbd81f3f9	0x3e3851ec	0x3f33f233	0x3f6f4b2e
0x3f408312	0x3e99999a	0x3f000000	0x3faa3722	0xbd820e61	0x3e3851ec	0x3f33e550	0x3f6f3a0b
0x3f4089a0	0x3e99999a	0x3f000000	0x3faa3722	0xbd8228d0	0x3e3851ec	0x3f33d86a	0x3f6f28e4
0x3f40902e	0x3e99999a	0x3f000000	0x3faa3722	0xbd824342	0x3e3851ec	0x3f33cb84	0x3f6f17bd
0x3f4096bc	0x3e99999a	0x3f000000	0x3faa3722	0xbd825db6	0x3e3851ec	0x3f33be9d	0x3f6f0694
0x3f409d49	0x3e99999a	0x3f000000	0x3faa3722	0xbd827829	0x3e3851ec	0x3f33b1b9	0x3f6ef570
0x3f40a3d7	0x3e99999a	0x3f000000	0x3faa3722	0xbd8292a3	0x3e3851ec	0x3f33a4d1	0x3f6ee446
0x3f40aa65	0x3e99999a	0x3f000000	0x3faa3722	0xbd82ad1f	0x3e3851ec	0x3f3397e9	0x3f6ed31c
0x3f40b0f2	0x3e99999a	0x3f000000	0x3faa3722	0xbd82c79a	0x3e3851ec	0x3f338b03	0x3f6ec1f5
0x3f40b780	0x3e99999a	0x3f000000	0x3faa3722	0xbd82e21c	0x3e3851ec	0x3f337e1b	0x3f6eb0cc
0x3f40be0e	0x3e99999a	0x3f000000	0x3faa3722	0xbd82fca1	0x3e3851ec	0x3f337132	0x3f6e9fa1
0x3f40c49c	0x3e99999a	0x3f000000	0x3faa3722	0xbd831728	0x3e3851ec	0x3f336448	0x3f6e8e74
0x3f40cb29	0x3e99999a	0x3f000000	0x3faa3722	0xbd8331ae	0x3e3851ec	0x3f335761	0x3f6e7d4c
0x3f40d1b7	0x3e99999a	0x3f000000	0x3faa3722	0xbd834c3a	0x3e3851ec	0x3f334a77	0x3f6e6c20
0x3f40d845	0x3e99999a	0x3f000000	0x3faa3722	0xbd8366ca	0x3e3851ec	0x3f333d8c	0x3f6e5af2
0x3f40ded3	0x3e99999a	0x3f000000	0x3faa3722	0xbd83815c	0x3e3851ec	0x3f3330a1	0x3f6e49c4
0x3f40e560	0x3e99999a	0x3f000000	0x3faa3722	0xbd839bec	0x3e3851ec	0x3f3323b8	0x3f6e3899
0x3f40ebee	0x3e99999a	0x3f000000	0x3faa3722	0xbd83b683	0x3e3851ec	0x3f3316cd	0x3f6e276c
0x3f40f27c	0x3e99999a	0x3f000000	0x3faa3722	0xbd83d11d	0x3e3851ec	0x3f3309e1	0x3f6e163d
0x3f40f909	0x3e99999a	0x3f000000	0x3faa3722	0xbd83ebb6	0x3e3851ec	0x3f32fcf7	0x3f6e0510
0x3f40ff97	0x3e99999a	0x3f000000	0x3faa3722	0xbd840655	0x3e3851ec	0x3f32f00a	0x3f6df3e0
0x3f410625	0x3e99999a	0x3f000000	0x3faa3722	0xbd8420f7	0x3e3851ec	0x3f32e31d	0x3f6de2b0
0x3f410cb3	0x3e99999a	0x3f000000	0x3faa3722	0xbd843b9c	0x3e3851ec	0x3f32d630	0x3f6dd17f
0x3f411340	0x3e99999a	0x3f000000	0x3faa3722	0xbd845640	0x3e3851ec	0x3f32c943	0x3f6dc04f
0x3f4119ce	0x3e99999a	0x3f000000	0x3faa3722	0xbd8470ea	0x3e3851ec	0x3f32bc56	0x3f6daf1f
0x3f41205c	0x3e99999a	0x3f000000	0x3faa3722	0xbd848b96	0x3e3851ec	0x3f32af68	0x3f6d9ded
0x3f4126e9	0x3e99999a	0x3f000000	0x3faa3722	0xbd84a642	0x3e3851ec	0x3f32a27a	0x3f6d8cbb
0x3f412d77	0x3e99999a	0x3f000000	0x3faa3722	0xbd84c0f4	0x3e3851ec	0x3f32958b	0x3f6d7b88
0x3f413405	0x3e99999a	0x3f000000	0x3faa3722	0xbd84dba9	0x3e3851ec	0x3f32889c	0x3f6d6a55
0x3f413a93	0x3e99999a	0x3f000000	0x3faa3722	0xbd84f660	0x3e3851ec	0x3f327bac	0x3f6d5921
0x3f414120	0x3e99999a	0x3f000000	0x3faa3722	0xbd851117	0x3e3851ec	0x3f326ebd	0x3f6d47ee
0x3f4147ae	0x3e99999a	0x3f000000	0x3faa3722	0xbd852bd3	0x3e3851ec	0x3f3261cd	0x3f6d36ba
0x3f414e3c	0x3e99999a	0x3f000000	0x3faa3722	0xbd854693	0x3e3851ec	0x3f3254dc	0x3f6d2584
0x3f4154ca	0x3e99999a	0x3f000000	0x3faa3722	0xbd856155	0x3e3851ec	0x3f3247ea	0x3f6d144d
0x3f415b57	0x3e99999a	0x3f000000	0x3faa3722	0xbd857c16	0x3e3851ec	0x3f323afa	0x3f6d0319
0x3f4161e5	0x3e99999a	0x3f000000	0x3faa3722	0xbd8596de	0x3e3851ec	0x3f322e08	0x3f6cf1e2
0x3f416873	0x3e99999a	0x3f000000	0x3faa3722	0xbd85b1a8	0x3e3851ec	0x3f322116	0x3f6ce0ab
0x3f416f00	0x3e99999a	0x3f000000	0x3faa3722	0xbd85cc71	0x3e3851ec	0x3f321425	0x3f6ccf75
0x3f41758e	0x3e99999a	0x3f000000	0x3faa3722	0xbd85e741	0x3e3851ec	0x3f320732	0x3f6cbe3d
0x3f417c1c	0x3e99999a	0x3f000000	0x3faa3722	0xbd860213	0x3e3851ec	0x3f31fa3e	0x3f6cad03
0x3f4182aa	0x3e99999a	0x3f000000	0x3faa3722	0xbd861ce8	0x3e3851ec	0x3f31ed4b	0x3f6c9bcb
0x3f418937	0x3e99999a	0x3f000000	0x3faa3722	0xbd8637bc	0x3e3851ec	0x3f31e058	0x3f6c8a93
0x3f418fc5	0x3e99999a	0x3f000000	0x3faa3722	0xbd865296	0x3e3851ec	0x3f31d364	0x3f6c7959
0x3f419653	0x3e99999a	0x3f000000	0x3faa3722	0xbd866d73	0x3e3851ec	0x3f31c66f	0x3f6c681e
0x3f419ce0	0x3e99999a	0x3f000000	0x3faa3722	0xbd86884f	0x3e3851ec	0x3f31b97b	0x3f6c56e4
0x3f41a36e	0x3e99999a	0x3f000000	0x3faa3722	0xbd86a332	0x3e3851ec	0x3f31ac86	0x3f6c45a9
0x3f41a9fc	0x3e99999a	0x3f000000	0x3faa3722	0xbd86be17	0x3e3851ec	0x3f319f90	0x3f6c346d
0x3f41b08a	0x3e99999a	0x3f000000	0x3faa3722	0xbd86d8ff	0x3e3851ec	0x3f319299	0x3f6c232f
0x3f41b717	0x3e99999a	0x3f000000	0x3faa3722	0xbd86f3e5	0x3e3851ec	0x3f3185a5	0x3f6c11f6
0x3f41bda5	0x3e99999a	0x3f000000	0x3faa3722	0xbd870ed2	0x3e3851ec	0x3f3178ae	0x3f6c00b8
0x3f41c433	0x3e99999a	0x3f000000	0x3faa3722	0xbd8729c2	0x3e3851ec	0x3f316bb6	0x3f6bef79
0x3f41cac1	0x3e99999a	0x3f000000	0x3faa3722	0xbd8744b5	0x3e3851ec	0x3f315ebf	0x3f6bde3b
0x3f41d14e	0x3e99999a	0x3f000000	0x3faa3722	0xbd875fa6	0x3e3851ec	0x3f3151c9	0x3f6bccff
0x3f41d7dc	0x3e99999a	0x3f000000	0x3faa3722	0xbd877a9e	0x3e3851ec	0x3f3144d0	0x3f6bbbbf
0x3f41de6a	0x3e99999a	0x3f000000	0x3faa3722	0xbd879599	0x3e3851ec	0x3f3137d7	0x3f6baa7f
0x3f41e4f7	0x3e99999a	0x3f000000	0x3faa3722	0xbd87b092	0x3e3851ec	0x3f312ae0	0x3f6b9941
0x3f41eb85	0x3e99999a	0x3f000000	0x3faa3722	0xbd87cb92	0x3e3851ec	0x3f311de7	0x3f6b8801
0x3f41f213	0x3e99999a	0x3f000000	0x3faa3722	0xbd87e694	0x3e3851ec	0x3f3110ed	0x3f6b76bf
0x3f41f8a1	0x3e99999a	0x3f000000	0x3faa3722	0xbd88019a	0x3e3851ec	0x3f3103f3	0x3f6b657d
0x3f41ff2e	0x3e99999a	0x3f000000	0x3faa3722	0xbd881c9e	0x3e3851ec	0x3f30f6fa	0x3f6b543d
0x3f4205bc	0x3e99999a	0x3f000000	0x3faa3722	0xbd8837a9	0x3e3851ec	0x3f30ea00	0x3f6b42fc
0x3f420c4a	0x3e99999a	0x3f000000	0x3faa3722	0xbd8852b6	0x3e3851ec	0x3f30dd05	0x3f6b31b9
0x3f4212d7	0x3e99999a	0x3f000000	0x3faa3722	0xbd886dc2	0x3e3851ec	0x3f30d00b	0x3f6b2077
0x3f421965	0x3e99999a	0x3f000000	0x3faa3722	0xbd8888d5	0x3e3851ec	0x3f30c30f	0x3f6b0f33
0x3f421ff3	0x3e99999a	0x3f000000	0x3faa3722	0xbd88a3ea	0x3e3851ec	0x3f30b614	0x3f6afdf0
0x3f422681	0x3e99999a	0x3f000000	0x3faa3722	0xbd88bf02	0x3e3851ec	0x3f30a917	0x3f6aecaa
0x3f422d0e	0x3e99999a	0x3f000000	0x3faa3722	0xbd88da19	0x3e3851ec	0x3f309c1c	0x3f6adb67
0x3f42339c	0x3e99999a	0x3f000000	0x3faa3722	0xbd88f537	0x3e3851ec	0x3f308f1f	0x3f6aca22
0x3f423a2a	0x3e99999a	0x3f000000	0x3faa3722	0xbd891057	0x3e3851ec	0x3f308221	0x3f6ab8db
0x3f4240b8	0x3e99999a	0x3f000000	0x3faa3722	0xbd892b7a	0x3e3851ec	0x3f307524	0x3f6aa795
0x3f424745	0x3e99999a	0x3f000000	0x3faa3722	0xbd89469b	0x3e3851ec	0x3f306828	0x3f6a9651
0x3f424dd3	0x3e99999a	0x3f000000	0x3faa3722	0xbd8961c4	0x3e3851ec	0x3f305b29	0x3f6a8508
0x3f425461	0x3e99999a	0x3f000000	0x3faa3722	0xbd897cef	0x3e3851ec	0x3f304e2a	0x3f6a73c0
0x3f425aee	0x3e99999a	0x3f000000	0x3faa3722	0xbd899818	0x3e3851ec	0x3f30412d	0x3f6a627b
0x3f42617c	0x3e99999a	0x3f000000	0x3faa3722	0xbd89b348	0x3e3851ec	0x3f30342e	0x3f6a5132
0x3f42680a	0x3e99999a	0x3f000000	0x3faa3722	0xbd89ce7c	0x3e3851ec	0x3f30272e	0x3f6a3fe9
0x3f426e98	0x3e99999a	0x3f000000	0x3faa3722	0xbd89e9b1	0x3e3851ec	0x3f301a2e	0x3f6a2e9f
0x3f427525	0x3e99999a	0x3f000000	0x3faa3722	0xbd8a04e5	0x3e3851ec	0x3f300d30	0x3f6a1d58
0x3f427bb3	0x3e99999a	0x3f000000	0x3faa3722	0xbd8a2021	0x3e3851ec	0x3f30002f	0x3f6a0c0d
0x3f428241	0x3e99999a	0x3f000000	0x3faa3722	0xbd8a3b5e	0x3e3851ec	0x3f2ff32e	0x3f69fac2
0x3f4288ce	0x3e99999a	0x3f000000	0x3faa3722	0xbd8a569b	0x3e3851ec	0x3f2fe62f	0x3f69e97a
0x3f428f5c	0x3e99999a	0x3f000000	0x3faa3722	0xbd8a71de	0x3e3851ec	0x3f2fd92d	0x3f69d82e
0x3f4295ea	0x3e99999a	0x3f000000	0x3faa3722	0xbd8a8d24	0x3e3851ec	0x3f2fcc2b	0x3f69c6e2
0x3f429c78	0x3e99999a	0x3f000000	0x3faa3722	0xbd8aa86c	0x3e3851ec	0x3f2fbf29	0x3f69b595
0x3f42a305	0x3e99999a	0x3f000000	0x3faa3722	0xbd8ac3b3	0x3e3851ec	0x3f2fb228	0x3f69a44a
0x3f42a993	0x3e99999a	0x3f000000	0x3faa3722	0xbd8adf01	0x3e3851ec	0x3f2fa525	0x3f6992fd
0x3f42b021	0x3e99999a	0x3f000000	0x3faa3722	0xbd8afa52	0x3e3851ec	0x3f2f9822	0x3f6981af
0x3f42b6ae	0x3e99999a	0x3f000000	0x3faa3722	0xbd8b15a1	0x3e3851ec	0x3f2f8b20	0x3f697063
0x3f42bd3c	0x3e99999a	0x3f000000	0x3faa3722	0xbd8b30f7	0x3e3851ec	0x3f2f7e1c	0x3f695f14
0x3f42c3ca	0x3e99999a	0x3f000000	0x3faa3722	0xbd8b4c4f	0x3e3851ec	0x3f2f7119	0x3f694dc6
0x3f42ca58	0x3e99999a	0x3f000000	0x3faa3722	0xbd8b67aa	0x3e3851ec	0x3f2f6414	0x3f693c76
0x3f42d0e5	0x3e99999a	0x3f000000	0x3faa3722	0xbd8b8304	0x3e3851ec	0x3f2f5711	0x3f692b29
0x3f42d773	0x3e99999a	0x3f000000	0x3faa3722	0xbd8b9e65	0x3e3851ec	0x3f2f4a0c	0x3f6919d8
0x3f42de01	0x3e99999a	0x3f000000	0x3faa3722	0xbd8bb9c8	0x3e3851ec	0x3f2f3d07	0x3f690888
0x3f42e48f	0x3e99999a	0x3f000000	0x3faa3722	0xbd8bd52e	0x3e3851ec	0x3f2f3001	0x3f68f736
0x3f42eb1c	0x3e99999a	0x3f000000	0x3faa3722	0xbd8bf093	0x3e3851ec	0x3f2f22fd	0x3f68e5e8
0x3f42f1aa	0x3e99999a	0x3f000000	0x3faa3722	0xbd8c0bfe	0x3e3851ec	0x3f2f15f7	0x3f68d496
0x3f42f838	0x3e99999a	0x3f000000	0x3faa3722	0xbd8c276c	0x3e3851ec	0x3f2f08f0	0x3f68c343
0x3f42fec5	0x3e99999a	0x3f000000	0x3faa3722	0xbd8c42d9	0x3e3851ec	0x3f2efbeb	0x3f68b1f3
0x3f430553	0x3e99999a	0x3f000000	0x3faa3722	0xbd8c5e4c	0x3e3851ec	0x3f2eeee4	0x3f68a0a0
0x3f430be1	0x3e99999a	0x3f000000	0x3faa3722	0xbd8c79c3	0x3e3851ec	0x3f2ee1db	0x3f688f4a
0x3f43126f	0x3e99999a	0x3f000000	0x3faa3722	0xbd8c953b	0x3e3851ec	0x3f2ed4d4	0x3f687df7
0x3f4318fc	0x3e99999a	0x3f000000	0x3faa3722	0xbd8cb0b3	0x3e3851ec	0x3f2ec7ce	0x3f686ca6
0x3f431f8a	0x3e99999a	0x3f000000	0x3faa3722	0xbd8ccc31	0x3e3851ec	0x3f2ebac5	0x3f685b50
0x3f432618	0x3e99999a	0x3f000000	0x3faa3722	0xbd8ce7b2	0x3e3851ec	0x3f2eadbc	0x3f6849fb
0x3f432ca5	0x3e99999a	0x3f000000	0x3faa3722	0xbd8d0331	0x3e3851ec	0x3f2ea0b5	0x3f6838a8
0x3f433333	0x3e99999a	0x3f000000	0x3faa3722	0xbd8d1eb7	0x3e3851ec	0x3f2e93ac	0x3f682752
0x3f4339c1	0x3e99999a	0x3f000000	0x3faa3722	0xbd8d3a40	0x3e3851ec	0x3f2e86a2	0x3f6815fb
0x3f43404f	0x3e99999a	0x3f000000	0x3faa3722	0xbd8d55cc	0x3e3851ec	0x3f2e7998	0x3f6804a4
0x3f4346dc	0x3e99999a	0x3f000000	0x3faa3722	0xbd8d7156	0x3e3851ec	0x3f2e6c90	0x3f67f350
0x3f434d6a	0x3e99999a	0x3f000000	0x3faa3722	0xbd8d8ce7	0x3e3851ec	0x3f2e5f86	0x3f67e1f9
0x3f4353f8	0x3e99999a	0x3f000000	0x3faa3722	0xbd8da87b	0x3e3851ec	0x3f2e527b	0x3f67d0a1
0x3f435a86	0x3e99999a	0x3f000000	0x3faa3722	0xbd8dc411	0x3e3851ec	0x3f2e4570	0x3f67bf49
0x3f436113	0x3e99999a	0x3f000000	0x3faa3722	0xbd8ddfa6	0x3e3851ec	0x3f2e3866	0x3f67adf2
0x3f4367a1	0x3e99999a	0x3f000000	0x3faa3722	0xbd8dfb42	0x3e3851ec	0x3f2e2b5a	0x3f679c98
0x3f436e2f	0x3e99999a	0x3f000000	0x3faa3722	0xbd8e16e0	0x3e3851ec	0x3f2e1e4e	0x3f678b3f
0x3f4374bc	0x3e99999a	0x3f000000	0x3faa3722	0xbd8e327d	0x3e3851ec	0x3f2e1144	0x3f6779e8
0x3f437b4a	0x3e99999a	0x3f000000	0x3faa3722	0xbd8e4e21	0x3e3851ec	0x3f2e0437	0x3f67688d
0x3f4381d8	0x3e99999a	0x3f000000	0x3faa3722	0xbd8e69c7	0x3e3851ec	0x3f2df72a	0x3f675732
0x3f438866	0x3e99999a	0x3f000000	0x3faa3722	0xbd8e8571	0x3e3851ec	0x3f2dea1d	0x3f6745d7
0x3f438ef3	0x3e99999a	0x3f000000	0x3faa3722	0xbd8ea118	0x3e3851ec	0x3f2ddd12	0x3f67347f
0x3f439581	0x3e99999a	0x3f000000	0x3faa3722	0xbd8ebcc7	0x3e3851ec	0x3f2dd004	0x3f672323
0x3f439c0f	0x3e99999a	0x3f000000	0x3faa3722	0xbd8ed878	0x3e3851ec	0x3f2dc2f6	0x3f6711c7
0x3f43a29c	0x3e99999a	0x3f000000	0x3faa3722	0xbd8ef428	0x3e3851ec	0x3f2db5e9	0x3f67006c
0x3f43a92a	0x3e99999a	0x3f000000	0x3faa3722	0xbd8f0fde	0x3e3851ec	0x3f2da8db	0x3f66ef10
0x3f43afb8	0x3e99999a	0x3f000000	0x3faa3722	0xbd8f2b97	0x3e3851ec	0x3f2d9bcc	0x3f66ddb2
0x3f43b646	0x3e99999a	0x3f000000	0x3faa3722	0xbd8f4753	0x3e3851ec	0x3f2d8ebd	0x3f66cc54
0x3f43bcd3	0x3e99999a	0x3f000000	0x3faa3722	0xbd8f630e	0x3e3851ec	0x3f2d81af	0x3f66baf8
0x3f43c361	0x3e99999a	0x3f000000	0x3faa3722	0xbd8f7ecf	0x3e3851ec	0x3f2d74a0	0x3f66a99b
0x3f43c9ef	0x3e99999a	0x3f000000	0x3faa3722	0xbd8f9a93	0x3e3851ec	0x3f2d6790	0x3f66983c
0x3f43d07d	0x3e99999a	0x3f000000	0x3faa3722	0xbd8fb65a	0x3e3851ec	0x3f2d5a7f	0x3f6686dc
0x3f43d70a	0x3e99999a	0x3f000000	0x3faa3722	0xbd8fd21f	0x3e3851ec	0x3f2d4d71	0x3f66757f
0x3f43dd98	0x3e99999a	0x3f000000	0x3faa3722	0xbd8fedeb	0x3e3851ec	0x3f2d4060	0x3f66641f
0x3f43e426	0x3e99999a	0x3f000000	0x3faa3722	0xbd9009ba	0x3e3851ec	0x3f2d334e	0x3f6652be
0x3f43eab3	0x3e99999a	0x3f000000	0x3faa3722	0xbd902587	0x3e3851ec	0x3f2d263f	0x3f664160
0x3f43f141	0x3e99999a	0x3f000000	0x3faa3722	0xbd90415b	0x3e3851ec	0x3f2d192e	0x3f663000
0x3f43f7cf	0x3e99999a	0x3f000000	0x3faa3722	0xbd905d32	0x3e3851ec	0x3f2d0c1b	0x3f661e9d
0x3f43fe5d	0x3e99999a	0x3f000000	0x3faa3722	0xbd90790b	0x3e3851ec	0x3f2cff0a	0x3f660d3d
0x3f4404ea	0x3e99999a	0x3f000000	0x3faa3722	0xbd9094e3	0x3e3851ec	0x3f2cf1f9	0x3f65fbdd
0x3f440b78	0x3e99999a	0x3f000000	0x3faa3722	0xbd90b0c2	0x3e3851ec	0x3f2ce4e6	0x3f65ea7a
0x3f441206	0x3e99999a	0x3f000000	0x3faa3722	0xbd90cca4	0x3e3851ec	0x3f2cd7d3	0x3f65d917
0x3f441893	0x3e99999a	0x3f000000	0x3faa3722	0xbd90e884	0x3e3851ec	0x3f2ccac1	0x3f65c7b5
0x3f441f21	0x3e99999a	0x3f000000	0x3faa3722	0xbd91046b	0x3e3851ec	0x3f2cbdae	0x3f65b652
0x3f4425af	0x3e99999a	0x3f000000	0x3faa3722	0xbd912054	0x3e3851ec	0x3f2cb09a	0x3f65a4ee
0x3f442c3d	0x3e99999a	0x3f000000	0x3faa3722	0xbd913c40	0x3e3851ec	0x3f2ca386	0x3f65938a
0x3f4432ca	0x3e99999a	0x3f000000	0x3faa3722	0xbd91582b	0x3e3851ec	0x3f2c9674	0x3f658229
0x3f443958	0x3e99999a	0x3f000000	0x3faa3722	0xbd91741d	0x3e3851ec	0x3f2c895f	0x3f6570c3
0x3f443fe6	0x3e99999a	0x3f000000	0x3faa3722	0xbd919011	0x3e3851ec	0x3f2c7c4a	0x3f655f5e
0x3f444674	0x3e99999a	0x3f000000	0x3faa3722	0xbd91ac08	0x3e3851ec	0x3f2c6f35	0x3f654df8
0x3f444d01	0x3e99999a	0x3f000000	0x3faa3722	0xbd91c7fe	0x3e3851ec	0x3f2c6221	0x3f653c94
0x3f44538f	0x3e99999a	0x3f000000	0x3faa3722	0xbd91e3fa	0x3e3851ec	0x3f2c550c	0x3f652b2e
0x3f445a1d	0x3e99999a	0x3f000000	0x3faa3722	0xbd91fff9	0x3e3851ec	0x3f2c47f6	0x3f6519c7
0x3f4460aa	0x3e99999a	0x3f000000	0x3faa3722	0xbd921bf6	0x3e3851ec	0x3f2c3ae2	0x3f650863
0x3f446738	0x3e99999a	0x3f000000	0x3faa3722	0xbd9237fb	0x3e3851ec	0x3f2c2dcb	0x3f64f6fb
0x3f446dc6	0x3e99999a	0x3f000000	0x3faa3722	0xbd925402	0x3e3851ec	0x3f2c20b4	0x3f64e593
0x3f447454	0x3e99999a	0x3f000000	0x3faa3722	0xbd92700c	0x3e3851ec	0x3f2c139d	0x3f64d42b
0x3f447ae1	0x3e99999a	0x3f000000	0x3faa3722	0xbd928c14	0x3e3851ec	0x3f2c0688	0x3f64c2c5
0x3f44816f	0x3e99999a	0x3f000000	0x3faa3722	0xbd92a823	0x3e3851ec	0x3f2bf971	0x3f64b15d
0x3f4487fd	0x3e99999a	0x3f000000	0x3faa3722	0xbd92c435	0x3e3851ec	0x3f2bec59	0x3f649ff3
0x3f448e8a	0x3e99999a	0x3f000000	0x3faa3722	0xbd92e045	0x3e3851ec	0x3f2bdf43	0x3f648e8d
0x3f449518	0x3e99999a	0x3f000000	0x3faa3722	0xbd92fc5d	0x3e3851ec	0x3f2bd22a	0x3f647d22
0x3f449ba6	0x3e99999a	0x3f000000	0x3faa3722	0xbd931877	0x3e3851ec	0x3f2bc512	0x3f646bb8
0x3f44a234	0x3e99999a	0x3f000000	0x3faa3722	0xbd933493	0x3e3851ec	0x3f2bb7f9	0x3f645a4d
0x3f44a8c1	0x3e99999a	0x3f000000	0x3faa3722	0xbd9350ae	0x3e3851ec	0x3f2baae2	0x3f6448e5
0x3f44af4f	0x3e99999a	0x3f000000	0x3faa3722	0xbd936cd0	0x3e3851ec	0x3f2b9dc9	0x3f64377a
0x3f44b5dd	0x3e99999a	0x3f000000	0x3faa3722	0xbd9388f5	0x3e3851ec	0x3f2b90af	0x3f64260e
0x3f44bc6a	0x3e99999a	0x3f000000	0x3faa3722	0xbd93a518	0x3e3851ec	0x3f2b8397	0x3f6414a5
0x3f44c2f8	0x3e99999a	0x3f000000	0x3faa3722	0xbd93c142	0x3e3851ec	0x3f2b767d	0x3f640338
0x3f44c986	0x3e99999a	0x3f000000	0x3faa3722	0xbd93dd6f	0x3e3851ec	0x3f2b6963	0x3f63f1cc
0x3f44d014	0x3e99999a	0x3f000000	0x3faa3722	0xbd93f99e	0x3e3851ec	0x3f2b5c48	0x3f63e05f
0x3f44d6a1	0x3e99999a	0x3f000000	0x3faa3722	0xbd9415cc	0x3e3851ec	0x3f2b4f30	0x3f63cef5
0x3f44dd2f	0x3e99999a	0x3f000000	0x3faa3722	0xbd943201	0x3e3851ec	0x3f2b4214	0x3f63bd86
0x3f44e3bd	0x3e99999a	0x3f000000	0x3faa3722	0xbd944e38	0x3e3851ec	0x3f2b34fa	0x3f63ac1a
0x3f44ea4b	0x3e99999a	0x3f000000	0x3faa3722	0xbd946a72	0x3e3851ec	0x3f2b27de	0x3f639aab
0x3f44f0d8	0x3e99999a	0x3f000000	0x3faa3722	0xbd9486ab	0x3e3851ec	0x3f2b1ac4	0x3f63893f
0x3f44f766	0x3e99999a	0x3f000000	0x3faa3722	0xbd94a2ea	0x3e3851ec	0x3f2b0da8	0x3f6377d0
0x3f44fdf4	0x3e99999a	0x3f000000	0x3faa3722	0xbd94bf2c	0x3e3851ec	0x3f2b008c	0x3f636662
0x3f450481	0x3e99999a	0x3f000000	0x3faa3722	0xbd94db6d	0x3e3851ec	0x3f2af371	0x3f6354f4
0x3f450b0f	0x3e99999a	0x3f000000	0x3faa3722	0xbd94f7b5	0x3e3851ec	0x3f2ae654	0x3f634384
0x3f45119d	0x3e99999a	0x3f000000	0x3faa3722	0xbd9513ff	0x3e3851ec	0x3f2ad938	0x3f633215
0x3f45182b	0x3e99999a	0x3f000000	0x3faa3722	0xbd95304c	0x3e3851ec	0x3f2acc1a	0x3f6320a4
0x3f451eb8	0x3e99999a	0x3f000000	0x3faa3722	0xbd954c97	0x3e3851ec	0x3f2abeff	0x3f630f36
0x3f452546	0x3e99999a	0x3f000000	0x3faa3722	0xbd9568e9	0x3e3851ec	0x3f2ab1e1	0x3f62fdc5
0x3f452bd4	0x3e99999a	0x3f000000	0x3faa3722	0xbd95853e	0x3e3851ec	0x3f2aa4c3	0x3f62ec53
0x3f453261	0x3e99999a	0x3f000000	0x3faa3722	0xbd95a192	0x3e3851ec	0x3f2a97a7	0x3f62dae4
0x3f4538ef	0x3e99999a	0x3f000000	0x3faa3722	0xbd95bdec	0x3e3851ec	0x3f2a8a89	0x3f62c973
0x3f453f7d	0x3e99999a	0x3f000000	0x3faa3722	0xbd95da49	0x3e3851ec	0x3f2a7d6a	0x3f62b800
0x3f45460b	0x3e99999a	0x3f000000	0x3faa3722	0xbd95f6a9	0x3e3851ec	0x3f2a704b	0x3f62a68d
0x3f454c98	0x3e99999a	0x3f000000	0x3faa3722	0xbd961307	0x3e3851ec	0x3f2a632e	0x3f62951d
0x3f455326	0x3e99999a	0x3f000000	0x3faa3722	0xbd962f6c	0x3e3851ec	0x3f2a560f	0x3f6283aa
0x3f4559b4	0x3e99999a	0x3f000000	0x3faa3722	0xbd964bd4	0x3e3851ec	0x3f2a48ef	0x3f627236
0x3f456042	0x3e99999a	0x3f000000	0x3faa3722	0xbd96683e	0x3e3851ec	0x3f2a3bd0	0x3f6260c3
0x3f4566cf	0x3e99999a	0x3f000000	0x3faa3722	0xbd9684a7	0x3e3851ec	0x3f2a2eb2	0x3f624f52
0x3f456d5d	0x3e99999a	0x3f000000	0x3faa3722	0xbd96a117	0x3e3851ec	0x3f2a2191	0x3f623ddc
0x3f4573eb	0x3e99999a	0x3f000000	0x3faa3722	0xbd96bd89	0x3e3851ec	0x3f2a1471	0x3f622c68
0x3f457a78	0x3e99999a	0x3f000000	0x3faa3722	0xbd96d9fa	0x3e3851ec	0x3f2a0752	0x3f621af5
0x3f458106	0x3e99999a	0x3f000000	0x3faa3722	0xbd96f672	0x3e3851ec	0x3f29fa31	0x3f620980
0x3f458794	0x3e99999a	0x3f000000	0x3faa3722	0xbd9712ed	0x3e3851ec	0x3f29ed10	0x3f61f80a
0x3f458e22	0x3e99999a	0x3f000000	0x3faa3722	0xbd972f6a	0x3e3851ec	0x3f29dfef	0x3f61e695
0x3f4594af	0x3e99999a	0x3f000000	0x3faa3722	0xbd974be6	0x3e3851ec	0x3f29d2cf	0x3f61d521
0x3f459b3d	0x3e99999a	0x3f000000	0x3faa3722	0xbd976868	0x3e3851ec	0x3f29c5ae	0x3f61c3ab
0x3f45a1cb	0x3e99999a	0x3f000000	0x3faa3722	0xbd9784ed	0x3e3851ec	0x3f29b88c	0x3f61b234
0x3f45a858	0x3e99999a	0x3f000000	0x3faa3722	0xbd97a171	0x3e3851ec	0x3f29ab6c	0x3f61a0c0
0x3f45aee6	0x3e99999a	0x3f000000	0x3faa3722	0xbd97bdfc	0x3e3851ec	0x3f299e49	0x3f618f48
0x3f45b574	0x3e99999a	0x3f000000	0x3faa3722	0xbd97da89	0x3e3851ec	0x3f299126	0x3f617dd0
0x3f45bc02	0x3e99999a	0x3f000000	0x3faa3722	0xbd97f719	0x3e3851ec	0x3f298403	0x3f616c58
0x3f45c28f	0x3e99999a	0x3f000000	0x3faa3722	0xbd9813a8	0x3e3851ec	0x3f2976e2	0x3f615ae2
0x3f45c91d	0x3e99999a	0x3f000000	0x3faa3722	0xbd98303d	0x3e3851ec	0x3f2969bf	0x3f61496a
0x3f45cfab	0x3e99999a	0x3f000000	0x3faa3722	0xbd984cd5	0x3e3851ec	0x3f295c9c	0x3f6137f2
0x3f45d639	0x3e99999a	0x3f000000	0x3faa3722	0xbd986970	0x3e3851ec	0x3f294f78	0x3f612678
0x3f45dcc6	0x3e99999a	0x3f000000	0x3faa3722	0xbd988609	0x3e3851ec	0x3f294256	0x3f611502
0x3f45e354	0x3e99999a	0x3f000000	0x3faa3722	0xbd98a2a9	0x3e3851ec	0x3f293532	0x3f610388
0x3f45e9e2	0x3e99999a	0x3f000000	0x3faa3722	0xbd98bf4c	0x3e3851ec	0x3f29280d	0x3f60f20d
0x3f45f06f	0x3e99999a	0x3f000000	0x3faa3722	0xbd98dbed	0x3e3851ec	0x3f291aeb	0x3f60e097
0x3f45f6fd	0x3e99999a	0x3f000000	0x3faa3722	0xbd98f895	0x3e3851ec	0x3f290dc6	0x3f60cf1c
0x3f45fd8b	0x3e99999a	0x3f000000	0x3faa3722	0xbd991540	0x3e3851ec	0x3f2900a1	0x3f60bda1
0x3f460419	0x3e99999a	0x3f000000	0x3faa3722	0xbd9931ee	0x3e3851ec	0x3f28f37c	0x3f60ac26
0x3f460aa6	0x3e99999a	0x3f000000	0x3faa3722	0xbd994e9a	0x3e3851ec	0x3f28e658	0x3f609aad
0x3f461134	0x3e99999a	0x3f000000	0x3faa3722	0xbd996b4d	0x3e3851ec	0x3f28d932	0x3f608931
0x3f4617c2	0x3e99999a	0x3f000000	0x3faa3722	0xbd998802	0x3e3851ec	0x3f28cc0d	0x3f6077b6
0x3f461e4f	0x3e99999a	0x3f000000	0x3faa3722	0xbd99a4b6	0x3e3851ec	0x3f28bee9	0x3f60663c
0x3f4624dd	0x3e99999a	0x3f000000	0x3faa3722	0xbd99c171	0x3e3851ec	0x3f28b1c2	0x3f6054bf
0x3f462b6b	0x3e99999a	0x3f000000	0x3faa3722	0xbd99de2f	0x3e3851ec	0x3f28a49c	0x3f604343
0x3f4631f9	0x3e99999a	0x3f000000	0x3faa3722	0xbd99faef	0x3e3851ec	0x3f289775	0x3f6031c5
0x3f463886	0x3e99999a	0x3f000000	0x3faa3722	0xbd9a17ae	0x3e3851ec	0x3f288a50	0x3f60204a
0x3f463f14	0x3e99999a	0x3f000000	0x3faa3722	0xbd9a3474	0x3e3851ec	0x3f287d29	0x3f600ecd
0x3f4645a2	0x3e99999a	0x3f000000	0x3faa3722	0xbd9a513c	0x3e3851ec	0x3f287002	0x3f5ffd50
0x3f464c30	0x3e99999a	0x3f000000	0x3faa3722	0xbd9a6e07	0x3e3851ec	0x3f2862db	0x3f5febd2
0x3f4652bd	0x3e99999a	0x3f000000	0x3faa3722	0xbd9a8ad1	0x3e3851ec	0x3f2855b5	0x3f5fda56
0x3f46594b	0x3e99999a	0x3f000000	0x3faa3722	0xbd9aa7a1	0x3e3851ec	0x3f28488d	0x3f5fc8d7
0x3f465fd9	0x3e99999a	0x3f000000	0x3faa3722	0xbd9ac474	0x3e3851ec	0x3f283b65	0x3f5fb758
0x3f466666	0x3e99999a	0x3f000000	0x3faa3722	0xbd9ae146	0x3e3851ec	0x3f282e3f	0x3f5fa5dc
0x3f466cf4	0x3e99999a	0x3f000000	0x3faa3722	0xbd9afe1e	0x3e3851ec	0x3f282117	0x3f5f945d
0x3f467382	0x3e99999a	0x3f000000	0x3faa3722	0xbd9b1afa	0x3e3851ec	0x3f2813ed	0x3f5f82dc
0x3f467a10	0x3e99999a	0x3f000000	0x3faa3722	0xbd9b37d8	0x3e3851ec	0x3f2806c5	0x3f5f715d
0x3f46809d	0x3e99999a	0x3f000000	0x3faa3722	0xbd9b54b4	0x3e3851ec	0x3f27f99d	0x3f5f5fde
0x3f46872b	0x3e99999a	0x3f000000	0x3faa3722	0xbd9b7197	0x3e3851ec	0x3f27ec75	0x3f5f4e60
0x3f468db9	0x3e99999a	0x3f000000	0x3faa3722	0xbd9b8e7d	0x3e3851ec	0x3f27df4b	0x3f5f3cde
0x3f469446	0x3e99999a	0x3f000000	0x3faa3722	0xbd9bab61	0x3e3851ec	0x3f27d223	0x3f5f2b5f
0x3f469ad4	0x3e99999a	0x3f000000	0x3faa3722	0xbd9bc84d	0x3e3851ec	0x3f27c4f9	0x3f5f19de
0x3f46a162	0x3e99999a	0x3f000000	0x3faa3722	0xbd9be53b	0x3e3851ec	0x3f27b7cf	0x3f5f085c
0x3f46a7f0	0x3e99999a	0x3f000000	0x3faa3722	0xbd9c022b	0x3e3851ec	0x3f27aaa6	0x3f5ef6dc
0x3f46ae7d	0x3e99999a	0x3f000000	0x3faa3722	0xbd9c1f1a	0x3e3851ec	0x3f279d7d	0x3f5ee55c
0x3f46b50b	0x3e99999a	0x3f000000	0x3faa3722	0xbd9c3c10	0x3e3851ec	0x3f279053	0x3f5ed3db
0x3f46bb99	0x3e99999a	0x3f000000	0x3faa3722	0xbd9c5909	0x3e3851ec	0x3f278328	0x3f5ec258
0x3f46c227	0x3e99999a	0x3f000000	0x3faa3722	0xbd9c7605	0x3e3851ec	0x3f2775fd	0x3f5eb0d5
0x3f46c8b4	0x3e99999a	0x3f000000	0x3faa3722	0xbd9c92fe	0x3e3851ec	0x3f2768d4	0x3f5e9f55
0x3f46cf42	0x3e99999a	0x3f000000	0x3faa3722	0xbd9cafff	0x3e3851ec	0x3f275ba9	0x3f5e8dd2
0x3f46d5d0	0x3e99999a	0x3f000000	0x3faa3722	0xbd9ccd03	0x3e3851ec	0x3f274e7d	0x3f5e7c4e
0x3f46dc5d	0x3e99999a	0x3f000000	0x3faa3722	0xbd9cea04	0x3e3851ec	0x3f274153	0x3f5e6acd
0x3f46e2eb	0x3e99999a	0x3f000000	0x3faa3722	0xbd9d070d	0x3e3851ec	0x3f273428	0x3f5e594a
0x3f46e979	0x3e99999a	0x3f000000	0x3faa3722	0xbd9d2419	0x3e3851ec	0x3f2726fb	0x3f5e47c5
0x3f46f007	0x3e99999a	0x3f000000	0x3faa3722	0xbd9d4127	0x3e3851ec	0x3f2719cf	0x3f5e3640
0x3f46f694	0x3e99999a	0x3f000000	0x3faa3722	0xbd9d5e34	0x3e3851ec	0x3f270ca5	0x3f5e24bf
0x3f46fd22	0x3e99999a	0x3f000000	0x3faa3722	0xbd9d7b47	0x3e3851ec	0x3f26ff79	0x3f5e133b
0x3f4703b0	0x3e99999a	0x3f000000	0x3faa3722	0xbd9d985d	0x3e3851ec	0x3f26f24c	0x3f5e01b5
0x3f470a3d	0x3e99999a	0x3f000000	0x3faa3722	0xbd9db572	0x3e3851ec	0x3f26e521	0x3f5df033
0x3f4710cb	0x3e99999a	0x3f000000	0x3faa3722	0xbd9dd28e	0x3e3851ec	0x3f26d7f4	0x3f5ddead
0x3f471759	0x3e99999a	0x3f000000	0x3faa3722	0xbd9defac	0x3e3851ec	0x3f26cac6	0x3f5dcd26
0x3f471de7	0x3e99999a	0x3f000000	0x3faa3722	0xbd9e0ccd	0x3e3851ec	0x3f26bd99	0x3f5dbba1
0x3f472474	0x3e99999a	0x3f000000	0x3faa3722	0xbd9e29ec	0x3e3851ec	0x3f26b06e	0x3f5daa1e
0x3f472b02	0x3e99999a	0x3f000000	0x3faa3722	0xbd9e4713	0x3e3851ec	0x3f26a340	0x3f5d9897
0x3f473190	0x3e99999a	0x3f000000	0x3faa3722	0xbd9e643c	0x3e3851ec	0x3f269612	0x3f5d8711
0x3f47381d	0x3e99999a	0x3f000000	0x3faa3722	0xbd9e8163	0x3e3851ec	0x3f2688e5	0x3f5d758b
0x3f473eab	0x3e99999a	0x3f000000	0x3faa3722	0xbd9e9e92	0x3e3851ec	0x3f267bb7	0x3f5d6404
0x3f474539	0x3e99999a	0x3f000000	0x3faa3722	0xbd9ebbc3	0x3e3851ec	0x3f266e89	0x3f5d527e
0x3f474bc7	0x3e99999a	0x3f000000	0x3faa3722	0xbd9ed8f7	0x3e3851ec	0x3f26615a	0x3f5d40f6
0x3f475254	0x3e99999a	0x3f000000	0x3faa3722	0xbd9ef629	0x3e3851ec	0x3f26542d	0x3f5d2f70
0x3f4758e2	0x3e99999a	0x3f000000	0x3faa3722	0xbd9f1362	0x3e3851ec	0x3f2646fe	0x3f5d1de8
0x3f475f70	0x3e99999a	0x3f000000	0x3faa3722	0xbd9f309e	0x3e3851ec	0x3f2639cf	0x3f5d0c60
0x3f4765fe	0x3e99999a	0x3f000000	0x3faa3722	0xbd9f4ddc	0x3e3851ec	0x3f262ca0	0x3f5cfad8
0x3f476c8b	0x3e99999a	0x3f000000	0x3faa3722	0xbd9f6b19	0x3e3851ec	0x3f261f73	0x3f5ce952
0x3f477319	0x3e99999a	0x3f000000	0x3faa3722	0xbd9f885d	0x3e3851ec	0x3f261243	0x3f5cd7c9
0x3f4779a7	0x3e99999a	0x3f000000	0x3faa3722	0xbd9fa5a4	0x3e3851ec	0x3f260513	0x3f5cc640
0x3f478034	0x3e99999a	0x3f000000	0x3faa3722	0xbd9fc2e8	0x3e3851ec	0x3f25f7e5	0x3f5cb4b9
0x3f4786c2	0x3e99999a	0x3f000000	0x3faa3722	0xbd9fe034	0x3e3851ec	0x3f25eab5	0x3f5ca32f
0x3f478d50	0x3e99999a	0x3f000000	0x3faa3722	0xbd9ffd83	0x3e3851ec	0x3f25dd85	0x3f5c91a6
0x3f4793de	0x3e99999a	0x3f000000	0x3faa3722	0xbda01ad4	0x3e3851ec	0x3f25d055	0x3f5c801c
0x3f479a6b	0x3e99999a	0x3f000000	0x3faa3722	0xbda03824	0x3e3851ec	0x3f25c326	0x3f5c6e94
0x3f47a0f9	0x3e99999a	0x3f000000	0x3faa3722	0xbda0557b	0x3e3851ec	0x3f25b5f5	0x3f5c5d0a
0x3f47a787	0x3e99999a	0x3f000000	0x3faa3722	0xbda072d4	0x3e3851ec	0x3f25a8c4	0x3f5c4b7f
0x3f47ae14	0x3e99999a	0x3f000000	0x3faa3722	0xbda0902c	0x3e3851ec	0x3f259b95	0x3f5c39f7
0x3f47b4a2	0x3e99999a	0x3f000000	0x3faa3722	0xbda0ad8b	0x3e3851ec	0x3f258e64	0x3f5c286c
0x3f47bb30	0x3e99999a	0x3f000000	0x3faa3722	0xbda0caec	0x3e3851ec	0x3f258133	0x3f5c16e1
0x3f47c1be	0x3e99999a	0x3f000000	0x3faa3722	0xbda0e850	0x3e3851ec	0x3f257401	0x3f5c0555
0x3f47c84b	0x3e99999a	0x3f000000	0x3faa3722	0xbda105b2	0x3e3851ec	0x3f2566d2	0x3f5bf3cd
0x3f47ced9	0x3e99999a	0x3f000000	0x3faa3722	0xbda1231c	0x3e3851ec	0x3f25599f	0x3f5be240
0x3f47d567	0x3e99999a	0x3f000000	0x3faa3722	0xbda14088	0x3e3851ec	0x3f254c6e	0x3f5bd0b5
0x3f47dbf5	0x3e99999a	0x3f000000	0x3faa3722	0xbda15df7	0x3e3851ec	0x3f253f3c	0x3f5bbf29
0x3f47e282	0x3e99999a	0x3f000000	0x3faa3722	0xbda17b64	0x3e3851ec	0x3f25320b	0x3f5bad9e
0x3f47e910	0x3e99999a	0x3f000000	0x3faa3722	0xbda198d8	0x3e3851ec	0x3f2524d9	0x3f5b9c12
0x3f47ef9e	0x3e99999a	0x3f000000	0x3faa3722	0xbda1b64f	0x3e3851ec	0x3f2517a6	0x3f5b8a84
0x3f47f62b	0x3e99999a	0x3f000000	0x3faa3722	0xbda1d3c5	0x3e3851ec	0x3f250a75	0x3f5b78fa
0x3f47fcb9	0x3e99999a	0x3f000000	0x3faa3722	0xbda1f141	0x3e3851ec	0x3f24fd43	0x3f5b676e
0x3f480347	0x3e99999a	0x3f000000	0x3faa3722	0xbda20ec0	0x3e3851ec	0x3f24f010	0x3f5b55e0
0x3f4809d5	0x3e99999a	0x3f000000	0x3faa3722	0xbda22c42	0x3e3851ec	0x3f24e2dc	0x3f5b4451
0x3f481062	0x3e99999a	0x3f000000	0x3faa3722	0xbda249c1	0x3e3851ec	0x3f24d5ab	0x3f5b32c7
0x3f4816f0	0x3e99999a	0x3f000000	0x3faa3722	0xbda26748	0x3e3851ec	0x3f24c878	0x3f5b2139
0x3f481d7e	0x3e99999a	0x3f000000	0x3faa3722	0xbda284d2	0x3e3851ec	0x3f24bb44	0x3f5b0fab
0x3f48240b	0x3e99999a	0x3f000000	0x3faa3722	0xbda2a25a	0x3e3851ec	0x3f24ae13	0x3f5afe20
0x3f482a99	0x3e99999a	0x3f000000	0x3faa3722	0xbda2bfe9	0x3e3851ec	0x3f24a0df	0x3f5aec91
0x3f483127	0x3e99999a	0x3f000000	0x3faa3722	0xbda2dd7b	0x3e3851ec	0x3f2493ab	0x3f5adb02
0x3f4837b5	0x3e99999a	0x3f000000	0x3faa3722	0xbda2fb0f	0x3e3851ec	0x3f248677	0x3f5ac974
0x3f483e42	0x3e99999a	0x3f000000	0x3faa3722	0xbda318a2	0x3e3851ec	0x3f247944	0x3f5ab7e6
0x3f4844d0	0x3e99999a	0x3f000000	0x3faa3722	0xbda3363c	0x3e3851ec	0x3f246c10	0x3f5aa657
0x3f484b5e	0x3e99999a	0x3f000000	0x3faa3722	0xbda353d9	0x3e3851ec	0x3f245edb	0x3f5a94c7
0x3f4851ec	0x3e99999a	0x3f000000	0x3faa3722	0xbda37178	0x3e3851ec	0x3f2451a6	0x3f5a8337
0x3f485879	0x3e99999a	0x3f000000	0x3faa3722	0xbda38f15	0x3e3851ec	0x3f244474	0x3f5a71ab
0x3f485f07	0x3e99999a	0x3f000000	0x3faa3722	0xbda3acba	0x3e3851ec	0x3f24373e	0x3f5a601a
0x3f486595	0x3e99999a	0x3f000000	0x3faa3722	0xbda3ca61	0x3e3851ec	0x3f242a09	0x3f5a4e8a
0x3f486c22	0x3e99999a	0x3f000000	0x3faa3722	0xbda3e806	0x3e3851ec	0x3f241cd6	0x3f5a3cfc
0x3f4872b0	0x3e99999a	0x3f000000	0x3faa3722	0xbda405b3	0x3e3851ec	0x3f240fa1	0x3f5a2b6c
0x3f48793e	0x3e99999a	0x3f000000	0x3faa3722	0xbda42362	0x3e3851ec	0x3f24026c	0x3f5a19dc
0x3f487fcc	0x3e99999a	0x3f000000	0x3faa3722	0xbda44114	0x3e3851ec	0x3f23f536	0x3f5a084b
0x3f488659	0x3e99999a	0x3f000000	0x3faa3722	0xbda45ec5	0x3e3851ec	0x3f23e802	0x3f59f6bc
0x3f488ce7	0x3e99999a	0x3f000000	0x3faa3722	0xbda47c7c	0x3e3851ec	0x3f23dacc	0x3f59e52a
0x3f489375	0x3e99999a	0x3f000000	0x3faa3722	0xbda49a36	0x3e3851ec	0x3f23cd96	0x3f59d399
0x3f489a02	0x3e99999a	0x3f000000	0x3faa3722	0xbda4b7ee	0x3e3851ec	0x3f23c062	0x3f59c20a
0x3f48a090	0x3e99999a	0x3f000000	0x3faa3722	0xbda4d5ae	0x3e3851ec	0x3f23b32c	0x3f59b079
0x3f48a71e	0x3e99999a	0x3f000000	0x3faa3722	0xbda4f370	0x3e3851ec	0x3f23a5f5	0x3f599ee6
0x3f48adac	0x3e99999a	0x3f000000	0x3faa3722	0xbda51135	0x3e3851ec	0x3f2398bf	0x3f598d55
0x3f48b439	0x3e99999a	0x3f000000	0x3faa3722	0xbda52ef8	0x3e3851ec	0x3f238b8a	0x3f597bc5
0x3f48bac7	0x3e99999a	0x3f000000	0x3faa3722	0xbda54cc2	0x3e3851ec	0x3f237e53	0x3f596a32
0x3f48c155	0x3e99999a	0x3f000000	0x3faa3722	0xbda56a8f	0x3e3851ec	0x3f23711c	0x3f59589f
0x3f48c7e3	0x3e99999a	0x3f000000	0x3faa3722	0xbda5885e	0x3e3851ec	0x3f2363e6	0x3f59470e
0x3f48ce70	0x3e99999a	0x3f000000	0x3faa3722	0xbda5a62c	0x3e3851ec	0x3f2356b0	0x3f59357c
0x3f48d4fe	0x3e99999a	0x3f000000	0x3faa3722	0xbda5c401	0x3e3851ec	0x3f234979	0x3f5923ea
0x3f48db8c	0x3e99999a	0x3f000000	0x3faa3722	0xbda5e1d8	0x3e3851ec	0x3f233c42	0x3f591257
0x3f48e219	0x3e99999a	0x3f000000	0x3faa3722	0xbda5ffae	0x3e3851ec	0x3f232f0c	0x3f5900c5
0x3f48e8a7	0x3e99999a	0x3f000000	0x3faa3722	0xbda61d8b	0x3e3851ec	0x3f2321d5	0x3f58ef33
0x3f48ef35	0x3e99999a	0x3f000000	0x3faa3722	0xbda63b6b	0x3e3851ec	0x3f23149d	0x3f58dd9f
0x3f48f5c3	0x3e99999a	0x3f000000	0x3faa3722	0xbda6594d	0x3e3851ec	0x3f230765	0x3f58cc0b
0x3f48fc50	0x3e99999a	0x3f000000	0x3faa3722	0xbda6772d	0x3e3851ec	0x3f22fa2f	0x3f58ba79
0x3f4902de	0x3e99999a	0x3f000000	0x3faa3722	0xbda69515	0x3e3851ec	0x3f22ecf7	0x3f58a8e5
0x3f49096c	0x3e99999a	0x3f000000	0x3faa3722	0xbda6b300	0x3e3851ec	0x3f22dfbe	0x3f589750
0x3f490ff9	0x3e99999a	0x3f000000	0x3faa3722	0xbda6d0e8	0x3e3851ec	0x3f22d289	0x3f5885c0
0x3f491687	0x3e99999a	0x3f000000	0x3faa3722	0xbda6eed8	0x3e3851ec	0x3f22c550	0x3f58742a
0x3f491d15	0x3e99999a	0x3f000000	0x3faa3722	0xbda70cca	0x3e3851ec	0x3f22b818	0x3f586296
0x3f4923a3	0x3e99999a	0x3f000000	0x3faa3722	0xbda72abf	0x3e3851ec	0x3f22aadf	0x3f585101
0x3f492a30	0x3e99999a	0x3f000000	0x3faa3722	0xbda748b3	0x3e3851ec	0x3f229da8	0x3f583f6e
0x3f4930be	0x3e99999a	0x3f000000	0x3faa3722	0xbda766ad	0x3e3851ec	0x3f22906f	0x3f582dd9
0x3f49374c	0x3e99999a	0x3f000000	0x3faa3722	0xbda784aa	0x3e3851ec	0x3f228336	0x3f581c43
0x3f493dd9	0x3e99999a	0x3f000000	0x3faa3722	0xbda7a2a6	0x3e3851ec	0x3f2275ff	0x3f580ab1
0x3f494467	0x3e99999a	0x3f000000	0x3faa3722	0xbda7c0a8	0x3e3851ec	0x3f2268c6	0x3f57f91b
0x3f494af5	0x3e99999a	0x3f000000	0x3faa3722	0xbda7dead	0x3e3851ec	0x3f225b8d	0x3f57e786
0x3f495183	0x3e99999a	0x3f000000	0x3faa3722	0xbda7fcb5	0x3e3851ec	0x3f224e53	0x3f57d5ef
0x3f495810	0x3e99999a	0x3f000000	0x3faa3722	0xbda81abb	0x3e3851ec	0x3f22411c	0x3f57c45c
0x3f495e9e	0x3e99999a	0x3f000000	0x3faa3722	0xbda838c9	0x3e3851ec	0x3f2233e2	0x3f57b2c6
0x3f49652c	0x3e99999a	0x3f000000	0x3faa3722	0xbda856d9	0x3e3851ec	0x3f2226a8	0x3f57a12f
0x3f496bba	0x3e99999a	0x3f000000	0x3faa3722	0xbda874eb	0x3e3851ec	0x3f22196f	0x3f578f99
0x3f497247	0x3e99999a	0x3f000000	0x3faa3722	0xbda892fc	0x3e3851ec	0x3f220c37	0x3f577e05
0x3f4978d5	0x3e99999a	0x3f000000	0x3faa3722	0xbda8b114	0x3e3851ec	0x3f21fefd	0x3f576c6f
0x3f497f63	0x3e99999a	0x3f000000	0x3faa3722	0xbda8cf2f	0x3e3851ec	0x3f21f1c3	0x3f575ad8
0x3f4985f0	0x3e99999a	0x3f000000	0x3faa3722	0xbda8ed48	0x3e3851ec	0x3f21e48a	0x3f574942
0x3f498c7e	0x3e99999a	0x3f000000	0x3faa3722	0xbda90b68	0x3e3851ec	0x3f21d750	0x3f5737ac
0x3f49930c	0x3e99999a	0x3f000000	0x3faa3722	0xbda9298a	0x3e3851ec	0x3f21ca16	0x3f572615
0x3f49999a	0x3e99999a	0x3f000000	0x3faa3722	0xbda947b0	0x3e3851ec	0x3f21bcdb	0x3f57147d
0x3f49a027	0x3e99999a	0x3f000000	0x3faa3722	0xbda965d3	0x3e3851ec	0x3f21afa3	0x3f5702e9
0x3f49a6b5	0x3e99999a	0x3f000000	0x3faa3722	0xbda983fe	0x3e3851ec	0x3f21a268	0x3f56f151
0x3f49ad43	0x3e99999a	0x3f000000	0x3faa3722	0xbda9a22c	0x3e3851ec	0x3f21952d	0x3f56dfb9
0x3f49b3d0	0x3e99999a	0x3f000000	0x3faa3722	0xbda9c057	0x3e3851ec	0x3f2187f5	0x3f56ce25
0x3f49ba5e	0x3e99999a	0x3f000000	0x3faa3722	0xbda9de8a	0x3e3851ec	0x3f217ab9	0x3f56bc8b
0x3f49c0ec	0x3e99999a	0x3f000000	0x3faa3722	0xbda9fcc0	0x3e3851ec	0x3f216d7e	0x3f56aaf3
0x3f49c77a	0x3e99999a	0x3f000000	0x3faa3722	0xbdaa1af8	0x3e3851ec	0x3f216043	0x3f56995b
0x3f49ce07	0x3e99999a	0x3f000000	0x3faa3722	0xbdaa392e	0x3e3851ec	0x3f21530a	0x3f5687c6
0x3f49d495	0x3e99999a	0x3f000000	0x3faa3722	0xbdaa576c	0x3e3851ec	0x3f2145cf	0x3f56762e
0x3f49db23	0x3e99999a	0x3f000000	0x3faa3722	0xbdaa75ac	0x3e3851ec	0x3f213893	0x3f566494
0x3f49e1b1	0x3e99999a	0x3f000000	0x3faa3722	0xbdaa93ef	0x3e3851ec	0x3f212b58	0x3f5652fc
0x3f49e83e	0x3e99999a	0x3f000000	0x3faa3722	0xbdaab230	0x3e3851ec	0x3f211e1e	0x3f564166
0x3f49eecc	0x3e99999a	0x3f000000	0x3faa3722	0xbdaad079	0x3e3851ec	0x3f2110e2	0x3f562fcc
0x3f49f55a	0x3e99999a	0x3f000000	0x3faa3722	0xbdaaeec4	0x3e3851ec	0x3f2103a6	0x3f561e33
0x3f49fbe7	0x3e99999a	0x3f000000	0x3faa3722	0xbdab0d0d	0x3e3851ec	0x3f20f66c	0x3f560c9c
0x3f4a0275	0x3e99999a	0x3f000000	0x3faa3722	0xbdab2b5d	0x3e3851ec	0x3f20e931	0x3f55fb04
0x3f4a0903	0x3e99999a	0x3f000000	0x3faa3722	0xbdab49b0	0x3e3851ec	0x3f20dbf5	0x3f55e96b
0x3f4a0f91	0x3e99999a	0x3f000000	0x3faa3722	0xbdab6806	0x3e3851ec	0x3f20ceb9	0x3f55d7d1
0x3f4a161e	0x3e99999a	0x3f000000	0x3faa3722	0xbdab865a	0x3e3851ec	0x3f20c17e	0x3f55c639
0x3f4a1cac	0x3e99999a	0x3f000000	0x3faa3722	0xbdaba4b5	0x3e3851ec	0x3f20b442	0x3f55b4a0
0x3f4a233a	0x3e99999a	0x3f000000	0x3faa3722	0xbdabc313	0x3e3851ec	0x3f20a706	0x3f55a306
0x3f4a29c7	0x3e99999a	0x3f000000	0x3faa3722	0xbdabe16f	0x3e3851ec	0x3f2099cb	0x3f55916e
0x3f4a3055	0x3e99999a	0x3f000000	0x3faa3722	0xbdabffd2	0x3e3851ec	0x3f208c8f	0x3f557fd5
0x3f4a36e3	0x3e99999a	0x3f000000	0x3faa3722	0xbdac1e38	0x3e3851ec	0x3f207f52	0x3f556e3a
0x3f4a3d71	0x3e99999a	0x3f000000	0x3faa3722	0xbdac3ca1	0x3e3851ec	0x3f207215	0x3f555ca0
0x3f4a43fe	0x3e99999a	0x3f000000	0x3faa3722	0xbdac5b07	0x3e3851ec	0x3f2064db	0x3f554b09
0x3f4a4a8c	0x3e99999a	0x3f000000	0x3faa3722	0xbdac7975	0x3e3851ec	0x3f20579e	0x3f55396e
0x3f4a511a	0x3e99999a	0x3f000000	0x3faa3722	0xbdac97e6	0x3e3851ec	0x3f204a61	0x3f5527d3
0x3f4a57a8	0x3e99999a	0x3f000000	0x3faa3722	0xbdacb659	0x3e3851ec	0x3f203d24	0x3f551639
0x3f4a5e35	0x3e99999a	0x3f000000	0x3faa3722	0xbdacd4ca	0x3e3851ec	0x3f202fe9	0x3f5504a1
0x3f4a64c3	0x3e99999a	0x3f000000	0x3faa3722	0xbdacf343	0x3e3851ec	0x3f2022ac	0x3f54f306
0x3f4a6b51	0x3e99999a	0x3f000000	0x3faa3722	0xbdad11bf	0x3e3851ec	0x3f20156e	0x3f54e16a
0x3f4a71de	0x3e99999a	0x3f000000	0x3faa3722	0xbdad3038	0x3e3851ec	0x3f200833	0x3f54cfd2
0x3f4a786c	0x3e99999a	0x3f000000	0x3faa3722	0xbdad4eb9	0x3e3851ec	0x3f1ffaf6	0x3f54be37
0x3f4a7efa	0x3e99999a	0x3f000000	0x3faa3722	0xbdad6d3c	0x3e3851ec	0x3f1fedb9	0x3f54ac9c
0x3f4a8588	0x3e99999a	0x3f000000	0x3faa3722	0xbdad8bc2	0x3e3851ec	0x3f1fe07b	0x3f549b00
0x3f4a8c15	0x3e99999a	0x3f000000	0x3faa3722	0xbdadaa46	0x3e3851ec	0x3f1fd340	0x3f548968
0x3f4a92a3	0x3e99999a	0x3f000000	0x3faa3722	0xbdadc8d2	0x3e3851ec	0x3f1fc602	0x3f5477cc
0x3f4a9931	0x3e99999a	0x3f000000	0x3faa3722	0xbdade760	0x3e3851ec	0x3f1fb8c4	0x3f546630
0x3f4a9fbe	0x3e99999a	0x3f000000	0x3faa3722	0xbdae05ec	0x3e3851ec	0x3f1fab88	0x3f545497
0x3f4aa64c	0x3e99999a	0x3f000000	0x3faa3722	0xbdae2480	0x3e3851ec	0x3f1f9e4b	0x3f5442fc
0x3f4aacda	0x3e99999a	0x3f000000	0x3faa3722	0xbdae4316	0x3e3851ec	0x3f1f910d	0x3f543160
0x3f4ab368	0x3e99999a	0x3f000000	0x3faa3722	0xbdae61af	0x3e3851ec	0x3f1f83cf	0x3f541fc4
0x3f4ab9f5	0x3e99999a	0x3f000000	0x3faa3722	0xbdae8046	0x3e3851ec	0x3f1f7693	0x3f540e2b
0x3f4ac083	0x3e99999a	0x3f000000	0x3faa3722	0xbdae9ee4	0x3e3851ec	0x3f1f6955	0x3f53fc8e
0x3f4ac711	0x3e99999a	0x3f000000	0x3faa3722	0xbdaebd85	0x3e3851ec	0x3f1f5c17	0x3f53eaf2
0x3f4acd9f	0x3e99999a	0x3f000000	0x3faa3722	0xbdaedc29	0x3e3851ec	0x3f1f4ed8	0x3f53d955
0x3f4ad42c	0x3e99999a	0x3f000000	0x3faa3722	0xbdaefaca	0x3e3851ec	0x3f1f419d	0x3f53c7bd
0x3f4adaba	0x3e99999a	0x3f000000	0x3faa3722	0xbdaf1973	0x3e3851ec	0x3f1f345e	0x3f53b620
0x3f4ae148	0x3e99999a	0x3f000000	0x3faa3722	0xbdaf381f	0x3e3851ec	0x3f1f2720	0x3f53a484
0x3f4ae7d5	0x3e99999a	0x3f000000	0x3faa3722	0xbdaf56c9	0x3e3851ec	0x3f1f19e3	0x3f5392e9
0x3f4aee63	0x3e99999a	0x3f000000	0x3faa3722	0xbdaf757a	0x3e3851ec	0x3f1f0ca5	0x3f53814d
0x3f4af4f1	0x3e99999a	0x3f000000	0x3faa3722	0xbdaf942e	0x3e3851ec	0x3f1eff66	0x3f536faf
0x3f4afb7f	0x3e99999a	0x3f000000	0x3faa3722	0xbdafb2e4	0x3e3851ec	0x3f1ef228	0x3f535e13
0x3f4b020c	0x3e99999a	0x3f000000	0x3faa3722	0xbdafd198	0x3e3851ec	0x3f1ee4eb	0x3f534c79
0x3f4b089a	0x3e99999a	0x3f000000	0x3faa3722	0xbdaff054	0x3e3851ec	0x3f1ed7ad	0x3f533add
0x3f4b0f28	0x3e99999a	0x3f000000	0x3faa3722	0xbdb00f13	0x3e3851ec	0x3f1eca6e	0x3f53293f
0x3f4b15b5	0x3e99999a	0x3f000000	0x3faa3722	0xbdb02dcf	0x3e3851ec	0x3f1ebd31	0x3f5317a5
0x3f4b1c43	0x3e99999a	0x3f000000	0x3faa3722	0xbdb04c93	0x3e3851ec	0x3f1eaff2	0x3f530607
0x3f4b22d1	0x3e99999a	0x3f000000	0x3faa3722	0xbdb06b5a	0x3e3851ec	0x3f1ea2b3	0x3f52f46a
0x3f4b295f	0x3e99999a	0x3f000000	0x3faa3722	0xbdb08a23	0x3e3851ec	0x3f1e9574	0x3f52e2cc
0x3f4b2fec	0x3e99999a	0x3f000000	0x3faa3722	0xbdb0a8ea	0x3e3851ec	0x3f1e8837	0x3f52d132
0x3f4b367a	0x3e99999a	0x3f000000	0x3faa3722	0xbdb0c7b9	0x3e3851ec	0x3f1e7af8	0x3f52bf94
0x3f4b3d08	0x3e99999a	0x3f000000	0x3faa3722	0xbdb0e68a	0x3e3851ec	0x3f1e6db9	0x3f52adf7
0x3f4b4396	0x3e99999a	0x3f000000	0x3faa3722	0xbdb1055e	0x3e3851ec	0x3f1e607a	0x3f529c5a
0x3f4b4a23	0x3e99999a	0x3f000000	0x3faa3722	0xbdb12430	0x3e3851ec	0x3f1e533d	0x3f528abf
0x3f4b50b1	0x3e99999a	0x3f000000	0x3faa3722	0xbdb14309	0x3e3851ec	0x3f1e45fe	0x3f527921
0x3f4b573f	0x3e99999a	0x3f000000	0x3faa3722	0xbdb161e5	0x3e3851ec	0x3f1e38be	0x3f526783
0x3f4b5dcc	0x3e99999a	0x3f000000	0x3faa3722	0xbdb180bf	0x3e3851ec	0x3f1e2b81	0x3f5255e8
0x3f4b645a	0x3e99999a	0x3f000000	0x3faa3722	0xbdb19fa1	0x3e3851ec	0x3f1e1e41	0x3f524449
0x3f4b6ae8	0x3e99999a	0x3f000000	0x3faa3722	0xbdb1be85	0x3e3851ec	0x3f1e1102	0x3f5232ac
0x3f4b7176	0x3e99999a	0x3f000000	0x3faa3722	0xbdb1dd6b	0x3e3851ec	0x3f1e03c3	0x3f52210f
0x3f4b7803	0x3e99999a	0x3f000000	0x3faa3722	0xbdb1fc50	0x3e3851ec	0x3f1df685	0x3f520f73
0x3f4b7e91	0x3e99999a	0x3f000000	0x3faa3722	0xbdb21b3c	0x3e3851ec	0x3f1de946	0x3f51fdd5
0x3f4b851f	0x3e99999a	0x3f000000	0x3faa3722	0xbdb23a2b	0x3e3851ec	0x3f1ddc06	0x3f51ec36
0x3f4b8bac	0x3e99999a	0x3f000000	0x3faa3722	0xbdb25918	0x3e3851ec	0x3f1dcec8	0x3f51da9a
0x3f4b923a	0x3e99999a	0x3f000000	0x3faa3722	0xbdb2780c	0x3e3851ec	0x3f1dc189	0x3f51c8fd
0x3f4b98c8	0x3e99999a	0x3f000000	0x3faa3722	0xbdb29703	0x3e3851ec	0x3f1db449	0x3f51b75e
0x3f4b9f56	0x3e99999a	0x3f000000	0x3faa3722	0xbdb2b5fc	0x3e3851ec	0x3f1da70a	0x3f51a5c1
0x3f4ba5e3	0x3e99999a	0x3f000000	0x3faa3722	0xbdb2d4f4	0x3e3851ec	0x3f1d99cc	0x3f519425
0x3f4bac71	0x3e99999a	0x3f000000	0x3faa3722	0xbdb2f3f3	0x3e3851ec	0x3f1d8c8c	0x3f518286
0x3f4bb2ff	0x3e99999a	0x3f000000	0x3faa3722	0xbdb312f5	0x3e3851ec	0x3f1d7f4c	0x3f5170e7
0x3f4bb98c	0x3e99999a	0x3f000000	0x3faa3722	0xbdb331f4	0x3e3851ec	0x3f1d720f	0x3f515f4d
0x3f4bc01a	0x3e99999a	0x3f000000	0x3faa3722	0xbdb350fb	0x3e3851ec	0x3f1d64cf	0x3f514dae
0x3f4bc6a8	0x3e99999a	0x3f000000	0x3faa3722	0xbdb37005	0x3e3851ec	0x3f1d578f	0x3f513c0f
0x3f4bcd36	0x3e99999a	0x3f000000	0x3faa3722	0xbdb38f11	0x3e3851ec	0x3f1d4a4f	0x3f512a71
0x3f4bd3c3	0x3e99999a	0x3f000000	0x3faa3722	0xbdb3ae1b	0x3e3851ec	0x3f1d3d11	0x3f5118d5
0x3f4bda51	0x3e99999a	0x3f000000	0x3faa3722	0xbdb3cd2d	0x3e3851ec	0x3f1d2fd1	0x3f510736
0x3f4be0df	0x3e99999a	0x3f000000	0x3faa3722	0xbdb3ec42	0x3e3851ec	0x3f1d2291	0x3f50f597
0x3f4be76d	0x3e99999a	0x3f000000	0x3faa3722	0xbdb40b59	0x3e3851ec	0x3f1d1551	0x3f50e3f8
0x3f4bedfa	0x3e99999a	0x3f000000	0x3faa3722	0xbdb42a6e	0x3e3851ec	0x3f1d0813	0x3f50d25c
0x3f4bf488	0x3e99999a	0x3f000000	0x3faa3722	0xbdb4498a	0x3e3851ec	0x3f1cfad2	0x3f50c0bc
0x3f4bfb16	0x3e99999a	0x3f000000	0x3faa3722	0xbdb468a9	0x3e3851ec	0x3f1ced92	0x3f50af1e
0x3f4c01a3	0x3e99999a	0x3f000000	0x3faa3722	0xbdb487c6	0x3e3851ec	0x3f1ce055	0x3f509d83
0x3f4c0831	0x3e99999a	0x3f000000	0x3faa3722	0xbdb4a6eb	0x3e3851ec	0x3f1cd314	0x3f508be3
0x3f4c0ebf	0x3e99999a	0x3f000000	0x3faa3722	0xbdb4c612	0x3e3851ec	0x3f1cc5d4	0x3f507a44
0x3f4c154d	0x3e99999a	0x3f000000	0x3faa3722	0xbdb4e53c	0x3e3851ec	0x3f1cb894	0x3f5068a6
0x3f4c1bda	0x3e99999a	0x3f000000	0x3faa3722	0xbdb50464	0x3e3851ec	0x3f1cab55	0x3f505708
0x3f4c2268	0x3e99999a	0x3f000000	0x3faa3722	0xbdb52393	0x3e3851ec	0x3f1c9e15	0x3f504569
0x3f4c28f6	0x3e99999a	0x3f000000	0x3faa3722	0xbdb542c5	0x3e3851ec	0x3f1c90d5	0x3f5033cb
0x3f4c2f83	0x3e99999a	0x3f000000	0x3faa3722	0xbdb561f5	0x3e3851ec	0x3f1c8396	0x3f50222d
0x3f4c3611	0x3e99999a	0x3f000000	0x3faa3722	0xbdb5812c	0x3e3851ec	0x3f1c7656	0x3f50108f
0x3f4c3c9f	0x3e99999a	0x3f000000	0x3faa3722	0xbdb5a066	0x3e3851ec	0x3f1c6916	0x3f4ffef0
0x3f4c432d	0x3e99999a	0x3f000000	0x3faa3722	0xbdb5bfa3	0x3e3851ec	0x3f1c5bd6	0x3f4fed51
0x3f4c49ba	0x3e99999a	0x3f000000	0x3faa3722	0xbdb5dedd	0x3e3851ec	0x3f1c4e97	0x3f4fdbb4
0x3f4c5048	0x3e99999a	0x3f000000	0x3faa3722	0xbdb5fe1f	0x3e3851ec	0x3f1c4157	0x3f4fca15
0x3f4c56d6	0x3e99999a	0x3f000000	0x3faa3722	0xbdb61d64	0x3e3851ec	0x3f1c3416	0x3f4fb875
0x3f4c5d64	0x3e99999a	0x3f000000	0x3faa3722	0xbdb63cac	0x3e3851ec	0x3f1c26d6	0x3f4fa6d6
0x3f4c63f1	0x3e99999a	0x3f000000	0x3faa3722	0xbdb65bf1	0x3e3851ec	0x3f1c1998	0x3f4f953a
0x3f4c6a7f	0x3e99999a	0x3f000000	0x3faa3722	0xbdb67b3e	0x3e3851ec	0x3f1c0c57	0x3f4f839a
0x3f4c710d	0x3e99999a	0x3f000000	0x3faa3722	0xbdb69a8d	0x3e3851ec	0x3f1bff17	0x3f4f71fc
0x3f4c779a	0x3e99999a	0x3f000000	0x3faa3722	0xbdb6b9db	0x3e3851ec	0x3f1bf1d8	0x3f4f605e
0x3f4c7e28	0x3e99999a	0x3f000000	0x3faa3722	0xbdb6d92f	0x3e3851ec	0x3f1be498	0x3f4f4ec0
0x3f4c84b6	0x3e99999a	0x3f000000	0x3faa3722	0xbdb6f887	0x3e3851ec	0x3f1bd757	0x3f4f3d1f
0x3f4c8b44	0x3e99999a	0x3f000000	0x3faa3722	0xbdb717e1	0x3e3851ec	0x3f1bca17	0x3f4f2b81
0x3f4c91d1	0x3e99999a	0x3f000000	0x3faa3722	0xbdb73739	0x3e3851ec	0x3f1bbcd8	0x3f4f19e3
0x3f4c985f	0x3e99999a	0x3f000000	0x3faa3722	0xbdb75699	0x3e3851ec	0x3f1baf98	0x3f4f0845
0x3f4c9eed	0x3e99999a	0x3f000000	0x3faa3722	0xbdb775fb	0x3e3851ec	0x3f1ba257	0x3f4ef6a5
0x3f4ca57a	0x3e99999a	0x3f000000	0x3faa3722	0xbdb7955b	0x3e3851ec	0x3f1b9519	0x3f4ee509
0x3f4cac08	0x3e99999a	0x3f000000	0x3faa3722	0xbdb7b4c3	0x3e3851ec	0x3f1b87d8	0x3f4ed369
0x3f4cb296	0x3e99999a	0x3f000000	0x3faa3722	0xbdb7d42d	0x3e3851ec	0x3f1b7a98	0x3f4ec1ca
0x3f4cb924	0x3e99999a	0x3f000000	0x3faa3722	0xbdb7f39a	0x3e3851ec	0x3f1b6d57	0x3f4eb02a
0x3f4cbfb1	0x3e99999a	0x3f000000	0x3faa3722	0xbdb81305	0x3e3851ec	0x3f1b6019	0x3f4e9e8e
0x3f4cc63f	0x3e99999a	0x3f000000	0x3faa3722	0xbdb83277	0x3e3851ec	0x3f1b52d9	0x3f4e8cef
0x3f4ccccd	0x3e99999a	0x3f000000	0x3faa3722	0xbdb851ec	0x3e3851ec	0x3f1b4598	0x3f4e7b4f
0x3f4cd35b	0x3e99999a	0x3f000000	0x3faa3722	0xbdb87164	0x3e3851ec	0x3f1b3858	0x3f4e69b0
0x3f4cd9e8	0x3e99999a	0x3f000000	0x3faa3722	0xbdb890da	0x3e3851ec	0x3f1b2b19	0x3f4e5813
0x3f4ce076	0x3e99999a	0x3f000000	0x3faa3722	0xbdb8b057	0x3e3851ec	0x3f1b1dd9	0x3f4e4674
0x3f4ce704	0x3e99999a	0x3f000000	0x3faa3722	0xbdb8cfd7	0x3e3851ec	0x3f1b1098	0x3f4e34d4
0x3f4ced91	0x3e99999a	0x3f000000	0x3faa3722	0xbdb8ef54	0x3e3851ec	0x3f1b035a	0x3f4e2338
0x3f4cf41f	0x3e99999a	0x3f000000	0x3faa3722	0xbdb90eda	0x3e3851ec	0x3f1af619	0x3f4e1198
0x3f4cfaad	0x3e99999a	0x3f000000	0x3faa3722	0xbdb92e61	0x3e3851ec	0x3f1ae8d9	0x3f4dfff9
0x3f4d013b	0x3e99999a	0x3f000000	0x3faa3722	0xbdb94dec	0x3e3851ec	0x3f1adb98	0x3f4dee59
0x3f4d07c8	0x3e99999a	0x3f000000	0x3faa3722	0xbdb96d74	0x3e3851ec	0x3f1ace59	0x3f4ddcbc
0x3f4d0e56	0x3e99999a	0x3f000000	0x3faa3722	0xbdb98d04	0x3e3851ec	0x3f1ac119	0x3f4dcb1d
0x3f4d14e4	0x3e99999a	0x3f000000	0x3faa3722	0xbdb9ac97	0x3e3851ec	0x3f1ab3d8	0x3f4db97d
0x3f4d1b71	0x3e99999a	0x3f000000	0x3faa3722	0xbdb9cc27	0x3e3851ec	0x3f1aa69a	0x3f4da7e1
0x3f4d21ff	0x3e99999a	0x3f000000	0x3faa3722	0xbdb9ebbf	0x3e3851ec	0x3f1a9959	0x3f4d9641
0x3f4d288d	0x3e99999a	0x3f000000	0x3faa3722	0xbdba0b5a	0x3e3851ec	0x3f1a8c19	0x3f4d84a2
0x3f4d2f1b	0x3e99999a	0x3f000000	0x3faa3722	0xbdba2af7	0x3e3851ec	0x3f1a7ed8	0x3f4d7302
0x3f4d35a8	0x3e99999a	0x3f000000	0x3faa3722	0xbdba4a92	0x3e3851ec	0x3f1a719a	0x3f4d6166
0x3f4d3c36	0x3e99999a	0x3f000000	0x3faa3722	0xbdba6a35	0x3e3851ec	0x3f1a6459	0x3f4d4fc6
0x3f4d42c4	0x3e99999a	0x3f000000	0x3faa3722	0xbdba89db	0x3e3851ec	0x3f1a5719	0x3f4d3e28
0x3f4d4952	0x3e99999a	0x3f000000	0x3faa3722	0xbdbaa983	0x3e3851ec	0x3f1a49d8	0x3f4d2c88
0x3f4d4fdf	0x3e99999a	0x3f000000	0x3faa3722	0xbdbac929	0x3e3851ec	0x3f1a3c9a	0x3f4d1aec
0x3f4d566d	0x3e99999a	0x3f000000	0x3faa3722	0xbdbae8d6	0x3e3851ec	0x3f1a2f5a	0x3f4d094d
0x3f4d5cfb	0x3e99999a	0x3f000000	0x3faa3722	0xbdbb0886	0x3e3851ec	0x3f1a221a	0x3f4cf7ae
0x3f4d6388	0x3e99999a	0x3f000000	0x3faa3722	0xbdbb2834	0x3e3851ec	0x3f1a14db	0x3f4ce611
0x3f4d6a16	0x3e99999a	0x3f000000	0x3faa3722	0xbdbb47ea	0x3e3851ec	0x3f1a079b	0x3f4cd472
0x3f4d70a4	0x3e99999a	0x3f000000	0x3faa3722	0xbdbb67a2	0x3e3851ec	0x3f19fa5b	0x3f4cc2d3
0x3f4d7732	0x3e99999a	0x3f000000	0x3faa3722	0xbdbb875d	0x3e3851ec	0x3f19ed1a	0x3f4cb133
0x3f4d7dbf	0x3e99999a	0x3f000000	0x3faa3722	0xbdbba715	0x3e3851ec	0x3f19dfdc	0x3f4c9f97
0x3f4d844d	0x3e99999a	0x3f000000	0x3faa3722	0xbdbbc6d6	0x3e3851ec	0x3f19d29c	0x3f4c8df9
0x3f4d8adb	0x3e99999a	0x3f000000	0x3faa3722	0xbdbbe698	0x3e3851ec	0x3f19c55c	0x3f4c7c5a
0x3f4d9168	0x3e99999a	0x3f000000	0x3faa3722	0xbdbc0659	0x3e3851ec	0x3f19b81e	0x3f4c6abe
0x3f4d97f6	0x3e99999a	0x3f000000	0x3faa3722	0xbdbc2622	0x3e3851ec	0x3f19aadd	0x3f4c591e
0x3f4d9e84	0x3e99999a	0x3f000000	0x3faa3722	0xbdbc45ec	0x3e3851ec	0x3f199d9d	0x3f4c477f
0x3f4da512	0x3e99999a	0x3f000000	0x3faa3722	0xbdbc65ba	0x3e3851ec	0x3f19905d	0x3f4c35e0
0x3f4dab9f	0x3e99999a	0x3f000000	0x3faa3722	0xbdbc8586	0x3e3851ec	0x3f19831f	0x3f4c2444
0x3f4db22d	0x3e99999a	0x3f000000	0x3faa3722	0xbdbca559	0x3e3851ec	0x3f1975df	0x3f4c12a6
0x3f4db8bb	0x3e99999a	0x3f000000	0x3faa3722	0xbdbcc52e	0x3e3851ec	0x3f19689f	0x3f4c0107
0x3f4dbf48	0x3e99999a	0x3f000000	0x3faa3722	0xbdbce502	0x3e3851ec	0x3f195b61	0x3f4bef6b
0x3f4dc5d6	0x3e99999a	0x3f000000	0x3faa3722	0xbdbd04dd	0x3e3851ec	0x3f194e21	0x3f4bddcc
0x3f4dcc64	0x3e99999a	0x3f000000	0x3faa3722	0xbdbd24bb	0x3e3851ec	0x3f1940e1	0x3f4bcc2d
0x3f4dd2f2	0x3e99999a	0x3f000000	0x3faa3722	0xbdbd449b	0x3e3851ec	0x3f1933a1	0x3f4bba8f
0x3f4dd97f	0x3e99999a	0x3f000000	0x3faa3722	0xbdbd6479	0x3e3851ec	0x3f192664	0x3f4ba8f4
0x3f4de00d	0x3e99999a	0x3f000000	0x3faa3722	0xbdbd845f	0x3e3851ec	0x3f191923	0x3f4b9754
0x3f4de69b	0x3e99999a	0x3f000000	0x3faa3722	0xbdbda448	0x3e3851ec	0x3f190be3	0x3f4b85b5
0x3f4ded29	0x3e99999a	0x3f000000	0x3faa3722	0xbdbdc433	0x3e3851ec	0x3f18fea3	0x3f4b7417
0x3f4df3b6	0x3e99999a	0x3f000000	0x3faa3722	0xbdbde41c	0x3e3851ec	0x3f18f166	0x3f4b627c
0x3f4dfa44	0x3e99999a	0x3f000000	0x3faa3722	0xbdbe040d	0x3e3851ec	0x3f18e426	0x3f4b50dd
0x3f4e00d2	0x3e99999a	0x3f000000	0x3faa3722	0xbdbe2400	0x3e3851ec	0x3f18d6e6	0x3f4b3f3e
0x3f4e075f	0x3e99999a	0x3f000000	0x3faa3722	0xbdbe43f1	0x3e3851ec	0x3f18c9a9	0x3f4b2da4
0x3f4e0ded	0x3e99999a	0x3f000000	0x3faa3722	0xbdbe63e9	0x3e3851ec	0x3f18bc69	0x3f4b1c05
0x3f4e147b	0x3e99999a	0x3f000000	0x3faa3722	0xbdbe83e5	0x3e3851ec	0x3f18af29	0x3f4b0a66
0x3f4e1b09	0x3e99999a	0x3f000000	0x3faa3722	0xbdbea3e3	0x3e3851ec	0x3f18a1ea	0x3f4af8c9
0x3f4e2196	0x3e99999a	0x3f000000	0x3faa3722	0xbdbec3df	0x3e3851ec	0x3f1894ac	0x3f4ae72d
0x3f4e2824	0x3e99999a	0x3f000000	0x3faa3722	0xbdbee3e2	0x3e3851ec	0x3f18876d	0x3f4ad58f
0x3f4e2eb2	0x3e99999a	0x3f000000	0x3faa3722	0xbdbf03e8	0x3e3851ec	0x3f187a2d	0x3f4ac3f1
0x3f4e353f	0x3e99999a	0x3f000000	0x3faa3722	0xbdbf23ec	0x3e3851ec	0x3f186cf0	0x3f4ab256
0x3f4e3bcd	0x3e99999a	0x3f000000	0x3faa3722	0xbdbf43f7	0x3e3851ec	0x3f185fb0	0x3f4aa0b7
0x3f4e425b	0x3e99999a	0x3f000000	0x3faa3722	0xbdbf6405	0x3e3851ec	0x3f185271	0x3f4a8f1a
0x3f4e48e9	0x3e99999a	0x3f000000	0x3faa3722	0xbdbf8416	0x3e3851ec	0x3f184532	0x3f4a7d7d
0x3f4e4f76	0x3e99999a	0x3f000000	0x3faa3722	0xbdbfa425	0x3e3851ec	0x3f1837f5	0x3f4a6be2
0x3f4e5604	0x3e99999a	0x3f000000	0x3faa3722	0xbdbfc43b	0x3e3851ec	0x3f182ab6	0x3f4a5a44
0x3f4e5c92	0x3e99999a	0x3f000000	0x3faa3722	0xbdbfe454	0x3e3851ec	0x3f181d76	0x3f4a48a6
0x3f4e6320	0x3e99999a	0x3f000000	0x3faa3722	0xbdc0046f	0x3e3851ec	0x3f181037	0x3f4a3708
0x3f4e69ad	0x3e99999a	0x3f000000	0x3faa3722	0xbdc02488	0x3e3851ec	0x3f1802fb	0x3f4a256f
0x3f4e703b	0x3e99999a	0x3f000000	0x3faa3722	0xbdc044a9	0x3e3851ec	0x3f17f5bb	0x3f4a13d0
0x3f4e76c9	0x3e99999a	0x3f000000	0x3faa3722	0xbdc064cd	0x3e3851ec	0x3f17e87c	0x3f4a0233
0x3f4e7d56	0x3e99999a	0x3f000000	0x3faa3722	0xbdc084ee	0x3e3851ec	0x3f17db3f	0x3f49f098
0x3f4e83e4	0x3e99999a	0x3f000000	0x3faa3722	0xbdc0a517	0x3e3851ec	0x3f17ce01	0x3f49defc
0x3f4e8a72	0x3e99999a	0x3f000000	0x3faa3722	0xbdc0c543	0x3e3851ec	0x3f17c0c1	0x3f49cd5d
0x3f4e9100	0x3e99999a	0x3f000000	0x3faa3722	0xbdc0e571	0x3e3851ec	0x3f17b383	0x3f49bbc1
0x3f4e978d	0x3e99999a	0x3f000000	0x3faa3722	0xbdc1059d	0x3e3851ec	0x3f17a646	0x3f49aa27
0x3f4e9e1b	0x3e99999a	0x3f000000	0x3faa3722	0xbdc125d1	0x3e3851ec	0x3f179907	0x3f499889
0x3f4ea4a9	0x3e99999a	0x3f000000	0x3faa3722	0xbdc14607	0x3e3851ec	0x3f178bc9	0x3f4986ed
0x3f4eab36	0x3e99999a	0x3f000000	0x3faa3722	0xbdc1663b	0x3e3851ec	0x3f177e8d	0x3f497554
0x3f4eb1c4	0x3e99999a	0x3f000000	0x3faa3722	0xbdc18677	0x3e3851ec	0x3f17714e	0x3f4963b7
0x3f4eb852	0x3e99999a	0x3f000000	0x3faa3722	0xbdc1a6b5	0x3e3851ec	0x3f17640f	0x3f495219
0x3f4ebee0	0x3e99999a	0x3f000000	0x3faa3722	0xbdc1c6f7	0x3e3851ec	0x3f1756d1	0x3f49407d
0x3f4ec56d	0x3e99999a	0x3f000000	0x3faa3722	0xbdc1e735	0x3e3851ec	0x3f174995	0x3f492ee4
0x3f4ecbfb	0x3e99999a	0x3f000000	0x3faa3722	0xbdc2077c	0x3e3851ec	0x3f173c56	0x3f491d46
0x3f4ed289	0x3e99999a	0x3f000000	0x3faa3722	0xbdc227c5	0x3e3851ec	0x3f172f18	0x3f490baa
0x3f4ed917	0x3e99999a	0x3f000000	0x3faa3722	0xbdc24811	0x3e3851ec	0x3f1721da	0x3f48fa0e
0x3f4edfa4	0x3e99999a	0x3f000000	0x3faa3722	0xbdc2685a	0x3e3851ec	0x3f17149e	0x3f48e875
0x3f4ee632	0x3e99999a	0x3f000000	0x3faa3722	0xbdc288ac	0x3e3851ec	0x3f170760	0x3f48d6d9
0x3f4eecc0	0x3e99999a	0x3f000000	0x3faa3722	0xbdc2a900	0x3e3851ec	0x3f16fa21	0x3f48c53b
0x3f4ef34d	0x3e99999a	0x3f000000	0x3faa3722	0xbdc2c951	0x3e3851ec	0x3f16ece6	0x3f48b3a3
0x3f4ef9db	0x3e99999a	0x3f000000	0x3faa3722	0xbdc2e9aa	0x3e3851ec	0x3f16dfa9	0x3f48a209
0x3f4f0069	0x3e99999a	0x3f000000	0x3faa3722	0xbdc30a06	0x3e3851ec	0x3f16d26b	0x3f48906d
0x3f4f06f7	0x3e99999a	0x3f000000	0x3faa3722	0xbdc32a65	0x3e3851ec	0x3f16c52d	0x3f487ed1
0x3f4f0d84	0x3e99999a	0x3f000000	0x3faa3722	0xbdc34ac1	0x3e3851ec	0x3f16b7f1	0x3f486d37
0x3f4f1412	0x3e99999a	0x3f000000	0x3faa3722	0xbdc36b25	0x3e3851ec	0x3f16aab4	0x3f485b9c
0x3f4f1aa0	0x3e99999a	0x3f000000	0x3faa3722	0xbdc38b8c	0x3e3851ec	0x3f169d76	0x3f484a00
0x3f4f212d	0x3e99999a	0x3f000000	0x3faa3722	0xbdc3abf1	0x3e3851ec	0x3f16903a	0x3f483867
0x3f4f27bb	0x3e99999a	0x3f000000	0x3faa3722	0xbdc3cc5d	0x3e3851ec	0x3f1682fc	0x3f4826cb
0x3f4f2e49	0x3e99999a	0x3f000000	0x3faa3722	0xbdc3eccb	0x3e3851ec	0x3f1675c0	0x3f481532
0x3f4f34d7	0x3e99999a	0x3f000000	0x3faa3722	0xbdc40d3d	0x3e3851ec	0x3f166882	0x3f480396
0x3f4f3b64	0x3e99999a	0x3f000000	0x3faa3722	0xbdc42dac	0x3e3851ec	0x3f165b47	0x3f47f1fd
0x3f4f41f2	0x3e99999a	0x3f000000	0x3faa3722	0xbdc44e23	0x3e3851ec	0x3f164e0a	0x3f47e063
0x3f4f4880	0x3e99999a	0x3f000000	0x3faa3722	0xbdc46e9c	0x3e3851ec	0x3f1640cd	0x3f47cec8
0x3f4f4f0e	0x3e99999a	0x3f000000	0x3faa3722	0xbdc48f18	0x3e3851ec	0x3f163390	0x3f47bd2d
0x3f4f559b	0x3e99999a	0x3f000000	0x3faa3722	0xbdc4af92	0x3e3851ec	0x3f162655	0x3f47ab95
0x3f4f5c29	0x3e99999a	0x3f000000	0x3faa3722	0xbdc4d014	0x3e3851ec	0x3f161918	0x3f4799fb
0x3f4f62b7	0x3e99999a	0x3f000000	0x3faa3722	0xbdc4f098	0x3e3851ec	0x3f160bdb	0x3f478860
0x3f4f6944	0x3e99999a	0x3f000000	0x3faa3722	0xbdc5111a	0x3e3851ec	0x3f15fea1	0x3f4776c9
0x3f4f6fd2	0x3e99999a	0x3f000000	0x3faa3722	0xbdc531a4	0x3e3851ec	0x3f15f164	0x3f47652e
0x3f4f7660	0x3e99999a	0x3f000000	0x3faa3722	0xbdc55230	0x3e3851ec	0x3f15e427	0x3f475394
0x3f4f7cee	0x3e99999a	0x3f000000	0x3faa3722	0xbdc572bf	0x3e3851ec	0x3f15d6eb	0x3f4741fa
0x3f4f837b	0x3e99999a	0x3f000000	0x3faa3722	0xbdc5934c	0x3e3851ec	0x3f15c9b0	0x3f473062
0x3f4f8a09	0x3e99999a	0x3f000000	0x3faa3722	0xbdc5b3e0	0x3e3851ec	0x3f15bc75	0x3f471eca
0x3f4f9097	0x3e99999a	0x3f000000	0x3faa3722	0xbdc5d477	0x3e3851ec	0x3f15af38	0x3f470d2f
0x3f4f9724	0x3e99999a	0x3f000000	0x3faa3722	0xbdc5f50c	0x3e3851ec	0x3f15a1fe	0x3f46fb99
0x3f4f9db2	0x3e99999a	0x3f000000	0x3faa3722	0xbdc615a8	0x3e3851ec	0x3f1594c2	0x3f46e9ff
0x3f4fa440	0x3e99999a	0x3f000000	0x3faa3722	0xbdc63647	0x3e3851ec	0x3f158786	0x3f46d866
0x3f4faace	0x3e99999a	0x3f000000	0x3faa3722	0xbdc656e9	0x3e3851ec	0x3f157a4a	0x3f46c6cd
0x3f4fb15b	0x3e99999a	0x3f000000	0x3faa3722	0xbdc67788	0x3e3851ec	0x3f156d10	0x3f46b536
0x3f4fb7e9	0x3e99999a	0x3f000000	0x3faa3722	0xbdc6982f	0x3e3851ec	0x3f155fd5	0x3f46a39e
0x3f4fbe77	0x3e99999a	0x3f000000	0x3faa3722	0xbdc6b8d9	0x3e3851ec	0x3f155299	0x3f469204
0x3f4fc505	0x3e99999a	0x3f000000	0x3faa3722	0xbdc6d986	0x3e3851ec	0x3f15455e	0x3f46806c
0x3f4fcb92	0x3e99999a	0x3f000000	0x3faa3722	0xbdc6fa30	0x3e3851ec	0x3f153824	0x3f466ed6
0x3f4fd220	0x3e99999a	0x3f000000	0x3faa3722	0xbdc71ae2	0x3e3851ec	0x3f152ae8	0x3f465d3c
0x3f4fd8ae	0x3e99999a	0x3f000000	0x3faa3722	0xbdc73b96	0x3e3851ec	0x3f151dad	0x3f464ba4
0x3f4fdf3b	0x3e99999a	0x3f000000	0x3faa3722	0xbdc75c49	0x3e3851ec	0x3f151074	0x3f463a0f
0x3f4fe5c9	0x3e99999a	0x3f000000	0x3faa3722	0xbdc77d02	0x3e3851ec	0x3f150339	0x3f462877
0x3f4fec57	0x3e99999a	0x3f000000	0x3faa3722	0xbdc79dbf	0x3e3851ec	0x3f14f5fe	0x3f4616df
0x3f4ff2e5	0x3e99999a	0x3f000000	0x3faa3722	0xbdc7be7e	0x3e3851ec	0x3f14e8c3	0x3f460547
0x3f4ff972	0x3e99999a	0x3f000000	0x3faa3722	0xbdc7df3b	0x3e3851ec	0x3f14db8a	0x3f45f3b1
0x3f500000	0x3e99999a	0x3f000000	0x3faa3722	0xbdc80000	0x3e3851ec	0x3f14ce4f	0x3f45e219
0x3f50068e	0x3e99999a	0x3f000000	0x3faa3722	0xbdc820c7	0x3e3851ec	0x3f14c115	0x3f45d082
0x3f500d1b	0x3e99999a	0x3f000000	0x3faa3722	0xbdc8418c	0x3e3851ec	0x3f14b3dc	0x3f45beed
0x3f5013a9	0x3e99999a	0x3f000000	0x3faa3722	0xbdc86259	0x3e3851ec	0x3f14a6a2	0x3f45ad56
0x3f501a37	0x3e99999a	0x3f000000	0x3faa3722	0xbdc88328	0x3e3851ec	0x3f149967	0x3f459bbe
0x3f5020c5	0x3e99999a	0x3f000000	0x3faa3722	0xbdc8a3fb	0x3e3851ec	0x3f148c2d	0x3f458a27
0x3f502752	0x3e99999a	0x3f000000	0x3faa3722	0xbdc8c4ca	0x3e3851ec	0x3f147ef5	0x3f457893
0x3f502de0	0x3e99999a	0x3f000000	0x3faa3722	0xbdc8e5a2	0x3e3851ec	0x3f1471bb	0x3f4566fd
0x3f50346e	0x3e99999a	0x3f000000	0x3faa3722	0xbdc9067c	0x3e3851ec	0x3f146480	0x3f455565
0x3f503afb	0x3e99999a	0x3f000000	0x3faa3722	0xbdc92754	0x3e3851ec	0x3f145748	0x3f4543d1
0x3f504189	0x3e99999a	0x3f000000	0x3faa3722	0xbdc94833	0x3e3851ec	0x3f144a0f	0x3f45323b
0x3f504817	0x3e99999a	0x3f000000	0x3faa3722	0xbdc96915	0x3e3851ec	0x3f143cd5	0x3f4520a4
0x3f504ea5	0x3e99999a	0x3f000000	0x3faa3722	0xbdc989fa	0x3e3851ec	0x3f142f9c	0x3f450f0f
0x3f505532	0x3e99999a	0x3f000000	0x3faa3722	0xbdc9aadd	0x3e3851ec	0x3f142264	0x3f44fd7b
0x3f505bc0	0x3e99999a	0x3f000000	0x3faa3722	0xbdc9cbc7	0x3e3851ec	0x3f14152b	0x3f44ebe6
0x3f50624e	0x3e99999a	0x3f000000	0x3faa3722	0xbdc9ecb4	0x3e3851ec	0x3f1407f1	0x3f44da4f
0x3f5068dc	0x3e99999a	0x3f000000	0x3faa3722	0xbdca0da4	0x3e3851ec	0x3f13fab8	0x3f44c8b9
0x3f506f69	0x3e99999a	0x3f000000	0x3faa3722	0xbdca2e91	0x3e3851ec	0x3f13ed81	0x3f44b727
0x3f5075f7	0x3e99999a	0x3f000000	0x3faa3722	0xbdca4f86	0x3e3851ec	0x3f13e048	0x3f44a591
0x3f507c85	0x3e99999a	0x3f000000	0x3faa3722	0xbdca707e	0x3e3851ec	0x3f13d30f	0x3f4493fc
0x3f508312	0x3e99999a	0x3f000000	0x3faa3722	0xbdca9173	0x3e3851ec	0x3f13c5d8	0x3f448269
0x3f5089a0	0x3e99999a	0x3f000000	0x3faa3722	0xbdcab270	0x3e3851ec	0x3f13b8a0	0x3f4470d5
0x3f50902e	0x3e99999a	0x3f000000	0x3faa3722	0xbdcad370	0x3e3851ec	0x3f13ab67	0x3f445f40
0x3f5096bc	0x3e99999a	0x3f000000	0x3faa3722	0xbdcaf472	0x3e3851ec	0x3f139e2f	0x3f444dac
0x3f509d49	0x3e99999a	0x3f000000	0x3faa3722	0xbdcb1572	0x3e3851ec	0x3f1390f8	0x3f443c19
0x3f50a3d7	0x3e99999a	0x3f000000	0x3faa3722	0xbdcb367a	0x3e3851ec	0x3f1383c0	0x3f442a85
0x3f50aa65	0x3e99999a	0x3f000000	0x3faa3722	0xbdcb5784	0x3e3851ec	0x3f137688	0x3f4418f1
0x3f50b0f2	0x3e99999a	0x3f000000	0x3faa3722	0xbdcb788c	0x3e3851ec	0x3f136952	0x3f44075f
0x3f50b780	0x3e99999a	0x3f000000	0x3faa3722	0xbdcb999c	0x3e3851ec	0x3f135c1a	0x3f43f5cb
0x3f50be0e	0x3e99999a	0x3f000000	0x3faa3722	0xbdcbbaaf	0x3e3851ec	0x3f134ee2	0x3f43e437
0x3f50c49c	0x3e99999a	0x3f000000	0x3faa3722	0xbdcbdbc4	0x3e3851ec	0x3f1341aa	0x3f43d2a3
0x3f50cb29	0x3e99999a	0x3f000000	0x3faa3722	0xbdcbfcd7	0x3e3851ec	0x3f133475	0x3f43c113
0x3f50d1b7	0x3e99999a	0x3f000000	0x3faa3722	0xbdcc1df1	0x3e3851ec	0x3f13273e	0x3f43af80
0x3f50d845	0x3e99999a	0x3f000000	0x3faa3722	0xbdcc3f0f	0x3e3851ec	0x3f131a06	0x3f439dec
0x3f50ded3	0x3e99999a	0x3f000000	0x3faa3722	0xbdcc602f	0x3e3851ec	0x3f130ccf	0x3f438c59
0x3f50e560	0x3e99999a	0x3f000000	0x3faa3722	0xbdcc814c	0x3e3851ec	0x3f12ff9a	0x3f437ac9
0x3f50ebee	0x3e99999a	0x3f000000	0x3faa3722	0xbdcca271	0x3e3851ec	0x3f12f263	0x3f436937
0x3f50f27c	0x3e99999a	0x3f000000	0x3faa3722	0xbdccc399	0x3e3851ec	0x3f12e52c	0x3f4357a4
0x3f50f909	0x3e99999a	0x3f000000	0x3faa3722	0xbdcce4bf	0x3e3851ec	0x3f12d7f7	0x3f434614
0x3f50ff97	0x3e99999a	0x3f000000	0x3faa3722	0xbdcd05ec	0x3e3851ec	0x3f12cac1	0x3f433482
0x3f510625	0x3e99999a	0x3f000000	0x3faa3722	0xbdcd271c	0x3e3851ec	0x3f12bd8a	0x3f4322f0
0x3f510cb3	0x3e99999a	0x3f000000	0x3faa3722	0xbdcd484f	0x3e3851ec	0x3f12b054	0x3f43115e
0x3f511340	0x3e99999a	0x3f000000	0x3faa3722	0xbdcd6980	0x3e3851ec	0x3f12a31f	0x3f42ffce
0x3f5119ce	0x3e99999a	0x3f000000	0x3faa3722	0xbdcd8ab8	0x3e3851ec	0x3f1295e9	0x3f42ee3d
0x3f51205c	0x3e99999a	0x3f000000	0x3faa3722	0xbdcdabf2	0x3e3851ec	0x3f1288b4	0x3f42dcad
0x3f5126e9	0x3e99999a	0x3f000000	0x3faa3722	0xbdcdcd2b	0x3e3851ec	0x3f127b7f	0x3f42cb1d
0x3f512d77	0x3e99999a	0x3f000000	0x3faa3722	0xbdcdee6b	0x3e3851ec	0x3f126e49	0x3f42b98b
0x3f513405	0x3e99999a	0x3f000000	0x3faa3722	0xbdce0fae	0x3e3851ec	0x3f126114	0x3f42a7fb
0x3f513a93	0x3e99999a	0x3f000000	0x3faa3722	0xbdce30f3	0x3e3851ec	0x3f1253de	0x3f42966a
0x3f514120	0x3e99999a	0x3f000000	0x3faa3722	0xbdce5237	0x3e3851ec	0x3f1246ab	0x3f4284dc
0x3f5147ae	0x3e99999a	0x3f000000	0x3faa3722	0xbdce7381	0x3e3851ec	0x3f123976	0x3f42734c
0x3f514e3c	0x3e99999a	0x3f000000	0x3faa3722	0xbdce94cf	0x3e3851ec	0x3f122c41	0x3f4261bc
0x3f5154ca	0x3e99999a	0x3f000000	0x3faa3722	0xbdceb61f	0x3e3851ec	0x3f121f0b	0x3f42502b
0x3f515b57	0x3e99999a	0x3f000000	0x3faa3722	0xbdced76d	0x3e3851ec	0x3f1211d9	0x3f423e9f
0x3f5161e5	0x3e99999a	0x3f000000	0x3faa3722	0xbdcef8c3	0x3e3851ec	0x3f1204a4	0x3f422d0f
0x3f516873	0x3e99999a	0x3f000000	0x3faa3722	0xbdcf1a1b	0x3e3851ec	0x3f11f76f	0x3f421b7f
0x3f516f00	0x3e99999a	0x3f000000	0x3faa3722	0xbdcf3b71	0x3e3851ec	0x3f11ea3d	0x3f4209f2
0x3f51758e	0x3e99999a	0x3f000000	0x3faa3722	0xbdcf5ccf	0x3e3851ec	0x3f11dd08	0x3f41f862
0x3f517c1c	0x3e99999a	0x3f000000	0x3faa3722	0xbdcf7e2f	0x3e3851ec	0x3f11cfd4	0x3f41e6d4
0x3f5182aa	0x3e99999a	0x3f000000	0x3faa3722	0xbdcf9f92	0x3e3851ec	0x3f11c2a0	0x3f41d545
0x3f518937	0x3e99999a	0x3f000000	0x3faa3722	0xbdcfc0f3	0x3e3851ec	0x3f11b56e	0x3f41c3b9
0x3f518fc5	0x3e99999a	0x3f000000	0x3faa3722	0xbdcfe25b	0x3e3851ec	0x3f11a83a	0x3f41b22a
0x3f519653	0x3e99999a	0x3f000000	0x3faa3722	0xbdd003c6	0x3e3851ec	0x3f119b06	0x3f41a09b
0x3f519ce0	0x3e99999a	0x3f000000	0x3faa3722	0xbdd0252f	0x3e3851ec	0x3f118dd5	0x3f418f10
0x3f51a36e	0x3e99999a	0x3f000000	0x3faa3722	0xbdd046a0	0x3e3851ec	0x3f1180a1	0x3f417d82
0x3f51a9fc	0x3e99999a	0x3f000000	0x3faa3722	0xbdd06813	0x3e3851ec	0x3f11736e	0x3f416bf4
0x3f51b08a	0x3e99999a	0x3f000000	0x3faa3722	0xbdd08989	0x3e3851ec	0x3f11663b	0x3f415a67
0x3f51b717	0x3e99999a	0x3f000000	0x3faa3722	0xbdd0aafc	0x3e3851ec	0x3f11590a	0x3f4148dc
0x3f51bda5	0x3e99999a	0x3f000000	0x3faa3722	0xbdd0cc77	0x3e3851ec	0x3f114bd7	0x3f41374f
0x3f51c433	0x3e99999a	0x3f000000	0x3faa3722	0xbdd0edf5	0x3e3851ec	0x3f113ea5	0x3f4125c3
0x3f51cac1	0x3e99999a	0x3f000000	0x3faa3722	0xbdd10f76	0x3e3851ec	0x3f113172	0x3f411435
0x3f51d14e	0x3e99999a	0x3f000000	0x3faa3722	0xbdd130f4	0x3e3851ec	0x3f112441	0x3f4102aa
0x3f51d7dc	0x3e99999a	0x3f000000	0x3faa3722	0xbdd1527a	0x3e3851ec	0x3f11170f	0x3f40f11e
0x3f51de6a	0x3e99999a	0x3f000000	0x3faa3722	0xbdd17403	0x3e3851ec	0x3f1109dd	0x3f40df92
0x3f51e4f7	0x3e99999a	0x3f000000	0x3faa3722	0xbdd19589	0x3e3851ec	0x3f10fcad	0x3f40ce09
0x3f51eb85	0x3e99999a	0x3f000000	0x3faa3722	0xbdd1b717	0x3e3851ec	0x3f10ef7b	0x3f40bc7d
0x3f51f213	0x3e99999a	0x3f000000	0x3faa3722	0xbdd1d8a7	0x3e3851ec	0x3f10e249	0x3f40aaf1
0x3f51f8a1	0x3e99999a	0x3f000000	0x3faa3722	0xbdd1fa3b	0x3e3851ec	0x3f10d518	0x3f409966
0x3f51ff2e	0x3e99999a	0x3f000000	0x3faa3722	0xbdd21bcc	0x3e3851ec	0x3f10c7e8	0x3f4087dc
0x3f5205bc	0x3e99999a	0x3f000000	0x3faa3722	0xbdd23d65	0x3e3851ec	0x3f10bab7	0x3f407652
0x3f520c4a	0x3e99999a	0x3f000000	0x3faa3722	0xbdd25f00	0x3e3851ec	0x3f10ad86	0x3f4064c7
0x3f5212d7	0x3e99999a	0x3f000000	0x3faa3722	0xbdd28099	0x3e3851ec	0x3f10a057	0x3f40533f
0x3f521965	0x3e99999a	0x3f000000	0x3faa3722	0xbdd2a23a	0x3e3851ec	0x3f109326	0x3f4041b4
0x3f521ff3	0x3e99999a	0x3f000000	0x3faa3722	0xbdd2c3dd	0x3e3851ec	0x3f1085f6	0x3f40302b
0x3f522681	0x3e99999a	0x3f000000	0x3faa3722	0xbdd2e583	0x3e3851ec	0x3f1078c5	0x3f401ea0
0x3f522d0e	0x3e99999a	0x3f000000	0x3faa3722	0xbdd30727	0x3e3851ec	0x3f106b96	0x3f400d18
0x3f52339c	0x3e99999a	0x3f000000	0x3faa3722	0xbdd328d3	0x3e3851ec	0x3f105e66	0x3f3ffb8e
0x3f523a2a	0x3e99999a	0x3f000000	0x3faa3722	0xbdd34a81	0x3e3851ec	0x3f105136	0x3f3fea05
0x3f5240b8	0x3e99999a	0x3f000000	0x3faa3722	0xbdd36c32	0x3e3851ec	0x3f104406	0x3f3fd87c
0x3f524745	0x3e99999a	0x3f000000	0x3faa3722	0xbdd38de0	0x3e3851ec	0x3f1036d9	0x3f3fc6f6
0x3f524dd3	0x3e99999a	0x3f000000	0x3faa3722	0xbdd3af97	0x3e3851ec	0x3f1029a9	0x3f3fb56d
0x3f525461	0x3e99999a	0x3f000000	0x3faa3722	0xbdd3d150	0x3e3851ec	0x3f101c79	0x3f3fa3e3
0x3f525aee	0x3e99999a	0x3f000000	0x3faa3722	0xbdd3f306	0x3e3851ec	0x3f100f4c	0x3f3f925e
0x3f52617c	0x3e99999a	0x3f000000	0x3faa3722	0xbdd414c4	0x3e3851ec	0x3f10021d	0x3f3f80d6
0x3f52680a	0x3e99999a	0x3f000000	0x3faa3722	0xbdd43686	0x3e3851ec	0x3f0ff4ee	0x3f3f6f4e
0x3f526e98	0x3e99999a	0x3f000000	0x3faa3722	0xbdd45849	0x3e3851ec	0x3f0fe7bf	0x3f3f5dc5
0x3f527525	0x3e99999a	0x3f000000	0x3faa3722	0xbdd47a0a	0x3e3851ec	0x3f0fda93	0x3f3f4c41
0x3f527bb3	0x3e99999a	0x3f000000	0x3faa3722	0xbdd49bd4	0x3e3851ec	0x3f0fcd64	0x3f3f3ab9
0x3f528241	0x3e99999a	0x3f000000	0x3faa3722	0xbdd4bd9f	0x3e3851ec	0x3f0fc035	0x3f3f2931
0x3f5288ce	0x3e99999a	0x3f000000	0x3faa3722	0xbdd4df69	0x3e3851ec	0x3f0fb309	0x3f3f17ad
0x3f528f5c	0x3e99999a	0x3f000000	0x3faa3722	0xbdd5013a	0x3e3851ec	0x3f0fa5db	0x3f3f0626
0x3f5295ea	0x3e99999a	0x3f000000	0x3faa3722	0xbdd5230e	0x3e3851ec	0x3f0f98ad	0x3f3ef4a0
0x3f529c78	0x3e99999a	0x3f000000	0x3faa3722	0xbdd544e4	0x3e3851ec	0x3f0f8b80	0x3f3ee31a
0x3f52a305	0x3e99999a	0x3f000000	0x3faa3722	0xbdd566b8	0x3e3851ec	0x3f0f7e55	0x3f3ed197
0x3f52a993	0x3e99999a	0x3f000000	0x3faa3722	0xbdd58894	0x3e3851ec	0x3f0f7127	0x3f3ec011
0x3f52b021	0x3e99999a	0x3f000000	0x3faa3722	0xbdd5aa73	0x3e3851ec	0x3f0f63fa	0x3f3eae8b
0x3f52b6ae	0x3e99999a	0x3f000000	0x3faa3722	0xbdd5cc4f	0x3e3851ec	0x3f0f56ce	0x3f3e9d07
0x3f52bd3c	0x3e99999a	0x3f000000	0x3faa3722	0xbdd5ee33	0x3e3851ec	0x3f0f49a2	0x3f3e8b83
0x3f52c3ca	0x3e99999a	0x3f000000	0x3faa3722	0xbdd61019	0x3e3851ec	0x3f0f3c75	0x3f3e79fd
0x3f52ca58	0x3e99999a	0x3f000000	0x3faa3722	0xbdd63202	0x3e3851ec	0x3f0f2f49	0x3f3e6879
0x3f52d0e5	0x3e99999a	0x3f000000	0x3faa3722	0xbdd653e9	0x3e3851ec	0x3f0f221e	0x3f3e56f7
0x3f52d773	0x3e99999a	0x3f000000	0x3faa3722	0xbdd675d8	0x3e3851ec	0x3f0f14f2	0x3f3e4572
0x3f52de01	0x3e99999a	0x3f000000	0x3faa3722	0xbdd697c9	0x3e3851ec	0x3f0f07c6	0x3f3e33ee
0x3f52e48f	0x3e99999a	0x3f000000	0x3faa3722	0xbdd6b9bd	0x3e3851ec	0x3f0efa9a	0x3f3e226a
0x3f52eb1c	0x3e99999a	0x3f000000	0x3faa3722	0xbdd6dbaf	0x3e3851ec	0x3f0eed71	0x3f3e10ea
0x3f52f1aa	0x3e99999a	0x3f000000	0x3faa3722	0xbdd6fda8	0x3e3851ec	0x3f0ee045	0x3f3dff66
0x3f52f838	0x3e99999a	0x3f000000	0x3faa3722	0xbdd71fa4	0x3e3851ec	0x3f0ed31a	0x3f3dede3
0x3f52fec5	0x3e99999a	0x3f000000	0x3faa3722	0xbdd7419e	0x3e3851ec	0x3f0ec5f0	0x3f3ddc62
0x3f530553	0x3e99999a	0x3f000000	0x3faa3722	0xbdd7639f	0x3e3851ec	0x3f0eb8c6	0x3f3dcae0
0x3f530be1	0x3e99999a	0x3f000000	0x3faa3722	0xbdd785a4	0x3e3851ec	0x3f0eab9a	0x3f3db95c
0x3f53126f	0x3e99999a	0x3f000000	0x3faa3722	0xbdd7a7aa	0x3e3851ec	0x3f0e9e70	0x3f3da7db
0x3f5318fc	0x3e99999a	0x3f000000	0x3faa3722	0xbdd7c9af	0x3e3851ec	0x3f0e9148	0x3f3d965c
0x3f531f8a	0x3e99999a	0x3f000000	0x3faa3722	0xbdd7ebbb	0x3e3851ec	0x3f0e841d	0x3f3d84d9
0x3f532618	0x3e99999a	0x3f000000	0x3faa3722	0xbdd80dca	0x3e3851ec	0x3f0e76f3	0x3f3d7358
0x3f532ca5	0x3e99999a	0x3f000000	0x3faa3722	0xbdd82fd6	0x3e3851ec	0x3f0e69cb	0x3f3d61d9
0x3f533333	0x3e99999a	0x3f000000	0x3faa3722	0xbdd851ea	0x3e3851ec	0x3f0e5ca2	0x3f3d5059
0x3f5339c1	0x3e99999a	0x3f000000	0x3faa3722	0xbdd87401	0x3e3851ec	0x3f0e4f78	0x3f3d3ed7
0x3f53404f	0x3e99999a	0x3f000000	0x3faa3722	0xbdd8961b	0x3e3851ec	0x3f0e424f	0x3f3d2d57
0x3f5346dc	0x3e99999a	0x3f000000	0x3faa3722	0xbdd8b832	0x3e3851ec	0x3f0e3528	0x3f3d1bda
0x3f534d6a	0x3e99999a	0x3f000000	0x3faa3722	0xbdd8da51	0x3e3851ec	0x3f0e27ff	0x3f3d0a5a
0x3f5353f8	0x3e99999a	0x3f000000	0x3faa3722	0xbdd8fc73	0x3e3851ec	0x3f0e1ad6	0x3f3cf8d9
0x3f535a86	0x3e99999a	0x3f000000	0x3faa3722	0xbdd91e97	0x3e3851ec	0x3f0e0dad	0x3f3ce759
0x3f536113	0x3e99999a	0x3f000000	0x3faa3722	0xbdd940b9	0x3e3851ec	0x3f0e0086	0x3f3cd5dc
0x3f5367a1	0x3e99999a	0x3f000000	0x3faa3722	0xbdd962e3	0x3e3851ec	0x3f0df35e	0x3f3cc45d
0x3f536e2f	0x3e99999a	0x3f000000	0x3faa3722	0xbdd9850f	0x3e3851ec	0x3f0de636	0x3f3cb2de
0x3f5374bc	0x3e99999a	0x3f000000	0x3faa3722	0xbdd9a739	0x3e3851ec	0x3f0dd910	0x3f3ca162
0x3f537b4a	0x3e99999a	0x3f000000	0x3faa3722	0xbdd9c96b	0x3e3851ec	0x3f0dcbe8	0x3f3c8fe3
0x3f5381d8	0x3e99999a	0x3f000000	0x3faa3722	0xbdd9eb9f	0x3e3851ec	0x3f0dbec1	0x3f3c7e66
0x3f538866	0x3e99999a	0x3f000000	0x3faa3722	0xbdda0dd7	0x3e3851ec	0x3f0db199	0x3f3c6ce7
0x3f538ef3	0x3e99999a	0x3f000000	0x3faa3722	0xbdda300b	0x3e3851ec	0x3f0da474	0x3f3c5b6c
0x3f539581	0x3e99999a	0x3f000000	0x3faa3722	0xbdda5248	0x3e3851ec	0x3f0d974d	0x3f3c49ef
0x3f539c0f	0x3e99999a	0x3f000000	0x3faa3722	0xbdda7487	0x3e3851ec	0x3f0d8a26	0x3f3c3871
0x3f53a29c	0x3e99999a	0x3f000000	0x3faa3722	0xbdda96c4	0x3e3851ec	0x3f0d7d01	0x3f3c26f7
0x3f53a92a	0x3e99999a	0x3f000000	0x3faa3722	0xbddab908	0x3e3851ec	0x3f0d6fdc	0x3f3c157c
0x3f53afb8	0x3e99999a	0x3f000000	0x3faa3722	0xbddadb4f	0x3e3851ec	0x3f0d62b5	0x3f3c03fe
0x3f53b646	0x3e99999a	0x3f000000	0x3faa3722	0xbddafd99	0x3e3851ec	0x3f0d558f	0x3f3bf282
0x3f53bcd3	0x3e99999a	0x3f000000	0x3faa3722	0xbddb1fe1	0x3e3851ec	0x3f0d486b	0x3f3be109
0x3f53c361	0x3e99999a	0x3f000000	0x3faa3722	0xbddb4230	0x3e3851ec	0x3f0d3b45	0x3f3bcf8d
0x3f53c9ef	0x3e99999a	0x3f000000	0x3faa3722	0xbddb6482	0x3e3851ec	0x3f0d2e20	0x3f3bbe12
0x3f53d07d	0x3e99999a	0x3f000000	0x3faa3722	0xbddb86d7	0x3e3851ec	0x3f0d20fb	0x3f3bac97
0x3f53d70a	0x3e99999a	0x3f000000	0x3faa3722	0xbddba929	0x3e3851ec	0x3f0d13d8	0x3f3b9b1f
0x3f53dd98	0x3e99999a	0x3f000000	0x3faa3722	0xbddbcb83	0x3e3851ec	0x3f0d06b3	0x3f3b89a4
0x3f53e426	0x3e99999a	0x3f000000	0x3faa3722	0xbddbede0	0x3e3851ec	0x3f0cf98e	0x3f3b7829
0x3f53eab3	0x3e99999a	0x3f000000	0x3faa3722	0xbddc103a	0x3e3851ec	0x3f0cec6c	0x3f3b66b2
0x3f53f141	0x3e99999a	0x3f000000	0x3faa3722	0xbddc329c	0x3e3851ec	0x3f0cdf48	0x3f3b5539
0x3f53f7cf	0x3e99999a	0x3f000000	0x3faa3722	0xbddc5501	0x3e3851ec	0x3f0cd224	0x3f3b43c0
0x3f53fe5d	0x3e99999a	0x3f000000	0x3faa3722	0xbddc7768	0x3e3851ec	0x3f0cc500	0x3f3b3246
0x3f5404ea	0x3e99999a	0x3f000000	0x3faa3722	0xbddc99cd	0x3e3851ec	0x3f0cb7de	0x3f3b20cf
0x3f540b78	0x3e99999a	0x3f000000	0x3faa3722	0xbddcbc3a	0x3e3851ec	0x3f0caabb	0x3f3b0f57
0x3f541206	0x3e99999a	0x3f000000	0x3faa3722	0xbddcdeaa	0x3e3851ec	0x3f0c9d97	0x3f3afdde
0x3f541893	0x3e99999a	0x3f000000	0x3faa3722	0xbddd0117	0x3e3851ec	0x3f0c9076	0x3f3aec68
0x3f541f21	0x3e99999a	0x3f000000	0x3faa3722	0xbddd238c	0x3e3851ec	0x3f0c8353	0x3f3adaf0
0x3f5425af	0x3e99999a	0x3f000000	0x3faa3722	0xbddd4603	0x3e3851ec	0x3f0c7631	0x3f3ac979
0x3f542c3d	0x3e99999a	0x3f000000	0x3faa3722	0xbddd687d	0x3e3851ec	0x3f0c690f	0x3f3ab802
0x3f5432ca	0x3e99999a	0x3f000000	0x3faa3722	0xbddd8af5	0x3e3851ec	0x3f0c5bee	0x3f3aa68d
0x3f543958	0x3e99999a	0x3f000000	0x3faa3722	0xbdddad75	0x3e3851ec	0x3f0c4ecc	0x3f3a9516
0x3f543fe6	0x3e99999a	0x3f000000	0x3faa3722	0xbdddcff7	0x3e3851ec	0x3f0c41aa	0x3f3a839f
0x3f544674	0x3e99999a	0x3f000000	0x3faa3722	0xbdddf27c	0x3e3851ec	0x3f0c3489	0x3f3a722a
0x3f544d01	0x3e99999a	0x3f000000	0x3faa3722	0xbdde14ff	0x3e3851ec	0x3f0c2769	0x3f3a60b6
0x3f54538f	0x3e99999a	0x3f000000	0x3faa3722	0xbdde3789	0x3e3851ec	0x3f0c1a48	0x3f3a4f40
0x3f545a1d	0x3e99999a	0x3f000000	0x3faa3722	0xbdde5a16	0x3e3851ec	0x3f0c0d27	0x3f3a3dcb
0x3f5460aa	0x3e99999a	0x3f000000	0x3faa3722	0xbdde7ca0	0x3e3851ec	0x3f0c0009	0x3f3a2c59
0x3f546738	0x3e99999a	0x3f000000	0x3faa3722	0xbdde9f33	0x3e3851ec	0x3f0bf2e8	0x3f3a1ae4
0x3f546dc6	0x3e99999a	0x3f000000	0x3faa3722	0xbddec1c8	0x3e3851ec	0x3f0be5c8	0x3f3a0970
0x3f547454	0x3e99999a	0x3f000000	0x3faa3722	0xbddee460	0x3e3851ec	0x3f0bd8a8	0x3f39f7fb
0x3f547ae1	0x3e99999a	0x3f000000	0x3faa3722	0xbddf06f5	0x3e3851ec	0x3f0bcb8a	0x3f39e68a
0x3f54816f	0x3e99999a	0x3f000000	0x3faa3722	0xbddf2992	0x3e3851ec	0x3f0bbe6a	0x3f39d516
0x3f5487fd	0x3e99999a	0x3f000000	0x3faa3722	0xbddf4c32	0x3e3851ec	0x3f0bb14b	0x3f39c3a3
0x3f548e8a	0x3e99999a	0x3f000000	0x3faa3722	0xbddf6ecf	0x3e3851ec	0x3f0ba42d	0x3f39b231
0x3f549518	0x3e99999a	0x3f000000	0x3faa3722	0xbddf9175	0x3e3851ec	0x3f0b970e	0x3f39a0bf
0x3f549ba6	0x3e99999a	0x3f000000	0x3faa3722	0xbddfb41d	0x3e3851ec	0x3f0b89ef	0x3f398f4c
0x3f54a234	0x3e99999a	0x3f000000	0x3faa3722	0xbddfd6c7	0x3e3851ec	0x3f0b7cd1	0x3f397dda
0x3f54a8c1	0x3e99999a	0x3f000000	0x3faa3722	0xbddff96f	0x3e3851ec	0x3f0b6fb4	0x3f396c6a
0x3f54af4f	0x3e99999a	0x3f000000	0x3faa3722	0xbde01c1f	0x3e3851ec	0x3f0b6296	0x3f395af9
0x3f54b5dd	0x3e99999a	0x3f000000	0x3faa3722	0xbde03ed2	0x3e3851ec	0x3f0b5578	0x3f394987
0x3f54bc6a	0x3e99999a	0x3f000000	0x3faa3722	0xbde06182	0x3e3851ec	0x3f0b485c	0x3f393818
0x3f54c2f8	0x3e99999a	0x3f000000	0x3faa3722	0xbde0843a	0x3e3851ec	0x3f0b3b3f	0x3f3926a8
0x3f54c986	0x3e99999a	0x3f000000	0x3faa3722	0xbde0a6f5	0x3e3851ec	0x3f0b2e21	0x3f391537
0x3f54d014	0x3e99999a	0x3f000000	0x3faa3722	0xbde0c9b2	0x3e3851ec	0x3f0b2105	0x3f3903c8
0x3f54d6a1	0x3e99999a	0x3f000000	0x3faa3722	0xbde0ec6d	0x3e3851ec	0x3f0b13e9	0x3f38f259
0x3f54dd2f	0x3e99999a	0x3f000000	0x3faa3722	0xbde10f30	0x3e3851ec	0x3f0b06cc	0x3f38e0e9
0x3f54e3bd	0x3e99999a	0x3f000000	0x3faa3722	0xbde131f5	0x3e3851ec	0x3f0af9b0	0x3f38cf7a
0x3f54ea4b	0x3e99999a	0x3f000000	0x3faa3722	0xbde154bd	0x3e3851ec	0x3f0aec94	0x3f38be0b
0x3f54f0d8	0x3e99999a	0x3f000000	0x3faa3722	0xbde17783	0x3e3851ec	0x3f0adf7a	0x3f38ac9f
0x3f54f766	0x3e99999a	0x3f000000	0x3faa3722	0xbde19a50	0x3e3851ec	0x3f0ad25e	0x3f389b30
0x3f54fdf4	0x3e99999a	0x3f000000	0x3faa3722	0xbde1bd20	0x3e3851ec	0x3f0ac543	0x3f3889c3
0x3f550481	0x3e99999a	0x3f000000	0x3faa3722	0xbde1dfee	0x3e3851ec	0x3f0ab82a	0x3f387858
0x3f550b0f	0x3e99999a	0x3f000000	0x3faa3722	0xbde202c4	0x3e3851ec	0x3f0aab0f	0x3f3866ea
0x3f55119d	0x3e99999a	0x3f000000	0x3faa3722	0xbde2259c	0x3e3851ec	0x3f0a9df4	0x3f38557d
0x3f55182b	0x3e99999a	0x3f000000	0x3faa3722	0xbde24877	0x3e3851ec	0x3f0a90d9	0x3f38440f
0x3f551eb8	0x3e99999a	0x3f000000	0x3faa3722	0xbde26b4f	0x3e3851ec	0x3f0a83c1	0x3f3832a6
0x3f552546	0x3e99999a	0x3f000000	0x3faa3722	0xbde28e2f	0x3e3851ec	0x3f0a76a7	0x3f38213a
0x3f552bd4	0x3e99999a	0x3f000000	0x3faa3722	0xbde2b112	0x3e3851ec	0x3f0a698d	0x3f380fcd
0x3f553261	0x3e99999a	0x3f000000	0x3faa3722	0xbde2d3f3	0x3e3851ec	0x3f0a5c75	0x3f37fe64
0x3f5538ef	0x3e99999a	0x3f000000	0x3faa3722	0xbde2f6db	0x3e3851ec	0x3f0a4f5c	0x3f37ecf9
0x3f553f7d	0x3e99999a	0x3f000000	0x3faa3722	0xbde319c6	0x3e3851ec	0x3f0a4242	0x3f37db8d
0x3f55460b	0x3e99999a	0x3f000000	0x3faa3722	0xbde33cb4	0x3e3851ec	0x3f0a352a	0x3f37ca23
0x3f554c98	0x3e99999a	0x3f000000	0x3faa3722	0xbde35f9f	0x3e3851ec	0x3f0a2813	0x3f37b8bb
0x3f555326	0x3e99999a	0x3f000000	0x3faa3722	0xbde38292	0x3e3851ec	0x3f0a1afa	0x3f37a750
0x3f5559b4	0x3e99999a	0x3f000000	0x3faa3722	0xbde3a588	0x3e3851ec	0x3f0a0de1	0x3f3795e5
0x3f556042	0x3e99999a	0x3f000000	0x3faa3722	0xbde3c880	0x3e3851ec	0x3f0a00ca	0x3f37847d
0x3f5566cf	0x3e99999a	0x3f000000	0x3faa3722	0xbde3eb76	0x3e3851ec	0x3f09f3b4	0x3f377316
0x3f556d5d	0x3e99999a	0x3f000000	0x3faa3722	0xbde40e74	0x3e3851ec	0x3f09e69d	0x3f3761ae
0x3f5573eb	0x3e99999a	0x3f000000	0x3faa3722	0xbde43174	0x3e3851ec	0x3f09d985	0x3f375045
0x3f557a78	0x3e99999a	0x3f000000	0x3faa3722	0xbde45472	0x3e3851ec	0x3f09cc70	0x3f373edf
0x3f558106	0x3e99999a	0x3f000000	0x3faa3722	0xbde47778	0x3e3851ec	0x3f09bf59	0x3f372d77
0x3f558794	0x3e99999a	0x3f000000	0x3faa3722	0xbde49a81	0x3e3851ec	0x3f09b243	0x3f371c10
0x3f558e22	0x3e99999a	0x3f000000	0x3faa3722	0xbde4bd8c	0x3e3851ec	0x3f09a52c	0x3f370aa8
0x3f5594af	0x3e99999a	0x3f000000	0x3faa3722	0xbde4e095	0x3e3851ec	0x3f099818	0x3f36f944
0x3f559b3d	0x3e99999a	0x3f000000	0x3faa3722	0xbde503a5	0x3e3851ec	0x3f098b02	0x3f36e7dd
0x3f55a1cb	0x3e99999a	0x3f000000	0x3faa3722	0xbde526b8	0x3e3851ec	0x3f097ded	0x3f36d677
0x3f55a858	0x3e99999a	0x3f000000	0x3faa3722	0xbde549c9	0x3e3851ec	0x3f0970d9	0x3f36c513
0x3f55aee6	0x3e99999a	0x3f000000	0x3faa3722	0xbde56ce2	0x3e3851ec	0x3f0963c4	0x3f36b3ae
0x3f55b574	0x3e99999a	0x3f000000	0x3faa3722	0xbde58ffd	0x3e3851ec	0x3f0956af	0x3f36a248
0x3f55bc02	0x3e99999a	0x3f000000	0x3faa3722	0xbde5b31b	0x3e3851ec	0x3f09499a	0x3f3690e3
0x3f55c28f	0x3e99999a	0x3f000000	0x3faa3722	0xbde5d637	0x3e3851ec	0x3f093c88	0x3f367f81
0x3f55c91d	0x3e99999a	0x3f000000	0x3faa3722	0xbde5f95a	0x3e3851ec	0x3f092f74	0x3f366e1d
0x3f55cfab	0x3e99999a	0x3f000000	0x3faa3722	0xbde61c80	0x3e3851ec	0x3f092260	0x3f365cb9
0x3f55d639	0x3e99999a	0x3f000000	0x3faa3722	0xbde63fa9	0x3e3851ec	0x3f09154c	0x3f364b55
0x3f55dcc6	0x3e99999a	0x3f000000	0x3faa3722	0xbde662cf	0x3e3851ec	0x3f09083b	0x3f3639f4
0x3f55e354	0x3e99999a	0x3f000000	0x3faa3722	0xbde685fd	0x3e3851ec	0x3f08fb28	0x3f362891
0x3f55e9e2	0x3e99999a	0x3f000000	0x3faa3722	0xbde6a92e	0x3e3851ec	0x3f08ee14	0x3f36172d
0x3f55f06f	0x3e99999a	0x3f000000	0x3faa3722	0xbde6cc5c	0x3e3851ec	0x3f08e104	0x3f3605ce
0x3f55f6fd	0x3e99999a	0x3f000000	0x3faa3722	0xbde6ef92	0x3e3851ec	0x3f08d3f2	0x3f35f46d
0x3f55fd8b	0x3e99999a	0x3f000000	0x3faa3722	0xbde712cb	0x3e3851ec	0x3f08c6e0	0x3f35e30b
0x3f560419	0x3e99999a	0x3f000000	0x3faa3722	0xbde73607	0x3e3851ec	0x3f08b9cd	0x3f35d1a8
0x3f560aa6	0x3e99999a	0x3f000000	0x3faa3722	0xbde75940	0x3e3851ec	0x3f08acbe	0x3f35c04b
0x3f561134	0x3e99999a	0x3f000000	0x3faa3722	0xbde77c81	0x3e3851ec	0x3f089fac	0x3f35aee9
0x3f5617c2	0x3e99999a	0x3f000000	0x3faa3722	0xbde79fc4	0x3e3851ec	0x3f08929b	0x3f359d89
0x3f561e4f	0x3e99999a	0x3f000000	0x3faa3722	0xbde7c305	0x3e3851ec	0x3f08858d	0x3f358c2d
0x3f5624dd	0x3e99999a	0x3f000000	0x3faa3722	0xbde7e64e	0x3e3851ec	0x3f08787c	0x3f357acd
0x3f562b6b	0x3e99999a	0x3f000000	0x3faa3722	0xbde8099a	0x3e3851ec	0x3f086b6b	0x3f35696d
0x3f5631f9	0x3e99999a	0x3f000000	0x3faa3722	0xbde82ce8	0x3e3851ec	0x3f085e5b	0x3f35580e
0x3f563886	0x3e99999a	0x3f000000	0x3faa3722	0xbde85034	0x3e3851ec	0x3f08514d	0x3f3546b1
0x3f563f14	0x3e99999a	0x3f000000	0x3faa3722	0xbde87388	0x3e3851ec	0x3f08443e	0x3f353554
0x3f5645a2	0x3e99999a	0x3f000000	0x3faa3722	0xbde896de	0x3e3851ec	0x3f08372e	0x3f3523f5
0x3f564c30	0x3e99999a	0x3f000000	0x3faa3722	0xbde8ba37	0x3e3851ec	0x3f082a1f	0x3f351297
0x3f5652bd	0x3e99999a	0x3f000000	0x3faa3722	0xbde8dd8e	0x3e3851ec	0x3f081d12	0x3f35013d
0x3f56594b	0x3e99999a	0x3f000000	0x3faa3722	0xbde900ec	0x3e3851ec	0x3f081004	0x3f34efe0
0x3f565fd9	0x3e99999a	0x3f000000	0x3faa3722	0xbde9244d	0x3e3851ec	0x3f0802f6	0x3f34de84
0x3f566666	0x3e99999a	0x3f000000	0x3faa3722	0xbde947ac	0x3e3851ec	0x3f07f5e9	0x3f34cd29
0x3f566cf4	0x3e99999a	0x3f000000	0x3faa3722	0xbde96b12	0x3e3851ec	0x3f07e8dc	0x3f34bbce
0x3f567382	0x3e99999a	0x3f000000	0x3faa3722	0xbde98e7c	0x3e3851ec	0x3f07dbce	0x3f34aa72
0x3f567a10	0x3e99999a	0x3f000000	0x3faa3722	0xbde9b1e8	0x3e3851ec	0x3f07cec1	0x3f349917
0x3f56809d	0x3e99999a	0x3f000000	0x3faa3722	0xbde9d551	0x3e3851ec	0x3f07c1b6	0x3f3487bf
0x3f56872b	0x3e99999a	0x3f000000	0x3faa3722	0xbde9f8c2	0x3e3851ec	0x3f07b4a9	0x3f347664
0x3f568db9	0x3e99999a	0x3f000000	0x3faa3722	0xbdea1c36	0x3e3851ec	0x3f07a79d	0x3f34650b
0x3f569446	0x3e99999a	0x3f000000	0x3faa3722	0xbdea3fa7	0x3e3851ec	0x3f079a92	0x3f3453b2
0x3f569ad4	0x3e99999a	0x3f000000	0x3faa3722	0xbdea6321	0x3e3851ec	0x3f078d87	0x3f34425a
0x3f56a162	0x3e99999a	0x3f000000	0x3faa3722	0xbdea869d	0x3e3851ec	0x3f07807b	0x3f343101
0x3f56a7f0	0x3e99999a	0x3f000000	0x3faa3722	0xbdeaaa1b	0x3e3851ec	0x3f07736f	0x3f341fa7
0x3f56ae7d	0x3e99999a	0x3f000000	0x3faa3722	0xbdeacd97	0x3e3851ec	0x3f076666	0x3f340e51
0x3f56b50b	0x3e99999a	0x3f000000	0x3faa3722	0xbdeaf11b	0x3e3851ec	0x3f07595b	0x3f33fcf9
0x3f56bb99	0x3e99999a	0x3f000000	0x3faa3722	0xbdeb14a2	0x3e3851ec	0x3f074c51	0x3f33eba2
0x3f56c227	0x3e99999a	0x3f000000	0x3faa3722	0xbdeb382c	0x3e3851ec	0x3f073f46	0x3f33da4a
0x3f56c8b4	0x3e99999a	0x3f000000	0x3faa3722	0xbdeb5bb2	0x3e3851ec	0x3f07323f	0x3f33c8f7
0x3f56cf42	0x3e99999a	0x3f000000	0x3faa3722	0xbdeb7f41	0x3e3851ec	0x3f072535	0x3f33b7a0
0x3f56d5d0	0x3e99999a	0x3f000000	0x3faa3722	0xbdeba2d3	0x3e3851ec	0x3f07182b	0x3f33a649
0x3f56dc5d	0x3e99999a	0x3f000000	0x3faa3722	0xbdebc661	0x3e3851ec	0x3f070b24	0x3f3394f6
0x3f56e2eb	0x3e99999a	0x3f000000	0x3faa3722	0xbdebe9f8	0x3e3851ec	0x3f06fe1b	0x3f3383a1
0x3f56e979	0x3e99999a	0x3f000000	0x3faa3722	0xbdec0d92	0x3e3851ec	0x3f06f112	0x3f33724b
0x3f56f007	0x3e99999a	0x3f000000	0x3faa3722	0xbdec312e	0x3e3851ec	0x3f06e40a	0x3f3360f7
0x3f56f694	0x3e99999a	0x3f000000	0x3faa3722	0xbdec54c8	0x3e3851ec	0x3f06d704	0x3f334fa6
0x3f56fd22	0x3e99999a	0x3f000000	0x3faa3722	0xbdec7869	0x3e3851ec	0x3f06c9fc	0x3f333e51
0x3f5703b0	0x3e99999a	0x3f000000	0x3faa3722	0xbdec9c0d	0x3e3851ec	0x3f06bcf5	0x3f332cfe
0x3f570a3d	0x3e99999a	0x3f000000	0x3faa3722	0xbdecbfaf	0x3e3851ec	0x3f06afef	0x3f331bad
0x3f5710cb	0x3e99999a	0x3f000000	0x3faa3722	0xbdece359	0x3e3851ec	0x3f06a2e8	0x3f330a5a
0x3f571759	0x3e99999a	0x3f000000	0x3faa3722	0xbded0705	0x3e3851ec	0x3f0695e1	0x3f32f907
0x3f571de7	0x3e99999a	0x3f000000	0x3faa3722	0xbded2ab4	0x3e3851ec	0x3f0688db	0x3f32e7b5
0x3f572474	0x3e99999a	0x3f000000	0x3faa3722	0xbded4e60	0x3e3851ec	0x3f067bd7	0x3f32d666
0x3f572b02	0x3e99999a	0x3f000000	0x3faa3722	0xbded7215	0x3e3851ec	0x3f066ed1	0x3f32c515
0x3f573190	0x3e99999a	0x3f000000	0x3faa3722	0xbded95cc	0x3e3851ec	0x3f0661cb	0x3f32b3c3
0x3f57381d	0x3e99999a	0x3f000000	0x3faa3722	0xbdedb980	0x3e3851ec	0x3f0654c8	0x3f32a276
0x3f573eab	0x3e99999a	0x3f000000	0x3faa3722	0xbdeddd3d	0x3e3851ec	0x3f0647c3	0x3f329125
0x3f574539	0x3e99999a	0x3f000000	0x3faa3722	0xbdee00fc	0x3e3851ec	0x3f063abe	0x3f327fd5
0x3f574bc7	0x3e99999a	0x3f000000	0x3faa3722	0xbdee24be	0x3e3851ec	0x3f062db9	0x3f326e85
0x3f575254	0x3e99999a	0x3f000000	0x3faa3722	0xbdee487d	0x3e3851ec	0x3f0620b7	0x3f325d39
0x3f5758e2	0x3e99999a	0x3f000000	0x3faa3722	0xbdee6c44	0x3e3851ec	0x3f0613b4	0x3f324beb
0x3f575f70	0x3e99999a	0x3f000000	0x3faa3722	0xbdee900e	0x3e3851ec	0x3f0606b0	0x3f323a9c
0x3f5765fe	0x3e99999a	0x3f000000	0x3faa3722	0xbdeeb3da	0x3e3851ec	0x3f05f9ad	0x3f32294f
0x3f576c8b	0x3e99999a	0x3f000000	0x3faa3722	0xbdeed7a4	0x3e3851ec	0x3f05ecac	0x3f321804
0x3f577319	0x3e99999a	0x3f000000	0x3faa3722	0xbdeefb76	0x3e3851ec	0x3f05dfa9	0x3f3206b6
0x3f5779a7	0x3e99999a	0x3f000000	0x3faa3722	0xbdef1f4b	0x3e3851ec	0x3f05d2a6	0x3f31f569
0x3f578034	0x3e99999a	0x3f000000	0x3faa3722	0xbdef431c	0x3e3851ec	0x3f05c5a6	0x3f31e41f
0x3f5786c2	0x3e99999a	0x3f000000	0x3faa3722	0xbdef66f6	0x3e3851ec	0x3f05b8a5	0x3f31d2d4
0x3f578d50	0x3e99999a	0x3f000000	0x3faa3722	0xbdef8ad3	0x3e3851ec	0x3f05aba3	0x3f31c188
0x3f5793de	0x3e99999a	0x3f000000	0x3faa3722	0xbdefaeb2	0x3e3851ec	0x3f059ea2	0x3f31b03d
0x3f579a6b	0x3e99999a	0x3f000000	0x3faa3722	0xbdefd28f	0x3e3851ec	0x3f0591a2	0x3f319ef3
0x3f57a0f9	0x3e99999a	0x3f000000	0x3faa3722	0xbdeff674	0x3e3851ec	0x3f0584a2	0x3f318daa
0x3f57a787	0x3e99999a	0x3f000000	0x3faa3722	0xbdf01a5b	0x3e3851ec	0x3f0577a1	0x3f317c5f
0x3f57ae14	0x3e99999a	0x3f000000	0x3faa3722	0xbdf03e40	0x3e3851ec	0x3f056aa3	0x3f316b18
0x3f57b4a2	0x3e99999a	0x3f000000	0x3faa3722	0xbdf0622d	0x3e3851ec	0x3f055da3	0x3f3159ce
0x3f57bb30	0x3e99999a	0x3f000000	0x3faa3722	0xbdf0861c	0x3e3851ec	0x3f0550a4	0x3f314886
0x3f57c1be	0x3e99999a	0x3f000000	0x3faa3722	0xbdf0aa0e	0x3e3851ec	0x3f0543a5	0x3f31373e
0x3f57c84b	0x3e99999a	0x3f000000	0x3faa3722	0xbdf0cdfd	0x3e3851ec	0x3f0536a8	0x3f3125f8
0x3f57ced9	0x3e99999a	0x3f000000	0x3faa3722	0xbdf0f1f5	0x3e3851ec	0x3f0529a9	0x3f3114b0
0x3f57d567	0x3e99999a	0x3f000000	0x3faa3722	0xbdf115ef	0x3e3851ec	0x3f051cab	0x3f310369
0x3f57dbf5	0x3e99999a	0x3f000000	0x3faa3722	0xbdf139ec	0x3e3851ec	0x3f050fac	0x3f30f221
0x3f57e282	0x3e99999a	0x3f000000	0x3faa3722	0xbdf15de6	0x3e3851ec	0x3f0502b1	0x3f30e0de
0x3f57e910	0x3e99999a	0x3f000000	0x3faa3722	0xbdf181e8	0x3e3851ec	0x3f04f5b3	0x3f30cf97
0x3f57ef9e	0x3e99999a	0x3f000000	0x3faa3722	0xbdf1a5ed	0x3e3851ec	0x3f04e8b7	0x3f30be52
0x3f57f62b	0x3e99999a	0x3f000000	0x3faa3722	0xbdf1c9f0	0x3e3851ec	0x3f04dbbb	0x3f30ad0e
0x3f57fcb9	0x3e99999a	0x3f000000	0x3faa3722	0xbdf1edfa	0x3e3851ec	0x3f04cebf	0x3f309bca
0x3f580347	0x3e99999a	0x3f000000	0x3faa3722	0xbdf21207	0x3e3851ec	0x3f04c1c3	0x3f308a86
0x3f5809d5	0x3e99999a	0x3f000000	0x3faa3722	0xbdf23617	0x3e3851ec	0x3f04b4c7	0x3f307941
0x3f581062	0x3e99999a	0x3f000000	0x3faa3722	0xbdf25a23	0x3e3851ec	0x3f04a7cd	0x3f306800
0x3f5816f0	0x3e99999a	0x3f000000	0x3faa3722	0xbdf27e38	0x3e3851ec	0x3f049ad2	0x3f3056bd
0x3f581d7e	0x3e99999a	0x3f000000	0x3faa3722	0xbdf2a250	0x3e3851ec	0x3f048dd7	0x3f30457a
0x3f58240b	0x3e99999a	0x3f000000	0x3faa3722	0xbdf2c665	0x3e3851ec	0x3f0480de	0x3f303439
0x3f582a99	0x3e99999a	0x3f000000	0x3faa3722	0xbdf2ea82	0x3e3851ec	0x3f0473e4	0x3f3022f8
0x3f583127	0x3e99999a	0x3f000000	0x3faa3722	0xbdf30ea2	0x3e3851ec	0x3f0466e9	0x3f3011b5
0x3f5837b5	0x3e99999a	0x3f000000	0x3faa3722	0xbdf332c4	0x3e3851ec	0x3f0459f0	0x3f300075
0x3f583e42	0x3e99999a	0x3f000000	0x3faa3722	0xbdf356e4	0x3e3851ec	0x3f044cf8	0x3f2fef36
0x3f5844d0	0x3e99999a	0x3f000000	0x3faa3722	0xbdf37b0c	0x3e3851ec	0x3f043fff	0x3f2fddf5
0x3f584b5e	0x3e99999a	0x3f000000	0x3faa3722	0xbdf39f37	0x3e3851ec	0x3f043306	0x3f2fccb5
0x3f5851ec	0x3e99999a	0x3f000000	0x3faa3722	0xbdf3c364	0x3e3851ec	0x3f04260d	0x3f2fbb75
0x3f585879	0x3e99999a	0x3f000000	0x3faa3722	0xbdf3e78e	0x3e3851ec	0x3f041917	0x3f2faa38
0x3f585f07	0x3e99999a	0x3f000000	0x3faa3722	0xbdf40bc1	0x3e3851ec	0x3f040c1f	0x3f2f98f9
0x3f586595	0x3e99999a	0x3f000000	0x3faa3722	0xbdf42ff6	0x3e3851ec	0x3f03ff28	0x3f2f87bc
0x3f586c22	0x3e99999a	0x3f000000	0x3faa3722	0xbdf45428	0x3e3851ec	0x3f03f232	0x3f2f7680
0x3f5872b0	0x3e99999a	0x3f000000	0x3faa3722	0xbdf47863	0x3e3851ec	0x3f03e53b	0x3f2f6542
0x3f58793e	0x3e99999a	0x3f000000	0x3faa3722	0xbdf49ca0	0x3e3851ec	0x3f03d845	0x3f2f5406
0x3f587fcc	0x3e99999a	0x3f000000	0x3faa3722	0xbdf4c0e0	0x3e3851ec	0x3f03cb4e	0x3f2f42c8
0x3f588659	0x3e99999a	0x3f000000	0x3faa3722	0xbdf4e51e	0x3e3851ec	0x3f03be5a	0x3f2f318e
0x3f588ce7	0x3e99999a	0x3f000000	0x3faa3722	0xbdf50963	0x3e3851ec	0x3f03b164	0x3f2f2052
0x3f589375	0x3e99999a	0x3f000000	0x3faa3722	0xbdf52dab	0x3e3851ec	0x3f03a46f	0x3f2f0f17
0x3f589a02	0x3e99999a	0x3f000000	0x3faa3722	0xbdf551f0	0x3e3851ec	0x3f03977c	0x3f2efddf
0x3f58a090	0x3e99999a	0x3f000000	0x3faa3722	0xbdf5763e	0x3e3851ec	0x3f038a87	0x3f2eeca4
0x3f58a71e	0x3e99999a	0x3f000000	0x3faa3722	0xbdf59a8e	0x3e3851ec	0x3f037d93	0x3f2edb6a
0x3f58adac	0x3e99999a	0x3f000000	0x3faa3722	0xbdf5bee1	0x3e3851ec	0x3f03709e	0x3f2eca2f
0x3f58b439	0x3e99999a	0x3f000000	0x3faa3722	0xbdf5e331	0x3e3851ec	0x3f0363ad	0x3f2eb8f9
0x3f58bac7	0x3e99999a	0x3f000000	0x3faa3722	0xbdf60789	0x3e3851ec	0x3f0356b9	0x3f2ea7c0
0x3f58c155	0x3e99999a	0x3f000000	0x3faa3722	0xbdf62be4	0x3e3851ec	0x3f0349c6	0x3f2e9688
0x3f58c7e3	0x3e99999a	0x3f000000	0x3faa3722	0xbdf65041	0x3e3851ec	0x3f033cd3	0x3f2e854f
0x3f58ce70	0x3e99999a	0x3f000000	0x3faa3722	0xbdf6749c	0x3e3851ec	0x3f032fe3	0x3f2e741b
0x3f58d4fe	0x3e99999a	0x3f000000	0x3faa3722	0xbdf698ff	0x3e3851ec	0x3f0322f0	0x3f2e62e3
0x3f58db8c	0x3e99999a	0x3f000000	0x3faa3722	0xbdf6bd64	0x3e3851ec	0x3f0315ff	0x3f2e51ad
0x3f58e219	0x3e99999a	0x3f000000	0x3faa3722	0xbdf6e1c7	0x3e3851ec	0x3f03090f	0x3f2e4079
0x3f58e8a7	0x3e99999a	0x3f000000	0x3faa3722	0xbdf70632	0x3e3851ec	0x3f02fc1e	0x3f2e2f43
0x3f58ef35	0x3e99999a	0x3f000000	0x3faa3722	0xbdf72aa0	0x3e3851ec	0x3f02ef2c	0x3f2e1e0c
0x3f58f5c3	0x3e99999a	0x3f000000	0x3faa3722	0xbdf74f10	0x3e3851ec	0x3f02e23c	0x3f2e0cd8
0x3f58fc50	0x3e99999a	0x3f000000	0x3faa3722	0xbdf7737d	0x3e3851ec	0x3f02d54e	0x3f2dfba6
0x3f5902de	0x3e99999a	0x3f000000	0x3faa3722	0xbdf797f3	0x3e3851ec	0x3f02c85e	0x3f2dea72
0x3f59096c	0x3e99999a	0x3f000000	0x3faa3722	0xbdf7bc6c	0x3e3851ec	0x3f02bb6e	0x3f2dd93d
0x3f590ff9	0x3e99999a	0x3f000000	0x3faa3722	0xbdf7e0e1	0x3e3851ec	0x3f02ae81	0x3f2dc80d
0x3f591687	0x3e99999a	0x3f000000	0x3faa3722	0xbdf8055f	0x3e3851ec	0x3f02a191	0x3f2db6d9
0x3f591d15	0x3e99999a	0x3f000000	0x3faa3722	0xbdf829df	0x3e3851ec	0x3f0294a3	0x3f2da5a7
0x3f5923a3	0x3e99999a	0x3f000000	0x3faa3722	0xbdf84e62	0x3e3851ec	0x3f0287b5	0x3f2d9475
0x3f592a30	0x3e99999a	0x3f000000	0x3faa3722	0xbdf872e3	0x3e3851ec	0x3f027ac9	0x3f2d8346
0x3f5930be	0x3e99999a	0x3f000000	0x3faa3722	0xbdf8976b	0x3e3851ec	0x3f026ddb	0x3f2d7215
0x3f59374c	0x3e99999a	0x3f000000	0x3faa3722	0xbdf8bbf6	0x3e3851ec	0x3f0260ee	0x3f2d60e4
0x3f593dd9	0x3e99999a	0x3f000000	0x3faa3722	0xbdf8e07f	0x3e3851ec	0x3f025402	0x3f2d4fb5
0x3f594467	0x3e99999a	0x3f000000	0x3faa3722	0xbdf9050f	0x3e3851ec	0x3f024716	0x3f2d3e86
0x3f594af5	0x3e99999a	0x3f000000	0x3faa3722	0xbdf929a2	0x3e3851ec	0x3f023a29	0x3f2d2d56
0x3f595183	0x3e99999a	0x3f000000	0x3faa3722	0xbdf94e38	0x3e3851ec	0x3f022d3e	0x3f2d1c28
0x3f595810	0x3e99999a	0x3f000000	0x3faa3722	0xbdf972cb	0x3e3851ec	0x3f022054	0x3f2d0afc
0x3f595e9e	0x3e99999a	0x3f000000	0x3faa3722	0xbdf99767	0x3e3851ec	0x3f021368	0x3f2cf9cd
0x3f59652c	0x3e99999a	0x3f000000	0x3faa3722	0xbdf9bc05	0x3e3851ec	0x3f02067d	0x3f2ce89f
0x3f596bba	0x3e99999a	0x3f000000	0x3faa3722	0xbdf9e0a5	0x3e3851ec	0x3f01f993	0x3f2cd773
0x3f597247	0x3e99999a	0x3f000000	0x3faa3722	0xbdfa0543	0x3e3851ec	0x3f01ecaa	0x3f2cc648
0x3f5978d5	0x3e99999a	0x3f000000	0x3faa3722	0xbdfa29e9	0x3e3851ec	0x3f01dfc1	0x3f2cb51d
0x3f597f63	0x3e99999a	0x3f000000	0x3faa3722	0xbdfa4e92	0x3e3851ec	0x3f01d2d7	0x3f2ca3f1
0x3f5985f0	0x3e99999a	0x3f000000	0x3faa3722	0xbdfa7338	0x3e3851ec	0x3f01c5ef	0x3f2c92c7
0x3f598c7e	0x3e99999a	0x3f000000	0x3faa3722	0xbdfa97e6	0x3e3851ec	0x3f01b907	0x3f2c819d
0x3f59930c	0x3e99999a	0x3f000000	0x3faa3722	0xbdfabc96	0x3e3851ec	0x3f01ac1e	0x3f2c7072
0x3f59999a	0x3e99999a	0x3f000000	0x3faa3722	0xbdfae14a	0x3e3851ec	0x3f019f35	0x3f2c5f47
0x3f59a027	0x3e99999a	0x3f000000	0x3faa3722	0xbdfb05fa	0x3e3851ec	0x3f019250	0x3f2c4e22
0x3f59a6b5	0x3e99999a	0x3f000000	0x3faa3722	0xbdfb2ab3	0x3e3851ec	0x3f018568	0x3f2c3cf8
0x3f59ad43	0x3e99999a	0x3f000000	0x3faa3722	0xbdfb4f6f	0x3e3851ec	0x3f017881	0x3f2c2bcf
0x3f59b3d0	0x3e99999a	0x3f000000	0x3faa3722	0xbdfb7427	0x3e3851ec	0x3f016b9c	0x3f2c1aaa
0x3f59ba5e	0x3e99999a	0x3f000000	0x3faa3722	0xbdfb98e8	0x3e3851ec	0x3f015eb5	0x3f2c0981
0x3f59c0ec	0x3e99999a	0x3f000000	0x3faa3722	0xbdfbbdac	0x3e3851ec	0x3f0151cf	0x3f2bf85a
0x3f59c77a	0x3e99999a	0x3f000000	0x3faa3722	0xbdfbe272	0x3e3851ec	0x3f0144e9	0x3f2be733
0x3f59ce07	0x3e99999a	0x3f000000	0x3faa3722	0xbdfc0735	0x3e3851ec	0x3f013806	0x3f2bd610
0x3f59d495	0x3e99999a	0x3f000000	0x3faa3722	0xbdfc2c01	0x3e3851ec	0x3f012b21	0x3f2bc4eb
0x3f59db23	0x3e99999a	0x3f000000	0x3faa3722	0xbdfc50cf	0x3e3851ec	0x3f011e3b	0x3f2bb3c4
0x3f59e1b1	0x3e99999a	0x3f000000	0x3faa3722	0xbdfc75a0	0x3e3851ec	0x3f011157	0x3f2ba29f
0x3f59e83e	0x3e99999a	0x3f000000	0x3faa3722	0xbdfc9a6e	0x3e3851ec	0x3f010475	0x3f2b917e
0x3f59eecc	0x3e99999a	0x3f000000	0x3faa3722	0xbdfcbf45	0x3e3851ec	0x3f00f791	0x3f2b8059
0x3f59f55a	0x3e99999a	0x3f000000	0x3faa3722	0xbdfce41e	0x3e3851ec	0x3f00eaad	0x3f2b6f35
0x3f59fbe7	0x3e99999a	0x3f000000	0x3faa3722	0xbdfd08f4	0x3e3851ec	0x3f00ddcc	0x3f2b5e14
0x3f5a0275	0x3e99999a	0x3f000000	0x3faa3722	0xbdfd2dd2	0x3e3851ec	0x3f00d0ea	0x3f2b4cf3
0x3f5a0903	0x3e99999a	0x3f000000	0x3faa3722	0xbdfd52b3	0x3e3851ec	0x3f00c407	0x3f2b3bd0
0x3f5a0f91	0x3e99999a	0x3f000000	0x3faa3722	0xbdfd7797	0x3e3851ec	0x3f00b725	0x3f2b2aae
0x3f5a161e	0x3e99999a	0x3f000000	0x3faa3722	0xbdfd9c78	0x3e3851ec	0x3f00aa46	0x3f2b1990
0x3f5a1cac	0x3e99999a	0x3f000000	0x3faa3722	0xbdfdc161	0x3e3851ec	0x3f009d64	0x3f2b086f
0x3f5a233a	0x3e99999a	0x3f000000	0x3faa3722	0xbdfde64d	0x3e3851ec	0x3f009083	0x3f2af74e
0x3f5a29c7	0x3e99999a	0x3f000000	0x3faa3722	0xbdfe0b36	0x3e3851ec	0x3f0083a4	0x3f2ae631
0x3f5a3055	0x3e99999a	0x3f000000	0x3faa3722	0xbdfe3027	0x3e3851ec	0x3f0076c4	0x3f2ad511
0x3f5a36e3	0x3e99999a	0x3f000000	0x3faa3722	0xbdfe551b	0x3e3851ec	0x3f0069e4	0x3f2ac3f2
0x3f5a3d71	0x3e99999a	0x3f000000	0x3faa3722	0xbdfe7a12	0x3e3851ec	0x3f005d04	0x3f2ab2d3
0x3f5a43fe	0x3e99999a	0x3f000000	0x3faa3722	0xbdfe9f05	0x3e3851ec	0x3f005027	0x3f2aa1b8
0x3f5a4a8c	0x3e99999a	0x3f000000	0x3faa3722	0xbdfec401	0x3e3851ec	0x3f004348	0x3f2a909b
0x3f5a511a	0x3e99999a	0x3f000000	0x3faa3722	0xbdfee900	0x3e3851ec	0x3f00366a	0x3f2a7f7e
0x3f5a57a8	0x3e99999a	0x3f000000	0x3faa3722	0xbdff0e01	0x3e3851ec	0x3f00298c	0x3f2a6e62
0x3f5a5e35	0x3e99999a	0x3f000000	0x3faa3722	0xbdff32ff	0x3e3851ec	0x3f001cb0	0x3f2a5d48
0x3f5a64c3	0x3e99999a	0x3f000000	0x3faa3722	0xbdff5806	0x3e3851ec	0x3f000fd3	0x3f2a4c2d
0x3f5a6b51	0x3e99999a	0x3f000000	0x3faa3722	0xbdff7d10	0x3e3851ec	0x3f0002f5	0x3f2a3b11
0x3f5a71de	0x3e99999a	0x3f000000	0x3faa3722	0xbdffa216	0x3e3851ec	0x3effec35	0x3f2a29f9
0x3f5a786c	0x3e99999a	0x3f000000	0x3faa3722	0xbdffc725	0x3e3851ec	0x3effd27c	0x3f2a18df
0x3f5a7efa	0x3e99999a	0x3f000000	0x3faa3722	0xbdffec36	0x3e3851ec	0x3effb8c4	0x3f2a07c5
0x3f5a8588	0x3e99999a	0x3f000000	0x3faa3722	0xbe0008a5	0x3e3851ec	0x3eff9f0d	0x3f29f6ac
0x3f5a8c15	0x3e99999a	0x3f000000	0x3faa3722	0xbe001b2e	0x3e3851ec	0x3eff855a	0x3f29e595
0x3f5a92a3	0x3e99999a	0x3f000000	0x3faa3722	0xbe002dba	0x3e3851ec	0x3eff6ba5	0x3f29d47e
0x3f5a9931	0x3e99999a	0x3f000000	0x3faa3722	0xbe004048	0x3e3851ec	0x3eff51f0	0x3f29c366
0x3f5a9fbe	0x3e99999a	0x3f000000	0x3faa3722	0xbe0052d5	0x3e3851ec	0x3eff383f	0x3f29b251
0x3f5aa64c	0x3e99999a	0x3f000000	0x3faa3722	0xbe006566	0x3e3851ec	0x3eff1e8b	0x3f29a13a
0x3f5aacda	0x3e99999a	0x3f000000	0x3faa3722	0xbe0077f8	0x3e3851ec	0x3eff04d8	0x3f299023
0x3f5ab368	0x3e99999a	0x3f000000	0x3faa3722	0xbe008a8b	0x3e3851ec	0x3efeeb26	0x3f297f0e
0x3f5ab9f5	0x3e99999a	0x3f000000	0x3faa3722	0xbe009d1d	0x3e3851ec	0x3efed17a	0x3f296dfc
0x3f5ac083	0x3e99999a	0x3f000000	0x3faa3722	0xbe00afb4	0x3e3851ec	0x3efeb7c7	0x3f295ce5
0x3f5ac711	0x3e99999a	0x3f000000	0x3faa3722	0xbe00c24b	0x3e3851ec	0x3efe9e18	0x3f294bd2
0x3f5acd9f	0x3e99999a	0x3f000000	0x3faa3722	0xbe00d4e4	0x3e3851ec	0x3efe8469	0x3f293abe
0x3f5ad42c	0x3e99999a	0x3f000000	0x3faa3722	0xbe00e77b	0x3e3851ec	0x3efe6abe	0x3f2929ad
0x3f5adaba	0x3e99999a	0x3f000000	0x3faa3722	0xbe00fa17	0x3e3851ec	0x3efe5110	0x3f29189a
0x3f5ae148	0x3e99999a	0x3f000000	0x3faa3722	0xbe010cb3	0x3e3851ec	0x3efe3764	0x3f290788
0x3f5ae7d5	0x3e99999a	0x3f000000	0x3faa3722	0xbe011f4f	0x3e3851ec	0x3efe1dbb	0x3f28f678
0x3f5aee63	0x3e99999a	0x3f000000	0x3faa3722	0xbe0131ee	0x3e3851ec	0x3efe0410	0x3f28e567
0x3f5af4f1	0x3e99999a	0x3f000000	0x3faa3722	0xbe01448f	0x3e3851ec	0x3efdea64	0x3f28d455
0x3f5afb7f	0x3e99999a	0x3f000000	0x3faa3722	0xbe015731	0x3e3851ec	0x3efdd0bb	0x3f28c346
0x3f5b020c	0x3e99999a	0x3f000000	0x3faa3722	0xbe0169d2	0x3e3851ec	0x3efdb716	0x3f28b239
0x3f5b089a	0x3e99999a	0x3f000000	0x3faa3722	0xbe017c77	0x3e3851ec	0x3efd9d6d	0x3f28a129
0x3f5b0f28	0x3e99999a	0x3f000000	0x3faa3722	0xbe018f1d	0x3e3851ec	0x3efd83c5	0x3f28901a
0x3f5b15b5	0x3e99999a	0x3f000000	0x3faa3722	0xbe01a1c2	0x3e3851ec	0x3efd6a22	0x3f287f0e
0x3f5b1c43	0x3e99999a	0x3f000000	0x3faa3722	0xbe01b46b	0x3e3851ec	0x3efd507b	0x3f286e00
0x3f5b22d1	0x3e99999a	0x3f000000	0x3faa3722	0xbe01c715	0x3e3851ec	0x3efd36d6	0x3f285cf3
0x3f5b295f	0x3e99999a	0x3f000000	0x3faa3722	0xbe01d9c1	0x3e3851ec	0x3efd1d30	0x3f284be5
0x3f5b2fec	0x3e99999a	0x3f000000	0x3faa3722	0xbe01ec6b	0x3e3851ec	0x3efd0391	0x3f283adc
0x3f5b367a	0x3e99999a	0x3f000000	0x3faa3722	0xbe01ff19	0x3e3851ec	0x3efce9ed	0x3f2829cf
0x3f5b3d08	0x3e99999a	0x3f000000	0x3faa3722	0xbe0211c9	0x3e3851ec	0x3efcd04b	0x3f2818c4
0x3f5b4396	0x3e99999a	0x3f000000	0x3faa3722	0xbe02247a	0x3e3851ec	0x3efcb6a9	0x3f2807b9
0x3f5b4a23	0x3e99999a	0x3f000000	0x3faa3722	0xbe023729	0x3e3851ec	0x3efc9d0c	0x3f27f6b1
0x3f5b50b1	0x3e99999a	0x3f000000	0x3faa3722	0xbe0249dd	0x3e3851ec	0x3efc836c	0x3f27e5a7
0x3f5b573f	0x3e99999a	0x3f000000	0x3faa3722	0xbe025c92	0x3e3851ec	0x3efc69cd	0x3f27d49e
0x3f5b5dcc	0x3e99999a	0x3f000000	0x3faa3722	0xbe026f46	0x3e3851ec	0x3efc5031	0x3f27c397
0x3f5b645a	0x3e99999a	0x3f000000	0x3faa3722	0xbe0281fd	0x3e3851ec	0x3efc3694	0x3f27b290
0x3f5b6ae8	0x3e99999a	0x3f000000	0x3faa3722	0xbe0294b6	0x3e3851ec	0x3efc1cf7	0x3f27a188
0x3f5b7176	0x3e99999a	0x3f000000	0x3faa3722	0xbe02a771	0x3e3851ec	0x3efc0359	0x3f27907f
0x3f5b7803	0x3e99999a	0x3f000000	0x3faa3722	0xbe02ba2a	0x3e3851ec	0x3efbe9c1	0x3f277f7b
0x3f5b7e91	0x3e99999a	0x3f000000	0x3faa3722	0xbe02cce7	0x3e3851ec	0x3efbd026	0x3f276e74
0x3f5b851f	0x3e99999a	0x3f000000	0x3faa3722	0xbe02dfa5	0x3e3851ec	0x3efbb68d	0x3f275d6f
0x3f5b8bac	0x3e99999a	0x3f000000	0x3faa3722	0xbe02f262	0x3e3851ec	0x3efb9cf7	0x3f274c6c
0x3f5b923a	0x3e99999a	0x3f000000	0x3faa3722	0xbe030523	0x3e3851ec	0x3efb835f	0x3f273b68
0x3f5b98c8	0x3e99999a	0x3f000000	0x3faa3722	0xbe0317e5	0x3e3851ec	0x3efb69c8	0x3f272a64
0x3f5b9f56	0x3e99999a	0x3f000000	0x3faa3722	0xbe032aa9	0x3e3851ec	0x3efb5030	0x3f27195f
0x3f5ba5e3	0x3e99999a	0x3f000000	0x3faa3722	0xbe033d6c	0x3e3851ec	0x3efb369c	0x3f27085e
0x3f5bac71	0x3e99999a	0x3f000000	0x3faa3722	0xbe035032	0x3e3851ec	0x3efb1d07	0x3f26f75b
0x3f5bb2ff	0x3e99999a	0x3f000000	0x3faa3722	0xbe0362fa	0x3e3851ec	0x3efb0373	0x3f26e659
0x3f5bb98c	0x3e99999a	0x3f000000	0x3faa3722	0xbe0375c0	0x3e3851ec	0x3efae9e3	0x3f26d55a
0x3f5bc01a	0x3e99999a	0x3f000000	0x3faa3722	0xbe03888b	0x3e3851ec	0x3efad04f	0x3f26c459
0x3f5bc6a8	0x3e99999a	0x3f000000	0x3faa3722	0xbe039b56	0x3e3851ec	0x3efab6be	0x3f26b359
0x3f5bcd36	0x3e99999a	0x3f000000	0x3faa3722	0xbe03ae24	0x3e3851ec	0x3efa9d2b	0x3f26a258
0x3f5bd3c3	0x3e99999a	0x3f000000	0x3faa3722	0xbe03c0ef	0x3e3851ec	0x3efa839f	0x3f26915b
0x3f5bda51	0x3e99999a	0x3f000000	0x3faa3722	0xbe03d3bf	0x3e3851ec	0x3efa6a0f	0x3f26805c
0x3f5be0df	0x3e99999a	0x3f000000	0x3faa3722	0xbe03e690	0x3e3851ec	0x3efa5080	0x3f266f5e
0x3f5be76d	0x3e99999a	0x3f000000	0x3faa3722	0xbe03f963	0x3e3851ec	0x3efa36f1	0x3f265e5f
0x3f5bedfa	0x3e99999a	0x3f000000	0x3faa3722	0xbe040c34	0x3e3851ec	0x3efa1d67	0x3f264d64
0x3f5bf488	0x3e99999a	0x3f000000	0x3faa3722	0xbe041f09	0x3e3851ec	0x3efa03da	0x3f263c67
0x3f5bfb16	0x3e99999a	0x3f000000	0x3faa3722	0xbe0431e0	0x3e3851ec	0x3ef9ea4e	0x3f262b6a
0x3f5c01a3	0x3e99999a	0x3f000000	0x3faa3722	0xbe0444b5	0x3e3851ec	0x3ef9d0c6	0x3f261a71
0x3f5c0831	0x3e99999a	0x3f000000	0x3faa3722	0xbe04578e	0x3e3851ec	0x3ef9b73d	0x3f260976
0x3f5c0ebf	0x3e99999a	0x3f000000	0x3faa3722	0xbe046a69	0x3e3851ec	0x3ef99db1	0x3f25f87a
0x3f5c154d	0x3e99999a	0x3f000000	0x3faa3722	0xbe047d44	0x3e3851ec	0x3ef9842a	0x3f25e780
0x3f5c1bda	0x3e99999a	0x3f000000	0x3faa3722	0xbe04901f	0x3e3851ec	0x3ef96aa5	0x3f25d689
0x3f5c2268	0x3e99999a	0x3f000000	0x3faa3722	0xbe04a2fd	0x3e3851ec	0x3ef9511f	0x3f25c590
0x3f5c28f6	0x3e99999a	0x3f000000	0x3faa3722	0xbe04b5dd	0x3e3851ec	0x3ef93798	0x3f25b497
0x3f5c2f83	0x3e99999a	0x3f000000	0x3faa3722	0xbe04c8bc	0x3e3851ec	0x3ef91e15	0x3f25a3a0
0x3f5c3611	0x3e99999a	0x3f000000	0x3faa3722	0xbe04db9f	0x3e3851ec	0x3ef90490	0x3f2592a9
0x3f5c3c9f	0x3e99999a	0x3f000000	0x3faa3722	0xbe04ee83	0x3e3851ec	0x3ef8eb0c	0x3f2581b2
0x3f5c432d	0x3e99999a	0x3f000000	0x3faa3722	0xbe050168	0x3e3851ec	0x3ef8d189	0x3f2570bb
0x3f5c49ba	0x3e99999a	0x3f000000	0x3faa3722	0xbe05144c	0x3e3851ec	0x3ef8b80a	0x3f255fc7
0x3f5c5048	0x3e99999a	0x3f000000	0x3faa3722	0xbe052734	0x3e3851ec	0x3ef89e88	0x3f254ed1
0x3f5c56d6	0x3e99999a	0x3f000000	0x3faa3722	0xbe053a1d	0x3e3851ec	0x3ef88507	0x3f253ddc
0x3f5c5d64	0x3e99999a	0x3f000000	0x3faa3722	0xbe054d08	0x3e3851ec	0x3ef86b87	0x3f252ce8
0x3f5c63f1	0x3e99999a	0x3f000000	0x3faa3722	0xbe055ff1	0x3e3851ec	0x3ef8520c	0x3f251bf7
0x3f5c6a7f	0x3e99999a	0x3f000000	0x3faa3722	0xbe0572de	0x3e3851ec	0x3ef8388e	0x3f250b03
0x3f5c710d	0x3e99999a	0x3f000000	0x3faa3722	0xbe0585cd	0x3e3851ec	0x3ef81f10	0x3f24fa10
0x3f5c779a	0x3e99999a	0x3f000000	0x3faa3722	0xbe0598ba	0x3e3851ec	0x3ef80597	0x3f24e920
0x3f5c7e28	0x3e99999a	0x3f000000	0x3faa3722	0xbe05abac	0x3e3851ec	0x3ef7ec1a	0x3f24d82e
0x3f5c84b6	0x3e99999a	0x3f000000	0x3faa3722	0xbe05be9e	0x3e3851ec	0x3ef7d2a0	0x3f24c73d
0x3f5c8b44	0x3e99999a	0x3f000000	0x3faa3722	0xbe05d193	0x3e3851ec	0x3ef7b925	0x3f24b64c
0x3f5c91d1	0x3e99999a	0x3f000000	0x3faa3722	0xbe05e485	0x3e3851ec	0x3ef79fb0	0x3f24a55f
0x3f5c985f	0x3e99999a	0x3f000000	0x3faa3722	0xbe05f77c	0x3e3851ec	0x3ef78636	0x3f24946f
0x3f5c9eed	0x3e99999a	0x3f000000	0x3faa3722	0xbe060a74	0x3e3851ec	0x3ef76cbe	0x3f24837f
0x3f5ca57a	0x3e99999a	0x3f000000	0x3faa3722	0xbe061d6b	0x3e3851ec	0x3ef7534b	0x3f247294
0x3f5cac08	0x3e99999a	0x3f000000	0x3faa3722	0xbe063065	0x3e3851ec	0x3ef739d5	0x3f2461a6
0x3f5cb296	0x3e99999a	0x3f000000	0x3faa3722	0xbe064362	0x3e3851ec	0x3ef7205e	0x3f2450b7
0x3f5cb924	0x3e99999a	0x3f000000	0x3faa3722	0xbe06565f	0x3e3851ec	0x3ef706eb	0x3f243fcb
0x3f5cbfb1	0x3e99999a	0x3f000000	0x3faa3722	0xbe06695b	0x3e3851ec	0x3ef6ed7a	0x3f242ee1
0x3f5cc63f	0x3e99999a	0x3f000000	0x3faa3722	0xbe067c5b	0x3e3851ec	0x3ef6d407	0x3f241df5
0x3f5ccccd	0x3e99999a	0x3f000000	0x3faa3722	0xbe068f5d	0x3e3851ec	0x3ef6ba95	0x3f240d0a
0x3f5cd35b	0x3e99999a	0x3f000000	0x3faa3722	0xbe06a260	0x3e3851ec	0x3ef6a123	0x3f23fc1f
0x3f5cd9e8	0x3e99999a	0x3f000000	0x3faa3722	0xbe06b561	0x3e3851ec	0x3ef687b6	0x3f23eb37
0x3f5ce076	0x3e99999a	0x3f000000	0x3faa3722	0xbe06c866	0x3e3851ec	0x3ef66e48	0x3f23da4e
0x3f5ce704	0x3e99999a	0x3f000000	0x3faa3722	0xbe06db6d	0x3e3851ec	0x3ef654d9	0x3f23c965
0x3f5ced91	0x3e99999a	0x3f000000	0x3faa3722	0xbe06ee73	0x3e3851ec	0x3ef63b6e	0x3f23b87f
0x3f5cf41f	0x3e99999a	0x3f000000	0x3faa3722	0xbe07017c	0x3e3851ec	0x3ef62201	0x3f23a797
0x3f5cfaad	0x3e99999a	0x3f000000	0x3faa3722	0xbe071487	0x3e3851ec	0x3ef60895	0x3f2396af
0x3f5d013b	0x3e99999a	0x3f000000	0x3faa3722	0xbe072793	0x3e3851ec	0x3ef5ef2a	0x3f2385c9
0x3f5d07c8	0x3e99999a	0x3f000000	0x3faa3722	0xbe073a9e	0x3e3851ec	0x3ef5d5c2	0x3f2374e4
0x3f5d0e56	0x3e99999a	0x3f000000	0x3faa3722	0xbe074dad	0x3e3851ec	0x3ef5bc58	0x3f2363ff
0x3f5d14e4	0x3e99999a	0x3f000000	0x3faa3722	0xbe0760bd	0x3e3851ec	0x3ef5a2f0	0x3f23531a
0x3f5d1b71	0x3e99999a	0x3f000000	0x3faa3722	0xbe0773cc	0x3e3851ec	0x3ef5898a	0x3f234237
0x3f5d21ff	0x3e99999a	0x3f000000	0x3faa3722	0xbe0786df	0x3e3851ec	0x3ef57023	0x3f233153
0x3f5d288d	0x3e99999a	0x3f000000	0x3faa3722	0xbe0799f3	0x3e3851ec	0x3ef556bd	0x3f232070
0x3f5d2f1b	0x3e99999a	0x3f000000	0x3faa3722	0xbe07ad09	0x3e3851ec	0x3ef53d57	0x3f230f8d
0x3f5d35a8	0x3e99999a	0x3f000000	0x3faa3722	0xbe07c01d	0x3e3851ec	0x3ef523f6	0x3f22fead
0x3f5d3c36	0x3e99999a	0x3f000000	0x3faa3722	0xbe07d336	0x3e3851ec	0x3ef50a91	0x3f22edca
0x3f5d42c4	0x3e99999a	0x3f000000	0x3faa3722	0xbe07e64f	0x3e3851ec	0x3ef4f12f	0x3f22dcea
0x3f5d4952	0x3e99999a	0x3f000000	0x3faa3722	0xbe07f96a	0x3e3851ec	0x3ef4d7cc	0x3f22cc08
0x3f5d4fdf	0x3e99999a	0x3f000000	0x3faa3722	0xbe080c84	0x3e3851ec	0x3ef4be6e	0x3f22bb2a
0x3f5d566d	0x3e99999a	0x3f000000	0x3faa3722	0xbe081fa1	0x3e3851ec	0x3ef4a50e	0x3f22aa4b
0x3f5d5cfb	0x3e99999a	0x3f000000	0x3faa3722	0xbe0832c1	0x3e3851ec	0x3ef48bad	0x3f22996b
0x3f5d6388	0x3e99999a	0x3f000000	0x3faa3722	0xbe0845de	0x3e3851ec	0x3ef47253	0x3f228890
0x3f5d6a16	0x3e99999a	0x3f000000	0x3faa3722	0xbe085900	0x3e3851ec	0x3ef458f4	0x3f2277b2
0x3f5d70a4	0x3e99999a	0x3f000000	0x3faa3722	0xbe086c23	0x3e3851ec	0x3ef43f97	0x3f2266d4
0x3f5d7732	0x3e99999a	0x3f000000	0x3faa3722	0xbe087f47	0x3e3851ec	0x3ef4263b	0x3f2255f8
0x3f5d7dbf	0x3e99999a	0x3f000000	0x3faa3722	0xbe08926a	0x3e3851ec	0x3ef40ce3	0x3f22451e
0x3f5d844d	0x3e99999a	0x3f000000	0x3faa3722	0xbe08a591	0x3e3851ec	0x3ef3f389	0x3f223443
0x3f5d8adb	0x3e99999a	0x3f000000	0x3faa3722	0xbe08b8ba	0x3e3851ec	0x3ef3da2f	0x3f222367
0x3f5d9168	0x3e99999a	0x3f000000	0x3faa3722	0xbe08cbe1	0x3e3851ec	0x3ef3c0d9	0x3f22128f
0x3f5d97f6	0x3e99999a	0x3f000000	0x3faa3722	0xbe08df0c	0x3e3851ec	0x3ef3a781	0x3f2201b5
0x3f5d9e84	0x3e99999a	0x3f000000	0x3faa3722	0xbe08f238	0x3e3851ec	0x3ef38e2a	0x3f21f0dc
0x3f5da512	0x3e99999a	0x3f000000	0x3faa3722	0xbe090566	0x3e3851ec	0x3ef374d4	0x3f21e003
0x3f5dab9f	0x3e99999a	0x3f000000	0x3faa3722	0xbe091892	0x3e3851ec	0x3ef35b83	0x3f21cf2e
0x3f5db22d	0x3e99999a	0x3f000000	0x3faa3722	0xbe092bc3	0x3e3851ec	0x3ef3422d	0x3f21be55
0x3f5db8bb	0x3e99999a	0x3f000000	0x3faa3722	0xbe093ef5	0x3e3851ec	0x3ef328d9	0x3f21ad7e
0x3f5dbf48	0x3e99999a	0x3f000000	0x3faa3722	0xbe095225	0x3e3851ec	0x3ef30f8a	0x3f219caa
0x3f5dc5d6	0x3e99999a	0x3f000000	0x3faa3722	0xbe096559	0x3e3851ec	0x3ef2f639	0x3f218bd5
0x3f5dcc64	0x3e99999a	0x3f000000	0x3faa3722	0xbe09788f	0x3e3851ec	0x3ef2dce8	0x3f217b00
0x3f5dd2f2	0x3e99999a	0x3f000000	0x3faa3722	0xbe098bc7	0x3e3851ec	0x3ef2c396	0x3f216a2a
0x3f5dd97f	0x3e99999a	0x3f000000	0x3faa3722	0xbe099efc	0x3e3851ec	0x3ef2aa4b	0x3f215959
0x3f5de00d	0x3e99999a	0x3f000000	0x3faa3722	0xbe09b236	0x3e3851ec	0x3ef290fd	0x3f214885
0x3f5de69b	0x3e99999a	0x3f000000	0x3faa3722	0xbe09c571	0x3e3851ec	0x3ef277b0	0x3f2137b3
0x3f5ded29	0x3e99999a	0x3f000000	0x3faa3722	0xbe09d8ae	0x3e3851ec	0x3ef25e62	0x3f2126e0
0x3f5df3b6	0x3e99999a	0x3f000000	0x3faa3722	0xbe09ebe9	0x3e3851ec	0x3ef2451a	0x3f211610
0x3f5dfa44	0x3e99999a	0x3f000000	0x3faa3722	0xbe09ff28	0x3e3851ec	0x3ef22bd0	0x3f210540
0x3f5e00d2	0x3e99999a	0x3f000000	0x3faa3722	0xbe0a1269	0x3e3851ec	0x3ef21285	0x3f20f46e
0x3f5e075f	0x3e99999a	0x3f000000	0x3faa3722	0xbe0a25a8	0x3e3851ec	0x3ef1f93f	0x3f20e3a1
0x3f5e0ded	0x3e99999a	0x3f000000	0x3faa3722	0xbe0a38eb	0x3e3851ec	0x3ef1dff7	0x3f20d2d1
0x3f5e147b	0x3e99999a	0x3f000000	0x3faa3722	0xbe0a4c30	0x3e3851ec	0x3ef1c6af	0x3f20c202
0x3f5e1b09	0x3e99999a	0x3f000000	0x3faa3722	0xbe0a5f76	0x3e3851ec	0x3ef1ad68	0x3f20b133
0x3f5e2196	0x3e99999a	0x3f000000	0x3faa3722	0xbe0a72ba	0x3e3851ec	0x3ef19427	0x3f20a069
0x3f5e2824	0x3e99999a	0x3f000000	0x3faa3722	0xbe0a8603	0x3e3851ec	0x3ef17ae2	0x3f208f9c
0x3f5e2eb2	0x3e99999a	0x3f000000	0x3faa3722	0xbe0a994d	0x3e3851ec	0x3ef1619e	0x3f207ecf
0x3f5e353f	0x3e99999a	0x3f000000	0x3faa3722	0xbe0aac95	0x3e3851ec	0x3ef1485f	0x3f206e06
0x3f5e3bcd	0x3e99999a	0x3f000000	0x3faa3722	0xbe0abfe2	0x3e3851ec	0x3ef12f1c	0x3f205d3a
0x3f5e425b	0x3e99999a	0x3f000000	0x3faa3722	0xbe0ad330	0x3e3851ec	0x3ef115db	0x3f204c6f
0x3f5e48e9	0x3e99999a	0x3f000000	0x3faa3722	0xbe0ae67f	0x3e3851ec	0x3ef0fc9b	0x3f203ba5
0x3f5e4f76	0x3e99999a	0x3f000000	0x3faa3722	0xbe0af9cd	0x3e3851ec	0x3ef0e35f	0x3f202ade
0x3f5e5604	0x3e99999a	0x3f000000	0x3faa3722	0xbe0b0d1f	0x3e3851ec	0x3ef0ca20	0x3f201a15
0x3f5e5c92	0x3e99999a	0x3f000000	0x3faa3722	0xbe0b2073	0x3e3851ec	0x3ef0b0e2	0x3f20094c
0x3f5e6320	0x3e99999a	0x3f000000	0x3faa3722	0xbe0b33c8	0x3e3851ec	0x3ef097a5	0x3f1ff884
0x3f5e69ad	0x3e99999a	0x3f000000	0x3faa3722	0xbe0b471b	0x3e3851ec	0x3ef07e6d	0x3f1fe7bf
0x3f5e703b	0x3e99999a	0x3f000000	0x3faa3722	0xbe0b5a72	0x3e3851ec	0x3ef06532	0x3f1fd6f9
0x3f5e76c9	0x3e99999a	0x3f000000	0x3faa3722	0xbe0b6dcb	0x3e3851ec	0x3ef04bf7	0x3f1fc632
0x3f5e7d56	0x3e99999a	0x3f000000	0x3faa3722	0xbe0b8122	0x3e3851ec	0x3ef032c2	0x3f1fb570
0x3f5e83e4	0x3e99999a	0x3f000000	0x3faa3722	0xbe0b947e	0x3e3851ec	0x3ef01989	0x3f1fa4aa
0x3f5e8a72	0x3e99999a	0x3f000000	0x3faa3722	0xbe0ba7da	0x3e3851ec	0x3ef00053	0x3f1f93e7
0x3f5e9100	0x3e99999a	0x3f000000	0x3faa3722	0xbe0bbb39	0x3e3851ec	0x3eefe71b	0x3f1f8322
0x3f5e978d	0x3e99999a	0x3f000000	0x3faa3722	0xbe0bce95	0x3e3851ec	0x3eefcde9	0x3f1f7262
0x3f5e9e1b	0x3e99999a	0x3f000000	0x3faa3722	0xbe0be1f6	0x3e3851ec	0x3eefb4b5	0x3f1f61a0
0x3f5ea4a9	0x3e99999a	0x3f000000	0x3faa3722	0xbe0bf558	0x3e3851ec	0x3eef9b81	0x3f1f50de
0x3f5eab36	0x3e99999a	0x3f000000	0x3faa3722	0xbe0c08b9	0x3e3851ec	0x3eef8251	0x3f1f401f
0x3f5eb1c4	0x3e99999a	0x3f000000	0x3faa3722	0xbe0c1c1e	0x3e3851ec	0x3eef691f	0x3f1f2f5e
0x3f5eb852	0x3e99999a	0x3f000000	0x3faa3722	0xbe0c2f84	0x3e3851ec	0x3eef4fee	0x3f1f1e9e
0x3f5ebee0	0x3e99999a	0x3f000000	0x3faa3722	0xbe0c42eb	0x3e3851ec	0x3eef36be	0x3f1f0ddf
0x3f5ec56d	0x3e99999a	0x3f000000	0x3faa3722	0xbe0c5651	0x3e3851ec	0x3eef1d93	0x3f1efd23
0x3f5ecbfb	0x3e99999a	0x3f000000	0x3faa3722	0xbe0c69bb	0x3e3851ec	0x3eef0464	0x3f1eec64
0x3f5ed289	0x3e99999a	0x3f000000	0x3faa3722	0xbe0c7d27	0x3e3851ec	0x3eeeeb37	0x3f1edba7
0x3f5ed917	0x3e99999a	0x3f000000	0x3faa3722	0xbe0c9094	0x3e3851ec	0x3eeed20a	0x3f1ecae9
0x3f5edfa4	0x3e99999a	0x3f000000	0x3faa3722	0xbe0ca3ff	0x3e3851ec	0x3eeeb8e2	0x3f1eba30
0x3f5ee632	0x3e99999a	0x3f000000	0x3faa3722	0xbe0cb76f	0x3e3851ec	0x3eee9fb7	0x3f1ea974
0x3f5eecc0	0x3e99999a	0x3f000000	0x3faa3722	0xbe0ccae0	0x3e3851ec	0x3eee868d	0x3f1e98b8
0x3f5ef34d	0x3e99999a	0x3f000000	0x3faa3722	0xbe0cde4f	0x3e3851ec	0x3eee6d68	0x3f1e8800
0x3f5ef9db	0x3e99999a	0x3f000000	0x3faa3722	0xbe0cf1c3	0x3e3851ec	0x3eee5440	0x3f1e7746
0x3f5f0069	0x3e99999a	0x3f000000	0x3faa3722	0xbe0d0538	0x3e3851ec	0x3eee3b19	0x3f1e668d
0x3f5f06f7	0x3e99999a	0x3f000000	0x3faa3722	0xbe0d18ae	0x3e3851ec	0x3eee21f2	0x3f1e55d4
0x3f5f0d84	0x3e99999a	0x3f000000	0x3faa3722	0xbe0d2c23	0x3e3851ec	0x3eee08d1	0x3f1e451e
0x3f5f1412	0x3e99999a	0x3f000000	0x3faa3722	0xbe0d3f9c	0x3e3851ec	0x3eedefad	0x3f1e3467
0x3f5f1aa0	0x3e99999a	0x3f000000	0x3faa3722	0xbe0d5316	0x3e3851ec	0x3eedd68a	0x3f1e23b0
0x3f5f212d	0x3e99999a	0x3f000000	0x3faa3722	0xbe0d668f	0x3e3851ec	0x3eedbd6a	0x3f1e12fc
0x3f5f27bb	0x3e99999a	0x3f000000	0x3faa3722	0xbe0d7a0c	0x3e3851ec	0x3eeda449	0x3f1e0246
0x3f5f2e49	0x3e99999a	0x3f000000	0x3faa3722	0xbe0d8d8a	0x3e3851ec	0x3eed8b28	0x3f1df191
0x3f5f34d7	0x3e99999a	0x3f000000	0x3faa3722	0xbe0da10a	0x3e3851ec	0x3eed7208	0x3f1de0dc
0x3f5f3b64	0x3e99999a	0x3f000000	0x3faa3722	0xbe0db488	0x3e3851ec	0x3eed58ed	0x3f1dd02b
0x3f5f41f2	0x3e99999a	0x3f000000	0x3faa3722	0xbe0dc80a	0x3e3851ec	0x3eed3fd0	0x3f1dbf78
0x3f5f4880	0x3e99999a	0x3f000000	0x3faa3722	0xbe0ddb8e	0x3e3851ec	0x3eed26b2	0x3f1daec5
0x3f5f4f0e	0x3e99999a	0x3f000000	0x3faa3722	0xbe0def13	0x3e3851ec	0x3eed0d97	0x3f1d9e14
0x3f5f559b	0x3e99999a	0x3f000000	0x3faa3722	0xbe0e0297	0x3e3851ec	0x3eecf47e	0x3f1d8d64
0x3f5f5c29	0x3e99999a	0x3f000000	0x3faa3722	0xbe0e161e	0x3e3851ec	0x3eecdb65	0x3f1d7cb4
0x3f5f62b7	0x3e99999a	0x3f000000	0x3faa3722	0xbe0e29a8	0x3e3851ec	0x3eecc24b	0x3f1d6c03
0x3f5f6944	0x3e99999a	0x3f000000	0x3faa3722	0xbe0e3d2f	0x3e3851ec	0x3eeca937	0x3f1d5b56
0x3f5f6fd2	0x3e99999a	0x3f000000	0x3faa3722	0xbe0e50bb	0x3e3851ec	0x3eec9020	0x3f1d4aa8
0x3f5f7660	0x3e99999a	0x3f000000	0x3faa3722	0xbe0e6448	0x3e3851ec	0x3eec7709	0x3f1d39f9
0x3f5f7cee	0x3e99999a	0x3f000000	0x3faa3722	0xbe0e77d6	0x3e3851ec	0x3eec5df5	0x3f1d294c
0x3f5f837b	0x3e99999a	0x3f000000	0x3faa3722	0xbe0e8b63	0x3e3851ec	0x3eec44e3	0x3f1d18a1
0x3f5f8a09	0x3e99999a	0x3f000000	0x3faa3722	0xbe0e9ef4	0x3e3851ec	0x3eec2bd0	0x3f1d07f5
0x3f5f9097	0x3e99999a	0x3f000000	0x3faa3722	0xbe0eb287	0x3e3851ec	0x3eec12bd	0x3f1cf749
0x3f5f9724	0x3e99999a	0x3f000000	0x3faa3722	0xbe0ec618	0x3e3851ec	0x3eebf9af	0x3f1ce6a0
0x3f5f9db2	0x3e99999a	0x3f000000	0x3faa3722	0xbe0ed9ad	0x3e3851ec	0x3eebe09e	0x3f1cd5f6
0x3f5fa440	0x3e99999a	0x3f000000	0x3faa3722	0xbe0eed44	0x3e3851ec	0x3eebc78e	0x3f1cc54b
0x3f5faace	0x3e99999a	0x3f000000	0x3faa3722	0xbe0f00db	0x3e3851ec	0x3eebae80	0x3f1cb4a3
0x3f5fb15b	0x3e99999a	0x3f000000	0x3faa3722	0xbe0f1472	0x3e3851ec	0x3eeb9574	0x3f1ca3fb
0x3f5fb7e9	0x3e99999a	0x3f000000	0x3faa3722	0xbe0f280c	0x3e3851ec	0x3eeb7c68	0x3f1c9354
0x3f5fbe77	0x3e99999a	0x3f000000	0x3faa3722	0xbe0f3ba8	0x3e3851ec	0x3eeb635c	0x3f1c82ad
0x3f5fc505	0x3e99999a	0x3f000000	0x3faa3722	0xbe0f4f45	0x3e3851ec	0x3eeb4a51	0x3f1c7206
0x3f5fcb92	0x3e99999a	0x3f000000	0x3faa3722	0xbe0f62e1	0x3e3851ec	0x3eeb314b	0x3f1c6163
0x3f5fd220	0x3e99999a	0x3f000000	0x3faa3722	0xbe0f7681	0x3e3851ec	0x3eeb1841	0x3f1c50bd
0x3f5fd8ae	0x3e99999a	0x3f000000	0x3faa3722	0xbe0f8a22	0x3e3851ec	0x3eeaff39	0x3f1c4018
0x3f5fdf3b	0x3e99999a	0x3f000000	0x3faa3722	0xbe0f9dc2	0x3e3851ec	0x3eeae635	0x3f1c2f76
0x3f5fe5c9	0x3e99999a	0x3f000000	0x3faa3722	0xbe0fb166	0x3e3851ec	0x3eeacd2f	0x3f1c1ed2
0x3f5fec57	0x3e99999a	0x3f000000	0x3faa3722	0xbe0fc50b	0x3e3851ec	0x3eeab42a	0x3f1c0e30
0x3f5ff2e5	0x3e99999a	0x3f000000	0x3faa3722	0xbe0fd8b2	0x3e3851ec	0x3eea9b25	0x3f1bfd8d
0x3f5ff972	0x3e99999a	0x3f000000	0x3faa3722	0xbe0fec57	0x3e3851ec	0x3eea8226	0x3f1becee
0x3f600000	0x3e99999a	0x3f000000	0x3faa3722	0xbe100000	0x3e3851ec	0x3eea6924	0x3f1bdc4e
0x3f60068e	0x3e99999a	0x3f000000	0x3faa3722	0xbe1013ab	0x3e3851ec	0x3eea5021	0x3f1bcbac
0x3f600d1b	0x3e99999a	0x3f000000	0x3faa3722	0xbe102754	0x3e3851ec	0x3eea3724	0x3f1bbb0f
0x3f6013a9	0x3e99999a	0x3f000000	0x3faa3722	0xbe103b01	0x3e3851ec	0x3eea1e25	0x3f1baa70
0x3f601a37	0x3e99999a	0x3f000000	0x3faa3722	0xbe104eb0	0x3e3851ec	0x3eea0527	0x3f1b99d2
0x3f6020c5	0x3e99999a	0x3f000000	0x3faa3722	0xbe106260	0x3e3851ec	0x3ee9ec29	0x3f1b8934
0x3f602752	0x3e99999a	0x3f000000	0x3faa3722	0xbe10760e	0x3e3851ec	0x3ee9d331	0x3f1b789a
0x3f602de0	0x3e99999a	0x3f000000	0x3faa3722	0xbe1089c1	0x3e3851ec	0x3ee9ba34	0x3f1b67fd
0x3f60346e	0x3e99999a	0x3f000000	0x3faa3722	0xbe109d75	0x3e3851ec	0x3ee9a13a	0x3f1b5761
0x3f603afb	0x3e99999a	0x3f000000	0x3faa3722	0xbe10b127	0x3e3851ec	0x3ee98844	0x3f1b46c8
0x3f604189	0x3e99999a	0x3f000000	0x3faa3722	0xbe10c4de	0x3e3851ec	0x3ee96f4a	0x3f1b362d
0x3f604817	0x3e99999a	0x3f000000	0x3faa3722	0xbe10d896	0x3e3851ec	0x3ee95653	0x3f1b2594
0x3f604ea5	0x3e99999a	0x3f000000	0x3faa3722	0xbe10ec50	0x3e3851ec	0x3ee93d5b	0x3f1b14fa
0x3f605532	0x3e99999a	0x3f000000	0x3faa3722	0xbe110007	0x3e3851ec	0x3ee9246a	0x3f1b0464
0x3f605bc0	0x3e99999a	0x3f000000	0x3faa3722	0xbe1113c4	0x3e3851ec	0x3ee90b74	0x3f1af3cb
0x3f60624e	0x3e99999a	0x3f000000	0x3faa3722	0xbe112781	0x3e3851ec	0x3ee8f280	0x3f1ae334
0x3f6068dc	0x3e99999a	0x3f000000	0x3faa3722	0xbe113b40	0x3e3851ec	0x3ee8d98e	0x3f1ad29e
0x3f606f69	0x3e99999a	0x3f000000	0x3faa3722	0xbe114efd	0x3e3851ec	0x3ee8c0a0	0x3f1ac20b
0x3f6075f7	0x3e99999a	0x3f000000	0x3faa3722	0xbe1162be	0x3e3851ec	0x3ee8a7af	0x3f1ab175
0x3f607c85	0x3e99999a	0x3f000000	0x3faa3722	0xbe117681	0x3e3851ec	0x3ee88ebf	0x3f1aa0e0
0x3f608312	0x3e99999a	0x3f000000	0x3faa3722	0xbe118a42	0x3e3851ec	0x3ee875d3	0x3f1a904e
0x3f6089a0	0x3e99999a	0x3f000000	0x3faa3722	0xbe119e08	0x3e3851ec	0x3ee85ce4	0x3f1a7fba
0x3f60902e	0x3e99999a	0x3f000000	0x3faa3722	0xbe11b1cf	0x3e3851ec	0x3ee843f7	0x3f1a6f27
0x3f6096bc	0x3e99999a	0x3f000000	0x3faa3722	0xbe11c597	0x3e3851ec	0x3ee82b0b	0x3f1a5e95
0x3f609d49	0x3e99999a	0x3f000000	0x3faa3722	0xbe11d95e	0x3e3851ec	0x3ee81223	0x3f1a4e06
0x3f60a3d7	0x3e99999a	0x3f000000	0x3faa3722	0xbe11ed28	0x3e3851ec	0x3ee7f93a	0x3f1a3d76
0x3f60aa65	0x3e99999a	0x3f000000	0x3faa3722	0xbe1200f5	0x3e3851ec	0x3ee7e050	0x3f1a2ce5
0x3f60b0f2	0x3e99999a	0x3f000000	0x3faa3722	0xbe1214bf	0x3e3851ec	0x3ee7c76d	0x3f1a1c59
0x3f60b780	0x3e99999a	0x3f000000	0x3faa3722	0xbe12288e	0x3e3851ec	0x3ee7ae85	0x3f1a0bca
0x3f60be0e	0x3e99999a	0x3f000000	0x3faa3722	0xbe123c5e	0x3e3851ec	0x3ee7959f	0x3f19fb3b
0x3f60c49c	0x3e99999a	0x3f000000	0x3faa3722	0xbe125030	0x3e3851ec	0x3ee77cb9	0x3f19eaad
0x3f60cb29	0x3e99999a	0x3f000000	0x3faa3722	0xbe126400	0x3e3851ec	0x3ee763d9	0x3f19da23
0x3f60d1b7	0x3e99999a	0x3f000000	0x3faa3722	0xbe1277d4	0x3e3851ec	0x3ee74af6	0x3f19c997
0x3f60d845	0x3e99999a	0x3f000000	0x3faa3722	0xbe128baa	0x3e3851ec	0x3ee73213	0x3f19b90b
0x3f60ded3	0x3e99999a	0x3f000000	0x3faa3722	0xbe129f81	0x3e3851ec	0x3ee71932	0x3f19a880
0x3f60e560	0x3e99999a	0x3f000000	0x3faa3722	0xbe12b356	0x3e3851ec	0x3ee70055	0x3f1997f8
0x3f60ebee	0x3e99999a	0x3f000000	0x3faa3722	0xbe12c730	0x3e3851ec	0x3ee6e776	0x3f19876f
0x3f60f27c	0x3e99999a	0x3f000000	0x3faa3722	0xbe12db0b	0x3e3851ec	0x3ee6ce97	0x3f1976e5
0x3f60f909	0x3e99999a	0x3f000000	0x3faa3722	0xbe12eee4	0x3e3851ec	0x3ee6b5be	0x3f196660
0x3f60ff97	0x3e99999a	0x3f000000	0x3faa3722	0xbe1302c2	0x3e3851ec	0x3ee69ce1	0x3f1955d8
0x3f610625	0x3e99999a	0x3f000000	0x3faa3722	0xbe1316a1	0x3e3851ec	0x3ee68406	0x3f194551
0x3f610cb3	0x3e99999a	0x3f000000	0x3faa3722	0xbe132a81	0x3e3851ec	0x3ee66b2c	0x3f1934cb
0x3f611340	0x3e99999a	0x3f000000	0x3faa3722	0xbe133e60	0x3e3851ec	0x3ee65257	0x3f192448
0x3f6119ce	0x3e99999a	0x3f000000	0x3faa3722	0xbe135243	0x3e3851ec	0x3ee6397e	0x3f1913c3
0x3f61205c	0x3e99999a	0x3f000000	0x3faa3722	0xbe136627	0x3e3851ec	0x3ee620a8	0x3f19033f
0x3f6126e9	0x3e99999a	0x3f000000	0x3faa3722	0xbe137a0a	0x3e3851ec	0x3ee607d4	0x3f18f2bd
0x3f612d77	0x3e99999a	0x3f000000	0x3faa3722	0xbe138df1	0x3e3851ec	0x3ee5ef00	0x3f18e23b
0x3f613405	0x3e99999a	0x3f000000	0x3faa3722	0xbe13a1d9	0x3e3851ec	0x3ee5d62c	0x3f18d1b9
0x3f613a93	0x3e99999a	0x3f000000	0x3faa3722	0xbe13b5c3	0x3e3851ec	0x3ee5bd58	0x3f18c137
0x3f614120	0x3e99999a	0x3f000000	0x3faa3722	0xbe13c9ab	0x3e3851ec	0x3ee5a48a	0x3f18b0b8
0x3f6147ae	0x3e99999a	0x3f000000	0x3faa3722	0xbe13dd98	0x3e3851ec	0x3ee58bb8	0x3f18a038
0x3f614e3c	0x3e99999a	0x3f000000	0x3faa3722	0xbe13f186	0x3e3851ec	0x3ee572e7	0x3f188fb8
0x3f6154ca	0x3e99999a	0x3f000000	0x3faa3722	0xbe140575	0x3e3851ec	0x3ee55a18	0x3f187f39
0x3f615b57	0x3e99999a	0x3f000000	0x3faa3722	0xbe141962	0x3e3851ec	0x3ee5414f	0x3f186ebe
0x3f6161e5	0x3e99999a	0x3f000000	0x3faa3722	0xbe142d54	0x3e3851ec	0x3ee52881	0x3f185e40
0x3f616873	0x3e99999a	0x3f000000	0x3faa3722	0xbe144147	0x3e3851ec	0x3ee50fb5	0x3f184dc3
0x3f616f00	0x3e99999a	0x3f000000	0x3faa3722	0xbe145539	0x3e3851ec	0x3ee4f6ed	0x3f183d49
0x3f61758e	0x3e99999a	0x3f000000	0x3faa3722	0xbe14692e	0x3e3851ec	0x3ee4de23	0x3f182ccd
0x3f617c1c	0x3e99999a	0x3f000000	0x3faa3722	0xbe147d26	0x3e3851ec	0x3ee4c559	0x3f181c52
0x3f6182aa	0x3e99999a	0x3f000000	0x3faa3722	0xbe14911e	0x3e3851ec	0x3ee4ac92	0x3f180bd8
0x3f618937	0x3e99999a	0x3f000000	0x3faa3722	0xbe14a515	0x3e3851ec	0x3ee493cf	0x3f17fb62
0x3f618fc5	0x3e99999a	0x3f000000	0x3faa3722	0xbe14b910	0x3e3851ec	0x3ee47b09	0x3f17eae9
0x3f619653	0x3e99999a	0x3f000000	0x3faa3722	0xbe14cd0d	0x3e3851ec	0x3ee46243	0x3f17da70
0x3f619ce0	0x3e99999a	0x3f000000	0x3faa3722	0xbe14e108	0x3e3851ec	0x3ee44983	0x3f17c9fb
0x3f61a36e	0x3e99999a	0x3f000000	0x3faa3722	0xbe14f507	0x3e3851ec	0x3ee430c0	0x3f17b984
0x3f61a9fc	0x3e99999a	0x3f000000	0x3faa3722	0xbe150907	0x3e3851ec	0x3ee417ff	0x3f17a90f
0x3f61b08a	0x3e99999a	0x3f000000	0x3faa3722	0xbe151d09	0x3e3851ec	0x3ee3ff3e	0x3f179899
0x3f61b717	0x3e99999a	0x3f000000	0x3faa3722	0xbe153109	0x3e3851ec	0x3ee3e682	0x3f178827
0x3f61bda5	0x3e99999a	0x3f000000	0x3faa3722	0xbe15450e	0x3e3851ec	0x3ee3cdc2	0x3f1777b2
0x3f61c433	0x3e99999a	0x3f000000	0x3faa3722	0xbe155914	0x3e3851ec	0x3ee3b504	0x3f17673f
0x3f61cac1	0x3e99999a	0x3f000000	0x3faa3722	0xbe156d1b	0x3e3851ec	0x3ee39c47	0x3f1756cc
0x3f61d14e	0x3e99999a	0x3f000000	0x3faa3722	0xbe158121	0x3e3851ec	0x3ee3838f	0x3f17465c
0x3f61d7dc	0x3e99999a	0x3f000000	0x3faa3722	0xbe15952b	0x3e3851ec	0x3ee36ad4	0x3f1735eb
0x3f61de6a	0x3e99999a	0x3f000000	0x3faa3722	0xbe15a936	0x3e3851ec	0x3ee3521b	0x3f17257b
0x3f61e4f7	0x3e99999a	0x3f000000	0x3faa3722	0xbe15bd40	0x3e3851ec	0x3ee33966	0x3f17150d
0x3f61eb85	0x3e99999a	0x3f000000	0x3faa3722	0xbe15d14e	0x3e3851ec	0x3ee320ae	0x3f17049e
0x3f61f213	0x3e99999a	0x3f000000	0x3faa3722	0xbe15e55d	0x3e3851ec	0x3ee307f7	0x3f16f42f
0x3f61f8a1	0x3e99999a	0x3f000000	0x3faa3722	0xbe15f96e	0x3e3851ec	0x3ee2ef41	0x3f16e3c1
0x3f61ff2e	0x3e99999a	0x3f000000	0x3faa3722	0xbe160d7d	0x3e3851ec	0x3ee2d690	0x3f16d356
0x3f6205bc	0x3e99999a	0x3f000000	0x3faa3722	0xbe162190	0x3e3851ec	0x3ee2bdde	0x3f16c2ea
0x3f620c4a	0x3e99999a	0x3f000000	0x3faa3722	0xbe1635a5	0x3e3851ec	0x3ee2a52b	0x3f16b27e
0x3f6212d7	0x3e99999a	0x3f000000	0x3faa3722	0xbe1649b8	0x3e3851ec	0x3ee28c7d	0x3f16a215
0x3f621965	0x3e99999a	0x3f000000	0x3faa3722	0xbe165dcf	0x3e3851ec	0x3ee273cd	0x3f1691ab
0x3f621ff3	0x3e99999a	0x3f000000	0x3faa3722	0xbe1671e8	0x3e3851ec	0x3ee25b1d	0x3f168141
0x3f622681	0x3e99999a	0x3f000000	0x3faa3722	0xbe168602	0x3e3851ec	0x3ee2426f	0x3f1670d8
0x3f622d0e	0x3e99999a	0x3f000000	0x3faa3722	0xbe169a1b	0x3e3851ec	0x3ee229c5	0x3f166072
0x3f62339c	0x3e99999a	0x3f000000	0x3faa3722	0xbe16ae37	0x3e3851ec	0x3ee21119	0x3f16500a
0x3f623a2a	0x3e99999a	0x3f000000	0x3faa3722	0xbe16c255	0x3e3851ec	0x3ee1f86e	0x3f163fa3
0x3f6240b8	0x3e99999a	0x3f000000	0x3faa3722	0xbe16d675	0x3e3851ec	0x3ee1dfc4	0x3f162f3d
0x3f624745	0x3e99999a	0x3f000000	0x3faa3722	0xbe16ea93	0x3e3851ec	0x3ee1c71e	0x3f161eda
0x3f624dd3	0x3e99999a	0x3f000000	0x3faa3722	0xbe16feb5	0x3e3851ec	0x3ee1ae76	0x3f160e75
0x3f625461	0x3e99999a	0x3f000000	0x3faa3722	0xbe1712d8	0x3e3851ec	0x3ee195cf	0x3f15fe11
0x3f625aee	0x3e99999a	0x3f000000	0x3faa3722	0xbe1726fa	0x3e3851ec	0x3ee17d2d	0x3f15edb0
0x3f62617c	0x3e99999a	0x3f000000	0x3faa3722	0xbe173b20	0x3e3851ec	0x3ee16488	0x3f15dd4d
0x3f62680a	0x3e99999a	0x3f000000	0x3faa3722	0xbe174f48	0x3e3851ec	0x3ee14be4	0x3f15cceb
0x3f626e98	0x3e99999a	0x3f000000	0x3faa3722	0xbe176371	0x3e3851ec	0x3ee13341	0x3f15bc89
0x3f627525	0x3e99999a	0x3f000000	0x3faa3722	0xbe177798	0x3e3851ec	0x3ee11aa3	0x3f15ac2b
0x3f627bb3	0x3e99999a	0x3f000000	0x3faa3722	0xbe178bc3	0x3e3851ec	0x3ee10203	0x3f159bcb
0x3f628241	0x3e99999a	0x3f000000	0x3faa3722	0xbe179ff0	0x3e3851ec	0x3ee0e963	0x3f158b6c
0x3f6288ce	0x3e99999a	0x3f000000	0x3faa3722	0xbe17b41b	0x3e3851ec	0x3ee0d0c8	0x3f157b10
0x3f628f5c	0x3e99999a	0x3f000000	0x3faa3722	0xbe17c84b	0x3e3851ec	0x3ee0b82b	0x3f156ab2
0x3f6295ea	0x3e99999a	0x3f000000	0x3faa3722	0xbe17dc7c	0x3e3851ec	0x3ee09f8e	0x3f155a54
0x3f629c78	0x3e99999a	0x3f000000	0x3faa3722	0xbe17f0ae	0x3e3851ec	0x3ee086f3	0x3f1549f8
0x3f62a305	0x3e99999a	0x3f000000	0x3faa3722	0xbe1804df	0x3e3851ec	0x3ee06e5b	0x3f15399e
0x3f62a993	0x3e99999a	0x3f000000	0x3faa3722	0xbe181913	0x3e3851ec	0x3ee055c3	0x3f152944
0x3f62b021	0x3e99999a	0x3f000000	0x3faa3722	0xbe182d4a	0x3e3851ec	0x3ee03d2a	0x3f1518e9
0x3f62b6ae	0x3e99999a	0x3f000000	0x3faa3722	0xbe18417e	0x3e3851ec	0x3ee02498	0x3f150893
0x3f62bd3c	0x3e99999a	0x3f000000	0x3faa3722	0xbe1855b7	0x3e3851ec	0x3ee00c01	0x3f14f839
0x3f62c3ca	0x3e99999a	0x3f000000	0x3faa3722	0xbe1869f2	0x3e3851ec	0x3edff36b	0x3f14e7e0
0x3f62ca58	0x3e99999a	0x3f000000	0x3faa3722	0xbe187e2d	0x3e3851ec	0x3edfdad8	0x3f14d789
0x3f62d0e5	0x3e99999a	0x3f000000	0x3faa3722	0xbe189267	0x3e3851ec	0x3edfc249	0x3f14c735
0x3f62d773	0x3e99999a	0x3f000000	0x3faa3722	0xbe18a6a5	0x3e3851ec	0x3edfa9b7	0x3f14b6df
0x3f62de01	0x3e99999a	0x3f000000	0x3faa3722	0xbe18bae5	0x3e3851ec	0x3edf9126	0x3f14a689
0x3f62e48f	0x3e99999a	0x3f000000	0x3faa3722	0xbe18cf26	0x3e3851ec	0x3edf7896	0x3f149634
0x3f62eb1c	0x3e99999a	0x3f000000	0x3faa3722	0xbe18e365	0x3e3851ec	0x3edf600c	0x3f1485e3
0x3f62f1aa	0x3e99999a	0x3f000000	0x3faa3722	0xbe18f7a9	0x3e3851ec	0x3edf477e	0x3f147590
0x3f62f838	0x3e99999a	0x3f000000	0x3faa3722	0xbe190bee	0x3e3851ec	0x3edf2ef2	0x3f14653d
0x3f62fec5	0x3e99999a	0x3f000000	0x3faa3722	0xbe192031	0x3e3851ec	0x3edf166a	0x3f1454ee
0x3f630553	0x3e99999a	0x3f000000	0x3faa3722	0xbe193479	0x3e3851ec	0x3edefde0	0x3f14449d
0x3f630be1	0x3e99999a	0x3f000000	0x3faa3722	0xbe1948c2	0x3e3851ec	0x3edee556	0x3f14344c
0x3f63126f	0x3e99999a	0x3f000000	0x3faa3722	0xbe195d0d	0x3e3851ec	0x3edeccce	0x3f1423fc
0x3f6318fc	0x3e99999a	0x3f000000	0x3faa3722	0xbe197155	0x3e3851ec	0x3edeb44b	0x3f1413b0
0x3f631f8a	0x3e99999a	0x3f000000	0x3faa3722	0xbe1985a2	0x3e3851ec	0x3ede9bc5	0x3f140362
0x3f632618	0x3e99999a	0x3f000000	0x3faa3722	0xbe1999f1	0x3e3851ec	0x3ede8340	0x3f13f314
0x3f632ca5	0x3e99999a	0x3f000000	0x3faa3722	0xbe19ae3e	0x3e3851ec	0x3ede6abf	0x3f13e2c9
0x3f633333	0x3e99999a	0x3f000000	0x3faa3722	0xbe19c28f	0x3e3851ec	0x3ede523c	0x3f13d27d
0x3f6339c1	0x3e99999a	0x3f000000	0x3faa3722	0xbe19d6e1	0x3e3851ec	0x3ede39bb	0x3f13c232
0x3f63404f	0x3e99999a	0x3f000000	0x3faa3722	0xbe19eb35	0x3e3851ec	0x3ede213a	0x3f13b1e7
0x3f6346dc	0x3e99999a	0x3f000000	0x3faa3722	0xbe19ff87	0x3e3851ec	0x3ede08be	0x3f13a1a0
0x3f634d6a	0x3e99999a	0x3f000000	0x3faa3722	0xbe1a13de	0x3e3851ec	0x3eddf03f	0x3f139156
0x3f6353f8	0x3e99999a	0x3f000000	0x3faa3722	0xbe1a2835	0x3e3851ec	0x3eddd7c3	0x3f13810e
0x3f635a86	0x3e99999a	0x3f000000	0x3faa3722	0xbe1a3c8f	0x3e3851ec	0x3eddbf45	0x3f1370c5
0x3f636113	0x3e99999a	0x3f000000	0x3faa3722	0xbe1a50e6	0x3e3851ec	0x3edda6ce	0x3f136081
0x3f6367a1	0x3e99999a	0x3f000000	0x3faa3722	0xbe1a6542	0x3e3851ec	0x3edd8e55	0x3f13503b
0x3f636e2f	0x3e99999a	0x3f000000	0x3faa3722	0xbe1a799f	0x3e3851ec	0x3edd75dc	0x3f133ff6
0x3f6374bc	0x3e99999a	0x3f000000	0x3faa3722	0xbe1a8dfb	0x3e3851ec	0x3edd5d67	0x3f132fb3
0x3f637b4a	0x3e99999a	0x3f000000	0x3faa3722	0xbe1aa25a	0x3e3851ec	0x3edd44f1	0x3f131f6f
0x3f6381d8	0x3e99999a	0x3f000000	0x3faa3722	0xbe1ab6bc	0x3e3851ec	0x3edd2c7a	0x3f130f2b
0x3f638866	0x3e99999a	0x3f000000	0x3faa3722	0xbe1acb1e	0x3e3851ec	0x3edd1407	0x3f12fee9
0x3f638ef3	0x3e99999a	0x3f000000	0x3faa3722	0xbe1adf7f	0x3e3851ec	0x3edcfb96	0x3f12eea9
0x3f639581	0x3e99999a	0x3f000000	0x3faa3722	0xbe1af3e4	0x3e3851ec	0x3edce325	0x3f12de69
0x3f639c0f	0x3e99999a	0x3f000000	0x3faa3722	0xbe1b084b	0x3e3851ec	0x3edccab3	0x3f12ce28
0x3f63a29c	0x3e99999a	0x3f000000	0x3faa3722	0xbe1b1cb0	0x3e3851ec	0x3edcb246	0x3f12bdea
0x3f63a92a	0x3e99999a	0x3f000000	0x3faa3722	0xbe1b3119	0x3e3851ec	0x3edc99d7	0x3f12adab
0x3f63afb8	0x3e99999a	0x3f000000	0x3faa3722	0xbe1b4584	0x3e3851ec	0x3edc8168	0x3f129d6c
0x3f63b646	0x3e99999a	0x3f000000	0x3faa3722	0xbe1b59f0	0x3e3851ec	0x3edc68fb	0x3f128d2f
0x3f63bcd3	0x3e99999a	0x3f000000	0x3faa3722	0xbe1b6e5a	0x3e3851ec	0x3edc5094	0x3f127cf5
0x3f63c361	0x3e99999a	0x3f000000	0x3faa3722	0xbe1b82c9	0x3e3851ec	0x3edc3829	0x3f126cb9
0x3f63c9ef	0x3e99999a	0x3f000000	0x3faa3722	0xbe1b9739	0x3e3851ec	0x3edc1fbf	0x3f125c7d
0x3f63d07d	0x3e99999a	0x3f000000	0x3faa3722	0xbe1babaa	0x3e3851ec	0x3edc0757	0x3f124c43
0x3f63d70a	0x3e99999a	0x3f000000	0x3faa3722	0xbe1bc019	0x3e3851ec	0x3edbeef4	0x3f123c0c
0x3f63dd98	0x3e99999a	0x3f000000	0x3faa3722	0xbe1bd48d	0x3e3851ec	0x3edbd68e	0x3f122bd3
0x3f63e426	0x3e99999a	0x3f000000	0x3faa3722	0xbe1be903	0x3e3851ec	0x3edbbe28	0x3f121b9a
0x3f63eab3	0x3e99999a	0x3f000000	0x3faa3722	0xbe1bfd76	0x3e3851ec	0x3edba5c8	0x3f120b65
0x3f63f141	0x3e99999a	0x3f000000	0x3faa3722	0xbe1c11ef	0x3e3851ec	0x3edb8d64	0x3f11fb2d
0x3f63f7cf	0x3e99999a	0x3f000000	0x3faa3722	0xbe1c2668	0x3e3851ec	0x3edb7502	0x3f11eaf7
0x3f63fe5d	0x3e99999a	0x3f000000	0x3faa3722	0xbe1c3ae3	0x3e3851ec	0x3edb5ca0	0x3f11dac0
0x3f6404ea	0x3e99999a	0x3f000000	0x3faa3722	0xbe1c4f5c	0x3e3851ec	0x3edb4444	0x3f11ca8e
0x3f640b78	0x3e99999a	0x3f000000	0x3faa3722	0xbe1c63d9	0x3e3851ec	0x3edb2be7	0x3f11ba5b
0x3f641206	0x3e99999a	0x3f000000	0x3faa3722	0xbe1c7858	0x3e3851ec	0x3edb1389	0x3f11aa27
0x3f641893	0x3e99999a	0x3f000000	0x3faa3722	0xbe1c8cd5	0x3e3851ec	0x3edafb30	0x3f1199f7
0x3f641f21	0x3e99999a	0x3f000000	0x3faa3722	0xbe1ca156	0x3e3851ec	0x3edae2d5	0x3f1189c5
0x3f6425af	0x3e99999a	0x3f000000	0x3faa3722	0xbe1cb5d9	0x3e3851ec	0x3edaca7b	0x3f117994
0x3f642c3d	0x3e99999a	0x3f000000	0x3faa3722	0xbe1cca5d	0x3e3851ec	0x3edab223	0x3f116965
0x3f6432ca	0x3e99999a	0x3f000000	0x3faa3722	0xbe1cdee0	0x3e3851ec	0x3eda99cd	0x3f115936
0x3f643958	0x3e99999a	0x3f000000	0x3faa3722	0xbe1cf366	0x3e3851ec	0x3eda8177	0x3f114908
0x3f643fe6	0x3e99999a	0x3f000000	0x3faa3722	0xbe1d07ef	0x3e3851ec	0x3eda6921	0x3f1138da
0x3f644674	0x3e99999a	0x3f000000	0x3faa3722	0xbe1d1c78	0x3e3851ec	0x3eda50cc	0x3f1128ac
0x3f644d01	0x3e99999a	0x3f000000	0x3faa3722	0xbe1d3100	0x3e3851ec	0x3eda387c	0x3f111881
0x3f64538f	0x3e99999a	0x3f000000	0x3faa3722	0xbe1d458c	0x3e3851ec	0x3eda202b	0x3f110856
0x3f645a1d	0x3e99999a	0x3f000000	0x3faa3722	0xbe1d5a1a	0x3e3851ec	0x3eda07d9	0x3f10f82b
0x3f6460aa	0x3e99999a	0x3f000000	0x3faa3722	0xbe1d6ea5	0x3e3851ec	0x3ed9ef8d	0x3f10e803
0x3f646738	0x3e99999a	0x3f000000	0x3faa3722	0xbe1d8335	0x3e3851ec	0x3ed9d73f	0x3f10d7da
0x3f646dc6	0x3e99999a	0x3f000000	0x3faa3722	0xbe1d97c7	0x3e3851ec	0x3ed9bef0	0x3f10c7b0
0x3f647454	0x3e99999a	0x3f000000	0x3faa3722	0xbe1dac5a	0x3e3851ec	0x3ed9a6a4	0x3f10b789
0x3f647ae1	0x3e99999a	0x3f000000	0x3faa3722	0xbe1dc0eb	0x3e3851ec	0x3ed98e5c	0x3f10a764
0x3f64816f	0x3e99999a	0x3f000000	0x3faa3722	0xbe1dd581	0x3e3851ec	0x3ed97611	0x3f10973d
0x3f6487fd	0x3e99999a	0x3f000000	0x3faa3722	0xbe1dea18	0x3e3851ec	0x3ed95dc7	0x3f108716
0x3f648e8a	0x3e99999a	0x3f000000	0x3faa3722	0xbe1dfead	0x3e3851ec	0x3ed94583	0x3f1076f4
0x3f649518	0x3e99999a	0x3f000000	0x3faa3722	0xbe1e1346	0x3e3851ec	0x3ed92d3d	0x3f1066d0
0x3f649ba6	0x3e99999a	0x3f000000	0x3faa3722	0xbe1e27e1	0x3e3851ec	0x3ed914f7	0x3f1056ac
0x3f64a234	0x3e99999a	0x3f000000	0x3faa3722	0xbe1e3c7e	0x3e3851ec	0x3ed8fcb1	0x3f104689
0x3f64a8c1	0x3e99999a	0x3f000000	0x3faa3722	0xbe1e5118	0x3e3851ec	0x3ed8e472	0x3f10366a
0x3f64af4f	0x3e99999a	0x3f000000	0x3faa3722	0xbe1e65b7	0x3e3851ec	0x3ed8cc2f	0x3f102648
0x3f64b5dd	0x3e99999a	0x3f000000	0x3faa3722	0xbe1e7a57	0x3e3851ec	0x3ed8b3ef	0x3f101628
0x3f64bc6a	0x3e99999a	0x3f000000	0x3faa3722	0xbe1e8ef6	0x3e3851ec	0x3ed89bb2	0x3f10060a
0x3f64c2f8	0x3e99999a	0x3f000000	0x3faa3722	0xbe1ea399	0x3e3851ec	0x3ed88372	0x3f0ff5eb
0x3f64c986	0x3e99999a	0x3f000000	0x3faa3722	0xbe1eb83d	0x3e3851ec	0x3ed86b35	0x3f0fe5cd
0x3f64d014	0x3e99999a	0x3f000000	0x3faa3722	0xbe1ecce3	0x3e3851ec	0x3ed852f8	0x3f0fd5af
0x3f64d6a1	0x3e99999a	0x3f000000	0x3faa3722	0xbe1ee187	0x3e3851ec	0x3ed83ac0	0x3f0fc595
0x3f64dd2f	0x3e99999a	0x3f000000	0x3faa3722	0xbe1ef62f	0x3e3851ec	0x3ed82286	0x3f0fb579
0x3f64e3bd	0x3e99999a	0x3f000000	0x3faa3722	0xbe1f0ad9	0x3e3851ec	0x3ed80a4b	0x3f0fa55d
0x3f64ea4b	0x3e99999a	0x3f000000	0x3faa3722	0xbe1f1f84	0x3e3851ec	0x3ed7f214	0x3f0f9543
0x3f64f0d8	0x3e99999a	0x3f000000	0x3faa3722	0xbe1f342d	0x3e3851ec	0x3ed7d9e1	0x3f0f852c
0x3f64f766	0x3e99999a	0x3f000000	0x3faa3722	0xbe1f48db	0x3e3851ec	0x3ed7c1aa	0x3f0f7512
0x3f64fdf4	0x3e99999a	0x3f000000	0x3faa3722	0xbe1f5d8a	0x3e3851ec	0x3ed7a976	0x3f0f64fa
0x3f650481	0x3e99999a	0x3f000000	0x3faa3722	0xbe1f7237	0x3e3851ec	0x3ed79146	0x3f0f54e5
0x3f650b0f	0x3e99999a	0x3f000000	0x3faa3722	0xbe1f86e9	0x3e3851ec	0x3ed77913	0x3f0f44ce
0x3f65119d	0x3e99999a	0x3f000000	0x3faa3722	0xbe1f9b9c	0x3e3851ec	0x3ed760e1	0x3f0f34b8
0x3f65182b	0x3e99999a	0x3f000000	0x3faa3722	0xbe1fb051	0x3e3851ec	0x3ed748b1	0x3f0f24a3
0x3f651eb8	0x3e99999a	0x3f000000	0x3faa3722	0xbe1fc503	0x3e3851ec	0x3ed73086	0x3f0f1491
0x3f652546	0x3e99999a	0x3f000000	0x3faa3722	0xbe1fd9bb	0x3e3851ec	0x3ed71857	0x3f0f047d
0x3f652bd4	0x3e99999a	0x3f000000	0x3faa3722	0xbe1fee73	0x3e3851ec	0x3ed7002b	0x3f0ef46a
0x3f653261	0x3e99999a	0x3f000000	0x3faa3722	0xbe20032a	0x3e3851ec	0x3ed6e803	0x3f0ee45a
0x3f6538ef	0x3e99999a	0x3f000000	0x3faa3722	0xbe2017e5	0x3e3851ec	0x3ed6cfd8	0x3f0ed449
0x3f653f7d	0x3e99999a	0x3f000000	0x3faa3722	0xbe202ca2	0x3e3851ec	0x3ed6b7af	0x3f0ec438
0x3f65460b	0x3e99999a	0x3f000000	0x3faa3722	0xbe20415f	0x3e3851ec	0x3ed69f87	0x3f0eb428
0x3f654c98	0x3e99999a	0x3f000000	0x3faa3722	0xbe20561b	0x3e3851ec	0x3ed68764	0x3f0ea41c
0x3f655326	0x3e99999a	0x3f000000	0x3faa3722	0xbe206adc	0x3e3851ec	0x3ed66f3e	0x3f0e940e
0x3f6559b4	0x3e99999a	0x3f000000	0x3faa3722	0xbe207f9e	0x3e3851ec	0x3ed65719	0x3f0e8400
0x3f656042	0x3e99999a	0x3f000000	0x3faa3722	0xbe209461	0x3e3851ec	0x3ed63ef5	0x3f0e73f3
0x3f6566cf	0x3e99999a	0x3f000000	0x3faa3722	0xbe20a922	0x3e3851ec	0x3ed626d7	0x3f0e63ea
0x3f656d5d	0x3e99999a	0x3f000000	0x3faa3722	0xbe20bde8	0x3e3851ec	0x3ed60eb6	0x3f0e53de
0x3f6573eb	0x3e99999a	0x3f000000	0x3faa3722	0xbe20d2b0	0x3e3851ec	0x3ed5f695	0x3f0e43d3
0x3f657a78	0x3e99999a	0x3f000000	0x3faa3722	0xbe20e775	0x3e3851ec	0x3ed5de7a	0x3f0e33cc
0x3f658106	0x3e99999a	0x3f000000	0x3faa3722	0xbe20fc3f	0x3e3851ec	0x3ed5c65d	0x3f0e23c4
0x3f658794	0x3e99999a	0x3f000000	0x3faa3722	0xbe21110a	0x3e3851ec	0x3ed5ae40	0x3f0e13bb
0x3f658e22	0x3e99999a	0x3f000000	0x3faa3722	0xbe2125d7	0x3e3851ec	0x3ed59624	0x3f0e03b4
0x3f6594af	0x3e99999a	0x3f000000	0x3faa3722	0xbe213aa2	0x3e3851ec	0x3ed57e0e	0x3f0df3b0
0x3f659b3d	0x3e99999a	0x3f000000	0x3faa3722	0xbe214f71	0x3e3851ec	0x3ed565f5	0x3f0de3aa
0x3f65a1cb	0x3e99999a	0x3f000000	0x3faa3722	0xbe216442	0x3e3851ec	0x3ed54ddd	0x3f0dd3a5
0x3f65a858	0x3e99999a	0x3f000000	0x3faa3722	0xbe217911	0x3e3851ec	0x3ed535c9	0x3f0dc3a2
0x3f65aee6	0x3e99999a	0x3f000000	0x3faa3722	0xbe218de4	0x3e3851ec	0x3ed51db4	0x3f0db39f
0x3f65b574	0x3e99999a	0x3f000000	0x3faa3722	0xbe21a2b9	0x3e3851ec	0x3ed5059f	0x3f0da39c
0x3f65bc02	0x3e99999a	0x3f000000	0x3faa3722	0xbe21b78f	0x3e3851ec	0x3ed4ed8c	0x3f0d939a
0x3f65c28f	0x3e99999a	0x3f000000	0x3faa3722	0xbe21cc63	0x3e3851ec	0x3ed4d57d	0x3f0d839b
0x3f65c91d	0x3e99999a	0x3f000000	0x3faa3722	0xbe21e13c	0x3e3851ec	0x3ed4bd6c	0x3f0d739b
0x3f65cfab	0x3e99999a	0x3f000000	0x3faa3722	0xbe21f616	0x3e3851ec	0x3ed4a55d	0x3f0d639c
0x3f65d639	0x3e99999a	0x3f000000	0x3faa3722	0xbe220af1	0x3e3851ec	0x3ed48d4e	0x3f0d539c
0x3f65dcc6	0x3e99999a	0x3f000000	0x3faa3722	0xbe221fcb	0x3e3851ec	0x3ed47544	0x3f0d43a1
0x3f65e354	0x3e99999a	0x3f000000	0x3faa3722	0xbe2234a9	0x3e3851ec	0x3ed45d38	0x3f0d33a3
0x3f65e9e2	0x3e99999a	0x3f000000	0x3faa3722	0xbe224988	0x3e3851ec	0x3ed4452d	0x3f0d23a7
0x3f65f06f	0x3e99999a	0x3f000000	0x3faa3722	0xbe225e66	0x3e3851ec	0x3ed42d27	0x3f0d13ae
0x3f65f6fd	0x3e99999a	0x3f000000	0x3faa3722	0xbe227348	0x3e3851ec	0x3ed4151e	0x3f0d03b3
0x3f65fd8b	0x3e99999a	0x3f000000	0x3faa3722	0xbe22882b	0x3e3851ec	0x3ed3fd17	0x3f0cf3b9
0x3f660419	0x3e99999a	0x3f000000	0x3faa3722	0xbe229d10	0x3e3851ec	0x3ed3e510	0x3f0ce3bf
0x3f660aa6	0x3e99999a	0x3f000000	0x3faa3722	0xbe22b1f3	0x3e3851ec	0x3ed3cd0f	0x3f0cd3c9
0x3f661134	0x3e99999a	0x3f000000	0x3faa3722	0xbe22c6da	0x3e3851ec	0x3ed3b50c	0x3f0cc3d2
0x3f6617c2	0x3e99999a	0x3f000000	0x3faa3722	0xbe22dbc3	0x3e3851ec	0x3ed39d08	0x3f0cb3da
0x3f661e4f	0x3e99999a	0x3f000000	0x3faa3722	0xbe22f0aa	0x3e3851ec	0x3ed3850a	0x3f0ca3e6
0x3f6624dd	0x3e99999a	0x3f000000	0x3faa3722	0xbe230596	0x3e3851ec	0x3ed36d09	0x3f0c93f0
0x3f662b6b	0x3e99999a	0x3f000000	0x3faa3722	0xbe231a83	0x3e3851ec	0x3ed3550a	0x3f0c83fc
0x3f6631f9	0x3e99999a	0x3f000000	0x3faa3722	0xbe232f71	0x3e3851ec	0x3ed33d0c	0x3f0c7408
0x3f663886	0x3e99999a	0x3f000000	0x3faa3722	0xbe23445d	0x3e3851ec	0x3ed32513	0x3f0c6418
0x3f663f14	0x3e99999a	0x3f000000	0x3faa3722	0xbe23594e	0x3e3851ec	0x3ed30d18	0x3f0c5426
0x3f6645a2	0x3e99999a	0x3f000000	0x3faa3722	0xbe236e40	0x3e3851ec	0x3ed2f51d	0x3f0c4434
0x3f664c30	0x3e99999a	0x3f000000	0x3faa3722	0xbe238334	0x3e3851ec	0x3ed2dd23	0x3f0c3443
0x3f6652bd	0x3e99999a	0x3f000000	0x3faa3722	0xbe239825	0x3e3851ec	0x3ed2c530	0x3f0c2456
0x3f66594b	0x3e99999a	0x3f000000	0x3faa3722	0xbe23ad1c	0x3e3851ec	0x3ed2ad38	0x3f0c1466
0x3f665fd9	0x3e99999a	0x3f000000	0x3faa3722	0xbe23c213	0x3e3851ec	0x3ed29543	0x3f0c0479
0x3f666666	0x3e99999a	0x3f000000	0x3faa3722	0xbe23d709	0x3e3851ec	0x3ed27d51	0x3f0bf48d
0x3f666cf4	0x3e99999a	0x3f000000	0x3faa3722	0xbe23ec03	0x3e3851ec	0x3ed2655f	0x3f0be4a1
0x3f667382	0x3e99999a	0x3f000000	0x3faa3722	0xbe2400ff	0x3e3851ec	0x3ed24d6c	0x3f0bd4b4
0x3f667a10	0x3e99999a	0x3f000000	0x3faa3722	0xbe2415fc	0x3e3851ec	0x3ed2357b	0x3f0bc4c9
0x3f66809d	0x3e99999a	0x3f000000	0x3faa3722	0xbe242af7	0x3e3851ec	0x3ed21d8f	0x3f0bb4e1
0x3f66872b	0x3e99999a	0x3f000000	0x3faa3722	0xbe243ff7	0x3e3851ec	0x3ed205a0	0x3f0ba4f7
0x3f668db9	0x3e99999a	0x3f000000	0x3faa3722	0xbe2454f8	0x3e3851ec	0x3ed1edb2	0x3f0b950e
0x3f669446	0x3e99999a	0x3f000000	0x3faa3722	0xbe2469f7	0x3e3851ec	0x3ed1d5ca	0x3f0b8529
0x3f669ad4	0x3e99999a	0x3f000000	0x3faa3722	0xbe247efa	0x3e3851ec	0x3ed1bde0	0x3f0b7542
0x3f66a162	0x3e99999a	0x3f000000	0x3faa3722	0xbe2493ff	0x3e3851ec	0x3ed1a5f6	0x3f0b655c
0x3f66a7f0	0x3e99999a	0x3f000000	0x3faa3722	0xbe24a906	0x3e3851ec	0x3ed18e0d	0x3f0b5576
0x3f66ae7d	0x3e99999a	0x3f000000	0x3faa3722	0xbe24be0a	0x3e3851ec	0x3ed1762a	0x3f0b4594
0x3f66b50b	0x3e99999a	0x3f000000	0x3faa3722	0xbe24d313	0x3e3851ec	0x3ed15e44	0x3f0b35b0
0x3f66bb99	0x3e99999a	0x3f000000	0x3faa3722	0xbe24e81e	0x3e3851ec	0x3ed1465e	0x3f0b25cc
0x3f66c227	0x3e99999a	0x3f000000	0x3faa3722	0xbe24fd29	0x3e3851ec	0x3ed12e7b	0x3f0b15ea
0x3f66c8b4	0x3e99999a	0x3f000000	0x3faa3722	0xbe251233	0x3e3851ec	0x3ed1169b	0x3f0b060b
0x3f66cf42	0x3e99999a	0x3f000000	0x3faa3722	0xbe252742	0x3e3851ec	0x3ed0feba	0x3f0af62a
0x3f66d5d0	0x3e99999a	0x3f000000	0x3faa3722	0xbe253c51	0x3e3851ec	0x3ed0e6da	0x3f0ae64a
0x3f66dc5d	0x3e99999a	0x3f000000	0x3faa3722	0xbe25515f	0x3e3851ec	0x3ed0ceff	0x3f0ad66e
0x3f66e2eb	0x3e99999a	0x3f000000	0x3faa3722	0xbe256672	0x3e3851ec	0x3ed0b720	0x3f0ac68e
0x3f66e979	0x3e99999a	0x3f000000	0x3faa3722	0xbe257b85	0x3e3851ec	0x3ed09f45	0x3f0ab6b2
0x3f66f007	0x3e99999a	0x3f000000	0x3faa3722	0xbe25909b	0x3e3851ec	0x3ed08769	0x3f0aa6d5
0x3f66f694	0x3e99999a	0x3f000000	0x3faa3722	0xbe25a5ae	0x3e3851ec	0x3ed06f92	0x3f0a96fb
0x3f66fd22	0x3e99999a	0x3f000000	0x3faa3722	0xbe25bac6	0x3e3851ec	0x3ed057b9	0x3f0a871f
0x3f6703b0	0x3e99999a	0x3f000000	0x3faa3722	0xbe25cfdf	0x3e3851ec	0x3ed03fe1	0x3f0a7745
0x3f670a3d	0x3e99999a	0x3f000000	0x3faa3722	0xbe25e4f6	0x3e3851ec	0x3ed0280f	0x3f0a676e
0x3f6710cb	0x3e99999a	0x3f000000	0x3faa3722	0xbe25fa12	0x3e3851ec	0x3ed01039	0x3f0a5795
0x3f671759	0x3e99999a	0x3f000000	0x3faa3722	0xbe260f2f	0x3e3851ec	0x3ecff865	0x3f0a47bd
0x3f671de7	0x3e99999a	0x3f000000	0x3faa3722	0xbe26244e	0x3e3851ec	0x3ecfe092	0x3f0a37e6
0x3f672474	0x3e99999a	0x3f000000	0x3faa3722	0xbe26396a	0x3e3851ec	0x3ecfc8c5	0x3f0a2813
0x3f672b02	0x3e99999a	0x3f000000	0x3faa3722	0xbe264e8b	0x3e3851ec	0x3ecfb0f4	0x3f0a183d
0x3f673190	0x3e99999a	0x3f000000	0x3faa3722	0xbe2663ae	0x3e3851ec	0x3ecf9925	0x3f0a0868
0x3f67381d	0x3e99999a	0x3f000000	0x3faa3722	0xbe2678cf	0x3e3851ec	0x3ecf815a	0x3f09f896
0x3f673eab	0x3e99999a	0x3f000000	0x3faa3722	0xbe268df4	0x3e3851ec	0x3ecf698d	0x3f09e8c3
0x3f674539	0x3e99999a	0x3f000000	0x3faa3722	0xbe26a31a	0x3e3851ec	0x3ecf51c3	0x3f09d8f2
0x3f674bc7	0x3e99999a	0x3f000000	0x3faa3722	0xbe26b842	0x3e3851ec	0x3ecf39f8	0x3f09c920
0x3f675254	0x3e99999a	0x3f000000	0x3faa3722	0xbe26cd68	0x3e3851ec	0x3ecf2232	0x3f09b951
0x3f6758e2	0x3e99999a	0x3f000000	0x3faa3722	0xbe26e293	0x3e3851ec	0x3ecf0a6a	0x3f09a981
0x3f675f70	0x3e99999a	0x3f000000	0x3faa3722	0xbe26f7bf	0x3e3851ec	0x3ecef2a3	0x3f0999b2
0x3f6765fe	0x3e99999a	0x3f000000	0x3faa3722	0xbe270cec	0x3e3851ec	0x3ecedade	0x3f0989e4
0x3f676c8b	0x3e99999a	0x3f000000	0x3faa3722	0xbe272217	0x3e3851ec	0x3ecec31f	0x3f097a1a
0x3f677319	0x3e99999a	0x3f000000	0x3faa3722	0xbe273747	0x3e3851ec	0x3eceab5b	0x3f096a4d
0x3f6779a7	0x3e99999a	0x3f000000	0x3faa3722	0xbe274c79	0x3e3851ec	0x3ece9398	0x3f095a80
0x3f678034	0x3e99999a	0x3f000000	0x3faa3722	0xbe2761a8	0x3e3851ec	0x3ece7bdc	0x3f094ab8
0x3f6786c2	0x3e99999a	0x3f000000	0x3faa3722	0xbe2776dc	0x3e3851ec	0x3ece641d	0x3f093aee
0x3f678d50	0x3e99999a	0x3f000000	0x3faa3722	0xbe278c12	0x3e3851ec	0x3ece4c5e	0x3f092b24
0x3f6793de	0x3e99999a	0x3f000000	0x3faa3722	0xbe27a148	0x3e3851ec	0x3ece34a2	0x3f091b5c
0x3f679a6b	0x3e99999a	0x3f000000	0x3faa3722	0xbe27b67d	0x3e3851ec	0x3ece1cea	0x3f090b97
0x3f67a0f9	0x3e99999a	0x3f000000	0x3faa3722	0xbe27cbb6	0x3e3851ec	0x3ece0530	0x3f08fbd0
0x3f67a787	0x3e99999a	0x3f000000	0x3faa3722	0xbe27e0f1	0x3e3851ec	0x3ecded76	0x3f08ec0a
0x3f67ae14	0x3e99999a	0x3f000000	0x3faa3722	0xbe27f62a	0x3e3851ec	0x3ecdd5c1	0x3f08dc46
0x3f67b4a2	0x3e99999a	0x3f000000	0x3faa3722	0xbe280b67	0x3e3851ec	0x3ecdbe0b	0x3f08cc82
0x3f67bb30	0x3e99999a	0x3f000000	0x3faa3722	0xbe2820a6	0x3e3851ec	0x3ecda656	0x3f08bcbf
0x3f67c1be	0x3e99999a	0x3f000000	0x3faa3722	0xbe2835e6	0x3e3851ec	0x3ecd8ea1	0x3f08acfc
0x3f67c84b	0x3e99999a	0x3f000000	0x3faa3722	0xbe284b24	0x3e3851ec	0x3ecd76f3	0x3f089d3d
0x3f67ced9	0x3e99999a	0x3f000000	0x3faa3722	0xbe286067	0x3e3851ec	0x3ecd5f40	0x3f088d7b
0x3f67d567	0x3e99999a	0x3f000000	0x3faa3722	0xbe2875ab	0x3e3851ec	0x3ecd4790	0x3f087dbb
0x3f67dbf5	0x3e99999a	0x3f000000	0x3faa3722	0xbe288af1	0x3e3851ec	0x3ecd2fe0	0x3f086dfb
0x3f67e282	0x3e99999a	0x3f000000	0x3faa3722	0xbe28a034	0x3e3851ec	0x3ecd1836	0x3f085e3f
0x3f67e910	0x3e99999a	0x3f000000	0x3faa3722	0xbe28b57c	0x3e3851ec	0x3ecd0089	0x3f084e81
0x3f67ef9e	0x3e99999a	0x3f000000	0x3faa3722	0xbe28cac6	0x3e3851ec	0x3ecce8dd	0x3f083ec4
0x3f67f62b	0x3e99999a	0x3f000000	0x3faa3722	0xbe28e00d	0x3e3851ec	0x3eccd137	0x3f082f0b
0x3f67fcb9	0x3e99999a	0x3f000000	0x3faa3722	0xbe28f559	0x3e3851ec	0x3eccb98e	0x3f081f4f
0x3f680347	0x3e99999a	0x3f000000	0x3faa3722	0xbe290aa7	0x3e3851ec	0x3ecca1e6	0x3f080f95
0x3f6809d5	0x3e99999a	0x3f000000	0x3faa3722	0xbe291ff6	0x3e3851ec	0x3ecc8a3f	0x3f07ffdb
0x3f681062	0x3e99999a	0x3f000000	0x3faa3722	0xbe293543	0x3e3851ec	0x3ecc729d	0x3f07f024
0x3f6816f0	0x3e99999a	0x3f000000	0x3faa3722	0xbe294a94	0x3e3851ec	0x3ecc5af9	0x3f07e06c
0x3f681d7e	0x3e99999a	0x3f000000	0x3faa3722	0xbe295fe7	0x3e3851ec	0x3ecc4356	0x3f07d0b5
0x3f68240b	0x3e99999a	0x3f000000	0x3faa3722	0xbe297538	0x3e3851ec	0x3ecc2bb8	0x3f07c101
0x3f682a99	0x3e99999a	0x3f000000	0x3faa3722	0xbe298a8e	0x3e3851ec	0x3ecc1417	0x3f07b14b
0x3f683127	0x3e99999a	0x3f000000	0x3faa3722	0xbe299fe4	0x3e3851ec	0x3ecbfc79	0x3f07a197
0x3f6837b5	0x3e99999a	0x3f000000	0x3faa3722	0xbe29b53d	0x3e3851ec	0x3ecbe4db	0x3f0791e3
0x3f683e42	0x3e99999a	0x3f000000	0x3faa3722	0xbe29ca93	0x3e3851ec	0x3ecbcd42	0x3f078232
0x3f6844d0	0x3e99999a	0x3f000000	0x3faa3722	0xbe29dfee	0x3e3851ec	0x3ecbb5a7	0x3f077280
0x3f684b5e	0x3e99999a	0x3f000000	0x3faa3722	0xbe29f54a	0x3e3851ec	0x3ecb9e0d	0x3f0762cf
0x3f6851ec	0x3e99999a	0x3f000000	0x3faa3722	0xbe2a0aa8	0x3e3851ec	0x3ecb8673	0x3f07531d
0x3f685879	0x3e99999a	0x3f000000	0x3faa3722	0xbe2a2004	0x3e3851ec	0x3ecb6edf	0x3f074370
0x3f685f07	0x3e99999a	0x3f000000	0x3faa3722	0xbe2a3564	0x3e3851ec	0x3ecb5749	0x3f0733c1
0x3f686595	0x3e99999a	0x3f000000	0x3faa3722	0xbe2a4ac5	0x3e3851ec	0x3ecb3fb5	0x3f072414
0x3f686c22	0x3e99999a	0x3f000000	0x3faa3722	0xbe2a6025	0x3e3851ec	0x3ecb2824	0x3f071469
0x3f6872b0	0x3e99999a	0x3f000000	0x3faa3722	0xbe2a758a	0x3e3851ec	0x3ecb1091	0x3f0704bc
0x3f68793e	0x3e99999a	0x3f000000	0x3faa3722	0xbe2a8aef	0x3e3851ec	0x3ecaf900	0x3f06f510
0x3f687fcc	0x3e99999a	0x3f000000	0x3faa3722	0xbe2aa056	0x3e3851ec	0x3ecae170	0x3f06e566
0x3f688659	0x3e99999a	0x3f000000	0x3faa3722	0xbe2ab5bb	0x3e3851ec	0x3ecac9e5	0x3f06d5be
0x3f688ce7	0x3e99999a	0x3f000000	0x3faa3722	0xbe2acb25	0x3e3851ec	0x3ecab257	0x3f06c615
0x3f689375	0x3e99999a	0x3f000000	0x3faa3722	0xbe2ae090	0x3e3851ec	0x3eca9aca	0x3f06b66c
0x3f689a02	0x3e99999a	0x3f000000	0x3faa3722	0xbe2af5f9	0x3e3851ec	0x3eca8343	0x3f06a6c8
0x3f68a090	0x3e99999a	0x3f000000	0x3faa3722	0xbe2b0b67	0x3e3851ec	0x3eca6bb9	0x3f069721
0x3f68a71e	0x3e99999a	0x3f000000	0x3faa3722	0xbe2b20d6	0x3e3851ec	0x3eca5431	0x3f06877b
0x3f68adac	0x3e99999a	0x3f000000	0x3faa3722	0xbe2b3646	0x3e3851ec	0x3eca3caa	0x3f0677d7
0x3f68b439	0x3e99999a	0x3f000000	0x3faa3722	0xbe2b4bb5	0x3e3851ec	0x3eca2527	0x3f066835
0x3f68bac7	0x3e99999a	0x3f000000	0x3faa3722	0xbe2b6128	0x3e3851ec	0x3eca0da2	0x3f065891
0x3f68c155	0x3e99999a	0x3f000000	0x3faa3722	0xbe2b769c	0x3e3851ec	0x3ec9f61f	0x3f0648ef
0x3f68c7e3	0x3e99999a	0x3f000000	0x3faa3722	0xbe2b8c12	0x3e3851ec	0x3ec9de9d	0x3f06394e
0x3f68ce70	0x3e99999a	0x3f000000	0x3faa3722	0xbe2ba186	0x3e3851ec	0x3ec9c71f	0x3f0629af
0x3f68d4fe	0x3e99999a	0x3f000000	0x3faa3722	0xbe2bb6fe	0x3e3851ec	0x3ec9afa0	0x3f061a10
0x3f68db8c	0x3e99999a	0x3f000000	0x3faa3722	0xbe2bcc78	0x3e3851ec	0x3ec99822	0x3f060a71
0x3f68e219	0x3e99999a	0x3f000000	0x3faa3722	0xbe2be1f0	0x3e3851ec	0x3ec980a7	0x3f05fad4
0x3f68e8a7	0x3e99999a	0x3f000000	0x3faa3722	0xbe2bf76c	0x3e3851ec	0x3ec9692c	0x3f05eb38
0x3f68ef35	0x3e99999a	0x3f000000	0x3faa3722	0xbe2c0cea	0x3e3851ec	0x3ec951b2	0x3f05db9b
0x3f68f5c3	0x3e99999a	0x3f000000	0x3faa3722	0xbe2c2269	0x3e3851ec	0x3ec93a39	0x3f05cc00
0x3f68fc50	0x3e99999a	0x3f000000	0x3faa3722	0xbe2c37e7	0x3e3851ec	0x3ec922c3	0x3f05bc67
0x3f6902de	0x3e99999a	0x3f000000	0x3faa3722	0xbe2c4d69	0x3e3851ec	0x3ec90b4c	0x3f05accd
0x3f69096c	0x3e99999a	0x3f000000	0x3faa3722	0xbe2c62ec	0x3e3851ec	0x3ec8f3d7	0x3f059d34
0x3f690ff9	0x3e99999a	0x3f000000	0x3faa3722	0xbe2c786d	0x3e3851ec	0x3ec8dc66	0x3f058d9e
0x3f691687	0x3e99999a	0x3f000000	0x3faa3722	0xbe2c8df3	0x3e3851ec	0x3ec8c4f4	0x3f057e07
0x3f691d15	0x3e99999a	0x3f000000	0x3faa3722	0xbe2ca37a	0x3e3851ec	0x3ec8ad82	0x3f056e70
0x3f6923a3	0x3e99999a	0x3f000000	0x3faa3722	0xbe2cb903	0x3e3851ec	0x3ec89611	0x3f055eda
0x3f692a30	0x3e99999a	0x3f000000	0x3faa3722	0xbe2cce89	0x3e3851ec	0x3ec87ea6	0x3f054f48
0x3f6930be	0x3e99999a	0x3f000000	0x3faa3722	0xbe2ce415	0x3e3851ec	0x3ec86738	0x3f053fb4
0x3f69374c	0x3e99999a	0x3f000000	0x3faa3722	0xbe2cf9a1	0x3e3851ec	0x3ec84fcb	0x3f053021
0x3f693dd9	0x3e99999a	0x3f000000	0x3faa3722	0xbe2d0f2c	0x3e3851ec	0x3ec83864	0x3f052091
0x3f694467	0x3e99999a	0x3f000000	0x3faa3722	0xbe2d24bb	0x3e3851ec	0x3ec820f9	0x3f0510ff
0x3f694af5	0x3e99999a	0x3f000000	0x3faa3722	0xbe2d3a4c	0x3e3851ec	0x3ec80990	0x3f05016e
0x3f695183	0x3e99999a	0x3f000000	0x3faa3722	0xbe2d4fde	0x3e3851ec	0x3ec7f229	0x3f04f1df
0x3f695810	0x3e99999a	0x3f000000	0x3faa3722	0xbe2d656e	0x3e3851ec	0x3ec7dac6	0x3f04e252
0x3f695e9e	0x3e99999a	0x3f000000	0x3faa3722	0xbe2d7b02	0x3e3851ec	0x3ec7c362	0x3f04d2c5
0x3f69652c	0x3e99999a	0x3f000000	0x3faa3722	0xbe2d9098	0x3e3851ec	0x3ec7abfe	0x3f04c337
0x3f696bba	0x3e99999a	0x3f000000	0x3faa3722	0xbe2da630	0x3e3851ec	0x3ec7949b	0x3f04b3aa
0x3f697247	0x3e99999a	0x3f000000	0x3faa3722	0xbe2dbbc5	0x3e3851ec	0x3ec77d3f	0x3f04a422
0x3f6978d5	0x3e99999a	0x3f000000	0x3faa3722	0xbe2dd15f	0x3e3851ec	0x3ec765df	0x3f049497
0x3f697f63	0x3e99999a	0x3f000000	0x3faa3722	0xbe2de6fa	0x3e3851ec	0x3ec74e80	0x3f04850d
0x3f6985f0	0x3e99999a	0x3f000000	0x3faa3722	0xbe2dfc94	0x3e3851ec	0x3ec73727	0x3f047587
0x3f698c7e	0x3e99999a	0x3f000000	0x3faa3722	0xbe2e1232	0x3e3851ec	0x3ec71fcb	0x3f0465ff
0x3f69930c	0x3e99999a	0x3f000000	0x3faa3722	0xbe2e27d1	0x3e3851ec	0x3ec70870	0x3f045678
0x3f69999a	0x3e99999a	0x3f000000	0x3faa3722	0xbe2e3d72	0x3e3851ec	0x3ec6f117	0x3f0446f1
0x3f69a027	0x3e99999a	0x3f000000	0x3faa3722	0xbe2e5311	0x3e3851ec	0x3ec6d9c2	0x3f04376e
0x3f69a6b5	0x3e99999a	0x3f000000	0x3faa3722	0xbe2e68b4	0x3e3851ec	0x3ec6c26c	0x3f0427ea
0x3f69ad43	0x3e99999a	0x3f000000	0x3faa3722	0xbe2e7e59	0x3e3851ec	0x3ec6ab16	0x3f041866
0x3f69b3d0	0x3e99999a	0x3f000000	0x3faa3722	0xbe2e93fc	0x3e3851ec	0x3ec693c5	0x3f0408e5
0x3f69ba5e	0x3e99999a	0x3f000000	0x3faa3722	0xbe2ea9a3	0x3e3851ec	0x3ec67c73	0x3f03f963
0x3f69c0ec	0x3e99999a	0x3f000000	0x3faa3722	0xbe2ebf4c	0x3e3851ec	0x3ec66521	0x3f03e9e2
0x3f69c77a	0x3e99999a	0x3f000000	0x3faa3722	0xbe2ed4f6	0x3e3851ec	0x3ec64dd1	0x3f03da62
0x3f69ce07	0x3e99999a	0x3f000000	0x3faa3722	0xbe2eea9e	0x3e3851ec	0x3ec63686	0x3f03cae5
0x3f69d495	0x3e99999a	0x3f000000	0x3faa3722	0xbe2f004b	0x3e3851ec	0x3ec61f38	0x3f03bb66
0x3f69db23	0x3e99999a	0x3f000000	0x3faa3722	0xbe2f15f9	0x3e3851ec	0x3ec607eb	0x3f03abe8
0x3f69e1b1	0x3e99999a	0x3f000000	0x3faa3722	0xbe2f2ba9	0x3e3851ec	0x3ec5f0a0	0x3f039c6b
0x3f69e83e	0x3e99999a	0x3f000000	0x3faa3722	0xbe2f4156	0x3e3851ec	0x3ec5d95a	0x3f038cf2
0x3f69eecc	0x3e99999a	0x3f000000	0x3faa3722	0xbe2f5708	0x3e3851ec	0x3ec5c212	0x3f037d77
0x3f69f55a	0x3e99999a	0x3f000000	0x3faa3722	0xbe2f6cbc	0x3e3851ec	0x3ec5aacb	0x3f036dfd
0x3f69fbe7	0x3e99999a	0x3f000000	0x3faa3722	0xbe2f826d	0x3e3851ec	0x3ec59388	0x3f035e85
0x3f6a0275	0x3e99999a	0x3f000000	0x3faa3722	0xbe2f9824	0x3e3851ec	0x3ec57c43	0x3f034f0c
0x3f6a0903	0x3e99999a	0x3f000000	0x3faa3722	0xbe2faddb	0x3e3851ec	0x3ec56500	0x3f033f95
0x3f6a0f91	0x3e99999a	0x3f000000	0x3faa3722	0xbe2fc394	0x3e3851ec	0x3ec54dbe	0x3f03301e
0x3f6a161e	0x3e99999a	0x3f000000	0x3faa3722	0xbe2fd94b	0x3e3851ec	0x3ec53681	0x3f0320ab
0x3f6a1cac	0x3e99999a	0x3f000000	0x3faa3722	0xbe2fef07	0x3e3851ec	0x3ec51f41	0x3f031135
0x3f6a233a	0x3e99999a	0x3f000000	0x3faa3722	0xbe3004c4	0x3e3851ec	0x3ec50803	0x3f0301c1
0x3f6a29c7	0x3e99999a	0x3f000000	0x3faa3722	0xbe301a7e	0x3e3851ec	0x3ec4f0cb	0x3f02f251
0x3f6a3055	0x3e99999a	0x3f000000	0x3faa3722	0xbe30303e	0x3e3851ec	0x3ec4d98f	0x3f02e2de
0x3f6a36e3	0x3e99999a	0x3f000000	0x3faa3722	0xbe3045ff	0x3e3851ec	0x3ec4c255	0x3f02d36c
0x3f6a3d71	0x3e99999a	0x3f000000	0x3faa3722	0xbe305bc1	0x3e3851ec	0x3ec4ab1c	0x3f02c3fb
0x3f6a43fe	0x3e99999a	0x3f000000	0x3faa3722	0xbe307182	0x3e3851ec	0x3ec493e7	0x3f02b48d
0x3f6a4a8c	0x3e99999a	0x3f000000	0x3faa3722	0xbe308747	0x3e3851ec	0x3ec47cb1	0x3f02a51e
0x3f6a511a	0x3e99999a	0x3f000000	0x3faa3722	0xbe309d0d	0x3e3851ec	0x3ec4657d	0x3f0295b1
0x3f6a57a8	0x3e99999a	0x3f000000	0x3faa3722	0xbe30b2d5	0x3e3851ec	0x3ec44e49	0x3f028643
0x3f6a5e35	0x3e99999a	0x3f000000	0x3faa3722	0xbe30c89a	0x3e3851ec	0x3ec4371b	0x3f0276da
0x3f6a64c3	0x3e99999a	0x3f000000	0x3faa3722	0xbe30de65	0x3e3851ec	0x3ec41fe9	0x3f02676e
0x3f6a6b51	0x3e99999a	0x3f000000	0x3faa3722	0xbe30f430	0x3e3851ec	0x3ec408ba	0x3f025803
0x3f6a71de	0x3e99999a	0x3f000000	0x3faa3722	0xbe3109fa	0x3e3851ec	0x3ec3f18f	0x3f02489c
0x3f6a786c	0x3e99999a	0x3f000000	0x3faa3722	0xbe311fc8	0x3e3851ec	0x3ec3da62	0x3f023933
0x3f6a7efa	0x3e99999a	0x3f000000	0x3faa3722	0xbe313598	0x3e3851ec	0x3ec3c337	0x3f0229cb
0x3f6a8588	0x3e99999a	0x3f000000	0x3faa3722	0xbe314b69	0x3e3851ec	0x3ec3ac0c	0x3f021a64
0x3f6a8c15	0x3e99999a	0x3f000000	0x3faa3722	0xbe316138	0x3e3851ec	0x3ec394e7	0x3f020b00
0x3f6a92a3	0x3e99999a	0x3f000000	0x3faa3722	0xbe31770c	0x3e3851ec	0x3ec37dbf	0x3f01fb9b
0x3f6a9931	0x3e99999a	0x3f000000	0x3faa3722	0xbe318ce1	0x3e3851ec	0x3ec36698	0x3f01ec36
0x3f6a9fbe	0x3e99999a	0x3f000000	0x3faa3722	0xbe31a2b4	0x3e3851ec	0x3ec34f76	0x3f01dcd4
0x3f6aa64c	0x3e99999a	0x3f000000	0x3faa3722	0xbe31b88c	0x3e3851ec	0x3ec33853	0x3f01cd72
0x3f6aacda	0x3e99999a	0x3f000000	0x3faa3722	0xbe31ce65	0x3e3851ec	0x3ec32130	0x3f01be10
0x3f6ab368	0x3e99999a	0x3f000000	0x3faa3722	0xbe31e43f	0x3e3851ec	0x3ec30a0f	0x3f01aeaf
0x3f6ab9f5	0x3e99999a	0x3f000000	0x3faa3722	0xbe31fa18	0x3e3851ec	0x3ec2f2f2	0x3f019f51
0x3f6ac083	0x3e99999a	0x3f000000	0x3faa3722	0xbe320ff5	0x3e3851ec	0x3ec2dbd4	0x3f018ff2
0x3f6ac711	0x3e99999a	0x3f000000	0x3faa3722	0xbe3225d3	0x3e3851ec	0x3ec2c4b7	0x3f018094
0x3f6acd9f	0x3e99999a	0x3f000000	0x3faa3722	0xbe323bb3	0x3e3851ec	0x3ec2ad9c	0x3f017137
0x3f6ad42c	0x3e99999a	0x3f000000	0x3faa3722	0xbe325191	0x3e3851ec	0x3ec29684	0x3f0161dc
0x3f6adaba	0x3e99999a	0x3f000000	0x3faa3722	0xbe326774	0x3e3851ec	0x3ec27f6b	0x3f015280
0x3f6ae148	0x3e99999a	0x3f000000	0x3faa3722	0xbe327d57	0x3e3851ec	0x3ec26854	0x3f014326
0x3f6ae7d5	0x3e99999a	0x3f000000	0x3faa3722	0xbe329339	0x3e3851ec	0x3ec25140	0x3f0133ce
0x3f6aee63	0x3e99999a	0x3f000000	0x3faa3722	0xbe32a920	0x3e3851ec	0x3ec23a2b	0x3f012475
0x3f6af4f1	0x3e99999a	0x3f000000	0x3faa3722	0xbe32bf08	0x3e3851ec	0x3ec22316	0x3f01151c
0x3f6afb7f	0x3e99999a	0x3f000000	0x3faa3722	0xbe32d4f1	0x3e3851ec	0x3ec20c04	0x3f0105c5
0x3f6b020c	0x3e99999a	0x3f000000	0x3faa3722	0xbe32ead8	0x3e3851ec	0x3ec1f4f6	0x3f00f671
0x3f6b089a	0x3e99999a	0x3f000000	0x3faa3722	0xbe3300c4	0x3e3851ec	0x3ec1dde7	0x3f00e71c
0x3f6b0f28	0x3e99999a	0x3f000000	0x3faa3722	0xbe3316b1	0x3e3851ec	0x3ec1c6d8	0x3f00d7c7
0x3f6b15b5	0x3e99999a	0x3f000000	0x3faa3722	0xbe332c9d	0x3e3851ec	0x3ec1afcd	0x3f00c875
0x3f6b1c43	0x3e99999a	0x3f000000	0x3faa3722	0xbe33428d	0x3e3851ec	0x3ec198c1	0x3f00b922
0x3f6b22d1	0x3e99999a	0x3f000000	0x3faa3722	0xbe33587e	0x3e3851ec	0x3ec181b7	0x3f00a9d0
0x3f6b295f	0x3e99999a	0x3f000000	0x3faa3722	0xbe336e70	0x3e3851ec	0x3ec16aae	0x3f009a7f
0x3f6b2fec	0x3e99999a	0x3f000000	0x3faa3722	0xbe338461	0x3e3851ec	0x3ec153aa	0x3f008b32
0x3f6b367a	0x3e99999a	0x3f000000	0x3faa3722	0xbe339a56	0x3e3851ec	0x3ec13ca4	0x3f007be3
0x3f6b3d08	0x3e99999a	0x3f000000	0x3faa3722	0xbe33b04d	0x3e3851ec	0x3ec1259e	0x3f006c94
0x3f6b4396	0x3e99999a	0x3f000000	0x3faa3722	0xbe33c645	0x3e3851ec	0x3ec10e9a	0x3f005d46
0x3f6b4a23	0x3e99999a	0x3f000000	0x3faa3722	0xbe33dc3b	0x3e3851ec	0x3ec0f79b	0x3f004dfc
0x3f6b50b1	0x3e99999a	0x3f000000	0x3faa3722	0xbe33f236	0x3e3851ec	0x3ec0e099	0x3f003eaf
0x3f6b573f	0x3e99999a	0x3f000000	0x3faa3722	0xbe340832	0x3e3851ec	0x3ec0c999	0x3f002f65
0x3f6b5dcc	0x3e99999a	0x3f000000	0x3faa3722	0xbe341e2c	0x3e3851ec	0x3ec0b29e	0x3f00201d
0x3f6b645a	0x3e99999a	0x3f000000	0x3faa3722	0xbe34342a	0x3e3851ec	0x3ec09ba1	0x3f0010d4
0x3f6b6ae8	0x3e99999a	0x3f000000	0x3faa3722	0xbe344a2a	0x3e3851ec	0x3ec084a6	0x3f00018c
0x3f6b7176	0x3e99999a	0x3f000000	0x3faa3722	0xbe34602c	0x3e3851ec	0x3ec06daa	0x3effe488
0x3f6b7803	0x3e99999a	0x3f000000	0x3faa3722	0xbe34762b	0x3e3851ec	0x3ec056b5	0x3effc601
0x3f6b7e91	0x3e99999a	0x3f000000	0x3faa3722	0xbe348c2f	0x3e3851ec	0x3ec03fbe	0x3effa777
0x3f6b851f	0x3e99999a	0x3f000000	0x3faa3722	0xbe34a235	0x3e3851ec	0x3ec028c6	0x3eff88ec
0x3f6b8bac	0x3e99999a	0x3f000000	0x3faa3722	0xbe34b838	0x3e3851ec	0x3ec011d5	0x3eff6a6a
0x3f6b923a	0x3e99999a	0x3f000000	0x3faa3722	0xbe34ce40	0x3e3851ec	0x3ebffae1	0x3eff4be4
0x3f6b98c8	0x3e99999a	0x3f000000	0x3faa3722	0xbe34e449	0x3e3851ec	0x3ebfe3ef	0x3eff2d60
0x3f6b9f56	0x3e99999a	0x3f000000	0x3faa3722	0xbe34fa54	0x3e3851ec	0x3ebfccfe	0x3eff0ede
0x3f6ba5e3	0x3e99999a	0x3f000000	0x3faa3722	0xbe35105d	0x3e3851ec	0x3ebfb611	0x3efef062
0x3f6bac71	0x3e99999a	0x3f000000	0x3faa3722	0xbe35266a	0x3e3851ec	0x3ebf9f23	0x3efed1e4
0x3f6bb2ff	0x3e99999a	0x3f000000	0x3faa3722	0xbe353c79	0x3e3851ec	0x3ebf8836	0x3efeb367
0x3f6bb98c	0x3e99999a	0x3f000000	0x3faa3722	0xbe355286	0x3e3851ec	0x3ebf714d	0x3efe94f0
0x3f6bc01a	0x3e99999a	0x3f000000	0x3faa3722	0xbe356898	0x3e3851ec	0x3ebf5a63	0x3efe7677
0x3f6bc6a8	0x3e99999a	0x3f000000	0x3faa3722	0xbe357eaa	0x3e3851ec	0x3ebf437a	0x3efe5800
0x3f6bcd36	0x3e99999a	0x3f000000	0x3faa3722	0xbe3594bf	0x3e3851ec	0x3ebf2c92	0x3efe398a
0x3f6bd3c3	0x3e99999a	0x3f000000	0x3faa3722	0xbe35aad1	0x3e3851ec	0x3ebf15af	0x3efe1b1a
0x3f6bda51	0x3e99999a	0x3f000000	0x3faa3722	0xbe35c0e8	0x3e3851ec	0x3ebefeca	0x3efdfca8
0x3f6be0df	0x3e99999a	0x3f000000	0x3faa3722	0xbe35d700	0x3e3851ec	0x3ebee7e6	0x3efdde38
0x3f6be76d	0x3e99999a	0x3f000000	0x3faa3722	0xbe35ed19	0x3e3851ec	0x3ebed104	0x3efdbfca
0x3f6bedfa	0x3e99999a	0x3f000000	0x3faa3722	0xbe360331	0x3e3851ec	0x3ebeba26	0x3efda161
0x3f6bf488	0x3e99999a	0x3f000000	0x3faa3722	0xbe36194d	0x3e3851ec	0x3ebea347	0x3efd82f7
0x3f6bfb16	0x3e99999a	0x3f000000	0x3faa3722	0xbe362f6b	0x3e3851ec	0x3ebe8c68	0x3efd648d
0x3f6c01a3	0x3e99999a	0x3f000000	0x3faa3722	0xbe364586	0x3e3851ec	0x3ebe7590	0x3efd462c
0x3f6c0831	0x3e99999a	0x3f000000	0x3faa3722	0xbe365ba6	0x3e3851ec	0x3ebe5eb4	0x3efd27c6
0x3f6c0ebf	0x3e99999a	0x3f000000	0x3faa3722	0xbe3671c8	0x3e3851ec	0x3ebe47da	0x3efd0963
0x3f6c154d	0x3e99999a	0x3f000000	0x3faa3722	0xbe3687eb	0x3e3851ec	0x3ebe3101	0x3efceb01
0x3f6c1bda	0x3e99999a	0x3f000000	0x3faa3722	0xbe369e0c	0x3e3851ec	0x3ebe1a2d	0x3efccca6
0x3f6c2268	0x3e99999a	0x3f000000	0x3faa3722	0xbe36b431	0x3e3851ec	0x3ebe0357	0x3efcae47
0x3f6c28f6	0x3e99999a	0x3f000000	0x3faa3722	0xbe36ca58	0x3e3851ec	0x3ebdec83	0x3efc8fec
0x3f6c2f83	0x3e99999a	0x3f000000	0x3faa3722	0xbe36e07d	0x3e3851ec	0x3ebdd5b2	0x3efc7195
0x3f6c3611	0x3e99999a	0x3f000000	0x3faa3722	0xbe36f6a7	0x3e3851ec	0x3ebdbee0	0x3efc533c
0x3f6c3c9f	0x3e99999a	0x3f000000	0x3faa3722	0xbe370cd2	0x3e3851ec	0x3ebda810	0x3efc34e6
0x3f6c432d	0x3e99999a	0x3f000000	0x3faa3722	0xbe3722fe	0x3e3851ec	0x3ebd9140	0x3efc1690
0x3f6c49ba	0x3e99999a	0x3f000000	0x3faa3722	0xbe373929	0x3e3851ec	0x3ebd7a75	0x3efbf840
0x3f6c5048	0x3e99999a	0x3f000000	0x3faa3722	0xbe374f58	0x3e3851ec	0x3ebd63a9	0x3efbd9f0
0x3f6c56d6	0x3e99999a	0x3f000000	0x3faa3722	0xbe376588	0x3e3851ec	0x3ebd4cde	0x3efbbba0
0x3f6c5d64	0x3e99999a	0x3f000000	0x3faa3722	0xbe377bba	0x3e3851ec	0x3ebd3613	0x3efb9d51
0x3f6c63f1	0x3e99999a	0x3f000000	0x3faa3722	0xbe3791e9	0x3e3851ec	0x3ebd1f4f	0x3efb7f0b
0x3f6c6a7f	0x3e99999a	0x3f000000	0x3faa3722	0xbe37a81e	0x3e3851ec	0x3ebd0888	0x3efb60c1
0x3f6c710d	0x3e99999a	0x3f000000	0x3faa3722	0xbe37be54	0x3e3851ec	0x3ebcf1c2	0x3efb4278
0x3f6c779a	0x3e99999a	0x3f000000	0x3faa3722	0xbe37d487	0x3e3851ec	0x3ebcdb01	0x3efb2436
0x3f6c7e28	0x3e99999a	0x3f000000	0x3faa3722	0xbe37eac0	0x3e3851ec	0x3ebcc43d	0x3efb05ef
0x3f6c84b6	0x3e99999a	0x3f000000	0x3faa3722	0xbe3800f9	0x3e3851ec	0x3ebcad7d	0x3efae7af
0x3f6c8b44	0x3e99999a	0x3f000000	0x3faa3722	0xbe381735	0x3e3851ec	0x3ebc96bb	0x3efac96b
0x3f6c91d1	0x3e99999a	0x3f000000	0x3faa3722	0xbe382d6e	0x3e3851ec	0x3ebc8000	0x3efaab31
0x3f6c985f	0x3e99999a	0x3f000000	0x3faa3722	0xbe3843ab	0x3e3851ec	0x3ebc6943	0x3efa8cf4
0x3f6c9eed	0x3e99999a	0x3f000000	0x3faa3722	0xbe3859eb	0x3e3851ec	0x3ebc5286	0x3efa6eb7
0x3f6ca57a	0x3e99999a	0x3f000000	0x3faa3722	0xbe387028	0x3e3851ec	0x3ebc3bcf	0x3efa5083
0x3f6cac08	0x3e99999a	0x3f000000	0x3faa3722	0xbe388669	0x3e3851ec	0x3ebc2517	0x3efa324c
0x3f6cb296	0x3e99999a	0x3f000000	0x3faa3722	0xbe389cad	0x3e3851ec	0x3ebc0e5d	0x3efa1414
0x3f6cb924	0x3e99999a	0x3f000000	0x3faa3722	0xbe38b2f1	0x3e3851ec	0x3ebbf7a7	0x3ef9f5e0
0x3f6cbfb1	0x3e99999a	0x3f000000	0x3faa3722	0xbe38c934	0x3e3851ec	0x3ebbe0f4	0x3ef9d7b1
0x3f6cc63f	0x3e99999a	0x3f000000	0x3faa3722	0xbe38df7b	0x3e3851ec	0x3ebbca41	0x3ef9b981
0x3f6ccccd	0x3e99999a	0x3f000000	0x3faa3722	0xbe38f5c3	0x3e3851ec	0x3ebbb38f	0x3ef99b53
0x3f6cd35b	0x3e99999a	0x3f000000	0x3faa3722	0xbe390c0d	0x3e3851ec	0x3ebb9cdd	0x3ef97d25
0x3f6cd9e8	0x3e99999a	0x3f000000	0x3faa3722	0xbe392255	0x3e3851ec	0x3ebb8631	0x3ef95eff
0x3f6ce076	0x3e99999a	0x3f000000	0x3faa3722	0xbe3938a1	0x3e3851ec	0x3ebb6f83	0x3ef940d6
0x3f6ce704	0x3e99999a	0x3f000000	0x3faa3722	0xbe394eef	0x3e3851ec	0x3ebb58d6	0x3ef922ae
0x3f6ced91	0x3e99999a	0x3f000000	0x3faa3722	0xbe39653b	0x3e3851ec	0x3ebb422e	0x3ef9048d
0x3f6cf41f	0x3e99999a	0x3f000000	0x3faa3722	0xbe397b8c	0x3e3851ec	0x3ebb2b84	0x3ef8e66a
0x3f6cfaad	0x3e99999a	0x3f000000	0x3faa3722	0xbe3991de	0x3e3851ec	0x3ebb14db	0x3ef8c848
0x3f6d013b	0x3e99999a	0x3f000000	0x3faa3722	0xbe39a831	0x3e3851ec	0x3ebafe33	0x3ef8aa27
0x3f6d07c8	0x3e99999a	0x3f000000	0x3faa3722	0xbe39be82	0x3e3851ec	0x3ebae791	0x3ef88c0e
0x3f6d0e56	0x3e99999a	0x3f000000	0x3faa3722	0xbe39d4d8	0x3e3851ec	0x3ebad0ec	0x3ef86df1
0x3f6d14e4	0x3e99999a	0x3f000000	0x3faa3722	0xbe39eb2f	0x3e3851ec	0x3ebaba48	0x3ef84fd5
0x3f6d1b71	0x3e99999a	0x3f000000	0x3faa3722	0xbe3a0185	0x3e3851ec	0x3ebaa3aa	0x3ef831c2
0x3f6d21ff	0x3e99999a	0x3f000000	0x3faa3722	0xbe3a17df	0x3e3851ec	0x3eba8d09	0x3ef813aa
0x3f6d288d	0x3e99999a	0x3f000000	0x3faa3722	0xbe3a2e3a	0x3e3851ec	0x3eba766b	0x3ef7f597
0x3f6d2f1b	0x3e99999a	0x3f000000	0x3faa3722	0xbe3a4497	0x3e3851ec	0x3eba5fcc	0x3ef7d782
0x3f6d35a8	0x3e99999a	0x3f000000	0x3faa3722	0xbe3a5af1	0x3e3851ec	0x3eba4933	0x3ef7b975
0x3f6d3c36	0x3e99999a	0x3f000000	0x3faa3722	0xbe3a7151	0x3e3851ec	0x3eba3298	0x3ef79b65
0x3f6d42c4	0x3e99999a	0x3f000000	0x3faa3722	0xbe3a87b1	0x3e3851ec	0x3eba1bff	0x3ef77d58
0x3f6d4952	0x3e99999a	0x3f000000	0x3faa3722	0xbe3a9e13	0x3e3851ec	0x3eba0567	0x3ef75f4d
0x3f6d4fdf	0x3e99999a	0x3f000000	0x3faa3722	0xbe3ab473	0x3e3851ec	0x3eb9eed3	0x3ef74146
0x3f6d566d	0x3e99999a	0x3f000000	0x3faa3722	0xbe3acad8	0x3e3851ec	0x3eb9d83e	0x3ef7233f
0x3f6d5cfb	0x3e99999a	0x3f000000	0x3faa3722	0xbe3ae13e	0x3e3851ec	0x3eb9c1aa	0x3ef70538
0x3f6d6388	0x3e99999a	0x3f000000	0x3faa3722	0xbe3af7a2	0x3e3851ec	0x3eb9ab1a	0x3ef6e737
0x3f6d6a16	0x3e99999a	0x3f000000	0x3faa3722	0xbe3b0e0b	0x3e3851ec	0x3eb99488	0x3ef6c934
0x3f6d70a4	0x3e99999a	0x3f000000	0x3faa3722	0xbe3b2475	0x3e3851ec	0x3eb97df8	0x3ef6ab33
0x3f6d7732	0x3e99999a	0x3f000000	0x3faa3722	0xbe3b3ae0	0x3e3851ec	0x3eb9676a	0x3ef68d34
0x3f6d7dbf	0x3e99999a	0x3f000000	0x3faa3722	0xbe3b514a	0x3e3851ec	0x3eb950e0	0x3ef66f3b
0x3f6d844d	0x3e99999a	0x3f000000	0x3faa3722	0xbe3b67b8	0x3e3851ec	0x3eb93a55	0x3ef65141
0x3f6d8adb	0x3e99999a	0x3f000000	0x3faa3722	0xbe3b7e27	0x3e3851ec	0x3eb923ca	0x3ef63347
0x3f6d9168	0x3e99999a	0x3f000000	0x3faa3722	0xbe3b9495	0x3e3851ec	0x3eb90d44	0x3ef61553
0x3f6d97f6	0x3e99999a	0x3f000000	0x3faa3722	0xbe3bab07	0x3e3851ec	0x3eb8f6bd	0x3ef5f75e
0x3f6d9e84	0x3e99999a	0x3f000000	0x3faa3722	0xbe3bc17a	0x3e3851ec	0x3eb8e037	0x3ef5d96a
0x3f6da512	0x3e99999a	0x3f000000	0x3faa3722	0xbe3bd7ef	0x3e3851ec	0x3eb8c9b2	0x3ef5bb78
0x3f6dab9f	0x3e99999a	0x3f000000	0x3faa3722	0xbe3bee62	0x3e3851ec	0x3eb8b331	0x3ef59d8b
0x3f6db22d	0x3e99999a	0x3f000000	0x3faa3722	0xbe3c04d9	0x3e3851ec	0x3eb89cb1	0x3ef57f9f
0x3f6db8bb	0x3e99999a	0x3f000000	0x3faa3722	0xbe3c1b52	0x3e3851ec	0x3eb88630	0x3ef561b2
0x3f6dbf48	0x3e99999a	0x3f000000	0x3faa3722	0xbe3c31c9	0x3e3851ec	0x3eb86fb4	0x3ef543cc
0x3f6dc5d6	0x3e99999a	0x3f000000	0x3faa3722	0xbe3c4844	0x3e3851ec	0x3eb85936	0x3ef525e3
0x3f6dcc64	0x3e99999a	0x3f000000	0x3faa3722	0xbe3c5ec1	0x3e3851ec	0x3eb842b9	0x3ef507fb
0x3f6dd2f2	0x3e99999a	0x3f000000	0x3faa3722	0xbe3c7540	0x3e3851ec	0x3eb82c3e	0x3ef4ea16
0x3f6dd97f	0x3e99999a	0x3f000000	0x3faa3722	0xbe3c8bbc	0x3e3851ec	0x3eb815c8	0x3ef4cc38
0x3f6de00d	0x3e99999a	0x3f000000	0x3faa3722	0xbe3ca23d	0x3e3851ec	0x3eb7ff50	0x3ef4ae57
0x3f6de69b	0x3e99999a	0x3f000000	0x3faa3722	0xbe3cb8bf	0x3e3851ec	0x3eb7e8da	0x3ef49078
0x3f6ded29	0x3e99999a	0x3f000000	0x3faa3722	0xbe3ccf42	0x3e3851ec	0x3eb7d265	0x3ef4729b
0x3f6df3b6	0x3e99999a	0x3f000000	0x3faa3722	0xbe3ce5c4	0x3e3851ec	0x3eb7bbf3	0x3ef454c2
0x3f6dfa44	0x3e99999a	0x3f000000	0x3faa3722	0xbe3cfc4a	0x3e3851ec	0x3eb7a581	0x3ef436e9
0x3f6e00d2	0x3e99999a	0x3f000000	0x3faa3722	0xbe3d12d2	0x3e3851ec	0x3eb78f10	0x3ef41911
0x3f6e075f	0x3e99999a	0x3f000000	0x3faa3722	0xbe3d2957	0x3e3851ec	0x3eb778a4	0x3ef3fb40
0x3f6e0ded	0x3e99999a	0x3f000000	0x3faa3722	0xbe3d3fe2	0x3e3851ec	0x3eb76234	0x3ef3dd6a
0x3f6e147b	0x3e99999a	0x3f000000	0x3faa3722	0xbe3d566d	0x3e3851ec	0x3eb74bc9	0x3ef3bf9a
0x3f6e1b09	0x3e99999a	0x3f000000	0x3faa3722	0xbe3d6cfa	0x3e3851ec	0x3eb7355d	0x3ef3a1c9
0x3f6e2196	0x3e99999a	0x3f000000	0x3faa3722	0xbe3d8385	0x3e3851ec	0x3eb71ef6	0x3ef383ff
0x3f6e2824	0x3e99999a	0x3f000000	0x3faa3722	0xbe3d9a15	0x3e3851ec	0x3eb7088d	0x3ef36632
0x3f6e2eb2	0x3e99999a	0x3f000000	0x3faa3722	0xbe3db0a6	0x3e3851ec	0x3eb6f225	0x3ef34866
0x3f6e353f	0x3e99999a	0x3f000000	0x3faa3722	0xbe3dc735	0x3e3851ec	0x3eb6dbc3	0x3ef32aa2
0x3f6e3bcd	0x3e99999a	0x3f000000	0x3faa3722	0xbe3dddc9	0x3e3851ec	0x3eb6c55e	0x3ef30cda
0x3f6e425b	0x3e99999a	0x3f000000	0x3faa3722	0xbe3df45e	0x3e3851ec	0x3eb6aefb	0x3ef2ef15
0x3f6e48e9	0x3e99999a	0x3f000000	0x3faa3722	0xbe3e0af4	0x3e3851ec	0x3eb6989a	0x3ef2d153
0x3f6e4f76	0x3e99999a	0x3f000000	0x3faa3722	0xbe3e2188	0x3e3851ec	0x3eb6823d	0x3ef2b395
0x3f6e5604	0x3e99999a	0x3f000000	0x3faa3722	0xbe3e3821	0x3e3851ec	0x3eb66bdf	0x3ef295d7
0x3f6e5c92	0x3e99999a	0x3f000000	0x3faa3722	0xbe3e4ebc	0x3e3851ec	0x3eb65580	0x3ef27817
0x3f6e6320	0x3e99999a	0x3f000000	0x3faa3722	0xbe3e6558	0x3e3851ec	0x3eb63f25	0x3ef25a5d
0x3f6e69ad	0x3e99999a	0x3f000000	0x3faa3722	0xbe3e7bf1	0x3e3851ec	0x3eb628cd	0x3ef23ca6
0x3f6e703b	0x3e99999a	0x3f000000	0x3faa3722	0xbe3e9290	0x3e3851ec	0x3eb61274	0x3ef21eee
0x3f6e76c9	0x3e99999a	0x3f000000	0x3faa3722	0xbe3ea92f	0x3e3851ec	0x3eb5fc1d	0x3ef20139
0x3f6e7d56	0x3e99999a	0x3f000000	0x3faa3722	0xbe3ebfcd	0x3e3851ec	0x3eb5e5c9	0x3ef1e388
0x3f6e83e4	0x3e99999a	0x3f000000	0x3faa3722	0xbe3ed670	0x3e3851ec	0x3eb5cf74	0x3ef1c5d5
0x3f6e8a72	0x3e99999a	0x3f000000	0x3faa3722	0xbe3eed13	0x3e3851ec	0x3eb5b922	0x3ef1a827
0x3f6e9100	0x3e99999a	0x3f000000	0x3faa3722	0xbe3f03b9	0x3e3851ec	0x3eb5a2ce	0x3ef18a76
0x3f6e978d	0x3e99999a	0x3f000000	0x3faa3722	0xbe3f1a5c	0x3e3851ec	0x3eb58c81	0x3ef16cce
0x3f6e9e1b	0x3e99999a	0x3f000000	0x3faa3722	0xbe3f3103	0x3e3851ec	0x3eb57633	0x3ef14f25
0x3f6ea4a9	0x3e99999a	0x3f000000	0x3faa3722	0xbe3f47ad	0x3e3851ec	0x3eb55fe5	0x3ef1317c
0x3f6eab36	0x3e99999a	0x3f000000	0x3faa3722	0xbe3f5e54	0x3e3851ec	0x3eb5499c	0x3ef113d9
0x3f6eb1c4	0x3e99999a	0x3f000000	0x3faa3722	0xbe3f7500	0x3e3851ec	0x3eb53350	0x3ef0f632
0x3f6eb852	0x3e99999a	0x3f000000	0x3faa3722	0xbe3f8bad	0x3e3851ec	0x3eb51d07	0x3ef0d890
0x3f6ebee0	0x3e99999a	0x3f000000	0x3faa3722	0xbe3fa25b	0x3e3851ec	0x3eb506bf	0x3ef0baef
0x3f6ec56d	0x3e99999a	0x3f000000	0x3faa3722	0xbe3fb908	0x3e3851ec	0x3eb4f07c	0x3ef09d54
0x3f6ecbfb	0x3e99999a	0x3f000000	0x3faa3722	0xbe3fcfb9	0x3e3851ec	0x3eb4da37	0x3ef07fb7
0x3f6ed289	0x3e99999a	0x3f000000	0x3faa3722	0xbe3fe66c	0x3e3851ec	0x3eb4c3f1	0x3ef06218
0x3f6ed917	0x3e99999a	0x3f000000	0x3faa3722	0xbe3ffd1f	0x3e3851ec	0x3eb4adb0	0x3ef04480
0x3f6edfa4	0x3e99999a	0x3f000000	0x3faa3722	0xbe4013d1	0x3e3851ec	0x3eb49772	0x3ef026ec
0x3f6ee632	0x3e99999a	0x3f000000	0x3faa3722	0xbe402a88	0x3e3851ec	0x3eb48133	0x3ef00957
0x3f6eecc0	0x3e99999a	0x3f000000	0x3faa3722	0xbe404140	0x3e3851ec	0x3eb46af4	0x3eefebc2
0x3f6ef34d	0x3e99999a	0x3f000000	0x3faa3722	0xbe4057f6	0x3e3851ec	0x3eb454bb	0x3eefce35
0x3f6ef9db	0x3e99999a	0x3f000000	0x3faa3722	0xbe406eb0	0x3e3851ec	0x3eb43e80	0x3eefb0a5
0x3f6f0069	0x3e99999a	0x3f000000	0x3faa3722	0xbe40856c	0x3e3851ec	0x3eb42847	0x3eef9317
0x3f6f06f7	0x3e99999a	0x3f000000	0x3faa3722	0xbe409c2a	0x3e3851ec	0x3eb4120d	0x3eef7589
0x3f6f0d84	0x3e99999a	0x3f000000	0x3faa3722	0xbe40b2e5	0x3e3851ec	0x3eb3fbda	0x3eef5804
0x3f6f1412	0x3e99999a	0x3f000000	0x3faa3722	0xbe40c9a5	0x3e3851ec	0x3eb3e5a4	0x3eef3a7a
0x3f6f1aa0	0x3e99999a	0x3f000000	0x3faa3722	0xbe40e066	0x3e3851ec	0x3eb3cf70	0x3eef1cf4
0x3f6f212d	0x3e99999a	0x3f000000	0x3faa3722	0xbe40f725	0x3e3851ec	0x3eb3b940	0x3eeeff72
0x3f6f27bb	0x3e99999a	0x3f000000	0x3faa3722	0xbe410de9	0x3e3851ec	0x3eb3a30f	0x3eeee1f0
0x3f6f2e49	0x3e99999a	0x3f000000	0x3faa3722	0xbe4124af	0x3e3851ec	0x3eb38cde	0x3eeec46d
0x3f6f34d7	0x3e99999a	0x3f000000	0x3faa3722	0xbe413b75	0x3e3851ec	0x3eb376b1	0x3eeea6f0
0x3f6f3b64	0x3e99999a	0x3f000000	0x3faa3722	0xbe41523a	0x3e3851ec	0x3eb36087	0x3eee8976
0x3f6f41f2	0x3e99999a	0x3f000000	0x3faa3722	0xbe416903	0x3e3851ec	0x3eb34a5c	0x3eee6bfc
0x3f6f4880	0x3e99999a	0x3f000000	0x3faa3722	0xbe417fce	0x3e3851ec	0x3eb33431	0x3eee4e81
0x3f6f4f0e	0x3e99999a	0x3f000000	0x3faa3722	0xbe41969a	0x3e3851ec	0x3eb31e08	0x3eee3109
0x3f6f559b	0x3e99999a	0x3f000000	0x3faa3722	0xbe41ad64	0x3e3851ec	0x3eb307e5	0x3eee1399
0x3f6f5c29	0x3e99999a	0x3f000000	0x3faa3722	0xbe41c433	0x3e3851ec	0x3eb2f1bf	0x3eedf625
0x3f6f62b7	0x3e99999a	0x3f000000	0x3faa3722	0xbe41db03	0x3e3851ec	0x3eb2db9a	0x3eedd8b2
0x3f6f6944	0x3e99999a	0x3f000000	0x3faa3722	0xbe41f1d1	0x3e3851ec	0x3eb2c57a	0x3eedbb46
0x3f6f6fd2	0x3e99999a	0x3f000000	0x3faa3722	0xbe4208a4	0x3e3851ec	0x3eb2af5a	0x3eed9dda
0x3f6f7660	0x3e99999a	0x3f000000	0x3faa3722	0xbe421f78	0x3e3851ec	0x3eb29939	0x3eed806d
0x3f6f7cee	0x3e99999a	0x3f000000	0x3faa3722	0xbe42364d	0x3e3851ec	0x3eb2831b	0x3eed6304
0x3f6f837b	0x3e99999a	0x3f000000	0x3faa3722	0xbe424d21	0x3e3851ec	0x3eb26d00	0x3eed459e
0x3f6f8a09	0x3e99999a	0x3f000000	0x3faa3722	0xbe4263f9	0x3e3851ec	0x3eb256e5	0x3eed2839
0x3f6f9097	0x3e99999a	0x3f000000	0x3faa3722	0xbe427ad2	0x3e3851ec	0x3eb240cb	0x3eed0ad5
0x3f6f9724	0x3e99999a	0x3f000000	0x3faa3722	0xbe4291aa	0x3e3851ec	0x3eb22ab5	0x3eeced76
0x3f6f9db2	0x3e99999a	0x3f000000	0x3faa3722	0xbe42a886	0x3e3851ec	0x3eb2149d	0x3eecd015
0x3f6fa440	0x3e99999a	0x3f000000	0x3faa3722	0xbe42bf64	0x3e3851ec	0x3eb1fe87	0x3eecb2b6
0x3f6faace	0x3e99999a	0x3f000000	0x3faa3722	0xbe42d642	0x3e3851ec	0x3eb1e874	0x3eec955b
0x3f6fb15b	0x3e99999a	0x3f000000	0x3faa3722	0xbe42ed1f	0x3e3851ec	0x3eb1d263	0x3eec7803
0x3f6fb7e9	0x3e99999a	0x3f000000	0x3faa3722	0xbe430401	0x3e3851ec	0x3eb1bc51	0x3eec5aaa
0x3f6fbe77	0x3e99999a	0x3f000000	0x3faa3722	0xbe431ae4	0x3e3851ec	0x3eb1a641	0x3eec3d53
0x3f6fc505	0x3e99999a	0x3f000000	0x3faa3722	0xbe4331c8	0x3e3851ec	0x3eb19033	0x3eec1fff
0x3f6fcb92	0x3e99999a	0x3f000000	0x3faa3722	0xbe4348aa	0x3e3851ec	0x3eb17a29	0x3eec02b0
0x3f6fd220	0x3e99999a	0x3f000000	0x3faa3722	0xbe435f91	0x3e3851ec	0x3eb1641c	0x3eebe55d
0x3f6fd8ae	0x3e99999a	0x3f000000	0x3faa3722	0xbe437679	0x3e3851ec	0x3eb14e12	0x3eebc80f
0x3f6fdf3b	0x3e99999a	0x3f000000	0x3faa3722	0xbe438d5f	0x3e3851ec	0x3eb1380d	0x3eebaac6
0x3f6fe5c9	0x3e99999a	0x3f000000	0x3faa3722	0xbe43a44a	0x3e3851ec	0x3eb12206	0x3eeb8d7c
0x3f6fec57	0x3e99999a	0x3f000000	0x3faa3722	0xbe43bb37	0x3e3851ec	0x3eb10bfe	0x3eeb7030
0x3f6ff2e5	0x3e99999a	0x3f000000	0x3faa3722	0xbe43d224	0x3e3851ec	0x3eb0f5fa	0x3eeb52e9
0x3f6ff972	0x3e99999a	0x3f000000	0x3faa3722	0xbe43e910	0x3e3851ec	0x3eb0dffa	0x3eeb35a7
0x3f700000	0x3e99999a	0x3f000000	0x3faa3722	0xbe440000	0x3e3851ec	0x3eb0c9f9	0x3eeb1864
0x3f70068e	0x3e99999a	0x3f000000	0x3faa3722	0xbe4416f2	0x3e3851ec	0x3eb0b3f7	0x3eeafb20
0x3f700d1b	0x3e99999a	0x3f000000	0x3faa3722	0xbe442de1	0x3e3851ec	0x3eb09dfc	0x3eeadde5
0x3f7013a9	0x3e99999a	0x3f000000	0x3faa3722	0xbe4444d6	0x3e3851ec	0x3eb087ff	0x3eeac0a8
0x3f701a37	0x3e99999a	0x3f000000	0x3faa3722	0xbe445bcb	0x3e3851ec	0x3eb07204	0x3eeaa36d
0x3f7020c5	0x3e99999a	0x3f000000	0x3faa3722	0xbe4472c2	0x3e3851ec	0x3eb05c09	0x3eea8632
0x3f702752	0x3e99999a	0x3f000000	0x3faa3722	0xbe4489b7	0x3e3851ec	0x3eb04613	0x3eea68fe
0x3f702de0	0x3e99999a	0x3f000000	0x3faa3722	0xbe44a0b1	0x3e3851ec	0x3eb0301b	0x3eea4bc7
0x3f70346e	0x3e99999a	0x3f000000	0x3faa3722	0xbe44b7ac	0x3e3851ec	0x3eb01a26	0x3eea2e94
0x3f703afb	0x3e99999a	0x3f000000	0x3faa3722	0xbe44cea5	0x3e3851ec	0x3eb00434	0x3eea1166
0x3f704189	0x3e99999a	0x3f000000	0x3faa3722	0xbe44e5a3	0x3e3851ec	0x3eafee40	0x3ee9f434
0x3f704817	0x3e99999a	0x3f000000	0x3faa3722	0xbe44fca2	0x3e3851ec	0x3eafd84f	0x3ee9d707
0x3f704ea5	0x3e99999a	0x3f000000	0x3faa3722	0xbe4513a2	0x3e3851ec	0x3eafc25f	0x3ee9b9da
0x3f705532	0x3e99999a	0x3f000000	0x3faa3722	0xbe452aa0	0x3e3851ec	0x3eafac74	0x3ee99cb5
0x3f705bc0	0x3e99999a	0x3f000000	0x3faa3722	0xbe4541a4	0x3e3851ec	0x3eaf9685	0x3ee97f8a
0x3f70624e	0x3e99999a	0x3f000000	0x3faa3722	0xbe4558a8	0x3e3851ec	0x3eaf8099	0x3ee96263
0x3f7068dc	0x3e99999a	0x3f000000	0x3faa3722	0xbe456fae	0x3e3851ec	0x3eaf6aaf	0x3ee9453f
0x3f706f69	0x3e99999a	0x3f000000	0x3faa3722	0xbe4586b1	0x3e3851ec	0x3eaf54ca	0x3ee92821
0x3f7075f7	0x3e99999a	0x3f000000	0x3faa3722	0xbe459dba	0x3e3851ec	0x3eaf3ee2	0x3ee90b00
0x3f707c85	0x3e99999a	0x3f000000	0x3faa3722	0xbe45b4c4	0x3e3851ec	0x3eaf28fb	0x3ee8eddf
0x3f708312	0x3e99999a	0x3f000000	0x3faa3722	0xbe45cbcb	0x3e3851ec	0x3eaf131c	0x3ee8d0ca
0x3f7089a0	0x3e99999a	0x3f000000	0x3faa3722	0xbe45e2d8	0x3e3851ec	0x3eaefd38	0x3ee8b3ae
0x3f70902e	0x3e99999a	0x3f000000	0x3faa3722	0xbe45f9e6	0x3e3851ec	0x3eaee756	0x3ee89694
0x3f7096bc	0x3e99999a	0x3f000000	0x3faa3722	0xbe4610f5	0x3e3851ec	0x3eaed176	0x3ee8797d
0x3f709d49	0x3e99999a	0x3f000000	0x3faa3722	0xbe462802	0x3e3851ec	0x3eaebb9a	0x3ee85c6c
0x3f70a3d7	0x3e99999a	0x3f000000	0x3faa3722	0xbe463f14	0x3e3851ec	0x3eaea5bc	0x3ee83f57
0x3f70aa65	0x3e99999a	0x3f000000	0x3faa3722	0xbe465627	0x3e3851ec	0x3eae8fe1	0x3ee82247
0x3f70b0f2	0x3e99999a	0x3f000000	0x3faa3722	0xbe466d38	0x3e3851ec	0x3eae7a0b	0x3ee8053d
0x3f70b780	0x3e99999a	0x3f000000	0x3faa3722	0xbe46844e	0x3e3851ec	0x3eae6432	0x3ee7e830
0x3f70be0e	0x3e99999a	0x3f000000	0x3faa3722	0xbe469b65	0x3e3851ec	0x3eae4e5a	0x3ee7cb23
0x3f70c49c	0x3e99999a	0x3f000000	0x3faa3722	0xbe46b27e	0x3e3851ec	0x3eae3883	0x3ee7ae19
0x3f70cb29	0x3e99999a	0x3f000000	0x3faa3722	0xbe46c994	0x3e3851ec	0x3eae22b2	0x3ee79116
0x3f70d1b7	0x3e99999a	0x3f000000	0x3faa3722	0xbe46e0b0	0x3e3851ec	0x3eae0cdf	0x3ee77410
0x3f70d845	0x3e99999a	0x3f000000	0x3faa3722	0xbe46f7cc	0x3e3851ec	0x3eadf70e	0x3ee7570d
0x3f70ded3	0x3e99999a	0x3f000000	0x3faa3722	0xbe470eea	0x3e3851ec	0x3eade13e	0x3ee73a0b
0x3f70e560	0x3e99999a	0x3f000000	0x3faa3722	0xbe472606	0x3e3851ec	0x3eadcb73	0x3ee71d10
0x3f70ebee	0x3e99999a	0x3f000000	0x3faa3722	0xbe473d27	0x3e3851ec	0x3eadb5a5	0x3ee70011
0x3f70f27c	0x3e99999a	0x3f000000	0x3faa3722	0xbe475449	0x3e3851ec	0x3ead9fd9	0x3ee6e315
0x3f70f909	0x3e99999a	0x3f000000	0x3faa3722	0xbe476b69	0x3e3851ec	0x3ead8a12	0x3ee6c61f
0x3f70ff97	0x3e99999a	0x3f000000	0x3faa3722	0xbe47828d	0x3e3851ec	0x3ead7449	0x3ee6a927
0x3f710625	0x3e99999a	0x3f000000	0x3faa3722	0xbe4799b3	0x3e3851ec	0x3ead5e82	0x3ee68c31
0x3f710cb3	0x3e99999a	0x3f000000	0x3faa3722	0xbe47b0db	0x3e3851ec	0x3ead48bc	0x3ee66f3d
0x3f711340	0x3e99999a	0x3f000000	0x3faa3722	0xbe47c800	0x3e3851ec	0x3ead32fb	0x3ee6524f
0x3f7119ce	0x3e99999a	0x3f000000	0x3faa3722	0xbe47df2a	0x3e3851ec	0x3ead1d39	0x3ee63560
0x3f71205c	0x3e99999a	0x3f000000	0x3faa3722	0xbe47f655	0x3e3851ec	0x3ead0777	0x3ee61871
0x3f7126e9	0x3e99999a	0x3f000000	0x3faa3722	0xbe480d7e	0x3e3851ec	0x3eacf1bb	0x3ee5fb8a
0x3f712d77	0x3e99999a	0x3f000000	0x3faa3722	0xbe4824ad	0x3e3851ec	0x3eacdbfb	0x3ee5de9e
0x3f713405	0x3e99999a	0x3f000000	0x3faa3722	0xbe483bdc	0x3e3851ec	0x3eacc63e	0x3ee5c1b5
0x3f713a93	0x3e99999a	0x3f000000	0x3faa3722	0xbe48530d	0x3e3851ec	0x3eacb084	0x3ee5a4d1
0x3f714120	0x3e99999a	0x3f000000	0x3faa3722	0xbe486a3b	0x3e3851ec	0x3eac9acd	0x3ee587f1
0x3f7147ae	0x3e99999a	0x3f000000	0x3faa3722	0xbe48816f	0x3e3851ec	0x3eac8514	0x3ee56b0e
0x3f714e3c	0x3e99999a	0x3f000000	0x3faa3722	0xbe4898a4	0x3e3851ec	0x3eac6f5c	0x3ee54e2c
0x3f7154ca	0x3e99999a	0x3f000000	0x3faa3722	0xbe48afda	0x3e3851ec	0x3eac59a7	0x3ee5314e
0x3f715b57	0x3e99999a	0x3f000000	0x3faa3722	0xbe48c70e	0x3e3851ec	0x3eac43f7	0x3ee51477
0x3f7161e5	0x3e99999a	0x3f000000	0x3faa3722	0xbe48de46	0x3e3851ec	0x3eac2e44	0x3ee4f79c
0x3f716873	0x3e99999a	0x3f000000	0x3faa3722	0xbe48f581	0x3e3851ec	0x3eac1892	0x3ee4dac2
0x3f716f00	0x3e99999a	0x3f000000	0x3faa3722	0xbe490cb9	0x3e3851ec	0x3eac02e5	0x3ee4bdef
0x3f71758e	0x3e99999a	0x3f000000	0x3faa3722	0xbe4923f5	0x3e3851ec	0x3eabed39	0x3ee4a11d
0x3f717c1c	0x3e99999a	0x3f000000	0x3faa3722	0xbe493b34	0x3e3851ec	0x3eabd78b	0x3ee48449
0x3f7182aa	0x3e99999a	0x3f000000	0x3faa3722	0xbe495273	0x3e3851ec	0x3eabc1e0	0x3ee46778
0x3f718937	0x3e99999a	0x3f000000	0x3faa3722	0xbe4969b0	0x3e3851ec	0x3eabac3a	0x3ee44aaf
0x3f718fc5	0x3e99999a	0x3f000000	0x3faa3722	0xbe4980f3	0x3e3851ec	0x3eab9691	0x3ee42de1
0x3f719653	0x3e99999a	0x3f000000	0x3faa3722	0xbe499836	0x3e3851ec	0x3eab80ea	0x3ee41116
0x3f719ce0	0x3e99999a	0x3f000000	0x3faa3722	0xbe49af78	0x3e3851ec	0x3eab6b49	0x3ee3f453
0x3f71a36e	0x3e99999a	0x3f000000	0x3faa3722	0xbe49c6be	0x3e3851ec	0x3eab55a4	0x3ee3d78a
0x3f71a9fc	0x3e99999a	0x3f000000	0x3faa3722	0xbe49de05	0x3e3851ec	0x3eab4003	0x3ee3bac7
0x3f71b08a	0x3e99999a	0x3f000000	0x3faa3722	0xbe49f54e	0x3e3851ec	0x3eab2a61	0x3ee39e03
0x3f71b717	0x3e99999a	0x3f000000	0x3faa3722	0xbe4a0c95	0x3e3851ec	0x3eab14c5	0x3ee38146
0x3f71bda5	0x3e99999a	0x3f000000	0x3faa3722	0xbe4a23e1	0x3e3851ec	0x3eaaff26	0x3ee36486
0x3f71c433	0x3e99999a	0x3f000000	0x3faa3722	0xbe4a3b2e	0x3e3851ec	0x3eaae98a	0x3ee347c9
0x3f71cac1	0x3e99999a	0x3f000000	0x3faa3722	0xbe4a527c	0x3e3851ec	0x3eaad3f0	0x3ee32b0f
0x3f71d14e	0x3e99999a	0x3f000000	0x3faa3722	0xbe4a69c8	0x3e3851ec	0x3eaabe59	0x3ee30e59
0x3f71d7dc	0x3e99999a	0x3f000000	0x3faa3722	0xbe4a8119	0x3e3851ec	0x3eaaa8c2	0x3ee2f1a4
0x3f71de6a	0x3e99999a	0x3f000000	0x3faa3722	0xbe4a986b	0x3e3851ec	0x3eaa932b	0x3ee2d4ee
0x3f71e4f7	0x3e99999a	0x3f000000	0x3faa3722	0xbe4aafbb	0x3e3851ec	0x3eaa7d9a	0x3ee2b840
0x3f71eb85	0x3e99999a	0x3f000000	0x3faa3722	0xbe4ac710	0x3e3851ec	0x3eaa6807	0x3ee29b8f
0x3f71f213	0x3e99999a	0x3f000000	0x3faa3722	0xbe4ade67	0x3e3851ec	0x3eaa5274	0x3ee27edf
0x3f71f8a1	0x3e99999a	0x3f000000	0x3faa3722	0xbe4af5be	0x3e3851ec	0x3eaa3ce4	0x3ee26232
0x3f71ff2e	0x3e99999a	0x3f000000	0x3faa3722	0xbe4b0d14	0x3e3851ec	0x3eaa2758	0x3ee2458b
0x3f7205bc	0x3e99999a	0x3f000000	0x3faa3722	0xbe4b246e	0x3e3851ec	0x3eaa11ca	0x3ee228e1
0x3f720c4a	0x3e99999a	0x3f000000	0x3faa3722	0xbe4b3bca	0x3e3851ec	0x3ea9fc3f	0x3ee20c3b
0x3f7212d7	0x3e99999a	0x3f000000	0x3faa3722	0xbe4b5323	0x3e3851ec	0x3ea9e6b8	0x3ee1ef9b
0x3f721965	0x3e99999a	0x3f000000	0x3faa3722	0xbe4b6a82	0x3e3851ec	0x3ea9d12e	0x3ee1d2f6
0x3f721ff3	0x3e99999a	0x3f000000	0x3faa3722	0xbe4b81e2	0x3e3851ec	0x3ea9bba7	0x3ee1b656
0x3f722681	0x3e99999a	0x3f000000	0x3faa3722	0xbe4b9943	0x3e3851ec	0x3ea9a620	0x3ee199b5
0x3f722d0e	0x3e99999a	0x3f000000	0x3faa3722	0xbe4bb0a2	0x3e3851ec	0x3ea9909e	0x3ee17d1b
0x3f72339c	0x3e99999a	0x3f000000	0x3faa3722	0xbe4bc805	0x3e3851ec	0x3ea97b1d	0x3ee16082
0x3f723a2a	0x3e99999a	0x3f000000	0x3faa3722	0xbe4bdf6a	0x3e3851ec	0x3ea9659b	0x3ee143e9
0x3f7240b8	0x3e99999a	0x3f000000	0x3faa3722	0xbe4bf6d1	0x3e3851ec	0x3ea9501a	0x3ee12750
0x3f724745	0x3e99999a	0x3f000000	0x3faa3722	0xbe4c0e35	0x3e3851ec	0x3ea93a9f	0x3ee10abf
0x3f724dd3	0x3e99999a	0x3f000000	0x3faa3722	0xbe4c259e	0x3e3851ec	0x3ea92522	0x3ee0ee2c
0x3f725461	0x3e99999a	0x3f000000	0x3faa3722	0xbe4c3d09	0x3e3851ec	0x3ea90fa6	0x3ee0d19a
0x3f725aee	0x3e99999a	0x3f000000	0x3faa3722	0xbe4c5471	0x3e3851ec	0x3ea8fa30	0x3ee0b510
0x3f72617c	0x3e99999a	0x3f000000	0x3faa3722	0xbe4c6bde	0x3e3851ec	0x3ea8e4b7	0x3ee09882
0x3f72680a	0x3e99999a	0x3f000000	0x3faa3722	0xbe4c834d	0x3e3851ec	0x3ea8cf3f	0x3ee07bf6
0x3f726e98	0x3e99999a	0x3f000000	0x3faa3722	0xbe4c9abd	0x3e3851ec	0x3ea8b9ca	0x3ee05f6d
0x3f727525	0x3e99999a	0x3f000000	0x3faa3722	0xbe4cb22a	0x3e3851ec	0x3ea8a459	0x3ee042ea
0x3f727bb3	0x3e99999a	0x3f000000	0x3faa3722	0xbe4cc99d	0x3e3851ec	0x3ea88ee6	0x3ee02664
0x3f728241	0x3e99999a	0x3f000000	0x3faa3722	0xbe4ce111	0x3e3851ec	0x3ea87976	0x3ee009e2
0x3f7288ce	0x3e99999a	0x3f000000	0x3faa3722	0xbe4cf882	0x3e3851ec	0x3ea8640a	0x3edfed65
0x3f728f5c	0x3e99999a	0x3f000000	0x3faa3722	0xbe4d0ff9	0x3e3851ec	0x3ea84e9b	0x3edfd0e4
0x3f7295ea	0x3e99999a	0x3f000000	0x3faa3722	0xbe4d2771	0x3e3851ec	0x3ea8392f	0x3edfb468
0x3f729c78	0x3e99999a	0x3f000000	0x3faa3722	0xbe4d3eea	0x3e3851ec	0x3ea823c4	0x3edf97ec
0x3f72a305	0x3e99999a	0x3f000000	0x3faa3722	0xbe4d5661	0x3e3851ec	0x3ea80e5d	0x3edf7b76
0x3f72a993	0x3e99999a	0x3f000000	0x3faa3722	0xbe4d6ddd	0x3e3851ec	0x3ea7f8f5	0x3edf5eff
0x3f72b021	0x3e99999a	0x3f000000	0x3faa3722	0xbe4d855a	0x3e3851ec	0x3ea7e38f	0x3edf428a
0x3f72b6ae	0x3e99999a	0x3f000000	0x3faa3722	0xbe4d9cd5	0x3e3851ec	0x3ea7ce2d	0x3edf261b
0x3f72bd3c	0x3e99999a	0x3f000000	0x3faa3722	0xbe4db455	0x3e3851ec	0x3ea7b8ca	0x3edf09aa
0x3f72c3ca	0x3e99999a	0x3f000000	0x3faa3722	0xbe4dcbd7	0x3e3851ec	0x3ea7a366	0x3edeed38
0x3f72ca58	0x3e99999a	0x3f000000	0x3faa3722	0xbe4de359	0x3e3851ec	0x3ea78e06	0x3eded0cc
0x3f72d0e5	0x3e99999a	0x3f000000	0x3faa3722	0xbe4dfada	0x3e3851ec	0x3ea778ab	0x3edeb465
0x3f72d773	0x3e99999a	0x3f000000	0x3faa3722	0xbe4e125f	0x3e3851ec	0x3ea7634e	0x3ede97fd
0x3f72de01	0x3e99999a	0x3f000000	0x3faa3722	0xbe4e29e6	0x3e3851ec	0x3ea74df1	0x3ede7b94
0x3f72e48f	0x3e99999a	0x3f000000	0x3faa3722	0xbe4e416e	0x3e3851ec	0x3ea73897	0x3ede5f2f
0x3f72eb1c	0x3e99999a	0x3f000000	0x3faa3722	0xbe4e58f3	0x3e3851ec	0x3ea72341	0x3ede42d0
0x3f72f1aa	0x3e99999a	0x3f000000	0x3faa3722	0xbe4e707e	0x3e3851ec	0x3ea70de9	0x3ede266e
0x3f72f838	0x3e99999a	0x3f000000	0x3faa3722	0xbe4e880a	0x3e3851ec	0x3ea6f894	0x3ede0a10
0x3f72fec5	0x3e99999a	0x3f000000	0x3faa3722	0xbe4e9f94	0x3e3851ec	0x3ea6e342	0x3eddedb6
0x3f730553	0x3e99999a	0x3f000000	0x3faa3722	0xbe4eb723	0x3e3851ec	0x3ea6cdef	0x3eddd15a
0x3f730be1	0x3e99999a	0x3f000000	0x3faa3722	0xbe4eceb3	0x3e3851ec	0x3ea6b89d	0x3eddb500
0x3f73126f	0x3e99999a	0x3f000000	0x3faa3722	0xbe4ee644	0x3e3851ec	0x3ea6a34d	0x3edd98a9
0x3f7318fc	0x3e99999a	0x3f000000	0x3faa3722	0xbe4efdd3	0x3e3851ec	0x3ea68e02	0x3edd7c58
0x3f731f8a	0x3e99999a	0x3f000000	0x3faa3722	0xbe4f1567	0x3e3851ec	0x3ea678b6	0x3edd6006
0x3f732618	0x3e99999a	0x3f000000	0x3faa3722	0xbe4f2cfd	0x3e3851ec	0x3ea66369	0x3edd43b2
0x3f732ca5	0x3e99999a	0x3f000000	0x3faa3722	0xbe4f4490	0x3e3851ec	0x3ea64e23	0x3edd2768
0x3f733333	0x3e99999a	0x3f000000	0x3faa3722	0xbe4f5c28	0x3e3851ec	0x3ea638db	0x3edd0b1b
0x3f7339c1	0x3e99999a	0x3f000000	0x3faa3722	0xbe4f73c2	0x3e3851ec	0x3ea62393	0x3edceecf
0x3f73404f	0x3e99999a	0x3f000000	0x3faa3722	0xbe4f8b5d	0x3e3851ec	0x3ea60e4e	0x3edcd286
0x3f7346dc	0x3e99999a	0x3f000000	0x3faa3722	0xbe4fa2f5	0x3e3851ec	0x3ea5f90d	0x3edcb642
0x3f734d6a	0x3e99999a	0x3f000000	0x3faa3722	0xbe4fba93	0x3e3851ec	0x3ea5e3cb	0x3edc99fe
0x3f7353f8	0x3e99999a	0x3f000000	0x3faa3722	0xbe4fd231	0x3e3851ec	0x3ea5ce8b	0x3edc7dbb
0x3f735a86	0x3e99999a	0x3f000000	0x3faa3722	0xbe4fe9d2	0x3e3851ec	0x3ea5b94a	0x3edc6178
0x3f736113	0x3e99999a	0x3f000000	0x3faa3722	0xbe500170	0x3e3851ec	0x3ea5a410	0x3edc453e
0x3f7367a1	0x3e99999a	0x3f000000	0x3faa3722	0xbe501912	0x3e3851ec	0x3ea58ed4	0x3edc2901
0x3f736e2f	0x3e99999a	0x3f000000	0x3faa3722	0xbe5030b7	0x3e3851ec	0x3ea57999	0x3edc0cc5
0x3f7374bc	0x3e99999a	0x3f000000	0x3faa3722	0xbe504859	0x3e3851ec	0x3ea56462	0x3edbf08f
0x3f737b4a	0x3e99999a	0x3f000000	0x3faa3722	0xbe505fff	0x3e3851ec	0x3ea54f2c	0x3edbd45a
0x3f7381d8	0x3e99999a	0x3f000000	0x3faa3722	0xbe5077a8	0x3e3851ec	0x3ea539f5	0x3edbb824
0x3f738866	0x3e99999a	0x3f000000	0x3faa3722	0xbe508f51	0x3e3851ec	0x3ea524c1	0x3edb9bf2
0x3f738ef3	0x3e99999a	0x3f000000	0x3faa3722	0xbe50a6f9	0x3e3851ec	0x3ea50f90	0x3edb7fc4
0x3f739581	0x3e99999a	0x3f000000	0x3faa3722	0xbe50bea5	0x3e3851ec	0x3ea4fa5f	0x3edb6396
0x3f739c0f	0x3e99999a	0x3f000000	0x3faa3722	0xbe50d652	0x3e3851ec	0x3ea4e52f	0x3edb4769
0x3f73a29c	0x3e99999a	0x3f000000	0x3faa3722	0xbe50edfe	0x3e3851ec	0x3ea4d004	0x3edb2b42
0x3f73a92a	0x3e99999a	0x3f000000	0x3faa3722	0xbe5105ae	0x3e3851ec	0x3ea4bad6	0x3edb0f18
0x3f73afb8	0x3e99999a	0x3f000000	0x3faa3722	0xbe511d60	0x3e3851ec	0x3ea4a5ab	0x3edaf2f2
0x3f73b646	0x3e99999a	0x3f000000	0x3faa3722	0xbe513513	0x3e3851ec	0x3ea49081	0x3edad6cd
0x3f73bcd3	0x3e99999a	0x3f000000	0x3faa3722	0xbe514cc3	0x3e3851ec	0x3ea47b5c	0x3edabaaf
0x3f73c361	0x3e99999a	0x3f000000	0x3faa3722	0xbe516479	0x3e3851ec	0x3ea46634	0x3eda9e8d
0x3f73c9ef	0x3e99999a	0x3f000000	0x3faa3722	0xbe517c30	0x3e3851ec	0x3ea4510e	0x3eda826d
0x3f73d07d	0x3e99999a	0x3f000000	0x3faa3722	0xbe5193e8	0x3e3851ec	0x3ea43bec	0x3eda6653
0x3f73d70a	0x3e99999a	0x3f000000	0x3faa3722	0xbe51ab9e	0x3e3851ec	0x3ea426cb	0x3eda4a3a
0x3f73dd98	0x3e99999a	0x3f000000	0x3faa3722	0xbe51c359	0x3e3851ec	0x3ea411ac	0x3eda2e24
0x3f73e426	0x3e99999a	0x3f000000	0x3faa3722	0xbe51db16	0x3e3851ec	0x3ea3fc8c	0x3eda120c
0x3f73eab3	0x3e99999a	0x3f000000	0x3faa3722	0xbe51f2d0	0x3e3851ec	0x3ea3e770	0x3ed9f5fa
0x3f73f141	0x3e99999a	0x3f000000	0x3faa3722	0xbe520a8f	0x3e3851ec	0x3ea3d254	0x3ed9d9e7
0x3f73f7cf	0x3e99999a	0x3f000000	0x3faa3722	0xbe52224f	0x3e3851ec	0x3ea3bd3a	0x3ed9bdd8
0x3f73fe5d	0x3e99999a	0x3f000000	0x3faa3722	0xbe523a11	0x3e3851ec	0x3ea3a820	0x3ed9a1c8
0x3f7404ea	0x3e99999a	0x3f000000	0x3faa3722	0xbe5251d1	0x3e3851ec	0x3ea3930b	0x3ed985bf
0x3f740b78	0x3e99999a	0x3f000000	0x3faa3722	0xbe526995	0x3e3851ec	0x3ea37df5	0x3ed969b5
0x3f741206	0x3e99999a	0x3f000000	0x3faa3722	0xbe52815b	0x3e3851ec	0x3ea368e1	0x3ed94dad
0x3f741893	0x3e99999a	0x3f000000	0x3faa3722	0xbe52991e	0x3e3851ec	0x3ea353d1	0x3ed931ab
0x3f741f21	0x3e99999a	0x3f000000	0x3faa3722	0xbe52b0e7	0x3e3851ec	0x3ea33ebf	0x3ed915a6
0x3f7425af	0x3e99999a	0x3f000000	0x3faa3722	0xbe52c8b1	0x3e3851ec	0x3ea329af	0x3ed8f9a4
0x3f742c3d	0x3e99999a	0x3f000000	0x3faa3722	0xbe52e07c	0x3e3851ec	0x3ea314a0	0x3ed8dda3
0x3f7432ca	0x3e99999a	0x3f000000	0x3faa3722	0xbe52f845	0x3e3851ec	0x3ea2ff96	0x3ed8c1a8
0x3f743958	0x3e99999a	0x3f000000	0x3faa3722	0xbe531012	0x3e3851ec	0x3ea2ea8b	0x3ed8a5ad
0x3f743fe6	0x3e99999a	0x3f000000	0x3faa3722	0xbe5327e2	0x3e3851ec	0x3ea2d581	0x3ed889b2
0x3f744674	0x3e99999a	0x3f000000	0x3faa3722	0xbe533fb2	0x3e3851ec	0x3ea2c078	0x3ed86db9
0x3f744d01	0x3e99999a	0x3f000000	0x3faa3722	0xbe535780	0x3e3851ec	0x3ea2ab74	0x3ed851c7
0x3f74538f	0x3e99999a	0x3f000000	0x3faa3722	0xbe536f53	0x3e3851ec	0x3ea29670	0x3ed835d5
0x3f745a1d	0x3e99999a	0x3f000000	0x3faa3722	0xbe538728	0x3e3851ec	0x3ea2816b	0x3ed819e1
0x3f7460aa	0x3e99999a	0x3f000000	0x3faa3722	0xbe539efa	0x3e3851ec	0x3ea26c6c	0x3ed7fdf5
0x3f746738	0x3e99999a	0x3f000000	0x3faa3722	0xbe53b6d1	0x3e3851ec	0x3ea2576b	0x3ed7e207
0x3f746dc6	0x3e99999a	0x3f000000	0x3faa3722	0xbe53ceaa	0x3e3851ec	0x3ea2426c	0x3ed7c61b
0x3f747454	0x3e99999a	0x3f000000	0x3faa3722	0xbe53e684	0x3e3851ec	0x3ea22d6e	0x3ed7aa31
0x3f747ae1	0x3e99999a	0x3f000000	0x3faa3722	0xbe53fe5c	0x3e3851ec	0x3ea21874	0x3ed78e4c
0x3f74816f	0x3e99999a	0x3f000000	0x3faa3722	0xbe541638	0x3e3851ec	0x3ea2037b	0x3ed77268
0x3f7487fd	0x3e99999a	0x3f000000	0x3faa3722	0xbe542e16	0x3e3851ec	0x3ea1ee82	0x3ed75684
0x3f748e8a	0x3e99999a	0x3f000000	0x3faa3722	0xbe5445f2	0x3e3851ec	0x3ea1d98d	0x3ed73aa6
0x3f749518	0x3e99999a	0x3f000000	0x3faa3722	0xbe545dd2	0x3e3851ec	0x3ea1c498	0x3ed71ec7
0x3f749ba6	0x3e99999a	0x3f000000	0x3faa3722	0xbe5475b4	0x3e3851ec	0x3ea1afa3	0x3ed702e9
0x3f74a234	0x3e99999a	0x3f000000	0x3faa3722	0xbe548d98	0x3e3851ec	0x3ea19aaf	0x3ed6e70c
0x3f74a8c1	0x3e99999a	0x3f000000	0x3faa3722	0xbe54a579	0x3e3851ec	0x3ea185c0	0x3ed6cb35
0x3f74af4f	0x3e99999a	0x3f000000	0x3faa3722	0xbe54bd5f	0x3e3851ec	0x3ea170d1	0x3ed6af5f
0x3f74b5dd	0x3e99999a	0x3f000000	0x3faa3722	0xbe54d546	0x3e3851ec	0x3ea15be3	0x3ed6938a
0x3f74bc6a	0x3e99999a	0x3f000000	0x3faa3722	0xbe54ed2b	0x3e3851ec	0x3ea146f9	0x3ed677ba
0x3f74c2f8	0x3e99999a	0x3f000000	0x3faa3722	0xbe550515	0x3e3851ec	0x3ea1320d	0x3ed65be8
0x3f74c986	0x3e99999a	0x3f000000	0x3faa3722	0xbe551d00	0x3e3851ec	0x3ea11d24	0x3ed64019
0x3f74d014	0x3e99999a	0x3f000000	0x3faa3722	0xbe5534ed	0x3e3851ec	0x3ea1083c	0x3ed6244c
0x3f74d6a1	0x3e99999a	0x3f000000	0x3faa3722	0xbe554cd7	0x3e3851ec	0x3ea0f358	0x3ed60884
0x3f74dd2f	0x3e99999a	0x3f000000	0x3faa3722	0xbe5564c7	0x3e3851ec	0x3ea0de73	0x3ed5ecbb
0x3f74e3bd	0x3e99999a	0x3f000000	0x3faa3722	0xbe557cb8	0x3e3851ec	0x3ea0c98e	0x3ed5d0f2
0x3f74ea4b	0x3e99999a	0x3f000000	0x3faa3722	0xbe5594aa	0x3e3851ec	0x3ea0b4ae	0x3ed5b52f
0x3f74f0d8	0x3e99999a	0x3f000000	0x3faa3722	0xbe55ac99	0x3e3851ec	0x3ea09fd1	0x3ed59971
0x3f74f766	0x3e99999a	0x3f000000	0x3faa3722	0xbe55c48e	0x3e3851ec	0x3ea08af2	0x3ed57db0
0x3f74fdf4	0x3e99999a	0x3f000000	0x3faa3722	0xbe55dc84	0x3e3851ec	0x3ea07614	0x3ed561f0
0x3f750481	0x3e99999a	0x3f000000	0x3faa3722	0xbe55f478	0x3e3851ec	0x3ea0613b	0x3ed54637
0x3f750b0f	0x3e99999a	0x3f000000	0x3faa3722	0xbe560c71	0x3e3851ec	0x3ea04c61	0x3ed52a7c
0x3f75119d	0x3e99999a	0x3f000000	0x3faa3722	0xbe56246b	0x3e3851ec	0x3ea03787	0x3ed50ec2
0x3f75182b	0x3e99999a	0x3f000000	0x3faa3722	0xbe563c66	0x3e3851ec	0x3ea022b1	0x3ed4f30d
0x3f751eb8	0x3e99999a	0x3f000000	0x3faa3722	0xbe56545f	0x3e3851ec	0x3ea00dde	0x3ed4d75b
0x3f752546	0x3e99999a	0x3f000000	0x3faa3722	0xbe566c5e	0x3e3851ec	0x3e9ff909	0x3ed4bba7
0x3f752bd4	0x3e99999a	0x3f000000	0x3faa3722	0xbe56845d	0x3e3851ec	0x3e9fe437	0x3ed49ff8
0x3f753261	0x3e99999a	0x3f000000	0x3faa3722	0xbe569c5a	0x3e3851ec	0x3e9fcf6a	0x3ed4844e
0x3f7538ef	0x3e99999a	0x3f000000	0x3faa3722	0xbe56b45c	0x3e3851ec	0x3e9fba9a	0x3ed468a1
0x3f753f7d	0x3e99999a	0x3f000000	0x3faa3722	0xbe56cc60	0x3e3851ec	0x3e9fa5cb	0x3ed44cf5
0x3f75460b	0x3e99999a	0x3f000000	0x3faa3722	0xbe56e465	0x3e3851ec	0x3e9f90ff	0x3ed4314d
0x3f754c98	0x3e99999a	0x3f000000	0x3faa3722	0xbe56fc67	0x3e3851ec	0x3e9f7c38	0x3ed415ac
0x3f755326	0x3e99999a	0x3f000000	0x3faa3722	0xbe57146f	0x3e3851ec	0x3e9f676e	0x3ed3fa07
0x3f7559b4	0x3e99999a	0x3f000000	0x3faa3722	0xbe572c78	0x3e3851ec	0x3e9f52a6	0x3ed3de64
0x3f756042	0x3e99999a	0x3f000000	0x3faa3722	0xbe574482	0x3e3851ec	0x3e9f3de0	0x3ed3c2c4
0x3f7566cf	0x3e99999a	0x3f000000	0x3faa3722	0xbe575c8a	0x3e3851ec	0x3e9f291e	0x3ed3a72a
0x3f756d5d	0x3e99999a	0x3f000000	0x3faa3722	0xbe577497	0x3e3851ec	0x3e9f145b	0x3ed38b8e
0x3f7573eb	0x3e99999a	0x3f000000	0x3faa3722	0xbe578ca5	0x3e3851ec	0x3e9eff9a	0x3ed36ff5
0x3f757a78	0x3e99999a	0x3f000000	0x3faa3722	0xbe57a4b1	0x3e3851ec	0x3e9eeadd	0x3ed35461
0x3f758106	0x3e99999a	0x3f000000	0x3faa3722	0xbe57bcc2	0x3e3851ec	0x3e9ed61f	0x3ed338cb
0x3f758794	0x3e99999a	0x3f000000	0x3faa3722	0xbe57d4d4	0x3e3851ec	0x3e9ec161	0x3ed31d36
0x3f758e22	0x3e99999a	0x3f000000	0x3faa3722	0xbe57ece8	0x3e3851ec	0x3e9eaca6	0x3ed301a5
0x3f7594af	0x3e99999a	0x3f000000	0x3faa3722	0xbe5804f9	0x3e3851ec	0x3e9e97ef	0x3ed2e619
0x3f759b3d	0x3e99999a	0x3f000000	0x3faa3722	0xbe581d10	0x3e3851ec	0x3e9e8337	0x3ed2ca8c
0x3f75a1cb	0x3e99999a	0x3f000000	0x3faa3722	0xbe583527	0x3e3851ec	0x3e9e6e80	0x3ed2af00
0x3f75a858	0x3e99999a	0x3f000000	0x3faa3722	0xbe584d3d	0x3e3851ec	0x3e9e59ce	0x3ed2937a
0x3f75aee6	0x3e99999a	0x3f000000	0x3faa3722	0xbe586557	0x3e3851ec	0x3e9e451a	0x3ed277f2
0x3f75b574	0x3e99999a	0x3f000000	0x3faa3722	0xbe587d73	0x3e3851ec	0x3e9e3068	0x3ed25c6d
0x3f75bc02	0x3e99999a	0x3f000000	0x3faa3722	0xbe589590	0x3e3851ec	0x3e9e1bb8	0x3ed240ea
0x3f75c28f	0x3e99999a	0x3f000000	0x3faa3722	0xbe58adaa	0x3e3851ec	0x3e9e070d	0x3ed2256e
0x3f75c91d	0x3e99999a	0x3f000000	0x3faa3722	0xbe58c5ca	0x3e3851ec	0x3e9df25f	0x3ed209ee
0x3f75cfab	0x3e99999a	0x3f000000	0x3faa3722	0xbe58ddeb	0x3e3851ec	0x3e9dddb3	0x3ed1ee71
0x3f75d639	0x3e99999a	0x3f000000	0x3faa3722	0xbe58f60d	0x3e3851ec	0x3e9dc909	0x3ed1d2f6
0x3f75dcc6	0x3e99999a	0x3f000000	0x3faa3722	0xbe590e2e	0x3e3851ec	0x3e9db462	0x3ed1b780
0x3f75e354	0x3e99999a	0x3f000000	0x3faa3722	0xbe592653	0x3e3851ec	0x3e9d9fbb	0x3ed19c09
0x3f75e9e2	0x3e99999a	0x3f000000	0x3faa3722	0xbe593e79	0x3e3851ec	0x3e9d8b16	0x3ed18095
0x3f75f06f	0x3e99999a	0x3f000000	0x3faa3722	0xbe59569d	0x3e3851ec	0x3e9d7675	0x3ed16526
0x3f75f6fd	0x3e99999a	0x3f000000	0x3faa3722	0xbe596ec6	0x3e3851ec	0x3e9d61d3	0x3ed149b6
0x3f75fd8b	0x3e99999a	0x3f000000	0x3faa3722	0xbe5986f1	0x3e3851ec	0x3e9d4d32	0x3ed12e47
0x3f760419	0x3e99999a	0x3f000000	0x3faa3722	0xbe599f1c	0x3e3851ec	0x3e9d3893	0x3ed112db
0x3f760aa6	0x3e99999a	0x3f000000	0x3faa3722	0xbe59b746	0x3e3851ec	0x3e9d23f7	0x3ed0f773
0x3f761134	0x3e99999a	0x3f000000	0x3faa3722	0xbe59cf74	0x3e3851ec	0x3e9d0f5c	0x3ed0dc0d
0x3f7617c2	0x3e99999a	0x3f000000	0x3faa3722	0xbe59e7a4	0x3e3851ec	0x3e9cfac1	0x3ed0c0a6
0x3f761e4f	0x3e99999a	0x3f000000	0x3faa3722	0xbe59ffd2	0x3e3851ec	0x3e9ce62a	0x3ed0a544
0x3f7624dd	0x3e99999a	0x3f000000	0x3faa3722	0xbe5a1804	0x3e3851ec	0x3e9cd194	0x3ed089e4
0x3f762b6b	0x3e99999a	0x3f000000	0x3faa3722	0xbe5a3038	0x3e3851ec	0x3e9cbcfd	0x3ed06e83
0x3f7631f9	0x3e99999a	0x3f000000	0x3faa3722	0xbe5a486d	0x3e3851ec	0x3e9ca868	0x3ed05324
0x3f763886	0x3e99999a	0x3f000000	0x3faa3722	0xbe5a60a0	0x3e3851ec	0x3e9c93d8	0x3ed037cc
0x3f763f14	0x3e99999a	0x3f000000	0x3faa3722	0xbe5a78d8	0x3e3851ec	0x3e9c7f47	0x3ed01c73
0x3f7645a2	0x3e99999a	0x3f000000	0x3faa3722	0xbe5a9111	0x3e3851ec	0x3e9c6ab8	0x3ed0011c
0x3f764c30	0x3e99999a	0x3f000000	0x3faa3722	0xbe5aa94c	0x3e3851ec	0x3e9c5629	0x3ecfe5c5
0x3f7652bd	0x3e99999a	0x3f000000	0x3faa3722	0xbe5ac184	0x3e3851ec	0x3e9c419f	0x3ecfca75
0x3f76594b	0x3e99999a	0x3f000000	0x3faa3722	0xbe5ad9c1	0x3e3851ec	0x3e9c2d14	0x3ecfaf23
0x3f765fd9	0x3e99999a	0x3f000000	0x3faa3722	0xbe5af200	0x3e3851ec	0x3e9c188b	0x3ecf93d5
0x3f766666	0x3e99999a	0x3f000000	0x3faa3722	0xbe5b0a3c	0x3e3851ec	0x3e9c0407	0x3ecf788c
0x3f766cf4	0x3e99999a	0x3f000000	0x3faa3722	0xbe5b227d	0x3e3851ec	0x3e9bef80	0x3ecf5d40
0x3f767382	0x3e99999a	0x3f000000	0x3faa3722	0xbe5b3ac0	0x3e3851ec	0x3e9bdafb	0x3ecf41f7
0x3f767a10	0x3e99999a	0x3f000000	0x3faa3722	0xbe5b5304	0x3e3851ec	0x3e9bc678	0x3ecf26b0
0x3f76809d	0x3e99999a	0x3f000000	0x3faa3722	0xbe5b6b45	0x3e3851ec	0x3e9bb1fa	0x3ecf0b70
0x3f76872b	0x3e99999a	0x3f000000	0x3faa3722	0xbe5b838c	0x3e3851ec	0x3e9b9d79	0x3ecef02c
0x3f768db9	0x3e99999a	0x3f000000	0x3faa3722	0xbe5b9bd4	0x3e3851ec	0x3e9b88fa	0x3eced4ea
0x3f769446	0x3e99999a	0x3f000000	0x3faa3722	0xbe5bb41a	0x3e3851ec	0x3e9b7480	0x3eceb9af
0x3f769ad4	0x3e99999a	0x3f000000	0x3faa3722	0xbe5bcc64	0x3e3851ec	0x3e9b6005	0x3ece9e73
0x3f76a162	0x3e99999a	0x3f000000	0x3faa3722	0xbe5be4b0	0x3e3851ec	0x3e9b4b8c	0x3ece833a
0x3f76a7f0	0x3e99999a	0x3f000000	0x3faa3722	0xbe5bfcfe	0x3e3851ec	0x3e9b3713	0x3ece6800
0x3f76ae7d	0x3e99999a	0x3f000000	0x3faa3722	0xbe5c1549	0x3e3851ec	0x3e9b229f	0x3ece4ccd
0x3f76b50b	0x3e99999a	0x3f000000	0x3faa3722	0xbe5c2d99	0x3e3851ec	0x3e9b0e2a	0x3ece3199
0x3f76bb99	0x3e99999a	0x3f000000	0x3faa3722	0xbe5c45ea	0x3e3851ec	0x3e9af9b7	0x3ece1668
0x3f76c227	0x3e99999a	0x3f000000	0x3faa3722	0xbe5c5e3d	0x3e3851ec	0x3e9ae544	0x3ecdfb36
0x3f76c8b4	0x3e99999a	0x3f000000	0x3faa3722	0xbe5c768d	0x3e3851ec	0x3e9ad0d7	0x3ecde00c
0x3f76cf42	0x3e99999a	0x3f000000	0x3faa3722	0xbe5c8ee3	0x3e3851ec	0x3e9abc68	0x3ecdc4e0
0x3f76d5d0	0x3e99999a	0x3f000000	0x3faa3722	0xbe5ca739	0x3e3851ec	0x3e9aa7fa	0x3ecda9b5
0x3f76dc5d	0x3e99999a	0x3f000000	0x3faa3722	0xbe5cbf8e	0x3e3851ec	0x3e9a9392	0x3ecd8e92
0x3f76e2eb	0x3e99999a	0x3f000000	0x3faa3722	0xbe5cd7e7	0x3e3851ec	0x3e9a7f28	0x3ecd736d
0x3f76e979	0x3e99999a	0x3f000000	0x3faa3722	0xbe5cf042	0x3e3851ec	0x3e9a6abf	0x3ecd5849
0x3f76f007	0x3e99999a	0x3f000000	0x3faa3722	0xbe5d089e	0x3e3851ec	0x3e9a5658	0x3ecd3d27
0x3f76f694	0x3e99999a	0x3f000000	0x3faa3722	0xbe5d20f8	0x3e3851ec	0x3e9a41f6	0x3ecd220c
0x3f76fd22	0x3e99999a	0x3f000000	0x3faa3722	0xbe5d3957	0x3e3851ec	0x3e9a2d91	0x3ecd06ed
0x3f7703b0	0x3e99999a	0x3f000000	0x3faa3722	0xbe5d51b7	0x3e3851ec	0x3e9a1930	0x3eccebd4
0x3f770a3d	0x3e99999a	0x3f000000	0x3faa3722	0xbe5d6a14	0x3e3851ec	0x3e9a04d3	0x3eccd0bf
0x3f7710cb	0x3e99999a	0x3f000000	0x3faa3722	0xbe5d8277	0x3e3851ec	0x3e99f073	0x3eccb5a7
0x3f771759	0x3e99999a	0x3f000000	0x3faa3722	0xbe5d9adb	0x3e3851ec	0x3e99dc15	0x3ecc9a91
0x3f771de7	0x3e99999a	0x3f000000	0x3faa3722	0xbe5db341	0x3e3851ec	0x3e99c7b8	0x3ecc7f7d
0x3f772474	0x3e99999a	0x3f000000	0x3faa3722	0xbe5dcba4	0x3e3851ec	0x3e99b362	0x3ecc6472
0x3f772b02	0x3e99999a	0x3f000000	0x3faa3722	0xbe5de40c	0x3e3851ec	0x3e999f09	0x3ecc4963
0x3f773190	0x3e99999a	0x3f000000	0x3faa3722	0xbe5dfc76	0x3e3851ec	0x3e998ab1	0x3ecc2e55
0x3f77381d	0x3e99999a	0x3f000000	0x3faa3722	0xbe5e14dd	0x3e3851ec	0x3e99765f	0x3ecc1350
0x3f773eab	0x3e99999a	0x3f000000	0x3faa3722	0xbe5e2d49	0x3e3851ec	0x3e99620b	0x3ecbf847
0x3f774539	0x3e99999a	0x3f000000	0x3faa3722	0xbe5e45b7	0x3e3851ec	0x3e994db8	0x3ecbdd40
0x3f774bc7	0x3e99999a	0x3f000000	0x3faa3722	0xbe5e5e26	0x3e3851ec	0x3e993966	0x3ecbc23b
0x3f775254	0x3e99999a	0x3f000000	0x3faa3722	0xbe5e7692	0x3e3851ec	0x3e99251b	0x3ecba73e
0x3f7758e2	0x3e99999a	0x3f000000	0x3faa3722	0xbe5e8f04	0x3e3851ec	0x3e9910cd	0x3ecb8c3e
0x3f775f70	0x3e99999a	0x3f000000	0x3faa3722	0xbe5ea777	0x3e3851ec	0x3e98fc80	0x3ecb713f
0x3f7765fe	0x3e99999a	0x3f000000	0x3faa3722	0xbe5ebfeb	0x3e3851ec	0x3e98e836	0x3ecb5644
0x3f776c8b	0x3e99999a	0x3f000000	0x3faa3722	0xbe5ed85d	0x3e3851ec	0x3e98d3ef	0x3ecb3b4d
0x3f777319	0x3e99999a	0x3f000000	0x3faa3722	0xbe5ef0d4	0x3e3851ec	0x3e98bfa8	0x3ecb2056
0x3f7779a7	0x3e99999a	0x3f000000	0x3faa3722	0xbe5f094c	0x3e3851ec	0x3e98ab63	0x3ecb0562
0x3f778034	0x3e99999a	0x3f000000	0x3faa3722	0xbe5f21c2	0x3e3851ec	0x3e989721	0x3ecaea71
0x3f7786c2	0x3e99999a	0x3f000000	0x3faa3722	0xbe5f3a3d	0x3e3851ec	0x3e9882de	0x3ecacf80
0x3f778d50	0x3e99999a	0x3f000000	0x3faa3722	0xbe5f52ba	0x3e3851ec	0x3e986e9d	0x3ecab491
0x3f7793de	0x3e99999a	0x3f000000	0x3faa3722	0xbe5f6b37	0x3e3851ec	0x3e985a5d	0x3eca99a3
0x3f779a6b	0x3e99999a	0x3f000000	0x3faa3722	0xbe5f83b2	0x3e3851ec	0x3e984622	0x3eca7ebc
0x3f77a0f9	0x3e99999a	0x3f000000	0x3faa3722	0xbe5f9c33	0x3e3851ec	0x3e9831e6	0x3eca63d3
0x3f77a787	0x3e99999a	0x3f000000	0x3faa3722	0xbe5fb4b5	0x3e3851ec	0x3e981daa	0x3eca48eb
0x3f77ae14	0x3e99999a	0x3f000000	0x3faa3722	0xbe5fcd34	0x3e3851ec	0x3e980974	0x3eca2e0b
0x3f77b4a2	0x3e99999a	0x3f000000	0x3faa3722	0xbe5fe5b8	0x3e3851ec	0x3e97f53d	0x3eca1329
0x3f77bb30	0x3e99999a	0x3f000000	0x3faa3722	0xbe5ffe3e	0x3e3851ec	0x3e97e106	0x3ec9f847
0x3f77c1be	0x3e99999a	0x3f000000	0x3faa3722	0xbe6016c5	0x3e3851ec	0x3e97ccd2	0x3ec9dd69
0x3f77c84b	0x3e99999a	0x3f000000	0x3faa3722	0xbe602f4a	0x3e3851ec	0x3e97b8a2	0x3ec9c291
0x3f77ced9	0x3e99999a	0x3f000000	0x3faa3722	0xbe6047d3	0x3e3851ec	0x3e97a471	0x3ec9a7b7
0x3f77d567	0x3e99999a	0x3f000000	0x3faa3722	0xbe60605f	0x3e3851ec	0x3e979041	0x3ec98cdf
0x3f77dbf5	0x3e99999a	0x3f000000	0x3faa3722	0xbe6078eb	0x3e3851ec	0x3e977c13	0x3ec97209
0x3f77e282	0x3e99999a	0x3f000000	0x3faa3722	0xbe609175	0x3e3851ec	0x3e9767e8	0x3ec95737
0x3f77e910	0x3e99999a	0x3f000000	0x3faa3722	0xbe60aa04	0x3e3851ec	0x3e9753bf	0x3ec93c68
0x3f77ef9e	0x3e99999a	0x3f000000	0x3faa3722	0xbe60c295	0x3e3851ec	0x3e973f94	0x3ec92196
0x3f77f62b	0x3e99999a	0x3f000000	0x3faa3722	0xbe60db23	0x3e3851ec	0x3e972b6f	0x3ec906cc
0x3f77fcb9	0x3e99999a	0x3f000000	0x3faa3722	0xbe60f3b6	0x3e3851ec	0x3e971749	0x3ec8ec01
0x3f780347	0x3e99999a	0x3f000000	0x3faa3722	0xbe610c4a	0x3e3851ec	0x3e970325	0x3ec8d139
0x3f7809d5	0x3e99999a	0x3f000000	0x3faa3722	0xbe6124e0	0x3e3851ec	0x3e96ef02	0x3ec8b671
0x3f781062	0x3e99999a	0x3f000000	0x3faa3722	0xbe613d74	0x3e3851ec	0x3e96dae2	0x3ec89bae
0x3f7816f0	0x3e99999a	0x3f000000	0x3faa3722	0xbe61560c	0x3e3851ec	0x3e96c6c3	0x3ec880ec
0x3f781d7e	0x3e99999a	0x3f000000	0x3faa3722	0xbe616ea6	0x3e3851ec	0x3e96b2a5	0x3ec8662c
0x3f78240b	0x3e99999a	0x3f000000	0x3faa3722	0xbe61873e	0x3e3851ec	0x3e969e8a	0x3ec84b6f
0x3f782a99	0x3e99999a	0x3f000000	0x3faa3722	0xbe619fda	0x3e3851ec	0x3e968a6f	0x3ec830b3
0x3f783127	0x3e99999a	0x3f000000	0x3faa3722	0xbe61b878	0x3e3851ec	0x3e967656	0x3ec815f9
0x3f7837b5	0x3e99999a	0x3f000000	0x3faa3722	0xbe61d117	0x3e3851ec	0x3e96623e	0x3ec7fb41
0x3f783e42	0x3e99999a	0x3f000000	0x3faa3722	0xbe61e9b4	0x3e3851ec	0x3e964e2a	0x3ec7e08d
0x3f7844d0	0x3e99999a	0x3f000000	0x3faa3722	0xbe620256	0x3e3851ec	0x3e963a15	0x3ec7c5d9
0x3f784b5e	0x3e99999a	0x3f000000	0x3faa3722	0xbe621af9	0x3e3851ec	0x3e962602	0x3ec7ab27
0x3f7851ec	0x3e99999a	0x3f000000	0x3faa3722	0xbe62339e	0x3e3851ec	0x3e9611f0	0x3ec79076
0x3f785879	0x3e99999a	0x3f000000	0x3faa3722	0xbe624c40	0x3e3851ec	0x3e95fde4	0x3ec775ce
0x3f785f07	0x3e99999a	0x3f000000	0x3faa3722	0xbe6264e7	0x3e3851ec	0x3e95e9d5	0x3ec75b21
0x3f786595	0x3e99999a	0x3f000000	0x3faa3722	0xbe627d90	0x3e3851ec	0x3e95d5c8	0x3ec74077
0x3f786c22	0x3e99999a	0x3f000000	0x3faa3722	0xbe629636	0x3e3851ec	0x3e95c1c0	0x3ec725d4
0x3f7872b0	0x3e99999a	0x3f000000	0x3faa3722	0xbe62aee2	0x3e3851ec	0x3e95adb5	0x3ec70b2d
0x3f78793e	0x3e99999a	0x3f000000	0x3faa3722	0xbe62c78e	0x3e3851ec	0x3e9599ae	0x3ec6f08b
0x3f787fcc	0x3e99999a	0x3f000000	0x3faa3722	0xbe62e03c	0x3e3851ec	0x3e9585a7	0x3ec6d5e9
0x3f788659	0x3e99999a	0x3f000000	0x3faa3722	0xbe62f8e8	0x3e3851ec	0x3e9571a5	0x3ec6bb4e
0x3f788ce7	0x3e99999a	0x3f000000	0x3faa3722	0xbe631198	0x3e3851ec	0x3e955da2	0x3ec6a0b1
0x3f789375	0x3e99999a	0x3f000000	0x3faa3722	0xbe632a4a	0x3e3851ec	0x3e9549a0	0x3ec68616
0x3f789a02	0x3e99999a	0x3f000000	0x3faa3722	0xbe6342fa	0x3e3851ec	0x3e9535a3	0x3ec66b81
0x3f78a090	0x3e99999a	0x3f000000	0x3faa3722	0xbe635baf	0x3e3851ec	0x3e9521a4	0x3ec650ea
0x3f78a71e	0x3e99999a	0x3f000000	0x3faa3722	0xbe637465	0x3e3851ec	0x3e950da7	0x3ec63655
0x3f78adac	0x3e99999a	0x3f000000	0x3faa3722	0xbe638d1c	0x3e3851ec	0x3e94f9ac	0x3ec61bc3
0x3f78b439	0x3e99999a	0x3f000000	0x3faa3722	0xbe63a5d1	0x3e3851ec	0x3e94e5b6	0x3ec60138
0x3f78bac7	0x3e99999a	0x3f000000	0x3faa3722	0xbe63be8b	0x3e3851ec	0x3e94d1bd	0x3ec5e6a9
0x3f78c155	0x3e99999a	0x3f000000	0x3faa3722	0xbe63d747	0x3e3851ec	0x3e94bdc6	0x3ec5cc1c
0x3f78c7e3	0x3e99999a	0x3f000000	0x3faa3722	0xbe63f004	0x3e3851ec	0x3e94a9d1	0x3ec5b192
0x3f78ce70	0x3e99999a	0x3f000000	0x3faa3722	0xbe6408be	0x3e3851ec	0x3e9495e1	0x3ec5970f
0x3f78d4fe	0x3e99999a	0x3f000000	0x3faa3722	0xbe64217d	0x3e3851ec	0x3e9481f0	0x3ec57c8a
0x3f78db8c	0x3e99999a	0x3f000000	0x3faa3722	0xbe643a3e	0x3e3851ec	0x3e946dff	0x3ec56205
0x3f78e219	0x3e99999a	0x3f000000	0x3faa3722	0xbe6452fd	0x3e3851ec	0x3e945a13	0x3ec54787
0x3f78e8a7	0x3e99999a	0x3f000000	0x3faa3722	0xbe646bc0	0x3e3851ec	0x3e944627	0x3ec52d09
0x3f78ef35	0x3e99999a	0x3f000000	0x3faa3722	0xbe648485	0x3e3851ec	0x3e94323a	0x3ec5128a
0x3f78f5c3	0x3e99999a	0x3f000000	0x3faa3722	0xbe649d4b	0x3e3851ec	0x3e941e51	0x3ec4f810
0x3f78fc50	0x3e99999a	0x3f000000	0x3faa3722	0xbe64b60f	0x3e3851ec	0x3e940a6b	0x3ec4dd9a
0x3f7902de	0x3e99999a	0x3f000000	0x3faa3722	0xbe64ced8	0x3e3851ec	0x3e93f685	0x3ec4c324
0x3f79096c	0x3e99999a	0x3f000000	0x3faa3722	0xbe64e7a2	0x3e3851ec	0x3e93e2a0	0x3ec4a8af
0x3f790ff9	0x3e99999a	0x3f000000	0x3faa3722	0xbe65006a	0x3e3851ec	0x3e93cebe	0x3ec48e3e
0x3f791687	0x3e99999a	0x3f000000	0x3faa3722	0xbe651936	0x3e3851ec	0x3e93bade	0x3ec473d0
0x3f791d15	0x3e99999a	0x3f000000	0x3faa3722	0xbe653205	0x3e3851ec	0x3e93a6fd	0x3ec45961
0x3f7923a3	0x3e99999a	0x3f000000	0x3faa3722	0xbe654ad4	0x3e3851ec	0x3e93931e	0x3ec43ef4
0x3f792a30	0x3e99999a	0x3f000000	0x3faa3722	0xbe6563a1	0x3e3851ec	0x3e937f44	0x3ec4248e
0x3f7930be	0x3e99999a	0x3f000000	0x3faa3722	0xbe657c74	0x3e3851ec	0x3e936b69	0x3ec40a27
0x3f79374c	0x3e99999a	0x3f000000	0x3faa3722	0xbe659547	0x3e3851ec	0x3e93578f	0x3ec3efc1
0x3f793dd9	0x3e99999a	0x3f000000	0x3faa3722	0xbe65ae18	0x3e3851ec	0x3e9343ba	0x3ec3d561
0x3f794467	0x3e99999a	0x3f000000	0x3faa3722	0xbe65c6ef	0x3e3851ec	0x3e932fe3	0x3ec3baff
0x3f794af5	0x3e99999a	0x3f000000	0x3faa3722	0xbe65dfc6	0x3e3851ec	0x3e931c0e	0x3ec3a0a0
0x3f795183	0x3e99999a	0x3f000000	0x3faa3722	0xbe65f89f	0x3e3851ec	0x3e93083b	0x3ec38643
0x3f795810	0x3e99999a	0x3f000000	0x3faa3722	0xbe661176	0x3e3851ec	0x3e92f46c	0x3ec36beb
0x3f795e9e	0x3e99999a	0x3f000000	0x3faa3722	0xbe662a51	0x3e3851ec	0x3e92e09c	0x3ec35193
0x3f79652c	0x3e99999a	0x3f000000	0x3faa3722	0xbe66432e	0x3e3851ec	0x3e92cccd	0x3ec3373b
0x3f796bba	0x3e99999a	0x3f000000	0x3faa3722	0xbe665c0d	0x3e3851ec	0x3e92b8ff	0x3ec31ce5
0x3f797247	0x3e99999a	0x3f000000	0x3faa3722	0xbe6674e9	0x3e3851ec	0x3e92a537	0x3ec30297
0x3f7978d5	0x3e99999a	0x3f000000	0x3faa3722	0xbe668dca	0x3e3851ec	0x3e92916d	0x3ec2e846
0x3f797f63	0x3e99999a	0x3f000000	0x3faa3722	0xbe66a6ac	0x3e3851ec	0x3e927da5	0x3ec2cdf8
0x3f7985f0	0x3e99999a	0x3f000000	0x3faa3722	0xbe66bf8c	0x3e3851ec	0x3e9269e1	0x3ec2b3af
0x3f798c7e	0x3e99999a	0x3f000000	0x3faa3722	0xbe66d871	0x3e3851ec	0x3e92561c	0x3ec29965
0x3f79930c	0x3e99999a	0x3f000000	0x3faa3722	0xbe66f157	0x3e3851ec	0x3e924259	0x3ec27f1e
0x3f79999a	0x3e99999a	0x3f000000	0x3faa3722	0xbe670a3f	0x3e3851ec	0x3e922e97	0x3ec264d7
0x3f79a027	0x3e99999a	0x3f000000	0x3faa3722	0xbe672324	0x3e3851ec	0x3e921adb	0x3ec24a99
0x3f79a6b5	0x3e99999a	0x3f000000	0x3faa3722	0xbe673c0f	0x3e3851ec	0x3e92071b	0x3ec23056
0x3f79ad43	0x3e99999a	0x3f000000	0x3faa3722	0xbe6754fa	0x3e3851ec	0x3e91f35f	0x3ec21618
0x3f79b3d0	0x3e99999a	0x3f000000	0x3faa3722	0xbe676de4	0x3e3851ec	0x3e91dfa6	0x3ec1fbdd
0x3f79ba5e	0x3e99999a	0x3f000000	0x3faa3722	0xbe6786d2	0x3e3851ec	0x3e91cbec	0x3ec1e1a2
0x3f79c0ec	0x3e99999a	0x3f000000	0x3faa3722	0xbe679fc2	0x3e3851ec	0x3e91b833	0x3ec1c768
0x3f79c77a	0x3e99999a	0x3f000000	0x3faa3722	0xbe67b8b3	0x3e3851ec	0x3e91a47d	0x3ec1ad31
0x3f79ce07	0x3e99999a	0x3f000000	0x3faa3722	0xbe67d1a2	0x3e3851ec	0x3e9190cb	0x3ec19300
0x3f79d495	0x3e99999a	0x3f000000	0x3faa3722	0xbe67ea96	0x3e3851ec	0x3e917d18	0x3ec178ce
0x3f79db23	0x3e99999a	0x3f000000	0x3faa3722	0xbe68038b	0x3e3851ec	0x3e916966	0x3ec15e9d
0x3f79e1b1	0x3e99999a	0x3f000000	0x3faa3722	0xbe681c81	0x3e3851ec	0x3e9155b5	0x3ec1446e
0x3f79e83e	0x3e99999a	0x3f000000	0x3faa3722	0xbe683575	0x3e3851ec	0x3e91420a	0x3ec12a46
0x3f79eecc	0x3e99999a	0x3f000000	0x3faa3722	0xbe684e6e	0x3e3851ec	0x3e912e5e	0x3ec1101d
0x3f79f55a	0x3e99999a	0x3f000000	0x3faa3722	0xbe686769	0x3e3851ec	0x3e911ab2	0x3ec0f5f4
0x3f79fbe7	0x3e99999a	0x3f000000	0x3faa3722	0xbe688061	0x3e3851ec	0x3e91070b	0x3ec0dbd2
0x3f7a0275	0x3e99999a	0x3f000000	0x3faa3722	0xbe68995e	0x3e3851ec	0x3e90f363	0x3ec0c1af
0x3f7a0903	0x3e99999a	0x3f000000	0x3faa3722	0xbe68b25d	0x3e3851ec	0x3e90dfbd	0x3ec0a78e
0x3f7a0f91	0x3e99999a	0x3f000000	0x3faa3722	0xbe68cb5d	0x3e3851ec	0x3e90cc17	0x3ec08d6d
0x3f7a161e	0x3e99999a	0x3f000000	0x3faa3722	0xbe68e45a	0x3e3851ec	0x3e90b877	0x3ec07354
0x3f7a1cac	0x3e99999a	0x3f000000	0x3faa3722	0xbe68fd5d	0x3e3851ec	0x3e90a4d5	0x3ec05938
0x3f7a233a	0x3e99999a	0x3f000000	0x3faa3722	0xbe691661	0x3e3851ec	0x3e909135	0x3ec03f1f
0x3f7a29c7	0x3e99999a	0x3f000000	0x3faa3722	0xbe692f62	0x3e3851ec	0x3e907d9a	0x3ec0250d
0x3f7a3055	0x3e99999a	0x3f000000	0x3faa3722	0xbe694869	0x3e3851ec	0x3e9069fd	0x3ec00af8
0x3f7a36e3	0x3e99999a	0x3f000000	0x3faa3722	0xbe696171	0x3e3851ec	0x3e905662	0x3ebff0e6
0x3f7a3d71	0x3e99999a	0x3f000000	0x3faa3722	0xbe697a7a	0x3e3851ec	0x3e9042c8	0x3ebfd6d5
0x3f7a43fe	0x3e99999a	0x3f000000	0x3faa3722	0xbe699381	0x3e3851ec	0x3e902f33	0x3ebfbcca
0x3f7a4a8c	0x3e99999a	0x3f000000	0x3faa3722	0xbe69ac8d	0x3e3851ec	0x3e901b9c	0x3ebfa2bd
0x3f7a511a	0x3e99999a	0x3f000000	0x3faa3722	0xbe69c59a	0x3e3851ec	0x3e900807	0x3ebf88b3
0x3f7a57a8	0x3e99999a	0x3f000000	0x3faa3722	0xbe69dea9	0x3e3851ec	0x3e8ff475	0x3ebf6ead
0x3f7a5e35	0x3e99999a	0x3f000000	0x3faa3722	0xbe69f7b5	0x3e3851ec	0x3e8fe0e6	0x3ebf54aa
0x3f7a64c3	0x3e99999a	0x3f000000	0x3faa3722	0xbe6a10c6	0x3e3851ec	0x3e8fcd55	0x3ebf3aa5
0x3f7a6b51	0x3e99999a	0x3f000000	0x3faa3722	0xbe6a29d9	0x3e3851ec	0x3e8fb9c7	0x3ebf20a4
0x3f7a71de	0x3e99999a	0x3f000000	0x3faa3722	0xbe6a42e9	0x3e3851ec	0x3e8fa63d	0x3ebf06a9
0x3f7a786c	0x3e99999a	0x3f000000	0x3faa3722	0xbe6a5bfe	0x3e3851ec	0x3e8f92b2	0x3ebeecac
0x3f7a7efa	0x3e99999a	0x3f000000	0x3faa3722	0xbe6a7515	0x3e3851ec	0x3e8f7f29	0x3ebed2b1
0x3f7a8588	0x3e99999a	0x3f000000	0x3faa3722	0xbe6a8e2d	0x3e3851ec	0x3e8f6ba1	0x3ebeb8b8
0x3f7a8c15	0x3e99999a	0x3f000000	0x3faa3722	0xbe6aa743	0x3e3851ec	0x3e8f581d	0x3ebe9ec4
0x3f7a92a3	0x3e99999a	0x3f000000	0x3faa3722	0xbe6ac05d	0x3e3851ec	0x3e8f449a	0x3ebe84d2
0x3f7a9931	0x3e99999a	0x3f000000	0x3faa3722	0xbe6ad979	0x3e3851ec	0x3e8f3117	0x3ebe6ae0
0x3f7a9fbe	0x3e99999a	0x3f000000	0x3faa3722	0xbe6af293	0x3e3851ec	0x3e8f1d97	0x3ebe50f1
0x3f7aa64c	0x3e99999a	0x3f000000	0x3faa3722	0xbe6b0bb2	0x3e3851ec	0x3e8f0a17	0x3ebe3703
0x3f7aacda	0x3e99999a	0x3f000000	0x3faa3722	0xbe6b24d2	0x3e3851ec	0x3e8ef699	0x3ebe1d17
0x3f7ab368	0x3e99999a	0x3f000000	0x3faa3722	0xbe6b3df3	0x3e3851ec	0x3e8ee31d	0x3ebe032e
0x3f7ab9f5	0x3e99999a	0x3f000000	0x3faa3722	0xbe6b5712	0x3e3851ec	0x3e8ecfa5	0x3ebde94a
0x3f7ac083	0x3e99999a	0x3f000000	0x3faa3722	0xbe6b7037	0x3e3851ec	0x3e8ebc2b	0x3ebdcf64
0x3f7ac711	0x3e99999a	0x3f000000	0x3faa3722	0xbe6b895c	0x3e3851ec	0x3e8ea8b4	0x3ebdb581
0x3f7acd9f	0x3e99999a	0x3f000000	0x3faa3722	0xbe6ba283	0x3e3851ec	0x3e8e953d	0x3ebd9b9f
0x3f7ad42c	0x3e99999a	0x3f000000	0x3faa3722	0xbe6bbba7	0x3e3851ec	0x3e8e81cc	0x3ebd81c5
0x3f7adaba	0x3e99999a	0x3f000000	0x3faa3722	0xbe6bd4d1	0x3e3851ec	0x3e8e6e58	0x3ebd67e6
0x3f7ae148	0x3e99999a	0x3f000000	0x3faa3722	0xbe6bedfb	0x3e3851ec	0x3e8e5ae8	0x3ebd4e0d
0x3f7ae7d5	0x3e99999a	0x3f000000	0x3faa3722	0xbe6c0724	0x3e3851ec	0x3e8e477b	0x3ebd3438
0x3f7aee63	0x3e99999a	0x3f000000	0x3faa3722	0xbe6c2051	0x3e3851ec	0x3e8e340d	0x3ebd1a61
0x3f7af4f1	0x3e99999a	0x3f000000	0x3faa3722	0xbe6c3980	0x3e3851ec	0x3e8e20a1	0x3ebd008e
0x3f7afb7f	0x3e99999a	0x3f000000	0x3faa3722	0xbe6c52b0	0x3e3851ec	0x3e8e0d36	0x3ebce6bb
0x3f7b020c	0x3e99999a	0x3f000000	0x3faa3722	0xbe6c6bde	0x3e3851ec	0x3e8df9d0	0x3ebcccef
0x3f7b089a	0x3e99999a	0x3f000000	0x3faa3722	0xbe6c8511	0x3e3851ec	0x3e8de668	0x3ebcb321
0x3f7b0f28	0x3e99999a	0x3f000000	0x3faa3722	0xbe6c9e45	0x3e3851ec	0x3e8dd301	0x3ebc9954
0x3f7b15b5	0x3e99999a	0x3f000000	0x3faa3722	0xbe6cb777	0x3e3851ec	0x3e8dbfa0	0x3ebc7f8e
0x3f7b1c43	0x3e99999a	0x3f000000	0x3faa3722	0xbe6cd0ae	0x3e3851ec	0x3e8dac3e	0x3ebc65c8
0x3f7b22d1	0x3e99999a	0x3f000000	0x3faa3722	0xbe6ce9e6	0x3e3851ec	0x3e8d98dc	0x3ebc4c01
0x3f7b295f	0x3e99999a	0x3f000000	0x3faa3722	0xbe6d0320	0x3e3851ec	0x3e8d857d	0x3ebc323f
0x3f7b2fec	0x3e99999a	0x3f000000	0x3faa3722	0xbe6d1c57	0x3e3851ec	0x3e8d7222	0x3ebc1882
0x3f7b367a	0x3e99999a	0x3f000000	0x3faa3722	0xbe6d3593	0x3e3851ec	0x3e8d5ec6	0x3ebbfec3
0x3f7b3d08	0x3e99999a	0x3f000000	0x3faa3722	0xbe6d4ed1	0x3e3851ec	0x3e8d4b6b	0x3ebbe506
0x3f7b4396	0x3e99999a	0x3f000000	0x3faa3722	0xbe6d6810	0x3e3851ec	0x3e8d3812	0x3ebbcb4c
0x3f7b4a23	0x3e99999a	0x3f000000	0x3faa3722	0xbe6d814c	0x3e3851ec	0x3e8d24be	0x3ebbb198
0x3f7b50b1	0x3e99999a	0x3f000000	0x3faa3722	0xbe6d9a8e	0x3e3851ec	0x3e8d1168	0x3ebb97e1
0x3f7b573f	0x3e99999a	0x3f000000	0x3faa3722	0xbe6db3d1	0x3e3851ec	0x3e8cfe14	0x3ebb7e2d
0x3f7b5dcc	0x3e99999a	0x3f000000	0x3faa3722	0xbe6dcd12	0x3e3851ec	0x3e8ceac4	0x3ebb647f
0x3f7b645a	0x3e99999a	0x3f000000	0x3faa3722	0xbe6de657	0x3e3851ec	0x3e8cd774	0x3ebb4ad0
0x3f7b6ae8	0x3e99999a	0x3f000000	0x3faa3722	0xbe6dff9e	0x3e3851ec	0x3e8cc424	0x3ebb3121
0x3f7b7176	0x3e99999a	0x3f000000	0x3faa3722	0xbe6e18e7	0x3e3851ec	0x3e8cb0d6	0x3ebb1776
0x3f7b7803	0x3e99999a	0x3f000000	0x3faa3722	0xbe6e322d	0x3e3851ec	0x3e8c9d8d	0x3ebafdd0
0x3f7b7e91	0x3e99999a	0x3f000000	0x3faa3722	0xbe6e4b78	0x3e3851ec	0x3e8c8a42	0x3ebae428
0x3f7b851f	0x3e99999a	0x3f000000	0x3faa3722	0xbe6e64c4	0x3e3851ec	0x3e8c76fa	0x3ebaca84
0x3f7b8bac	0x3e99999a	0x3f000000	0x3faa3722	0xbe6e7e0e	0x3e3851ec	0x3e8c63b5	0x3ebab0e5
0x3f7b923a	0x3e99999a	0x3f000000	0x3faa3722	0xbe6e975d	0x3e3851ec	0x3e8c5070	0x3eba9745
0x3f7b98c8	0x3e99999a	0x3f000000	0x3faa3722	0xbe6eb0ad	0x3e3851ec	0x3e8c3d2d	0x3eba7da7
0x3f7b9f56	0x3e99999a	0x3f000000	0x3faa3722	0xbe6ec9ff	0x3e3851ec	0x3e8c29eb	0x3eba640b
0x3f7ba5e3	0x3e99999a	0x3f000000	0x3faa3722	0xbe6ee34f	0x3e3851ec	0x3e8c16ac	0x3eba4a73
0x3f7bac71	0x3e99999a	0x3f000000	0x3faa3722	0xbe6efca3	0x3e3851ec	0x3e8c036d	0x3eba30db
0x3f7bb2ff	0x3e99999a	0x3f000000	0x3faa3722	0xbe6f15f9	0x3e3851ec	0x3e8bf030	0x3eba1746
0x3f7bb98c	0x3e99999a	0x3f000000	0x3faa3722	0xbe6f2f4c	0x3e3851ec	0x3e8bdcf7	0x3eb9fdb6
0x3f7bc01a	0x3e99999a	0x3f000000	0x3faa3722	0xbe6f48a5	0x3e3851ec	0x3e8bc9bc	0x3eb9e424
0x3f7bc6a8	0x3e99999a	0x3f000000	0x3faa3722	0xbe6f61fe	0x3e3851ec	0x3e8bb684	0x3eb9ca95
0x3f7bcd36	0x3e99999a	0x3f000000	0x3faa3722	0xbe6f7b5a	0x3e3851ec	0x3e8ba34d	0x3eb9b108
0x3f7bd3c3	0x3e99999a	0x3f000000	0x3faa3722	0xbe6f94b2	0x3e3851ec	0x3e8b901b	0x3eb99781
0x3f7bda51	0x3e99999a	0x3f000000	0x3faa3722	0xbe6fae10	0x3e3851ec	0x3e8b7ce7	0x3eb97df8
0x3f7be0df	0x3e99999a	0x3f000000	0x3faa3722	0xbe6fc76f	0x3e3851ec	0x3e8b69b5	0x3eb96471
0x3f7be76d	0x3e99999a	0x3f000000	0x3faa3722	0xbe6fe0d0	0x3e3851ec	0x3e8b5684	0x3eb94aeb
0x3f7bedfa	0x3e99999a	0x3f000000	0x3faa3722	0xbe6ffa2e	0x3e3851ec	0x3e8b4358	0x3eb9316d
0x3f7bf488	0x3e99999a	0x3f000000	0x3faa3722	0xbe701391	0x3e3851ec	0x3e8b302b	0x3eb917ed
0x3f7bfb16	0x3e99999a	0x3f000000	0x3faa3722	0xbe702cf6	0x3e3851ec	0x3e8b1d00	0x3eb8fe6f
0x3f7c01a3	0x3e99999a	0x3f000000	0x3faa3722	0xbe704658	0x3e3851ec	0x3e8b09d8	0x3eb8e4f6
0x3f7c0831	0x3e99999a	0x3f000000	0x3faa3722	0xbe705fbf	0x3e3851ec	0x3e8af6b0	0x3eb8cb7d
0x3f7c0ebf	0x3e99999a	0x3f000000	0x3faa3722	0xbe707928	0x3e3851ec	0x3e8ae38a	0x3eb8b206
0x3f7c154d	0x3e99999a	0x3f000000	0x3faa3722	0xbe709291	0x3e3851ec	0x3e8ad066	0x3eb89892
0x3f7c1bda	0x3e99999a	0x3f000000	0x3faa3722	0xbe70abf9	0x3e3851ec	0x3e8abd45	0x3eb87f22
0x3f7c2268	0x3e99999a	0x3f000000	0x3faa3722	0xbe70c565	0x3e3851ec	0x3e8aaa23	0x3eb865b0
0x3f7c28f6	0x3e99999a	0x3f000000	0x3faa3722	0xbe70ded3	0x3e3851ec	0x3e8a9703	0x3eb84c42
0x3f7c2f83	0x3e99999a	0x3f000000	0x3faa3722	0xbe70f83f	0x3e3851ec	0x3e8a83e7	0x3eb832d8
0x3f7c3611	0x3e99999a	0x3f000000	0x3faa3722	0xbe7111b0	0x3e3851ec	0x3e8a70c9	0x3eb8196c
0x3f7c3c9f	0x3e99999a	0x3f000000	0x3faa3722	0xbe712b22	0x3e3851ec	0x3e8a5daf	0x3eb80005
0x3f7c432d	0x3e99999a	0x3f000000	0x3faa3722	0xbe714495	0x3e3851ec	0x3e8a4a95	0x3eb7e69f
0x3f7c49ba	0x3e99999a	0x3f000000	0x3faa3722	0xbe715e06	0x3e3851ec	0x3e8a377f	0x3eb7cd3d
0x3f7c5048	0x3e99999a	0x3f000000	0x3faa3722	0xbe71777c	0x3e3851ec	0x3e8a2469	0x3eb7b3dc
0x3f7c56d6	0x3e99999a	0x3f000000	0x3faa3722	0xbe7190f3	0x3e3851ec	0x3e8a1155	0x3eb79a7d
0x3f7c5d64	0x3e99999a	0x3f000000	0x3faa3722	0xbe71aa6c	0x3e3851ec	0x3e89fe41	0x3eb7811e
0x3f7c63f1	0x3e99999a	0x3f000000	0x3faa3722	0xbe71c3e2	0x3e3851ec	0x3e89eb33	0x3eb767c7
0x3f7c6a7f	0x3e99999a	0x3f000000	0x3faa3722	0xbe71dd5d	0x3e3851ec	0x3e89d823	0x3eb74e6e
0x3f7c710d	0x3e99999a	0x3f000000	0x3faa3722	0xbe71f6da	0x3e3851ec	0x3e89c515	0x3eb73517
0x3f7c779a	0x3e99999a	0x3f000000	0x3faa3722	0xbe721054	0x3e3851ec	0x3e89b20c	0x3eb71bc7
0x3f7c7e28	0x3e99999a	0x3f000000	0x3faa3722	0xbe7229d4	0x3e3851ec	0x3e899f00	0x3eb70273
0x3f7c84b6	0x3e99999a	0x3f000000	0x3faa3722	0xbe724354	0x3e3851ec	0x3e898bf7	0x3eb6e923
0x3f7c8b44	0x3e99999a	0x3f000000	0x3faa3722	0xbe725cd7	0x3e3851ec	0x3e8978ef	0x3eb6cfd4
0x3f7c91d1	0x3e99999a	0x3f000000	0x3faa3722	0xbe727656	0x3e3851ec	0x3e8965ec	0x3eb6b68c
0x3f7c985f	0x3e99999a	0x3f000000	0x3faa3722	0xbe728fdb	0x3e3851ec	0x3e8952e7	0x3eb69d41
0x3f7c9eed	0x3e99999a	0x3f000000	0x3faa3722	0xbe72a961	0x3e3851ec	0x3e893fe5	0x3eb683fa
0x3f7ca57a	0x3e99999a	0x3f000000	0x3faa3722	0xbe72c2e5	0x3e3851ec	0x3e892ce7	0x3eb66ab9
0x3f7cac08	0x3e99999a	0x3f000000	0x3faa3722	0xbe72dc6d	0x3e3851ec	0x3e8919e8	0x3eb65176
0x3f7cb296	0x3e99999a	0x3f000000	0x3faa3722	0xbe72f5f8	0x3e3851ec	0x3e8906e9	0x3eb63833
0x3f7cb924	0x3e99999a	0x3f000000	0x3faa3722	0xbe730f83	0x3e3851ec	0x3e88f3ed	0x3eb61ef4
0x3f7cbfb1	0x3e99999a	0x3f000000	0x3faa3722	0xbe73290c	0x3e3851ec	0x3e88e0f5	0x3eb605ba
0x3f7cc63f	0x3e99999a	0x3f000000	0x3faa3722	0xbe73429a	0x3e3851ec	0x3e88cdfc	0x3eb5ec80
0x3f7ccccd	0x3e99999a	0x3f000000	0x3faa3722	0xbe735c2a	0x3e3851ec	0x3e88bb05	0x3eb5d347
0x3f7cd35b	0x3e99999a	0x3f000000	0x3faa3722	0xbe7375bb	0x3e3851ec	0x3e88a80f	0x3eb5ba10
0x3f7cd9e8	0x3e99999a	0x3f000000	0x3faa3722	0xbe738f49	0x3e3851ec	0x3e88951e	0x3eb5a0e0
0x3f7ce076	0x3e99999a	0x3f000000	0x3faa3722	0xbe73a8dc	0x3e3851ec	0x3e88822c	0x3eb587af
0x3f7ce704	0x3e99999a	0x3f000000	0x3faa3722	0xbe73c271	0x3e3851ec	0x3e886f3b	0x3eb56e7e
0x3f7ced91	0x3e99999a	0x3f000000	0x3faa3722	0xbe73dc04	0x3e3851ec	0x3e885c4f	0x3eb55555
0x3f7cf41f	0x3e99999a	0x3f000000	0x3faa3722	0xbe73f59b	0x3e3851ec	0x3e884961	0x3eb53c29
0x3f7cfaad	0x3e99999a	0x3f000000	0x3faa3722	0xbe740f34	0x3e3851ec	0x3e883675	0x3eb522ff
0x3f7d013b	0x3e99999a	0x3f000000	0x3faa3722	0xbe7428ce	0x3e3851ec	0x3e88238b	0x3eb509d8
0x3f7d07c8	0x3e99999a	0x3f000000	0x3faa3722	0xbe744266	0x3e3851ec	0x3e8810a5	0x3eb4f0b6
0x3f7d0e56	0x3e99999a	0x3f000000	0x3faa3722	0xbe745c03	0x3e3851ec	0x3e87fdbe	0x3eb4d793
0x3f7d14e4	0x3e99999a	0x3f000000	0x3faa3722	0xbe7475a1	0x3e3851ec	0x3e87ead9	0x3eb4be73
0x3f7d1b71	0x3e99999a	0x3f000000	0x3faa3722	0xbe748f3d	0x3e3851ec	0x3e87d7f8	0x3eb4a558
0x3f7d21ff	0x3e99999a	0x3f000000	0x3faa3722	0xbe74a8de	0x3e3851ec	0x3e87c515	0x3eb48c3b
0x3f7d288d	0x3e99999a	0x3f000000	0x3faa3722	0xbe74c280	0x3e3851ec	0x3e87b236	0x3eb47322
0x3f7d2f1b	0x3e99999a	0x3f000000	0x3faa3722	0xbe74dc24	0x3e3851ec	0x3e879f56	0x3eb45a09
0x3f7d35a8	0x3e99999a	0x3f000000	0x3faa3722	0xbe74f5c5	0x3e3851ec	0x3e878c7c	0x3eb440f7
0x3f7d3c36	0x3e99999a	0x3f000000	0x3faa3722	0xbe750f6c	0x3e3851ec	0x3e8779a0	0x3eb427e3
0x3f7d42c4	0x3e99999a	0x3f000000	0x3faa3722	0xbe752913	0x3e3851ec	0x3e8766c6	0x3eb40ed1
0x3f7d4952	0x3e99999a	0x3f000000	0x3faa3722	0xbe7542bc	0x3e3851ec	0x3e8753ee	0x3eb3f5c2
0x3f7d4fdf	0x3e99999a	0x3f000000	0x3faa3722	0xbe755c63	0x3e3851ec	0x3e87411a	0x3eb3dcb8
0x3f7d566d	0x3e99999a	0x3f000000	0x3faa3722	0xbe75760e	0x3e3851ec	0x3e872e46	0x3eb3c3af
0x3f7d5cfb	0x3e99999a	0x3f000000	0x3faa3722	0xbe758fbc	0x3e3851ec	0x3e871b71	0x3eb3aaa4
0x3f7d6388	0x3e99999a	0x3f000000	0x3faa3722	0xbe75a966	0x3e3851ec	0x3e8708a3	0x3eb391a2
0x3f7d6a16	0x3e99999a	0x3f000000	0x3faa3722	0xbe75c316	0x3e3851ec	0x3e86f5d2	0x3eb3789c
0x3f7d70a4	0x3e99999a	0x3f000000	0x3faa3722	0xbe75dcc7	0x3e3851ec	0x3e86e304	0x3eb35f9b
0x3f7d7732	0x3e99999a	0x3f000000	0x3faa3722	0xbe75f679	0x3e3851ec	0x3e86d038	0x3eb3469c
0x3f7d7dbf	0x3e99999a	0x3f000000	0x3faa3722	0xbe761029	0x3e3851ec	0x3e86bd6f	0x3eb32da1
0x3f7d844d	0x3e99999a	0x3f000000	0x3faa3722	0xbe7629de	0x3e3851ec	0x3e86aaa6	0x3eb314a6
0x3f7d8adb	0x3e99999a	0x3f000000	0x3faa3722	0xbe764395	0x3e3851ec	0x3e8697de	0x3eb2fbac
0x3f7d9168	0x3e99999a	0x3f000000	0x3faa3722	0xbe765d49	0x3e3851ec	0x3e86851a	0x3eb2e2b7
0x3f7d97f6	0x3e99999a	0x3f000000	0x3faa3722	0xbe767702	0x3e3851ec	0x3e867255	0x3eb2c9c2
0x3f7d9e84	0x3e99999a	0x3f000000	0x3faa3722	0xbe7690bc	0x3e3851ec	0x3e865f93	0x3eb2b0d0
0x3f7da512	0x3e99999a	0x3f000000	0x3faa3722	0xbe76aa78	0x3e3851ec	0x3e864cd2	0x3eb297e0
0x3f7dab9f	0x3e99999a	0x3f000000	0x3faa3722	0xbe76c431	0x3e3851ec	0x3e863a15	0x3eb27ef5
0x3f7db22d	0x3e99999a	0x3f000000	0x3faa3722	0xbe76ddf0	0x3e3851ec	0x3e862756	0x3eb26607
0x3f7db8bb	0x3e99999a	0x3f000000	0x3faa3722	0xbe76f7b0	0x3e3851ec	0x3e86149a	0x3eb24d1d
0x3f7dbf48	0x3e99999a	0x3f000000	0x3faa3722	0xbe77116d	0x3e3851ec	0x3e8601e2	0x3eb23439
0x3f7dc5d6	0x3e99999a	0x3f000000	0x3faa3722	0xbe772b2f	0x3e3851ec	0x3e85ef29	0x3eb21b53
0x3f7dcc64	0x3e99999a	0x3f000000	0x3faa3722	0xbe7744f3	0x3e3851ec	0x3e85dc71	0x3eb2026e
0x3f7dd2f2	0x3e99999a	0x3f000000	0x3faa3722	0xbe775eb9	0x3e3851ec	0x3e85c9ba	0x3eb1e98b
0x3f7dd97f	0x3e99999a	0x3f000000	0x3faa3722	0xbe77787b	0x3e3851ec	0x3e85b70a	0x3eb1d0b1
0x3f7de00d	0x3e99999a	0x3f000000	0x3faa3722	0xbe779243	0x3e3851ec	0x3e85a457	0x3eb1b7d4
0x3f7de69b	0x3e99999a	0x3f000000	0x3faa3722	0xbe77ac0c	0x3e3851ec	0x3e8591a7	0x3eb19efa
0x3f7ded29	0x3e99999a	0x3f000000	0x3faa3722	0xbe77c5d7	0x3e3851ec	0x3e857ef6	0x3eb1861f
0x3f7df3b6	0x3e99999a	0x3f000000	0x3faa3722	0xbe77df9f	0x3e3851ec	0x3e856c4c	0x3eb16d4d
0x3f7dfa44	0x3e99999a	0x3f000000	0x3faa3722	0xbe77f96c	0x3e3851ec	0x3e8559a0	0x3eb15478
0x3f7e00d2	0x3e99999a	0x3f000000	0x3faa3722	0xbe78133b	0x3e3851ec	0x3e8546f5	0x3eb13ba5
0x3f7e075f	0x3e99999a	0x3f000000	0x3faa3722	0xbe782d07	0x3e3851ec	0x3e853450	0x3eb122da
0x3f7e0ded	0x3e99999a	0x3f000000	0x3faa3722	0xbe7846d8	0x3e3851ec	0x3e8521a8	0x3eb10a0b
0x3f7e147b	0x3e99999a	0x3f000000	0x3faa3722	0xbe7860ab	0x3e3851ec	0x3e850f03	0x3eb0f140
0x3f7e1b09	0x3e99999a	0x3f000000	0x3faa3722	0xbe787a7f	0x3e3851ec	0x3e84fc60	0x3eb0d877
0x3f7e2196	0x3e99999a	0x3f000000	0x3faa3722	0xbe789450	0x3e3851ec	0x3e84e9c0	0x3eb0bfb3
0x3f7e2824	0x3e99999a	0x3f000000	0x3faa3722	0xbe78ae27	0x3e3851ec	0x3e84d71f	0x3eb0a6ed
0x3f7e2eb2	0x3e99999a	0x3f000000	0x3faa3722	0xbe78c7ff	0x3e3851ec	0x3e84c481	0x3eb08e2b
0x3f7e353f	0x3e99999a	0x3f000000	0x3faa3722	0xbe78e1d4	0x3e3851ec	0x3e84b1e7	0x3eb0756e
0x3f7e3bcd	0x3e99999a	0x3f000000	0x3faa3722	0xbe78fbaf	0x3e3851ec	0x3e849f4b	0x3eb05caf
0x3f7e425b	0x3e99999a	0x3f000000	0x3faa3722	0xbe79158b	0x3e3851ec	0x3e848cb1	0x3eb043f3
0x3f7e48e9	0x3e99999a	0x3f000000	0x3faa3722	0xbe792f68	0x3e3851ec	0x3e847a19	0x3eb02b39
0x3f7e4f76	0x3e99999a	0x3f000000	0x3faa3722	0xbe794943	0x3e3851ec	0x3e846784	0x3eb01283
0x3f7e5604	0x3e99999a	0x3f000000	0x3faa3722	0xbe796323	0x3e3851ec	0x3e8454ef	0x3eaff9cd
0x3f7e5c92	0x3e99999a	0x3f000000	0x3faa3722	0xbe797d05	0x3e3851ec	0x3e84425c	0x3eafe11a
0x3f7e6320	0x3e99999a	0x3f000000	0x3faa3722	0xbe7996e8	0x3e3851ec	0x3e842fca	0x3eafc868
0x3f7e69ad	0x3e99999a	0x3f000000	0x3faa3722	0xbe79b0c8	0x3e3851ec	0x3e841d3d	0x3eafafbd
0x3f7e703b	0x3e99999a	0x3f000000	0x3faa3722	0xbe79caad	0x3e3851ec	0x3e840aaf	0x3eaf9710
0x3f7e76c9	0x3e99999a	0x3f000000	0x3faa3722	0xbe79e494	0x3e3851ec	0x3e83f822	0x3eaf7e65
0x3f7e7d56	0x3e99999a	0x3f000000	0x3faa3722	0xbe79fe78	0x3e3851ec	0x3e83e59a	0x3eaf65c0
0x3f7e83e4	0x3e99999a	0x3f000000	0x3faa3722	0xbe7a1862	0x3e3851ec	0x3e83d310	0x3eaf4d19
0x3f7e8a72	0x3e99999a	0x3f000000	0x3faa3722	0xbe7a324c	0x3e3851ec	0x3e83c088	0x3eaf3474
0x3f7e9100	0x3e99999a	0x3f000000	0x3faa3722	0xbe7a4c39	0x3e3851ec	0x3e83ae02	0x3eaf1bd2
0x3f7e978d	0x3e99999a	0x3f000000	0x3faa3722	0xbe7a6622	0x3e3851ec	0x3e839b80	0x3eaf0336
0x3f7e9e1b	0x3e99999a	0x3f000000	0x3faa3722	0xbe7a8011	0x3e3851ec	0x3e8388fd	0x3eaeea98
0x3f7ea4a9	0x3e99999a	0x3f000000	0x3faa3722	0xbe7a9a01	0x3e3851ec	0x3e83767c	0x3eaed1fd
0x3f7eab36	0x3e99999a	0x3f000000	0x3faa3722	0xbe7ab3ef	0x3e3851ec	0x3e8363fe	0x3eaeb965
0x3f7eb1c4	0x3e99999a	0x3f000000	0x3faa3722	0xbe7acde2	0x3e3851ec	0x3e835180	0x3eaea0ce
0x3f7eb852	0x3e99999a	0x3f000000	0x3faa3722	0xbe7ae7d6	0x3e3851ec	0x3e833f04	0x3eae8839
0x3f7ebee0	0x3e99999a	0x3f000000	0x3faa3722	0xbe7b01cb	0x3e3851ec	0x3e832c8a	0x3eae6fa7
0x3f7ec56d	0x3e99999a	0x3f000000	0x3faa3722	0xbe7b1bbe	0x3e3851ec	0x3e831a14	0x3eae571b
0x3f7ecbfb	0x3e99999a	0x3f000000	0x3faa3722	0xbe7b35b6	0x3e3851ec	0x3e83079d	0x3eae3e8d
0x3f7ed289	0x3e99999a	0x3f000000	0x3faa3722	0xbe7b4fb0	0x3e3851ec	0x3e82f527	0x3eae2600
0x3f7ed917	0x3e99999a	0x3f000000	0x3faa3722	0xbe7b69ab	0x3e3851ec	0x3e82e2b2	0x3eae0d75
0x3f7edfa4	0x3e99999a	0x3f000000	0x3faa3722	0xbe7b83a3	0x3e3851ec	0x3e82d043	0x3eadf4f1
0x3f7ee632	0x3e99999a	0x3f000000	0x3faa3722	0xbe7b9da1	0x3e3851ec	0x3e82bdd2	0x3eaddc6b
0x3f7eecc0	0x3e99999a	0x3f000000	0x3faa3722	0xbe7bb7a0	0x3e3851ec	0x3e82ab63	0x3eadc3e8
0x3f7ef34d	0x3e99999a	0x3f000000	0x3faa3722	0xbe7bd19c	0x3e3851ec	0x3e8298f9	0x3eadab6b
0x3f7ef9db	0x3e99999a	0x3f000000	0x3faa3722	0xbe7beb9e	0x3e3851ec	0x3e82868c	0x3ead92ea
0x3f7f0069	0x3e99999a	0x3f000000	0x3faa3722	0xbe7c05a1	0x3e3851ec	0x3e827422	0x3ead7a6e
0x3f7f06f7	0x3e99999a	0x3f000000	0x3faa3722	0xbe7c1fa5	0x3e3851ec	0x3e8261ba	0x3ead61f4
0x3f7f0d84	0x3e99999a	0x3f000000	0x3faa3722	0xbe7c39a7	0x3e3851ec	0x3e824f55	0x3ead497e
0x3f7f1412	0x3e99999a	0x3f000000	0x3faa3722	0xbe7c53ae	0x3e3851ec	0x3e823cf0	0x3ead3108
0x3f7f1aa0	0x3e99999a	0x3f000000	0x3faa3722	0xbe7c6db6	0x3e3851ec	0x3e822a8c	0x3ead1893
0x3f7f212d	0x3e99999a	0x3f000000	0x3faa3722	0xbe7c87bc	0x3e3851ec	0x3e82182d	0x3ead0025
0x3f7f27bb	0x3e99999a	0x3f000000	0x3faa3722	0xbe7ca1c7	0x3e3851ec	0x3e8205cd	0x3eace7b5
0x3f7f2e49	0x3e99999a	0x3f000000	0x3faa3722	0xbe7cbbd3	0x3e3851ec	0x3e81f36e	0x3eaccf47
0x3f7f34d7	0x3e99999a	0x3f000000	0x3faa3722	0xbe7cd5e1	0x3e3851ec	0x3e81e112	0x3eacb6dd
0x3f7f3b64	0x3e99999a	0x3f000000	0x3faa3722	0xbe7cefec	0x3e3851ec	0x3e81ceb9	0x3eac9e77
0x3f7f41f2	0x3e99999a	0x3f000000	0x3faa3722	0xbe7d09fc	0x3e3851ec	0x3e81bc5f	0x3eac8610
0x3f7f4880	0x3e99999a	0x3f000000	0x3faa3722	0xbe7d240e	0x3e3851ec	0x3e81aa07	0x3eac6dab
0x3f7f4f0e	0x3e99999a	0x3f000000	0x3faa3722	0xbe7d3e21	0x3e3851ec	0x3e8197b0	0x3eac5547
0x3f7f559b	0x3e99999a	0x3f000000	0x3faa3722	0xbe7d5832	0x3e3851ec	0x3e81855e	0x3eac3ceb
0x3f7f5c29	0x3e99999a	0x3f000000	0x3faa3722	0xbe7d7247	0x3e3851ec	0x3e81730b	0x3eac248c
0x3f7f62b7	0x3e99999a	0x3f000000	0x3faa3722	0xbe7d8c5f	0x3e3851ec	0x3e8160b9	0x3eac0c30
0x3f7f6944	0x3e99999a	0x3f000000	0x3faa3722	0xbe7da673	0x3e3851ec	0x3e814e6c	0x3eabf3d9
0x3f7f6fd2	0x3e99999a	0x3f000000	0x3faa3722	0xbe7dc08d	0x3e3851ec	0x3e813c1e	0x3eabdb82
0x3f7f7660	0x3e99999a	0x3f000000	0x3faa3722	0xbe7ddaa8	0x3e3851ec	0x3e8129d2	0x3eabc32d
0x3f7f7cee	0x3e99999a	0x3f000000	0x3faa3722	0xbe7df4c4	0x3e3851ec	0x3e811787	0x3eabaada
0x3f7f837b	0x3e99999a	0x3f000000	0x3faa3722	0xbe7e0ede	0x3e3851ec	0x3e810541	0x3eab928d
0x3f7f8a09	0x3e99999a	0x3f000000	0x3faa3722	0xbe7e28fd	0x3e3851ec	0x3e80f2f9	0x3eab7a3d
0x3f7f9097	0x3e99999a	0x3f000000	0x3faa3722	0xbe7e431e	0x3e3851ec	0x3e80e0b3	0x3eab61f1
0x3f7f9724	0x3e99999a	0x3f000000	0x3faa3722	0xbe7e5d3c	0x3e3851ec	0x3e80ce71	0x3eab49a9
0x3f7f9db2	0x3e99999a	0x3f000000	0x3faa3722	0xbe7e775f	0x3e3851ec	0x3e80bc2f	0x3eab3161
0x3f7fa440	0x3e99999a	0x3f000000	0x3faa3722	0xbe7e9184	0x3e3851ec	0x3e80a9ee	0x3eab191b
0x3f7faace	0x3e99999a	0x3f000000	0x3faa3722	0xbe7eaba9	0x3e3851ec	0x3e8097af	0x3eab00d8
0x3f7fb15b	0x3e99999a	0x3f000000	0x3faa3722	0xbe7ec5cd	0x3e3851ec	0x3e808574	0x3eaae89a
0x3f7fb7e9	0x3e99999a	0x3f000000	0x3faa3722	0xbe7edff5	0x3e3851ec	0x3e807338	0x3eaad05a
0x3f7fbe77	0x3e99999a	0x3f000000	0x3faa3722	0xbe7efa1f	0x3e3851ec	0x3e8060fd	0x3eaab81c
0x3f7fc505	0x3e99999a	0x3f000000	0x3faa3722	0xbe7f144a	0x3e3851ec	0x3e804ec5	0x3eaa9fe2
0x3f7fcb92	0x3e99999a	0x3f000000	0x3faa3722	0xbe7f2e73	0x3e3851ec	0x3e803c90	0x3eaa87ab
0x3f7fd220	0x3e99999a	0x3f000000	0x3faa3722	0xbe7f48a1	0x3e3851ec	0x3e802a5a	0x3eaa6f74
0x3f7fd8ae	0x3e99999a	0x3f000000	0x3faa3722	0xbe7f62d0	0x3e3851ec	0x3e801827	0x3eaa5740
0x3f7fdf3b	0x3e99999a	0x3f000000	0x3faa3722	0xbe7f7cfd	0x3e3851ec	0x3e8005f7	0x3eaa3f11
0x3f7fe5c9	0x3e99999a	0x3f000000	0x3faa3722	0xbe7f972f	0x3e3851ec	0x3e7fe78e	0x3eaa26e1
0x3f7fec57	0x3e99999a	0x3f000000	0x3faa3722	0xbe7fb162	0x3e3851ec	0x3e7fc330	0x3eaa0eb3
0x3f7ff2e5	0x3e99999a	0x3f000000	0x3faa3722	0xbe7fcb97	0x3e3851ec	0x3e7f9ed5	0x3ea9f687
0x3f7ff972	0x3e99999a	0x3f000000	0x3faa3722	0xbe7fe5c9	0x3e3851ec	0x3e7f7a83	0x3ea9de60
