0xbe800000	0x3d4ccccd	0xbf000000	0x40ff52b4	0xbd800000	0x3ba3d70b	0x367a1780	0x37f96e34
0xbe800000	0x3d4ccccd	0x00000000	0x40ff52b4	0xbd800000	0x3ba3d70b	0x367a1780	0x37f96e34
0xbe800000	0x3d4ccccd	0x3e800000	0x40ff52b4	0xbe800000	0x3ba3d70b	0x1b692c3c	0x1ce88e64
0xbe800000	0x3d4ccccd	0x3f000000	0x40ff52b4	0xbf100000	0x3ba3d70b	0x00000000	0x00000000
0xbe800000	0x3d4ccccd	0x3f400000	0x40ff52b4	0xbf800000	0x3ba3d70b	0x00000000	0x00000000
0xbe800000	0x3d4ccccd	0x3f800000	0x40ff52b4	0xbfc80000	0x3ba3d70b	0x00000000	0x00000000
0xbe800000	0x3dcccccd	0xbf000000	0x407f52b4	0xbd800000	0x3ca3d70b	0x3d33f73b	0x3e337d67
0xbe800000	0x3dcccccd	0x00000000	0x407f52b4	0xbd800000	0x3ca3d70b	0x3d33f73b	0x3e337d67
0xbe800000	0x3dcccccd	0x3e800000	0x407f52b4	0xbe800000	0x3ca3d70b	0x367a1780	0x37796e34
0xbe800000	0x3dcccccd	0x3f000000	0x407f52b4	0xbf100000	0x3ca3d70b	0x2b2bc136	0x2c2b4cf1
0xbe800000	0x3dcccccd	0x3f400000	0x407f52b4	0xbf800000	0x3ca3d70b	0x1b692c3c	0x1c688e64
0xbe800000	0x3dcccccd	0x3f800000	0x407f52b4	0xbfc80000	0x3ca3d70b	0x071c709b	0x081c06b4
0xbe800000	0x3e99999a	0xbf000000	0x3faa3722	0xbd800000	0x3e3851ec	0x3f34e6e7	0x3f709096
0xbe800000	0x3e99999a	0x00000000	0x3faa3722	0xbd800000	0x3e3851ec	0x3f34e6e7	0x3f709096
0xbe800000	0x3e99999a	0x3e800000	0x3faa3722	0xbe800000	0x3e3851ec	0x3e7f5631	0x3ea9c63a
0xbe800000	0x3e99999a	0x3f000000	0x3faa3722	0xbf100000	0x3e3851ec	0x3d33f73b	0x3d6f51de
0xbe800000	0x3e99999a	0x3f400000	0x3faa3722	0xbf800000	0x3e3851ec	0x3b7d5b67	0x3ba87543
0xbe800000	0x3e99999a	0x3f800000	0x3faa3722	0xbfc80000	0x3e3851ec	0x39321b93	0x396cd956
0xbe800000	0x3f000000	0xbf000000	0x3f4c4229	0xbd800000	0x3f000000	0x3f61eb51	0x3f3441e7
0xbe800000	0x3f000000	0x00000000	0x3f4c4229	0xbd800000	0x3f000000	0x3f61eb51	0x3f3441e7
0xbe800000	0x3f000000	0x3e800000	0x3f4c4229	0xbe800000	0x3f000000	0x3f1b4598	0x3ef7c72c
0xbe800000	0x3f000000	0x3f000000	0x3f4c4229	0xbf100000	0x3f000000	0x3ea638da	0x3e84a043
0xbe800000	0x3f000000	0x3f400000	0x3f4c4229	0xbf800000	0x3f000000	0x3e0a9556	0x3ddd25a2
0xbe800000	0x3f000000	0x3f800000	0x3f4c4229	0xbfc80000	0x3f000000	0x3d33f738	0x3d0f9783
0xbe800000	0x3f333333	0xbf000000	0x3f11e61e	0xbd800000	0x3f7ae147	0x3f702ee6	0x3f08e277
0xbe800000	0x3f333333	0x00000000	0x3f11e61e	0xbd800000	0x3f7ae147	0x3f702ee6	0x3f08e277
0xbe800000	0x3f333333	0x3e800000	0x3f11e61e	0xbe800000	0x3f7ae147	0x3f465bbf	0x3ee2188a
0xbe800000	0x3f333333	0x3f000000	0x3f11e61e	0xbf100000	0x3f7ae147	0x3f103313	0x3ea45d19
0xbe800000	0x3f333333	0x3f400000	0x3f11e61e	0xbf800000	0x3f7ae147	0x3eb88c9d	0x3e525b12
0xbe800000	0x3f333333	0x3f800000	0x3f11e61e	0xbfc80000	0x3f7ae147	0x3e4fe7d5	0x3decfa65
0xbe800000	0x3f800000	0xbf000000	0x3ecc4229	0xbd800000	0x40000000	0x3f781fab	0x3ec5f95c
0xbe800000	0x3f800000	0x00000000	0x3ecc4229	0xbd800000	0x40000000	0x3f781fab	0x3ec5f95c
0xbe800000	0x3f800000	0x3e800000	0x3ecc4229	0xbe800000	0x40000000	0x3f61eb51	0x3eb441e7
0xbe800000	0x3f800000	0x3f000000	0x3ecc4229	0xbf100000	0x40000000	0x3f413d2b	0x3e9a2eaf
0xbe800000	0x3f800000	0x3f400000	0x3ecc4229	0xbf800000	0x40000000	0x3f1b4598	0x3e77c72c
0xbe800000	0x3f800000	0x3f800000	0x3ecc4229	0xbfc80000	0x40000000	0x3eea6923	0x3e3b085d
0xbe800000	0x40000000	0xbf000000	0x3e4c4229	0xbd800000	0x41000000	0x3f7e01ff	0x3e4aab3c
0xbe800000	0x40000000	0x00000000	0x3e4c4229	0xbd800000	0x41000000	0x3f7e01ff	0x3e4aab3c
0xbe800000	0x40000000	0x3e800000	0x3e4c4229	0xbe800000	0x41000000	0x3f781fab	0x3e45f95c
0xbe800000	0x40000000	0x3f000000	0x3e4c4229	0xbf100000	0x41000000	0x3f6e9e45	0x3e3e63ca
0xbe800000	0x40000000	0x3f400000	0x3e4c4229	0xbf800000	0x41000000	0x3f61eb51	0x3e3441e7
0xbe800000	0x40000000	0x3f800000	0x3e4c4229	0xbfc80000	0x41000000	0x3f529472	0x3e2804b7
0xbe800000	0x40533333	0xbf000000	0x3df79604	0xbd800000	0x41ae3d70	0x3f7f4435	0x3df6e065
0xbe800000	0x40533333	0x00000000	0x3df79604	0xbd800000	0x41ae3d70	0x3f7f4435	0x3df6e065
0xbe800000	0x40533333	0x3e800000	0x3df79604	0xbe800000	0x41ae3d70	0x3f7d140d	0x3df4c2a6
0xbe800000	0x40533333	0x3f000000	0x3df79604	0xbf100000	0x41ae3d70	0x3f79791c	0x3df1460b
0xbe800000	0x40533333	0x3f400000	0x3df79604	0xbf800000	0x41ae3d70	0x3f748308	0x3dec79b5
0xbe800000	0x40533333	0x3f800000	0x3df79604	0xbfc80000	0x41ae3d70	0x3f6e471f	0x3de67240
0xbe800000	0x41200000	0xbf000000	0x3d236821	0xbd800000	0x43480000	0x3f7feb86	0x3d235b0f
0xbe800000	0x41200000	0x00000000	0x3d236821	0xbd800000	0x43480000	0x3f7feb86	0x3d235b0f
0xbe800000	0x41200000	0x3e800000	0x3d236821	0xbe800000	0x43480000	0x3f7fae22	0x3d2333df
0xbe800000	0x41200000	0x3f000000	0x3d236821	0xbf100000	0x43480000	0x3f7f47f0	0x3d22f2a4
0xbe800000	0x41200000	0x3f400000	0x3d236821	0xbf800000	0x43480000	0x3f7eb923	0x3d22977d
0xbe800000	0x41200000	0x3f800000	0x3d236821	0xbfc80000	0x43480000	0x3f7e01ff	0x3d222297
0xbe3d37a7	0x3d4ccccd	0xbf000000	0x40ff52b4	0xbdcb7e4d	0x3ba3d70b	0x3120eb53	0x32a07e64
0xbe3d37a7	0x3d4ccccd	0x00000000	0x40ff52b4	0xbd0bdb39	0x3ba3d70b	0x3a8dd2b2	0x3c0d72b1
0xbe3d37a7	0x3d4ccccd	0x3e800000	0x40ff52b4	0xbe4192a3	0x3ba3d70b	0x242f8d88	0x25af16b1
0xbe3d37a7	0x3d4ccccd	0x3f000000	0x40ff52b4	0xbef0173b	0x3ba3d70b	0x000033d9	0x00019daf
0xbe3d37a7	0x3d4ccccd	0x3f400000	0x40ff52b4	0xbf5fb293	0x3ba3d70b	0x00000000	0x00000000
0xbe3d37a7	0x3d4ccccd	0x3f800000	0x40ff52b4	0xbfb3acc4	0x3ba3d70b	0x00000000	0x00000000
0xbe3d37a7	0x3dcccccd	0xbf000000	0x407f52b4	0xbdcb7e4d	0x3ca3d70b	0x3be3f22d	0x3ce357df
0xbe3d37a7	0x3dcccccd	0x00000000	0x407f52b4	0xbd0bdb39	0x3ca3d70b	0x3e39b860	0x3f393aa7
0xbe3d37a7	0x3dcccccd	0x3e800000	0x407f52b4	0xbe4192a3	0x3ca3d70b	0x38a4ba53	0x39a44ad0
0xbe3d37a7	0x3dcccccd	0x3f000000	0x407f52b4	0xbef0173b	0x3ca3d70b	0x2e9069aa	0x2f9007e8
0xbe3d37a7	0x3dcccccd	0x3f400000	0x407f52b4	0xbf5fb293	0x3ca3d70b	0x1ffa442c	0x20f99ac2
0xbe3d37a7	0x3dcccccd	0x3f800000	0x407f52b4	0xbfb3acc4	0x3ca3d70b	0x0cd656ca	0x0dd5c5b2
0xbe3d37a7	0x3e99999a	0xbf000000	0x3faa3722	0xbdcb7e4d	0x3e3851ec	0x3f136705	0x3f440450
0xbe3d37a7	0x3e99999a	0x00000000	0x3faa3722	0xbd0bdb39	0x3e3851ec	0x3f53c446	0x3f8ccdf2
0xbe3d37a7	0x3e99999a	0x3e800000	0x3faa3722	0xbe4192a3	0x3e3851ec	0x3eb321e3	0x3eee362a
0xbe3d37a7	0x3e99999a	0x3f000000	0x3faa3722	0xbef0173b	0x3e3851ec	0x3d9754ad	0x3dc93da4
0xbe3d37a7	0x3e99999a	0x3f400000	0x3faa3722	0xbf5fb293	0x3e3851ec	0x3bff5b3f	0x3c29c996
0xbe3d37a7	0x3e99999a	0x3f800000	0x3faa3722	0xbfb3acc4	0x3e3851ec	0x39d72a6f	0x3a0f1084
0xbe3d37a7	0x3f000000	0xbf000000	0x3f4c4229	0xbdcb7e4d	0x3f000000	0x3f51dcd9	0x3f277239
0xbe3d37a7	0x3f000000	0x00000000	0x3f4c4229	0xbd0bdb39	0x3f000000	0x3f6f19fd	0x3f3ec681
0xbe3d37a7	0x3f000000	0x3e800000	0x3f4c4229	0xbe4192a3	0x3f000000	0x3f2f680a	0x3f0bf43d
0xbe3d37a7	0x3f000000	0x3f000000	0x3f4c4229	0xbef0173b	0x3f000000	0x3ec86e58	0x3e9febbb
0xbe3d37a7	0x3f000000	0x3f400000	0x3f4c4229	0xbf5fb293	0x3f000000	0x3e325d90	0x3e0e50a7
0xbe3d37a7	0x3f000000	0x3f800000	0x3f4c4229	0xbfb3acc4	0x3f000000	0x3d773c9d	0x3d454432
0xbe3d37a7	0x3f333333	0xbf000000	0x3f11e61e	0xbdcb7e4d	0x3f7ae147	0x3f675112	0x3f03d4d9
0xbe3d37a7	0x3f333333	0x00000000	0x3f11e61e	0xbd0bdb39	0x3f7ae147	0x3f773bf3	0x3f0ce731
0xbe3d37a7	0x3f333333	0x3e800000	0x3f11e61e	0xbe4192a3	0x3f7ae147	0x3f5316fd	0x3ef09b89
0xbe3d37a7	0x3f333333	0x3f000000	0x3f11e61e	0xbef0173b	0x3f7ae147	0x3f1ea594	0x3eb4d4c8
0xbe3d37a7	0x3f333333	0x3f400000	0x3f11e61e	0xbf5fb293	0x3f7ae147	0x3ed1e8a5	0x3e6f42ea
0xbe3d37a7	0x3f333333	0x3f800000	0x3f11e61e	0xbfb3acc4	0x3f7ae147	0x3e7479b5	0x3e0b54b2
0xbe3d37a7	0x3f800000	0xbf000000	0x3ecc4229	0xbdcb7e4d	0x40000000	0x3f7397a9	0x3ec25bcf
0xbe3d37a7	0x3f800000	0x00000000	0x3ecc4229	0xbd0bdb39	0x40000000	0x3f7baaa5	0x3ec8cd06
0xbe3d37a7	0x3f800000	0x3e800000	0x3ecc4229	0xbe4192a3	0x40000000	0x3f68e966	0x3eb9d62f
0xbe3d37a7	0x3f800000	0x3f000000	0x3ecc4229	0xbef0173b	0x40000000	0x3f4a7ea6	0x3ea19141
0xbe3d37a7	0x3f800000	0x3f400000	0x3ecc4229	0xbf5fb293	0x40000000	0x3f25623a	0x3e83f504
0xbe3d37a7	0x3f800000	0x3f800000	0x3ecc4229	0xbfb3acc4	0x40000000	0x3efdc7cf	0x3e4a7ccf
0xbe3d37a7	0x40000000	0xbf000000	0x3e4c4229	0xbdcb7e4d	0x41000000	0x3f7cd70f	0x3e49bcb8
0xbe3d37a7	0x40000000	0x00000000	0x3e4c4229	0xbd0bdb39	0x41000000	0x3f7ee8e2	0x3e4b6375
0xbe3d37a7	0x40000000	0x3e800000	0x3e4c4229	0xbe4192a3	0x41000000	0x3f7a0592	0x3e477d0e
0xbe3d37a7	0x40000000	0x3f000000	0x3e4c4229	0xbef0173b	0x41000000	0x3f716cf7	0x3e40a13a
0xbe3d37a7	0x40000000	0x3f400000	0x3e4c4229	0xbf5fb293	0x41000000	0x3f6582c4	0x3e371f85
0xbe3d37a7	0x40000000	0x3f800000	0x3e4c4229	0xbfb3acc4	0x41000000	0x3f56cd26	0x3e2b62fe
0xbe3d37a7	0x40533333	0xbf000000	0x3df79604	0xbdcb7e4d	0x41ae3d70	0x3f7ed5b3	0x3df67585
0xbe3d37a7	0x40533333	0x00000000	0x3df79604	0xbd0bdb39	0x41ae3d70	0x3f7f9957	0x3df732bb
0xbe3d37a7	0x40533333	0x3e800000	0x3df79604	0xbe4192a3	0x41ae3d70	0x3f7dc9a7	0x3df57248
0xbe3d37a7	0x40533333	0x3f000000	0x3df79604	0xbef0173b	0x41ae3d70	0x3f7a8c14	0x3df24ff9
0xbe3d37a7	0x40533333	0x3f400000	0x3df79604	0xbf5fb293	0x41ae3d70	0x3f75eeba	0x3dedd973
0xbe3d37a7	0x40533333	0x3f800000	0x3df79604	0xbfb3acc4	0x41ae3d70	0x3f700578	0x3de821ee
0xbe3d37a7	0x41200000	0xbf000000	0x3d236821	0xbdcb7e4d	0x43480000	0x3f7fdf73	0x3d23535a
0xbe3d37a7	0x41200000	0x00000000	0x3d236821	0xbd0bdb39	0x43480000	0x3f7ff4d0	0x3d2360fd
0xbe3d37a7	0x41200000	0x3e800000	0x3d236821	0xbe4192a3	0x43480000	0x3f7fc216	0x3d23409c
0xbe3d37a7	0x41200000	0x3f000000	0x3d236821	0xbef0173b	0x43480000	0x3f7f6686	0x3d23062a
0xbe3d37a7	0x41200000	0x3f400000	0x3d236821	0xbf5fb293	0x43480000	0x3f7ee24b	0x3d22b1c3
0xbe3d37a7	0x41200000	0x3f800000	0x3d236821	0xbfb3acc4	0x43480000	0x3f7e35a5	0x3d22438f
0xbdf4de9c	0x3d4ccccd	0xbf000000	0x40ff52b4	0xbe143444	0x3ba3d70b	0x2a971f51	0x2c16b904
0xbdf4de9c	0x3d4ccccd	0x00000000	0x40ff52b4	0xbc6a391b	0x3ba3d70b	0x3d6ac4a2	0x3eea25b5
0xbdf4de9c	0x3d4ccccd	0x3e800000	0x40ff52b4	0xbe0bdb39	0x3ba3d70b	0x2bc0e93b	0x2d4066a4
0xbdf4de9c	0x3d4ccccd	0x3f000000	0x40ff52b4	0xbec48971	0x3ba3d70b	0x08174878	0x0996e20f
0xbdf4de9c	0x3d4ccccd	0x3f400000	0x40ff52b4	0xbf4192a3	0x3ba3d70b	0x00000000	0x00000000
0xbdf4de9c	0x3d4ccccd	0x3f800000	0x40ff52b4	0xbfa07046	0x3ba3d70b	0x00000000	0x00000000
0xbdf4de9c	0x3dcccccd	0xbf000000	0x407f52b4	0xbe143444	0x3ca3d70b	0x3a3cb147	0x3b3c318b
0xbdf4de9c	0x3dcccccd	0x00000000	0x407f52b4	0xbc6a391b	0x3ca3d70b	0x3efa84ba	0x3ff9db24
0xbdf4de9c	0x3dcccccd	0x3e800000	0x407f52b4	0xbe0bdb39	0x3ca3d70b	0x3a8dd2b2	0x3b8d72b1
0xbdf4de9c	0x3dcccccd	0x3f000000	0x407f52b4	0xbec48971	0x3ca3d70b	0x319eb689	0x329e4b19
0xbdf4de9c	0x3dcccccd	0x3f400000	0x407f52b4	0xbf4192a3	0x3ca3d70b	0x242f8d88	0x252f16b1
0xbdf4de9c	0x3dcccccd	0x3f800000	0x407f52b4	0xbfa07046	0x3ca3d70b	0x123fed51	0x133f6b65
0xbdf4de9c	0x3e99999a	0xbf000000	0x3faa3722	0xbe143444	0x3e3851ec	0x3ee51fe1	0x3f185884
0xbdf4de9c	0x3e99999a	0x00000000	0x3faa3722	0xbc6a391b	0x3e3851ec	0x3f6c745f	0x3f9d3833
0xbdf4de9c	0x3e99999a	0x3e800000	0x3faa3722	0xbe0bdb39	0x3e3851ec	0x3eefbd78	0x3f1f6773
0xbdf4de9c	0x3e99999a	0x3f000000	0x3faa3722	0xbec48971	0x3e3851ec	0x3df2c196	0x3e2168d5
0xbdf4de9c	0x3e99999a	0x3f400000	0x3faa3722	0xbf4192a3	0x3e3851ec	0x3c757dd0	0x3ca33a6b
0xbdf4de9c	0x3e99999a	0x3f800000	0x3faa3722	0xbfa07046	0x3e3851ec	0x3a77ef9a	0x3aa4da82
0xbdf4de9c	0x3f000000	0xbf000000	0x3f4c4229	0xbe143444	0x3f000000	0x3f3fa8a1	0x3f18ebe8
0xbdf4de9c	0x3f000000	0x00000000	0x3f4c4229	0xbc6a391b	0x3f000000	0x3f78c8c0	0x3f468045
0xbdf4de9c	0x3f000000	0x3e800000	0x3f4c4229	0xbe0bdb39	0x3f000000	0x3f42cf27	0x3f1b6f6c
0xbdf4de9c	0x3f000000	0x3f000000	0x3f4c4229	0xbec48971	0x3f000000	0x3eed9a72	0x3ebd947b
0xbdf4de9c	0x3f000000	0x3f400000	0x3f4c4229	0xbf4192a3	0x3f000000	0x3e61b1e9	0x3e34141a
0xbdf4de9c	0x3f000000	0x3f800000	0x3f4c4229	0xbfa07046	0x3f000000	0x3da6f648	0x3d853768
0xbdf4de9c	0x3f333333	0xbf000000	0x3f11e61e	0xbe143444	0x3f7ae147	0x3f5cda21	0x3efbbc25
0xbdf4de9c	0x3f333333	0x00000000	0x3f11e61e	0xbc6a391b	0x3f7ae147	0x3f7c4aed	0x3f0fc939
0xbdf4de9c	0x3f333333	0x3e800000	0x3f11e61e	0xbe0bdb39	0x3f7ae147	0x3f5eb268	0x3efdd677
0xbdf4de9c	0x3f333333	0x3f000000	0x3f11e61e	0xbec48971	0x3f7ae147	0x3f2d0874	0x3ec53aa7
0xbdf4de9c	0x3f333333	0x3f400000	0x3f11e61e	0xbf4192a3	0x3f7ae147	0x3eecb087	0x3e86e4bf
0xbdf4de9c	0x3f333333	0x3f800000	0x3f11e61e	0xbfa07046	0x3f7ae147	0x3e8e7f22	0x3e226c32
0xbdf4de9c	0x3f800000	0xbf000000	0x3ecc4229	0xbe143444	0x40000000	0x3f6e2100	0x3ebdffd7
0xbdf4de9c	0x3f800000	0x00000000	0x3ecc4229	0xbc6a391b	0x40000000	0x3f7e2d39	0x3ecacdba
0xbdf4de9c	0x3f800000	0x3e800000	0x3ecc4229	0xbe0bdb39	0x40000000	0x3f6f19fd	0x3ebec681
0xbdf4de9c	0x3f800000	0x3f000000	0x3ecc4229	0xbec48971	0x40000000	0x3f534b11	0x3ea8966d
0xbdf4de9c	0x3f800000	0x3f400000	0x3ecc4229	0xbf4192a3	0x40000000	0x3f2f680a	0x3e8bf43d
0xbdf4de9c	0x3f800000	0x3f800000	0x3ecc4229	0xbfa07046	0x40000000	0x3f08cad9	0x3e5a49fe
0xbdf4de9c	0x40000000	0xbf000000	0x3e4c4229	0xbe143444	0x41000000	0x3f7b6907	0x3e4898ab
0xbdf4de9c	0x40000000	0x00000000	0x3e4c4229	0xbc6a391b	0x41000000	0x3f7f8afe	0x3e4be4cd
0xbdf4de9c	0x40000000	0x3e800000	0x3e4c4229	0xbe0bdb39	0x41000000	0x3f7baaa5	0x3e48cd06
0xbdf4de9c	0x40000000	0x3f000000	0x3e4c4229	0xbec48971	0x41000000	0x3f7401a9	0x3e42b062
0xbdf4de9c	0x40000000	0x3f400000	0x3e4c4229	0xbf4192a3	0x41000000	0x3f68e966	0x3e39d62f
0xbdf4de9c	0x40000000	0x3f800000	0x3e4c4229	0xbfa07046	0x41000000	0x3f5adfe9	0x3e2ea2fe
0xbdf4de9c	0x40533333	0xbf000000	0x3df79604	0xbe143444	0x41ae3d70	0x3f7e4df3	0x3df5f23b
0xbdf4de9c	0x40533333	0x00000000	0x3df79604	0xbc6a391b	0x41ae3d70	0x3f7fd4ff	0x3df76c6d
0xbdf4de9c	0x40533333	0x3e800000	0x3df79604	0xbe0bdb39	0x41ae3d70	0x3f7e6652	0x3df609cd
0xbdf4de9c	0x40533333	0x3f000000	0x3df79604	0xbec48971	0x41ae3d70	0x3f7b8715	0x3df342ba
0xbdf4de9c	0x40533333	0x3f400000	0x3df79604	0xbf4192a3	0x41ae3d70	0x3f7743ce	0x3def2351
0xbdf4de9c	0x40533333	0x3f800000	0x3df79604	0xbfa07046	0x41ae3d70	0x3f71aeea	0x3de9bd64
0xbdf4de9c	0x41200000	0xbf000000	0x3d236821	0xbe143444	0x43480000	0x3f7fd097	0x3d2349de
0xbdf4de9c	0x41200000	0x00000000	0x3d236821	0xbc6a391b	0x43480000	0x3f7ffb51	0x3d236524
0xbdf4de9c	0x41200000	0x3e800000	0x3d236821	0xbe0bdb39	0x43480000	0x3f7fd343	0x3d234b92
0xbdf4de9c	0x41200000	0x3f000000	0x3d236821	0xbec48971	0x43480000	0x3f7f8256	0x3d2317eb
0xbdf4de9c	0x41200000	0x3f400000	0x3d236821	0xbf4192a3	0x43480000	0x3f7f08b2	0x3d22ca46
0xbdf4de9c	0x41200000	0x3f800000	0x3d236821	0xbfa07046	0x43480000	0x3f7e6690	0x3d2262c8
0xbd5e9bd3	0x3d4ccccd	0xbf000000	0x40ff52b4	0xbe4b5f56	0x3ba3d70b	0x22cf2415	0x244e97dc
0xbd5e9bd3	0x3d4ccccd	0x00000000	0x40ff52b4	0xbb4192a1	0x3ba3d70b	0x3f0dcda0	0x408d6da2
0xbd5e9bd3	0x3d4ccccd	0x3e800000	0x40ff52b4	0xbdbdb389	0x3ba3d70b	0x321ab338	0x339a4a7f
0xbd5e9bd3	0x3d4ccccd	0x3f000000	0x40ff52b4	0xbe9d569f	0x3ba3d70b	0x132111e4	0x14a0a4db
0xbd5e9bd3	0x3d4ccccd	0x3f400000	0x40ff52b4	0xbf25a02e	0x3ba3d70b	0x00000000	0x00000000
0xbd5e9bd3	0x3d4ccccd	0x3f800000	0x40ff52b4	0xbf8e4a87	0x3ba3d70b	0x00000000	0x00000000
0xbd5e9bd3	0x3dcccccd	0xbf000000	0x407f52b4	0xbe4b5f56	0x3ca3d70b	0x384c2b2a	0x394ba0f4
0xbd5e9bd3	0x3dcccccd	0x00000000	0x407f52b4	0xbb4192a1	0x3ca3d70b	0x3f5cda22	0x405c44a1
0xbd5e9bd3	0x3dcccccd	0x3e800000	0x407f52b4	0xbdbdb389	0x3ca3d70b	0x3c1f9a0b	0x3d1f2e01
0xbd5e9bd3	0x3dcccccd	0x3f000000	0x407f52b4	0xbe9d569f	0x3ca3d70b	0x3463ffd4	0x3563657c
0xbd5e9bd3	0x3dcccccd	0x3f400000	0x407f52b4	0xbf25a02e	0x3ca3d70b	0x2820f6da	0x292089e3
0xbd5e9bd3	0x3dcccccd	0x3f800000	0x407f52b4	0xbf8e4a87	0x3ca3d70b	0x1760a32b	0x18600b1a
0xbd5e9bd3	0x3e99999a	0xbf000000	0x3faa3722	0xbe4b5f56	0x3e3851ec	0x3ea9db79	0x3ee1e0a6
0xbd5e9bd3	0x3e99999a	0x00000000	0x3faa3722	0xbb4192a1	0x3e3851ec	0x3f7bd55f	0x3fa771ed
0xbd5e9bd3	0x3e99999a	0x3e800000	0x3faa3722	0xbdbdb389	0x3e3851ec	0x3f19058e	0x3f4b7d4a
0xbd5e9bd3	0x3e99999a	0x3f000000	0x3faa3722	0xbe9d569f	0x3e3851ec	0x3e39b861	0x3e76f8df
0xbd5e9bd3	0x3e99999a	0x3f400000	0x3faa3722	0xbf25a02e	0x3e3851ec	0x3ce11d1e	0x3d15add1
0xbd5e9bd3	0x3e99999a	0x3f800000	0x3faa3722	0xbf8e4a87	0x3e3851ec	0x3b08412d	0x3b353140
0xbd5e9bd3	0x3f000000	0xbf000000	0x3f4c4229	0xbe4b5f56	0x3f000000	0x3f2c14c1	0x3f094d03
0xbd5e9bd3	0x3f000000	0x00000000	0x3f4c4229	0xbb4192a1	0x3f000000	0x3f7e7dff	0x3f4b0e2c
0xbd5e9bd3	0x3f000000	0x3e800000	0x3f4c4229	0xbdbdb389	0x3f000000	0x3f54b55a	0x3f29b77d
0xbd5e9bd3	0x3f000000	0x3f000000	0x3f4c4229	0xbe9d569f	0x3f000000	0x3f0a7583	0x3edcf2da
0xbd5e9bd3	0x3f000000	0x3f400000	0x3f4c4229	0xbf25a02e	0x3f000000	0x3e8c6207	0x3e6004cb
0xbd5e9bd3	0x3f000000	0x3f800000	0x3f4c4229	0xbf8e4a87	0x3f000000	0x3dddb2ed	0x3db0e3e0
0xbd5e9bd3	0x3f333333	0xbf000000	0x3f11e61e	0xbe4b5f56	0x3f7ae147	0x3f5109da	0x3eee44f8
0xbd5e9bd3	0x3f333333	0x00000000	0x3f11e61e	0xbb4192a1	0x3f7ae147	0x3f7f3ac6	0x3f1175b7
0xbd5e9bd3	0x3f333333	0x3e800000	0x3f11e61e	0xbdbdb389	0x3f7ae147	0x3f68e966	0x3f04bd90
0xbd5e9bd3	0x3f333333	0x3f000000	0x3f11e61e	0xbe9d569f	0x3f7ae147	0x3f3b17be	0x3ed54140
0xbd5e9bd3	0x3f333333	0x3f400000	0x3f11e61e	0xbf25a02e	0x3f7ae147	0x3f044a4e	0x3e96ca01
0xbd5e9bd3	0x3f333333	0x3f800000	0x3f11e61e	0xbf8e4a87	0x3f7ae147	0x3ea4ad6c	0x3e3bb483
0xbd5e9bd3	0x3f800000	0xbf000000	0x3ecc4229	0xbe4b5f56	0x40000000	0x3f67ccc6	0x3eb8f316
0xbd5e9bd3	0x3f800000	0x00000000	0x3ecc4229	0xbb4192a1	0x40000000	0x3f7f9f49	0x3ecbf4fe
0xbd5e9bd3	0x3f800000	0x3e800000	0x3ecc4229	0xbdbdb389	0x40000000	0x3f7469fe	0x3ec303a1
0xbd5e9bd3	0x3f800000	0x3f000000	0x3ecc4229	0xbe9d569f	0x40000000	0x3f5b89ce	0x3eaf2a8d
0xbd5e9bd3	0x3f800000	0x3f400000	0x3ecc4229	0xbf25a02e	0x40000000	0x3f393f38	0x3e93ce41
0xbd5e9bd3	0x3f800000	0x3f800000	0x3ecc4229	0xbf8e4a87	0x40000000	0x3f12d763	0x3e6a532c
0xbd5e9bd3	0x40000000	0xbf000000	0x3e4c4229	0xbe4b5f56	0x41000000	0x3f79b90d	0x3e474000
0xbd5e9bd3	0x40000000	0x00000000	0x3e4c4229	0xbb4192a1	0x41000000	0x3f7fe7cf	0x3e4c2edc
0xbd5e9bd3	0x40000000	0x3e800000	0x3e4c4229	0xbdbdb389	0x41000000	0x3f7d0d92	0x3e49e836
0xbd5e9bd3	0x40000000	0x3f000000	0x3e4c4229	0xbe9d569f	0x41000000	0x3f765a53	0x3e448fa5
0xbd5e9bd3	0x40000000	0x3f400000	0x3e4c4229	0xbf25a02e	0x41000000	0x3f6c1ca0	0x3e3c63d5
0xbd5e9bd3	0x40000000	0x3f800000	0x3e4c4229	0xbf8e4a87	0x41000000	0x3f5ec9c4	0x3e31c25c
0xbd5e9bd3	0x40533333	0xbf000000	0x3df79604	0xbe4b5f56	0x41ae3d70	0x3f7dad1d	0x3df556ae
0xbd5e9bd3	0x40533333	0x00000000	0x3df79604	0xbb4192a1	0x41ae3d70	0x3f7ff71d	0x3df78d6c
0xbd5e9bd3	0x40533333	0x3e800000	0x3df79604	0xbdbdb389	0x41ae3d70	0x3f7ee9e0	0x3df68908
0xbd5e9bd3	0x40533333	0x3f000000	0x3df79604	0xbe9d569f	0x41ae3d70	0x3f7c69d3	0x3df41e05
0xbd5e9bd3	0x40533333	0x3f400000	0x3df79604	0xbf25a02e	0x41ae3d70	0x3f7881e2	0x3df056f1
0xbd5e9bd3	0x40533333	0x3f800000	0x3df79604	0xbf8e4a87	0x41ae3d70	0x3f7342fa	0x3deb442c
0xbd5e9bd3	0x41200000	0xbf000000	0x3d236821	0xbe4b5f56	0x43480000	0x3f7fbef4	0x3d233e9c
0xbd5e9bd3	0x41200000	0x00000000	0x3d236821	0xbb4192a1	0x43480000	0x3f7fff08	0x3d236783
0xbd5e9bd3	0x41200000	0x3e800000	0x3d236821	0xbdbdb389	0x43480000	0x3f7fe1a8	0x3d2354c3
0xbd5e9bd3	0x41200000	0x3f000000	0x3d236821	0xbe9d569f	0x43480000	0x3f7f9b61	0x3d2327e7
0xbd5e9bd3	0x41200000	0x3f400000	0x3d236821	0xbf25a02e	0x43480000	0x3f7f2c57	0x3d22e106
0xbd5e9bd3	0x41200000	0x3f800000	0x3d236821	0xbf8e4a87	0x43480000	0x3f7e94bf	0x3d228043
0x3c321643	0x3d4ccccd	0xbf000000	0x40ff52b4	0xbe85a02e	0x3ba3d70b	0x19cf3305	0x1b4ea6c2
0x3c321643	0x3d4ccccd	0x00000000	0x40ff52b4	0xb8f7c5ee	0x3ba3d70b	0x3f7a0592	0x40f95c52
0x3c321643	0x3d4ccccd	0x3e800000	0x40ff52b4	0xbd6a391b	0x3ba3d70b	0x373510d8	0x38b49646
0x3c321643	0x3d4ccccd	0x3f000000	0x40ff52b4	0xbe74fd95	0x3ba3d70b	0x1cfa4a1b	0x1e79a0ad
0x3c321643	0x3d4ccccd	0x3f400000	0x40ff52b4	0xbf0bdb39	0x3ba3d70b	0x00000000	0x00000000
0x3c321643	0x3d4ccccd	0x3f800000	0x40ff52b4	0xbf7a770c	0x3ba3d70b	0x00000000	0x00000000
0x3c321643	0x3dcccccd	0xbf000000	0x407f52b4	0xbe85a02e	0x3ca3d70b	0x36106111	0x370fff55
0x3c321643	0x3dcccccd	0x00000000	0x407f52b4	0xb8f7c5ee	0x3ca3d70b	0x3f7e7dff	0x407dd1b8
0x3c321643	0x3dcccccd	0x3e800000	0x407f52b4	0xbd6a391b	0x3ca3d70b	0x3d6ac4a2	0x3e6a25b5
0x3c321643	0x3dcccccd	0x3f000000	0x407f52b4	0xbe74fd95	0x3ca3d70b	0x36d60f0f	0x37d57e27
0x3c321643	0x3dcccccd	0x3f400000	0x407f52b4	0xbf0bdb39	0x3ca3d70b	0x2bc0e93b	0x2cc066a4
0x3c321643	0x3dcccccd	0x3f800000	0x407f52b4	0xbf7a770c	0x3ca3d70b	0x1c2bd5d4	0x1d2b6181
0x3c321643	0x3e99999a	0xbf000000	0x3faa3722	0xbe85a02e	0x3e3851ec	0x3e703767	0x3e9fb886
0x3c321643	0x3e99999a	0x00000000	0x3faa3722	0xb8f7c5ee	0x3e3851ec	0x3f7fd4ff	0x3faa1a8a
0x3c321643	0x3e99999a	0x3e800000	0x3faa3722	0xbd6a391b	0x3e3851ec	0x3f3a532f	0x3f77c6bc
0x3c321643	0x3e99999a	0x3f000000	0x3faa3722	0xbe74fd95	0x3e3851ec	0x3e8786bd	0x3eb43953
0x3c321643	0x3e99999a	0x3f400000	0x3faa3722	0xbf0bdb39	0x3e3851ec	0x3d44e615	0x3d82eb32
0x3c321643	0x3e99999a	0x3f800000	0x3faa3722	0xbf7a770c	0x3e3851ec	0x3b8ed8a7	0x3bbdf545
0x3c321643	0x3f000000	0xbf000000	0x3f4c4229	0xbe85a02e	0x3f000000	0x3f17e59c	0x3ef26474
0x3c321643	0x3f000000	0x00000000	0x3f4c4229	0xb8f7c5ee	0x3f000000	0x3f7ff084	0x3f4c35ce
0x3c321643	0x3f000000	0x3e800000	0x3f4c4229	0xbd6a391b	0x3f000000	0x3f645594	0x3f362f35
0x3c321643	0x3f000000	0x3f000000	0x3f4c4229	0xbe74fd95	0x3f000000	0x3f1ea594	0x3efd29e4
0x3c321643	0x3f000000	0x3f400000	0x3f4c4229	0xbf0bdb39	0x3f000000	0x3eabb0ed	0x3e88fd5c
0x3c321643	0x3f000000	0x3f800000	0x3f4c4229	0xbf7a770c	0x3f000000	0x3e10b519	0x3de6eb6c
0x3c321643	0x3f333333	0xbf000000	0x3f11e61e	0xbe85a02e	0x3f7ae147	0x3f442596	0x3edf9335
0x3c321643	0x3f333333	0x00000000	0x3f11e61e	0xb8f7c5ee	0x3f7ae147	0x3f7ff819	0x3f11e19d
0x3c321643	0x3f333333	0x3e800000	0x3f11e61e	0xbd6a391b	0x3f7ae147	0x3f717d61	0x3f09a117
0x3c321643	0x3f333333	0x3f000000	0x3f11e61e	0xbe74fd95	0x3f7ae147	0x3f488be9	0x3ee49708
0x3c321643	0x3f333333	0x3f400000	0x3f11e61e	0xbf0bdb39	0x3f7ae147	0x3f1299d9	0x3ea719d7
0x3c321643	0x3f333333	0x3f800000	0x3f11e61e	0xbf7a770c	0x3f7ae147	0x3ebcaa84	0x3e570c58
0x3c321643	0x3f800000	0xbf000000	0x3ecc4229	0xbe85a02e	0x40000000	0x3f60ae73	0x3eb34515
0x3c321643	0x3f800000	0x00000000	0x3ecc4229	0xb8f7c5ee	0x40000000	0x3f7ffc21	0x3ecc3f12
0x3c321643	0x3f800000	0x3e800000	0x3ecc4229	0xbd6a391b	0x40000000	0x3f78c8c0	0x3ec68045
0x3c321643	0x3f800000	0x3f000000	0x3ecc4229	0xbe74fd95	0x40000000	0x3f63230f	0x3eb53aa3
0x3c321643	0x3f800000	0x3f400000	0x3ecc4229	0xbf0bdb39	0x40000000	0x3f42cf27	0x3e9b6f6c
0x3c321643	0x3f800000	0x3f800000	0x3ecc4229	0xbf7a770c	0x40000000	0x3f1cf5a3	0x3e7a789d
0x3c321643	0x40000000	0xbf000000	0x3e4c4229	0xbe85a02e	0x41000000	0x3f77c87d	0x3e45b3cd
0x3c321643	0x40000000	0x00000000	0x3e4c4229	0xb8f7c5ee	0x41000000	0x3f7fff08	0x3e4c4163
0x3c321643	0x40000000	0x3e800000	0x3e4c4229	0xbd6a391b	0x41000000	0x3f7e2d39	0x3e4acdba
0x3c321643	0x40000000	0x3f000000	0x3e4c4229	0xbe74fd95	0x41000000	0x3f787518	0x3e463d85
0x3c321643	0x40000000	0x3f400000	0x3e4c4229	0xbf0bdb39	0x41000000	0x3f6f19fd	0x3e3ec681
0x3c321643	0x40000000	0x3f800000	0x3e4c4229	0xbf7a770c	0x41000000	0x3f6287d6	0x3e34beca
0x3c321643	0x40533333	0xbf000000	0x3df79604	0xbe85a02e	0x41ae3d70	0x3f7cf360	0x3df4a30c
0x3c321643	0x40533333	0x00000000	0x3df79604	0xb8f7c5ee	0x41ae3d70	0x3f7fffa5	0x3df795ac
0x3c321643	0x40533333	0x3e800000	0x3df79604	0xbd6a391b	0x41ae3d70	0x3f7f5429	0x3df6efd3
0x3c321643	0x40533333	0x3f000000	0x3df79604	0xbe74fd95	0x41ae3d70	0x3f7d340a	0x3df4e196
0x3c321643	0x40533333	0x3f400000	0x3df79604	0xbf0bdb39	0x41ae3d70	0x3f79a896	0x3df173f5
0x3c321643	0x40533333	0x3f800000	0x3df79604	0xbf7a770c	0x41ae3d70	0x3f74c134	0x3decb5d6
0x3c321643	0x41200000	0xbf000000	0x3d236821	0xbe85a02e	0x43480000	0x3f7faa89	0x3d233193
0x3c321643	0x41200000	0x00000000	0x3d236821	0xb8f7c5ee	0x43480000	0x3f7ffff6	0x3d23681b
0x3c321643	0x41200000	0x3e800000	0x3d236821	0xbd6a391b	0x43480000	0x3f7fed44	0x3d235c2c
0x3c321643	0x41200000	0x3f000000	0x3d236821	0xbe74fd95	0x43480000	0x3f7fb1a6	0x3d23361e
0x3c321643	0x41200000	0x3f400000	0x3d236821	0xbf0bdb39	0x43480000	0x3f7f4d3a	0x3d22f604
0x3c321643	0x41200000	0x3f800000	0x3d236821	0xbf7a770c	0x43480000	0x3f7ec030	0x3d229bfd
0x3d9bd37a	0x3d4ccccd	0xbf000000	0x40ff52b4	0xbea9ebac	0x3ba3d70b	0x0f973ff2	0x1116d98f
0x3d9bd37a	0x3d4ccccd	0x00000000	0x40ff52b4	0xbbbdb389	0x3ba3d70b	0x3ea0d9ea	0x40206d07
0x3d9bd37a	0x3d4ccccd	0x3e800000	0x40ff52b4	0xbcf7c5ee	0x3ba3d70b	0x3b1aa80b	0x3c9a3f5a
0x3d9bd37a	0x3d4ccccd	0x3f000000	0x40ff52b4	0xbe3803e0	0x3ba3d70b	0x258dea62	0x270d8a50
0x3d9bd37a	0x3d4ccccd	0x3f400000	0x40ff52b4	0xbee88781	0x3ba3d70b	0x0003e243	0x001efd10
0x3d9bd37a	0x3d4ccccd	0x3f800000	0x40ff52b4	0xbf5a8689	0x3ba3d70b	0x00000000	0x00000000
0x3d9bd37a	0x3dcccccd	0xbf000000	0x407f52b4	0xbea9ebac	0x3ca3d70b	0x33857431	0x348519da
0x3d9bd37a	0x3dcccccd	0x00000000	0x407f52b4	0xbbbdb389	0x3ca3d70b	0x3f3fa8a1	0x403f26e3
0x3d9bd37a	0x3dcccccd	0x3e800000	0x407f52b4	0xbcf7c5ee	0x3ca3d70b	0x3e61b1ec	0x3f611924
0x3d9bd37a	0x3dcccccd	0x3f000000	0x407f52b4	0xbe3803e0	0x3ca3d70b	0x3903586e	0x3a02ff84
0x3d9bd37a	0x3dcccccd	0x3f400000	0x407f52b4	0xbee88781	0x3ca3d70b	0x2f1719de	0x3016b395
0x3d9bd37a	0x3dcccccd	0x3f800000	0x407f52b4	0xbf5a8689	0x3ca3d70b	0x20abcf8d	0x21ab5b3f
0x3d9bd37a	0x3e99999a	0xbf000000	0x3faa3722	0xbea9ebac	0x3e3851ec	0x3e2204f2	0x3e57745b
0x3d9bd37a	0x3e99999a	0x00000000	0x3faa3722	0xbbbdb389	0x3e3851ec	0x3f77e5be	0x3fa4d3f3
0x3d9bd37a	0x3e99999a	0x3e800000	0x3faa3722	0xbcf7c5ee	0x3e3851ec	0x3f586757	0x3f8fe33b
0x3d9bd37a	0x3e99999a	0x3f000000	0x3faa3722	0xbe3803e0	0x3e3851ec	0x3ebcaa84	0x3efae3bb
0x3d9bd37a	0x3e99999a	0x3f400000	0x3faa3722	0xbee88781	0x3e3851ec	0x3da44541	0x3dda72bc
0x3d9bd37a	0x3e99999a	0x3f800000	0x3faa3722	0xbf5a8689	0x3e3851ec	0x3c0ed814	0x3c3df481
0x3d9bd37a	0x3f000000	0xbf000000	0x3f4c4229	0xbea9ebac	0x3f000000	0x3f03d182	0x3ed25a09
0x3d9bd37a	0x3f000000	0x00000000	0x3f4c4229	0xbbbdb389	0x3f000000	0x3f7d0d92	0x3f49e836
0x3d9bd37a	0x3f000000	0x3e800000	0x3f4c4229	0xbcf7c5ee	0x3f000000	0x3f70f927	0x3f4044d2
0x3d9bd37a	0x3f000000	0x3f000000	0x3f4c4229	0xbe3803e0	0x3f000000	0x3f32b626	0x3f0e9756
0x3d9bd37a	0x3f000000	0x3f400000	0x3f4c4229	0xbee88781	0x3f000000	0x3ece707e	0x3ea4b6fe
0x3d9bd37a	0x3f000000	0x3f800000	0x3f4c4229	0xbf5a8689	0x3f000000	0x3e39b85e	0x3e142eea
0x3d9bd37a	0x3f333333	0xbf000000	0x3f11e61e	0xbea9ebac	0x3f7ae147	0x3f3675a3	0x3ecff949
0x3d9bd37a	0x3f333333	0x00000000	0x3f11e61e	0xbbbdb389	0x3f7ae147	0x3f7e7dff	0x3f110a20
0x3d9bd37a	0x3f333333	0x3e800000	0x3f11e61e	0xbcf7c5ee	0x3f7ae147	0x3f783841	0x3f0d76fc
0x3d9bd37a	0x3f333333	0x3f000000	0x3f11e61e	0xbe3803e0	0x3f7ae147	0x3f551c1f	0x3ef2e8fc
0x3d9bd37a	0x3f333333	0x3f400000	0x3f11e61e	0xbee88781	0x3f7ae147	0x3f210e41	0x3eb793b1
0x3d9bd37a	0x3f333333	0x3f800000	0x3f11e61e	0xbf5a8689	0x3f7ae147	0x3ed647f4	0x3e743ebe
0x3d9bd37a	0x3f800000	0xbf000000	0x3ecc4229	0xbea9ebac	0x40000000	0x3f58db76	0x3ead06ed
0x3d9bd37a	0x3f800000	0x00000000	0x3ecc4229	0xbbbdb389	0x40000000	0x3f7f4293	0x3ecbab05
0x3d9bd37a	0x3f800000	0x3e800000	0x3ecc4229	0xbcf7c5ee	0x40000000	0x3f7c285d	0x3ec93155
0x3d9bd37a	0x3f800000	0x3f000000	0x3ecc4229	0xbe3803e0	0x40000000	0x3f6a0050	0x3ebab4b9
0x3d9bd37a	0x3f800000	0x3f400000	0x3ecc4229	0xbee88781	0x40000000	0x3f4bfedb	0x3ea2c3cf
0x3d9bd37a	0x3f800000	0x3f800000	0x3ecc4229	0xbf5a8689	0x40000000	0x3f271014	0x3e854bfd
0x3d9bd37a	0x40000000	0xbf000000	0x3e4c4229	0xbea9ebac	0x41000000	0x3f7598e4	0x3e43f54e
0x3d9bd37a	0x40000000	0x00000000	0x3e4c4229	0xbbbdb389	0x41000000	0x3f7fd097	0x3e4c1c55
0x3d9bd37a	0x40000000	0x3e800000	0x3e4c4229	0xbcf7c5ee	0x41000000	0x3f7f08b2	0x3e4b7cd7
0x3d9bd37a	0x40000000	0x3f000000	0x3e4c4229	0xbe3803e0	0x41000000	0x3f7a504a	0x3e47b8ac
0x3d9bd37a	0x40000000	0x3f400000	0x3e4c4229	0xbee88781	0x41000000	0x3f71df2b	0x3e40fc59
0x3d9bd37a	0x40000000	0x3f800000	0x3e4c4229	0xbf5a8689	0x41000000	0x3f661756	0x3e37960f
0x3d9bd37a	0x40533333	0xbf000000	0x3df79604	0xbea9ebac	0x41ae3d70	0x3f7c20f4	0x3df3d78b
0x3d9bd37a	0x40533333	0x00000000	0x3df79604	0xbbbdb389	0x41ae3d70	0x3f7fee95	0x3df7852c
0x3d9bd37a	0x40533333	0x3e800000	0x3df79604	0xbcf7c5ee	0x41ae3d70	0x3f7fa50e	0x3df73e0f
0x3d9bd37a	0x40533333	0x3f000000	0x3df79604	0xbe3803e0	0x41ae3d70	0x3f7de580	0x3df58d37
0x3d9bd37a	0x40533333	0x3f400000	0x3df79604	0xbee88781	0x41ae3d70	0x3f7ab796	0x3df27a0d
0x3d9bd37a	0x40533333	0x3f800000	0x3df79604	0xbf5a8689	0x41ae3d70	0x3f762928	0x3dee11f6
0x3d9bd37a	0x41200000	0xbf000000	0x3d236821	0xbea9ebac	0x43480000	0x3f7f9357	0x3d2322c5
0x3d9bd37a	0x41200000	0x00000000	0x3d236821	0xbbbdb389	0x43480000	0x3f7ffe1a	0x3d2366eb
0x3d9bd37a	0x41200000	0x3e800000	0x3d236821	0xbcf7c5ee	0x43480000	0x3f7ff617	0x3d2361ce
0x3d9bd37a	0x41200000	0x3f000000	0x3d236821	0xbe3803e0	0x43480000	0x3f7fc524	0x3d23428f
0x3d9bd37a	0x41200000	0x3f400000	0x3d236821	0xbee88781	0x43480000	0x3f7f6b5a	0x3d23093f
0x3d9bd37a	0x41200000	0x3f800000	0x3d236821	0xbf5a8689	0x43480000	0x3f7ee8e2	0x3d22b5f7
0x3e10b216	0x3d4ccccd	0xbf000000	0x40ff52b4	0xbed29227	0x3ba3d70b	0x04212485	0x05a0b76f
0x3e10b216	0x3d4ccccd	0x00000000	0x40ff52b4	0xbca391a9	0x3ba3d70b	0x3c9709af	0x3e16a371
0x3e10b216	0x3d4ccccd	0x3e800000	0x40ff52b4	0xbc4192a3	0x3ba3d70b	0x3dc0cd9e	0x3f404b1a
0x3e10b216	0x3d4ccccd	0x3f000000	0x40ff52b4	0xbe03c01f	0x3ba3d70b	0x2ceae38b	0x2e6a4489
0x3e10b216	0x3d4ccccd	0x3f400000	0x40ff52b4	0xbebdb389	0x3ba3d70b	0x0a088da3	0x0b883133
0x3e10b216	0x3d4ccccd	0x3f800000	0x40ff52b4	0xbf3cc381	0x3ba3d70b	0x00000000	0x00000000
0x3e10b216	0x3dcccccd	0xbf000000	0x407f52b4	0xbed29227	0x3ca3d70b	0x30a13cf3	0x31a0cfcd
0x3e10b216	0x3dcccccd	0x00000000	0x407f52b4	0xbca391a9	0x3ca3d70b	0x3ebcaa86	0x3fbc2acf
0x3e10b216	0x3dcccccd	0x3e800000	0x407f52b4	0xbc4192a3	0x3ca3d70b	0x3f0dcd9e	0x400d6da0
0x3e10b216	0x3dcccccd	0x3f000000	0x407f52b4	0xbe03c01f	0x3ca3d70b	0x3ad2afea	0x3bd2214b
0x3e10b216	0x3dcccccd	0x3f400000	0x407f52b4	0xbebdb389	0x3ca3d70b	0x321ab338	0x331a4a7f
0x3e10b216	0x3dcccccd	0x3f800000	0x407f52b4	0xbf3cc381	0x3ca3d70b	0x24e08b6d	0x25dff36c
0x3e10b216	0x3e99999a	0xbf000000	0x3faa3722	0xbed29227	0x3e3851ec	0x3dd0776e	0x3e0a9c34
0x3e10b216	0x3e99999a	0x00000000	0x3faa3722	0xbca391a9	0x3e3851ec	0x3f651ef8	0x3f9857e9
0x3e10b216	0x3e99999a	0x3e800000	0x3faa3722	0xbc4192a3	0x3e3851ec	0x3f6fbc84	0x3f9f66d1
0x3e10b216	0x3e99999a	0x3f000000	0x3faa3722	0xbe03c01f	0x3e3851ec	0x3efa84ba	0x3f269217
0x3e10b216	0x3e99999a	0x3f400000	0x3faa3722	0xbebdb389	0x3e3851ec	0x3e02b91a	0x3e2dd625
0x3e10b216	0x3e99999a	0x3f800000	0x3faa3722	0xbf3cc381	0x3e3851ec	0x3c883f94	0x3cb52f20
0x3e10b216	0x3f000000	0xbf000000	0x3f4c4229	0xbed29227	0x3f000000	0x3ee0edaa	0x3eb37785
0x3e10b216	0x3f000000	0x00000000	0x3f4c4229	0xbca391a9	0x3f000000	0x3f75fa77	0x3f444329
0x3e10b216	0x3f000000	0x3e800000	0x3f4c4229	0xbc4192a3	0x3f000000	0x3f7a0592	0x3f477d0e
0x3e10b216	0x3f000000	0x3f000000	0x3f4c4229	0xbe03c01f	0x3f000000	0x3f45eafc	0x3f1dea67
0x3e10b216	0x3f000000	0x3f400000	0x3f4c4229	0xbebdb389	0x3f000000	0x3ef4087a	0x3ec2b5d2
0x3e10b216	0x3f000000	0x3f800000	0x3f4c4229	0xbf3cc381	0x3f000000	0x3e6a55fd	0x3e3af915
0x3e10b216	0x3f333333	0xbf000000	0x3f11e61e	0xbed29227	0x3f7ae147	0x3f2842aa	0x3ebfca04
0x3e10b216	0x3f333333	0x00000000	0x3f11e61e	0xbca391a9	0x3f7ae147	0x3f7ad641	0x3f0ef4d5
0x3e10b216	0x3f333333	0x3e800000	0x3f11e61e	0xbc4192a3	0x3f7ae147	0x3f7ceea7	0x3f102689
0x3e10b216	0x3f333333	0x3f000000	0x3f11e61e	0xbe03c01f	0x3f7ae147	0x3f6080c5	0x3effe57b
0x3e10b216	0x3f333333	0x3f400000	0x3f11e61e	0xbebdb389	0x3f7ae147	0x3f2f680b	0x3ec7ef35
0x3e10b216	0x3f333333	0x3f800000	0x3f11e61e	0xbf3cc381	0x3f7ae147	0x3ef1453a	0x3e898116
0x3e10b216	0x3f800000	0xbf000000	0x3ecc4229	0xbed29227	0x40000000	0x3f506acd	0x3ea64af8
0x3e10b216	0x3f800000	0x00000000	0x3ecc4229	0xbca391a9	0x40000000	0x3f7d74fb	0x3eca3ab9
0x3e10b216	0x3f800000	0x3e800000	0x3ecc4229	0xbc4192a3	0x40000000	0x3f7e7dff	0x3ecb0e2c
0x3e10b216	0x3f800000	0x3f000000	0x3ecc4229	0xbe03c01f	0x40000000	0x3f700cbc	0x3ebf8830
0x3e10b216	0x3f800000	0x3f400000	0x3ecc4229	0xbebdb389	0x40000000	0x3f54b55a	0x3ea9b77d
0x3e10b216	0x3f800000	0x3f800000	0x3ecc4229	0xbf3cc381	0x40000000	0x3f310fcd	0x3e8d465a
0x3e10b216	0x40000000	0xbf000000	0x3e4c4229	0xbed29227	0x41000000	0x3f732c01	0x3e4205e9
0x3e10b216	0x40000000	0x00000000	0x3e4c4229	0xbca391a9	0x41000000	0x3f7f5ca3	0x3e4bbfd1
0x3e10b216	0x40000000	0x3e800000	0x3e4c4229	0xbc4192a3	0x41000000	0x3f7f9f49	0x3e4bf4fe
0x3e10b216	0x40000000	0x3f000000	0x3e4c4229	0xbe03c01f	0x41000000	0x3f7bea6d	0x3e48ffea
0x3e10b216	0x40000000	0x3f400000	0x3e4c4229	0xbebdb389	0x41000000	0x3f7469fe	0x3e4303a1
0x3e10b216	0x40000000	0x3f800000	0x3e4c4229	0xbf3cc381	0x41000000	0x3f697593	0x3e3a4607
0x3e10b216	0x40533333	0xbf000000	0x3df79604	0xbed29227	0x41ae3d70	0x3f7b3619	0x3df2f468
0x3e10b216	0x40533333	0x00000000	0x3df79604	0xbca391a9	0x41ae3d70	0x3f7fc3f2	0x3df75bef
0x3e10b216	0x40533333	0x3e800000	0x3df79604	0xbc4192a3	0x41ae3d70	0x3f7fdc76	0x3df773a5
0x3e10b216	0x40533333	0x3f000000	0x3df79604	0xbe03c01f	0x41ae3d70	0x3f7e7dff	0x3df620b3
0x3e10b216	0x40533333	0x3f400000	0x3df79604	0xbebdb389	0x41ae3d70	0x3f7bae90	0x3df368e9
0x3e10b216	0x40533333	0x3f800000	0x3df79604	0xbf3cc381	0x41ae3d70	0x3f777a6d	0x3def5825
0x3e10b216	0x41200000	0xbf000000	0x3d236821	0xbed29227	0x43480000	0x3f7f7960	0x3d231232
0x3e10b216	0x41200000	0x00000000	0x3d236821	0xbca391a9	0x43480000	0x3f7ff975	0x3d2363f4
0x3e10b216	0x41200000	0x3e800000	0x3d236821	0xbc4192a3	0x43480000	0x3f7ffc21	0x3d2365a8
0x3e10b216	0x41200000	0x3f000000	0x3d236821	0xbe03c01f	0x43480000	0x3f7fd5da	0x3d234d3a
0x3e10b216	0x41200000	0x3f400000	0x3d236821	0xbebdb389	0x43480000	0x3f7f86b4	0x3d231ab4
0x3e10b216	0x41200000	0x3f800000	0x3d236821	0xbf3cc381	0x43480000	0x3f7f0ed4	0x3d22ce30
0x3e537a6f	0x3d4ccccd	0xbf000000	0x40ff52b4	0xbeff939a	0x3ba3d70b	0x0000001f	0x000000f7
0x3e537a6f	0x3d4ccccd	0x00000000	0x40ff52b4	0xbd2eb30e	0x3ba3d70b	0x394efef4	0x3ace72d4
0x3e537a6f	0x3d4ccccd	0x3e800000	0x40ff52b4	0xbaf7c5f1	0x3ba3d70b	0x3f2f680a	0x40aef14d
0x3e537a6f	0x3d4ccccd	0x3f000000	0x40ff52b4	0xbdb064a8	0x3ba3d70b	0x330ddb2c	0x348d7b25
0x3e537a6f	0x3d4ccccd	0x3f400000	0x40ff52b4	0xbe973a8e	0x3ba3d70b	0x14dafa54	0x165a6618
0x3e537a6f	0x3d4ccccd	0x3f800000	0x40ff52b4	0xbf212df9	0x3ba3d70b	0x00000000	0x00000000
0x3e537a6f	0x3dcccccd	0xbf000000	0x407f52b4	0xbeff939a	0x3ca3d70b	0x2d7ea27b	0x2e7df61c
0x3e537a6f	0x3dcccccd	0x00000000	0x407f52b4	0xbd2eb30e	0x3ca3d70b	0x3df2c199	0x3ef21d44
0x3e537a6f	0x3dcccccd	0x3e800000	0x407f52b4	0xbaf7c5f1	0x3ca3d70b	0x3f68e966	0x40684bbb
0x3e537a6f	0x3dcccccd	0x3f000000	0x407f52b4	0xbdb064a8	0x3ca3d70b	0x3c5cdf68	0x3d5c49e3
0x3e537a6f	0x3dcccccd	0x3f400000	0x407f52b4	0xbe973a8e	0x3ca3d70b	0x34cf065e	0x35ce7a39
0x3e537a6f	0x3dcccccd	0x3f800000	0x407f52b4	0xbf212df9	0x3ca3d70b	0x28bfcb02	0x29bf492d
0x3e537a6f	0x3e99999a	0xbf000000	0x3faa3722	0xbeff939a	0x3e3851ec	0x3d7fd910	0x3daa1d3e
0x3e537a6f	0x3e99999a	0x00000000	0x3faa3722	0xbd2eb30e	0x3e3851ec	0x3f49fddb	0x3f864e14
0x3e537a6f	0x3e99999a	0x3e800000	0x3faa3722	0xbaf7c5f1	0x3e3851ec	0x3f7d5358	0x3fa86fe7
0x3e537a6f	0x3e99999a	0x3f000000	0x3faa3722	0xbdb064a8	0x3e3851ec	0x3f1ea595	0x3f52f83f
0x3e537a6f	0x3e99999a	0x3f400000	0x3faa3722	0xbe973a8e	0x3e3851ec	0x3e46731a	0x3e83f32c
0x3e537a6f	0x3e99999a	0x3f800000	0x3faa3722	0xbf212df9	0x3e3851ec	0x3cf7eaad	0x3d24d73b
0x3e537a6f	0x3f000000	0xbf000000	0x3f4c4229	0xbeff939a	0x3f000000	0x3ebcaa84	0x3e9688a3
0x3e537a6f	0x3f000000	0x00000000	0x3f4c4229	0xbd2eb30e	0x3f000000	0x3f6b116b	0x3f3b8ea1
0x3e537a6f	0x3f000000	0x3e800000	0x3f4c4229	0xbaf7c5f1	0x3f000000	0x3f7f08b2	0x3f4b7cd7
0x3e537a6f	0x3f000000	0x3f000000	0x3f4c4229	0xbdb064a8	0x3f000000	0x3f577da9	0x3f2befd4
0x3e537a6f	0x3f000000	0x3f400000	0x3f4c4229	0xbe973a8e	0x3f000000	0x3f0dcd9f	0x3ee24901
0x3e537a6f	0x3f000000	0x3f800000	0x3f4c4229	0xbf212df9	0x3f000000	0x3e915848	0x3e67efd3
0x3e537a6f	0x3f333333	0xbf000000	0x3f11e61e	0xbeff939a	0x3f7ae147	0x3f19d344	0x3eaf55df
0x3e537a6f	0x3f333333	0x00000000	0x3f11e61e	0xbd2eb30e	0x3f7ae147	0x3f7518f1	0x3f0baf72
0x3e537a6f	0x3f333333	0x3e800000	0x3f11e61e	0xbaf7c5f1	0x3f7ae147	0x3f7f81b5	0x3f119e24
0x3e537a6f	0x3f333333	0x3f000000	0x3f11e61e	0xbdb064a8	0x3f7ae147	0x3f6a7613	0x3f059fa2
0x3e537a6f	0x3f333333	0x3f400000	0x3f11e61e	0xbe973a8e	0x3f7ae147	0x3f3d6282	0x3ed7de11
0x3e537a6f	0x3f333333	0x3f800000	0x3f11e61e	0xbf212df9	0x3f7ae147	0x3f06a7d7	0x3e997c37
0x3e537a6f	0x3f800000	0xbf000000	0x3ecc4229	0xbeff939a	0x40000000	0x3f477499	0x3e9f2476
0x3e537a6f	0x3f800000	0x00000000	0x3ecc4229	0xbd2eb30e	0x40000000	0x3f7a9934	0x3ec7f2d9
0x3e537a6f	0x3f800000	0x3e800000	0x3ecc4229	0xbaf7c5f1	0x40000000	0x3f7fc216	0x3ecc10c3
0x3e537a6f	0x3f800000	0x3f000000	0x3ecc4229	0xbdb064a8	0x40000000	0x3f75359e	0x3ec3a619
0x3e537a6f	0x3f800000	0x3f400000	0x3ecc4229	0xbe973a8e	0x40000000	0x3f5cda22	0x3eb036e7
0x3e537a6f	0x3f800000	0x3f800000	0x3ecc4229	0xbf212df9	0x40000000	0x3f3adcd3	0x3e951843
0x3e537a6f	0x40000000	0xbf000000	0x3e4c4229	0xbeff939a	0x41000000	0x3f7083bd	0x3e3fe723
0x3e537a6f	0x40000000	0x00000000	0x3e4c4229	0xbd2eb30e	0x41000000	0x3f7ea388	0x3e4b2c1f
0x3e537a6f	0x40000000	0x3e800000	0x3e4c4229	0xbaf7c5f1	0x41000000	0x3f7ff084	0x3e4c35ce
0x3e537a6f	0x40000000	0x3f000000	0x3e4c4229	0xbdb064a8	0x41000000	0x3f7d4236	0x3e4a1237
0x3e537a6f	0x40000000	0x3f400000	0x3e4c4229	0xbe973a8e	0x41000000	0x3f76b877	0x3e44dac2
0x3e537a6f	0x40000000	0x3f800000	0x3e4c4229	0xbf212df9	0x41000000	0x3f6c9ffe	0x3e3ccca6
0x3e537a6f	0x40533333	0xbf000000	0x3df79604	0xbeff939a	0x41ae3d70	0x3f7a3312	0x3df1f9e4
0x3e537a6f	0x40533333	0x00000000	0x3df79604	0xbd2eb30e	0x41ae3d70	0x3f7f7fca	0x3df71a05
0x3e537a6f	0x40533333	0x3e800000	0x3df79604	0xbaf7c5f1	0x41ae3d70	0x3f7ffa50	0x3df79084
0x3e537a6f	0x40533333	0x3f000000	0x3df79604	0xbdb064a8	0x41ae3d70	0x3f7efd59	0x3df69bdd
0x3e537a6f	0x40533333	0x3f400000	0x3df79604	0xbe973a8e	0x41ae3d70	0x3f7c8d3c	0x3df44044
0x3e537a6f	0x40533333	0x3f800000	0x3df79604	0xbf212df9	0x41ae3d70	0x3f78b4a2	0x3df08806
0x3e537a6f	0x41200000	0xbf000000	0x3d236821	0xbeff939a	0x43480000	0x3f7f5ca3	0x3d22ffda
0x3e537a6f	0x41200000	0x00000000	0x3d236821	0xbd2eb30e	0x43480000	0x3f7ff207	0x3d235f36
0x3e537a6f	0x41200000	0x3e800000	0x3d236821	0xbaf7c5f1	0x43480000	0x3f7fff61	0x3d2367bc
0x3e537a6f	0x41200000	0x3f000000	0x3d236821	0xbdb064a8	0x43480000	0x3f7fe3c8	0x3d23561e
0x3e537a6f	0x41200000	0x3f400000	0x3d236821	0xbe973a8e	0x43480000	0x3f7f9f49	0x3d232a65
0x3e537a6f	0x41200000	0x3f800000	0x3d236821	0xbf212df9	0x43480000	0x3f7f3204	0x3d22e4a6
0x3e8b2164	0x3d4ccccd	0xbf000000	0x40ff52b4	0xbf187804	0x3ba3d70b	0x00000000	0x00000000
0x3e8b2164	0x3d4ccccd	0x00000000	0x40ff52b4	0xbd973a8e	0x3ba3d70b	0x34cf065e	0x364e7a39
0x3e8b2164	0x3d4ccccd	0x3e800000	0x40ff52b4	0xb9f7c5e6	0x3ba3d70b	0x3f68e967	0x40e84bbc
0x3e8b2164	0x3d4ccccd	0x3f000000	0x40ff52b4	0xbd5569fc	0x3ba3d70b	0x37fa1479	0x39796b2f
0x3e8b2164	0x3d4ccccd	0x3f400000	0x40ff52b4	0xbe6a391b	0x3ba3d70b	0x1e8021a7	0x1fff95d4
0x3e8b2164	0x3d4ccccd	0x3f800000	0x40ff52b4	0xbf07c5ee	0x3ba3d70b	0x00000000	0x00000000
0x3e8b2164	0x3dcccccd	0xbf000000	0x407f52b4	0xbf187804	0x3ca3d70b	0x2a036822	0x2b030f2e
0x3e8b2164	0x3dcccccd	0x00000000	0x407f52b4	0xbd973a8e	0x3ca3d70b	0x3ccc23d7	0x3dcb99a6
0x3e8b2164	0x3dcccccd	0x3e800000	0x407f52b4	0xb9f7c5e6	0x3ca3d70b	0x3f7a0592	0x40795c52
0x3e8b2164	0x3dcccccd	0x3f000000	0x407f52b4	0xbd5569fc	0x3ca3d70b	0x3d9754ad	0x3e96ee3c
0x3e8b2164	0x3dcccccd	0x3f400000	0x407f52b4	0xbe6a391b	0x3ca3d70b	0x373510d8	0x38349646
0x3e8b2164	0x3dcccccd	0x3f800000	0x407f52b4	0xbf07c5ee	0x3ca3d70b	0x2c5620ee	0x2d558ffa
0x3e8b2164	0x3e99999a	0xbf000000	0x3faa3722	0xbf187804	0x3e3851ec	0x3d15c08c	0x3d47243a
0x3e8b2164	0x3e99999a	0x00000000	0x3faa3722	0xbd973a8e	0x3e3851ec	0x3f29dacd	0x3f61dfc1
0x3e8b2164	0x3e99999a	0x3e800000	0x3faa3722	0xb9f7c5e6	0x3e3851ec	0x3f7f5429	0x3fa9c4e0
0x3e8b2164	0x3e99999a	0x3f000000	0x3faa3722	0xbd5569fc	0x3e3851ec	0x3f3fa8a1	0x3f7ede83
0x3e8b2164	0x3e99999a	0x3f400000	0x3faa3722	0xbe6a391b	0x3e3851ec	0x3e8fade2	0x3ebf10d3
0x3e8b2164	0x3e99999a	0x3f800000	0x3faa3722	0xbf07c5ee	0x3e3851ec	0x3d572473	0x3d8f0c8a
0x3e8b2164	0x3f000000	0xbf000000	0x3f4c4229	0xbf187804	0x3f000000	0x3e9b948f	0x3e78452e
0x3e8b2164	0x3f000000	0x00000000	0x3f4c4229	0xbd973a8e	0x3f000000	0x3f5cda22	0x3f3036e7
0x3e8b2164	0x3f000000	0x3e800000	0x3f4c4229	0xb9f7c5e6	0x3f000000	0x3f7fc216	0x3f4c10c3
0x3e8b2164	0x3f000000	0x3f000000	0x3f4c4229	0xbd5569fc	0x3f000000	0x3f66aa88	0x3f380b81
0x3e8b2164	0x3f000000	0x3f400000	0x3f4c4229	0xbe6a391b	0x3f000000	0x3f2204bc	0x3f0145a5
0x3e8b2164	0x3f000000	0x3f800000	0x3f4c4229	0xbf07c5ee	0x3f000000	0x3eb1419e	0x3e8d6e19
0x3e8b2164	0x3f333333	0xbf000000	0x3f11e61e	0xbf187804	0x3f7ae147	0x3f0b69c0	0x3e9ee86e
0x3e8b2164	0x3f333333	0x00000000	0x3f11e61e	0xbd973a8e	0x3f7ae147	0x3f6d6b60	0x3f074f3c
0x3e8b2164	0x3f333333	0x3e800000	0x3f11e61e	0xb9f7c5e6	0x3f7ae147	0x3f7fe067	0x3f11d41c
0x3e8b2164	0x3f333333	0x3f000000	0x3f11e61e	0xbd5569fc	0x3f7ae147	0x3f72beb2	0x3f0a5837
0x3e8b2164	0x3f333333	0x3f400000	0x3f11e61e	0xbe6a391b	0x3f7ae147	0x3f4ab5bd	0x3ee70e4e
0x3e8b2164	0x3f333333	0x3f800000	0x3f11e61e	0xbf07c5ee	0x3f7ae147	0x3f1501a8	0x3ea9d7c2
0x3e8b2164	0x3f800000	0xbf000000	0x3ecc4229	0xbf187804	0x40000000	0x3f3e11a6	0x3e97a72f
0x3e8b2164	0x3f800000	0x00000000	0x3ecc4229	0xbd973a8e	0x40000000	0x3f76b877	0x3ec4dac2
0x3e8b2164	0x3f800000	0x3e800000	0x3ecc4229	0xb9f7c5e6	0x40000000	0x3f7ff084	0x3ecc35ce
0x3e8b2164	0x3f800000	0x3f000000	0x3ecc4229	0xbd5569fc	0x40000000	0x3f796abc	0x3ec70183
0x3e8b2164	0x3f800000	0x3f400000	0x3ecc4229	0xbe6a391b	0x40000000	0x3f645594	0x3eb62f35
0x3e8b2164	0x3f800000	0x3f800000	0x3ecc4229	0xbf07c5ee	0x40000000	0x3f445e76	0x3e9cae06
0x3e8b2164	0x40000000	0xbf000000	0x3e4c4229	0xbf187804	0x41000000	0x3f6da230	0x3e3d9aa8
0x3e8b2164	0x40000000	0x00000000	0x3e4c4229	0xbd973a8e	0x41000000	0x3f7da5de	0x3e4a61ba
0x3e8b2164	0x40000000	0x3e800000	0x3e4c4229	0xb9f7c5e6	0x41000000	0x3f7ffc21	0x3e4c3f12
0x3e8b2164	0x40000000	0x3f000000	0x3e4c4229	0xbd5569fc	0x41000000	0x3f7e568f	0x3e4aeeb5
0x3e8b2164	0x40000000	0x3f400000	0x3e4c4229	0xbe6a391b	0x41000000	0x3f78c8c0	0x3e468045
0x3e8b2164	0x40000000	0x3f800000	0x3e4c4229	0xbf07c5ee	0x41000000	0x3f6f9426	0x3e3f27f9
0x3e8b2164	0x40533333	0xbf000000	0x3df79604	0xbf187804	0x41ae3d70	0x3f79182d	0x3df0e84b
0x3e8b2164	0x40533333	0x00000000	0x3df79604	0xbd973a8e	0x41ae3d70	0x3f7f222f	0x3df6bf7d
0x3e8b2164	0x40533333	0x3e800000	0x3df79604	0xb9f7c5e6	0x41ae3d70	0x3f7ffe94	0x3df794a4
0x3e8b2164	0x40533333	0x3f000000	0x3df79604	0xbd5569fc	0x41ae3d70	0x3f7f6369	0x3df6fe93
0x3e8b2164	0x40533333	0x3f400000	0x3df79604	0xbe6a391b	0x41ae3d70	0x3f7d5358	0x3df4ffdd
0x3e8b2164	0x40533333	0x3f800000	0x3df79604	0xbf07c5ee	0x41ae3d70	0x3f79d769	0x3df1a13e
0x3e8b2164	0x41200000	0xbf000000	0x3d236821	0xbf187804	0x43480000	0x3f7f3d21	0x3d22ebbe
0x3e8b2164	0x41200000	0x00000000	0x3d236821	0xbd973a8e	0x43480000	0x3f7fe7cf	0x3d2358b0
0x3e8b2164	0x41200000	0x3e800000	0x3d236821	0xb9f7c5e6	0x43480000	0x3f7fffd8	0x3d236807
0x3e8b2164	0x41200000	0x3f000000	0x3d236821	0xbd5569fc	0x43480000	0x3f7feeee	0x3d235d3c
0x3e8b2164	0x41200000	0x3f400000	0x3d236821	0xbe6a391b	0x43480000	0x3f7fb517	0x3d233850
0x3e8b2164	0x41200000	0x3f800000	0x3d236821	0xbf07c5ee	0x43480000	0x3f7f5271	0x3d22f958
0x3eac8591	0x3d4ccccd	0xbf000000	0x40ff52b4	0xbf3353b8	0x3ba3d70b	0x00000000	0x00000000
0x3eac8591	0x3d4ccccd	0x00000000	0x40ff52b4	0xbde88781	0x3ba3d70b	0x2f1719de	0x3096b395
0x3eac8591	0x3d4ccccd	0x3e800000	0x40ff52b4	0xbbf7c5f1	0x3ba3d70b	0x3e61b1e9	0x3fe11921
0x3eac8591	0x3d4ccccd	0x3f000000	0x40ff52b4	0xbcd9c4f4	0x3ba3d70b	0x3ba0ddc7	0x3d2070e1
0x3eac8591	0x3d4ccccd	0x3f400000	0x40ff52b4	0xbe2eb30e	0x3ba3d70b	0x26dadaf8	0x285a46d1
0x3eac8591	0x3d4ccccd	0x3f800000	0x40ff52b4	0xbee116c0	0x3ba3d70b	0x00470a4e	0x018db46e
0x3eac8591	0x3dcccccd	0xbf000000	0x407f52b4	0xbf3353b8	0x3ca3d70b	0x263147b0	0x2730cfae
0x3eac8591	0x3dcccccd	0x00000000	0x407f52b4	0xbde88781	0x3ca3d70b	0x3b6062f6	0x3c5fcb11
0x3eac8591	0x3dcccccd	0x3e800000	0x407f52b4	0xbbf7c5f1	0x3ca3d70b	0x3f2f680a	0x402ef14d
0x3eac8591	0x3dcccccd	0x3f000000	0x407f52b4	0xbcd9c4f4	0x3ca3d70b	0x3e8786bf	0x3f872b01
0x3eac8591	0x3dcccccd	0x3f400000	0x407f52b4	0xbe2eb30e	0x3ca3d70b	0x394efef4	0x3a4e72d4
0x3eac8591	0x3dcccccd	0x3f800000	0x407f52b4	0xbee116c0	0x3ca3d70b	0x2f9c3e07	0x309bd443
0x3eac8591	0x3e99999a	0xbf000000	0x3faa3722	0xbf3353b8	0x3e3851ec	0x3ca73683	0x3cde5c6c
0x3eac8591	0x3e99999a	0x00000000	0x3faa3722	0xbde88781	0x3e3851ec	0x3f083cdc	0x3f352b83
0x3eac8591	0x3e99999a	0x3e800000	0x3faa3722	0xbbf7c5f1	0x3e3851ec	0x3f7577fd	0x3fa3368b
0x3eac8591	0x3e99999a	0x3f000000	0x3faa3722	0xbcd9c4f4	0x3e3851ec	0x3f5cda22	0x3f92d86b
0x3eac8591	0x3e99999a	0x3f400000	0x3faa3722	0xbe2eb30e	0x3e3851ec	0x3ec6724f	0x3f03f2a5
0x3eac8591	0x3e99999a	0x3f800000	0x3faa3722	0xbee116c0	0x3e3851ec	0x3db21533	0x3decd0dc
0x3eac8591	0x3f000000	0xbf000000	0x3f4c4229	0xbf3353b8	0x3f000000	0x3e7c43cc	0x3e494738
0x3eac8591	0x3f000000	0x00000000	0x3f4c4229	0xbde88781	0x3f000000	0x3f4bfedb	0x3f22c3cf
0x3eac8591	0x3f000000	0x3e800000	0x3f4c4229	0xbbf7c5f1	0x3f000000	0x3f7c285d	0x3f493155
0x3eac8591	0x3f000000	0x3f000000	0x3f4c4229	0xbcd9c4f4	0x3f000000	0x3f72beb2	0x3f41aeb2
0x3eac8591	0x3f000000	0x3f400000	0x3f4c4229	0xbe2eb30e	0x3f000000	0x3f35fe2e	0x3f113595
0x3eac8591	0x3f000000	0x3f800000	0x3f4c4229	0xbee116c0	0x3f000000	0x3ed48708	0x3ea99287
0x3eac8591	0x3f333333	0xbf000000	0x3f11e61e	0xbf3353b8	0x3f7ae147	0x3efa84b9	0x3e8ec65d
0x3eac8591	0x3f333333	0x00000000	0x3f11e61e	0xbde88781	0x3f7ae147	0x3f63fe8a	0x3f01f01e
0x3eac8591	0x3f333333	0x3e800000	0x3f11e61e	0xbbf7c5f1	0x3f7ae147	0x3f7e0849	0x3f10c70b
0x3eac8591	0x3f333333	0x3f000000	0x3f11e61e	0xbcd9c4f4	0x3f7ae147	0x3f79262f	0x3f0dfe96
0x3eac8591	0x3f333333	0x3f400000	0x3f11e61e	0xbe2eb30e	0x3f7ae147	0x3f5718ed	0x3ef52cf0
0x3eac8591	0x3f333333	0x3f800000	0x3f11e61e	0xbee116c0	0x3f7ae147	0x3f237633	0x3eba51c4
0x3eac8591	0x3f800000	0xbf000000	0x3ecc4229	0xbf3353b8	0x40000000	0x3f345afc	0x3e8fe71d
0x3eac8591	0x3f800000	0x00000000	0x3ecc4229	0xbde88781	0x40000000	0x3f71df2b	0x3ec0fc59
0x3eac8591	0x3f800000	0x3e800000	0x3ecc4229	0xbbf7c5f1	0x40000000	0x3f7f08b2	0x3ecb7cd7
0x3eac8591	0x3f800000	0x3f000000	0x3ecc4229	0xbcd9c4f4	0x40000000	0x3f7c9eb0	0x3ec98fbe
0x3eac8591	0x3f800000	0x3f400000	0x3ecc4229	0xbe2eb30e	0x40000000	0x3f6b116b	0x3ebb8ea1
0x3eac8591	0x3f800000	0x3f800000	0x3ecc4229	0xbee116c0	0x40000000	0x3f4d7bb1	0x3ea3f3ac
0x3eac8591	0x40000000	0xbf000000	0x3e4c4229	0xbf3353b8	0x41000000	0x3f6a8999	0x3e3b2243
0x3eac8591	0x40000000	0x00000000	0x3e4c4229	0xbde88781	0x41000000	0x3f7c6474	0x3e496147
0x3eac8591	0x40000000	0x3e800000	0x3e4c4229	0xbbf7c5f1	0x41000000	0x3f7fc216	0x3e4c10c3
0x3eac8591	0x40000000	0x3f000000	0x3e4c4229	0xbcd9c4f4	0x41000000	0x3f7f2698	0x3e4b94b2
0x3eac8591	0x40000000	0x3f400000	0x3e4c4229	0xbe2eb30e	0x41000000	0x3f7a9934	0x3e47f2d9
0x3eac8591	0x40000000	0x3f800000	0x3e4c4229	0xbee116c0	0x41000000	0x3f724fbf	0x3e41562c
0x3eac8591	0x40533333	0xbf000000	0x3df79604	0xbf3353b8	0x41ae3d70	0x3f77e5be	0x3defbfef
0x3eac8591	0x40533333	0x00000000	0x3df79604	0xbde88781	0x41ae3d70	0x3f7eab40	0x3df64c77
0x3eac8591	0x40533333	0x3e800000	0x3df79604	0xbbf7c5f1	0x41ae3d70	0x3f7fe940	0x3df78003
0x3eac8591	0x40533333	0x3f000000	0x3df79604	0xbcd9c4f4	0x41ae3d70	0x3f7fb00f	0x3df748b4
0x3eac8591	0x40533333	0x3f400000	0x3df79604	0xbe2eb30e	0x41ae3d70	0x3f7e00a8	0x3df5a77a
0x3eac8591	0x40533333	0x3f800000	0x3df79604	0xbee116c0	0x41ae3d70	0x3f7ae26d	0x3df2a37c
0x3eac8591	0x41200000	0xbf000000	0x3d236821	0xbf3353b8	0x43480000	0x3f7f1add	0x3d22d5df
0x3eac8591	0x41200000	0x00000000	0x3d236821	0xbde88781	0x43480000	0x3f7fdace	0x3d235063
0x3eac8591	0x41200000	0x3e800000	0x3d236821	0xbbf7c5f1	0x43480000	0x3f7ffd86	0x3d23668c
0x3eac8591	0x41200000	0x3f000000	0x3d236821	0xbcd9c4f4	0x43480000	0x3f7ff74a	0x3d236292
0x3eac8591	0x41200000	0x3f400000	0x3d236821	0xbe2eb30e	0x43480000	0x3f7fc81f	0x3d234476
0x3eac8591	0x41200000	0x3f800000	0x3d236821	0xbee116c0	0x43480000	0x3f7f701a	0x3d230c47
0x3ecde9bd	0x3d4ccccd	0xbf000000	0x40ff52b4	0xbf505ce9	0x3ba3d70b	0x00000000	0x00000000
0x3ecde9bd	0x3d4ccccd	0x00000000	0x40ff52b4	0xbe25a02e	0x3ba3d70b	0x2820f6da	0x29a089e3
0x3ecde9bd	0x3d4ccccd	0x3e800000	0x40ff52b4	0xbcbdb389	0x3ba3d70b	0x3c1f9a0b	0x3d9f2e01
0x3ecde9bd	0x3d4ccccd	0x3f000000	0x40ff52b4	0xbc1ccb42	0x3ba3d70b	0x3e1707db	0x3f96a19e
0x3ecde9bd	0x3d4ccccd	0x3f400000	0x40ff52b4	0xbdf7c5ee	0x3ba3d70b	0x2e086635	0x2f8809df
0x3ecde9bd	0x3d4ccccd	0x3f800000	0x40ff52b4	0xbeb6fc9e	0x3ba3d70b	0x0beb20b9	0x0d6a818e
0x3ecde9bd	0x3dcccccd	0xbf000000	0x407f52b4	0xbf505ce9	0x3ca3d70b	0x221c4f15	0x231be545
0x3ecde9bd	0x3dcccccd	0x00000000	0x407f52b4	0xbe25a02e	0x3ca3d70b	0x39a13185	0x3aa0c467
0x3ecde9bd	0x3dcccccd	0x3e800000	0x407f52b4	0xbcbdb389	0x3ca3d70b	0x3ea0d9ea	0x3fa06d07
0x3ecde9bd	0x3dcccccd	0x3f000000	0x407f52b4	0xbc1ccb42	0x3ca3d70b	0x3f1ea594	0x401e3a2f
0x3ecde9bd	0x3dcccccd	0x3f400000	0x407f52b4	0xbdf7c5ee	0x3ca3d70b	0x3b1aa80b	0x3c1a3f5a
0x3ecde9bd	0x3dcccccd	0x3f800000	0x407f52b4	0xbeb6fc9e	0x3ca3d70b	0x32950426	0x33949f46
0x3ecde9bd	0x3e99999a	0xbf000000	0x3faa3722	0xbf505ce9	0x3e3851ec	0x3c32175a	0x3c6cd3b9
0x3ecde9bd	0x3e99999a	0x00000000	0x3faa3722	0xbe25a02e	0x3e3851ec	0x3ed075ca	0x3f0a9b1d
0x3ecde9bd	0x3e99999a	0x3e800000	0x3faa3722	0xbcbdb389	0x3e3851ec	0x3f6118a3	0x3f95aad6
0x3ecde9bd	0x3e99999a	0x3f000000	0x3faa3722	0xbc1ccb42	0x3e3851ec	0x3f72beb2	0x3fa166e9
0x3ecde9bd	0x3e99999a	0x3f400000	0x3faa3722	0xbdf7c5ee	0x3e3851ec	0x3f02b80f	0x3f2dd4c2
0x3ecde9bd	0x3e99999a	0x3f800000	0x3faa3722	0xbeb6fc9e	0x3e3851ec	0x3e0c9a4b	0x3e3af97b
0x3ecde9bd	0x3f000000	0xbf000000	0x3f4c4229	0xbf505ce9	0x3f000000	0x3e491110	0x3e206d8f
0x3ecde9bd	0x3f000000	0x00000000	0x3f4c4229	0xbe25a02e	0x3f000000	0x3f393f38	0x3f13ce41
0x3ecde9bd	0x3f000000	0x3e800000	0x3f4c4229	0xbcbdb389	0x3f000000	0x3f7469fe	0x3f4303a1
0x3ecde9bd	0x3f000000	0x3f000000	0x3f4c4229	0xbc1ccb42	0x3f000000	0x3f7b2593	0x3f4862d9
0x3ecde9bd	0x3f000000	0x3f400000	0x3f4c4229	0xbdf7c5ee	0x3f000000	0x3f48fb31	0x3f205c1c
0x3ecde9bd	0x3f000000	0x3f800000	0x3f4c4229	0xbeb6fc9e	0x3f000000	0x3efa84b8	0x3ec7e281
0x3ecde9bd	0x3f333333	0xbf000000	0x3f11e61e	0xbf505ce9	0x3f7ae147	0x3edf23aa	0x3e7e578f
0x3ecde9bd	0x3f333333	0x00000000	0x3f11e61e	0xbe25a02e	0x3f7ae147	0x3f590d13	0x3ef76706
0x3ecde9bd	0x3f333333	0x3e800000	0x3f11e61e	0xbcbdb389	0x3f7ae147	0x3f7a0592	0x3f0e7de6
0x3ecde9bd	0x3f333333	0x3f000000	0x3f11e61e	0xbc1ccb42	0x3f7ae147	0x3f7d8324	0x3f107b29
0x3ecde9bd	0x3f333333	0x3f400000	0x3f11e61e	0xbdf7c5ee	0x3f7ae147	0x3f6244ea	0x3f00f46d
0x3ecde9bd	0x3f333333	0x3f800000	0x3f11e61e	0xbeb6fc9e	0x3f7ae147	0x3f31c4fc	0x3ecaa0bd
0x3ecde9bd	0x3f800000	0xbf000000	0x3ecc4229	0xbf505ce9	0x40000000	0x3f2a6974	0x3e87f813
0x3ecde9bd	0x3f800000	0x00000000	0x3ecc4229	0xbe25a02e	0x40000000	0x3f6c1ca0	0x3ebc63d5
0x3ecde9bd	0x3f800000	0x3e800000	0x3ecc4229	0xbcbdb389	0x40000000	0x3f7d0d92	0x3ec9e836
0x3ecde9bd	0x3f800000	0x3f000000	0x3ecc4229	0xbc1ccb42	0x40000000	0x3f7ec729	0x3ecb488d
0x3ecde9bd	0x3f800000	0x3f400000	0x3ecc4229	0xbdf7c5ee	0x40000000	0x3f70f927	0x3ec044d2
0x3ecde9bd	0x3f800000	0x3f800000	0x3ecc4229	0xbeb6fc9e	0x40000000	0x3f561b96	0x3eaad551
0x3ecde9bd	0x40000000	0xbf000000	0x3e4c4229	0xbf505ce9	0x41000000	0x3f673c5a	0x3e387fda
0x3ecde9bd	0x40000000	0x00000000	0x3e4c4229	0xbe25a02e	0x41000000	0x3f7ae04d	0x3e482b93
0x3ecde9bd	0x40000000	0x3e800000	0x3e4c4229	0xbcbdb389	0x41000000	0x3f7f4293	0x3e4bab05
0x3ecde9bd	0x40000000	0x3f000000	0x3e4c4229	0xbc1ccb42	0x41000000	0x3f7fb1a6	0x3e4c03a5
0x3ecde9bd	0x40000000	0x3f400000	0x3e4c4229	0xbdf7c5ee	0x41000000	0x3f7c285d	0x3e493155
0x3ecde9bd	0x40000000	0x3f800000	0x3e4c4229	0xbeb6fc9e	0x41000000	0x3f74d0a6	0x3e435589
0x3ecde9bd	0x40533333	0xbf000000	0x3df79604	0xbf505ce9	0x41ae3d70	0x3f769c1e	0x3dee8124
0x3ecde9bd	0x40533333	0x00000000	0x3df79604	0xbe25a02e	0x41ae3d70	0x3f7e1b1e	0x3df5c112
0x3ecde9bd	0x40533333	0x3e800000	0x3df79604	0xbcbdb389	0x41ae3d70	0x3f7fba5c	0x3df752aa
0x3ecde9bd	0x40533333	0x3f000000	0x3df79604	0xbc1ccb42	0x41ae3d70	0x3f7fe336	0x3df77a2c
0x3ecde9bd	0x40533333	0x3f400000	0x3df79604	0xbdf7c5ee	0x41ae3d70	0x3f7e94f9	0x3df636ec
0x3ecde9bd	0x40533333	0x3f800000	0x3df79604	0xbeb6fc9e	0x41ae3d70	0x3f7bd55f	0x3df38e72
0x3ecde9bd	0x41200000	0xbf000000	0x3d236821	0xbf505ce9	0x43480000	0x3f7ef5d6	0x3d22be3c
0x3ecde9bd	0x41200000	0x00000000	0x3d236821	0xbe25a02e	0x43480000	0x3f7fcb05	0x3d234650
0x3ecde9bd	0x41200000	0x3e800000	0x3d236821	0xbcbdb389	0x43480000	0x3f7ff86a	0x3d236349
0x3ecde9bd	0x41200000	0x3f000000	0x3d236821	0xbc1ccb42	0x43480000	0x3f7ffcdd	0x3d236620
0x3ecde9bd	0x41200000	0x3f400000	0x3d236821	0xbdf7c5ee	0x43480000	0x3f7fd85e	0x3d234ed5
0x3ecde9bd	0x41200000	0x3f800000	0x3d236821	0xbeb6fc9e	0x43480000	0x3f7f8afe	0x3d231d71
0x3eef4dea	0x3d4ccccd	0xbf000000	0x40ff52b4	0xbf6f939a	0x3ba3d70b	0x00000000	0x00000000
0x3eef4dea	0x3d4ccccd	0x00000000	0x40ff52b4	0xbe5fb293	0x3ba3d70b	0x1ffa442c	0x21799ac2
0x3eef4dea	0x3d4ccccd	0x3e800000	0x40ff52b4	0xbd4192a3	0x3ba3d70b	0x38a4ba53	0x3a244ad0
0x3eef4dea	0x3d4ccccd	0x3f000000	0x40ff52b4	0xba8b5f51	0x3ba3d70b	0x3f4ef50d	0x40ce68f4
0x3eef4dea	0x3d4ccccd	0x3f400000	0x40ff52b4	0xbda391a9	0x3ba3d70b	0x33f82636	0x35777e3b
0x3eef4dea	0x3d4ccccd	0x3f800000	0x40ff52b4	0xbe913d75	0x3ba3d70b	0x168dfb7d	0x180d9b60
0x3eef4dea	0x3dcccccd	0xbf000000	0x407f52b4	0xbf6f939a	0x3ca3d70b	0x1db42466	0x1eb3aa74
0x3eef4dea	0x3dcccccd	0x00000000	0x407f52b4	0xbe5fb293	0x3ca3d70b	0x37975be3	0x3896f56d
0x3eef4dea	0x3dcccccd	0x3e800000	0x407f52b4	0xbd4192a3	0x3ca3d70b	0x3dc0cd9e	0x3ec04b1a
0x3eef4dea	0x3dcccccd	0x3f000000	0x407f52b4	0xba8b5f51	0x3ca3d70b	0x3f72beb2	0x40721a5f
0x3eef4dea	0x3dcccccd	0x3f400000	0x407f52b4	0xbda391a9	0x3ca3d70b	0x3c9709af	0x3d96a371
0x3eef4dea	0x3dcccccd	0x3f800000	0x407f52b4	0xbe913d75	0x3ca3d70b	0x3539c5b9	0x363947f7
0x3eef4dea	0x3e99999a	0xbf000000	0x3faa3722	0xbf6f939a	0x3e3851ec	0x3bb4ebf0	0x3bf09748
0x3eef4dea	0x3e99999a	0x00000000	0x3faa3722	0xbe5fb293	0x3e3851ec	0x3e981f6d	0x3eca4b43
0x3eef4dea	0x3e99999a	0x3e800000	0x3faa3722	0xbd4192a3	0x3e3851ec	0x3f44e2f3	0x3f82e91c
0x3eef4dea	0x3e99999a	0x3f000000	0x3faa3722	0xba8b5f51	0x3e3851ec	0x3f7e7dff	0x3fa9367a
0x3eef4dea	0x3e99999a	0x3f400000	0x3faa3722	0xbda391a9	0x3e3851ec	0x3f24434e	0x3f5a7024
0x3eef4dea	0x3e99999a	0x3f800000	0x3faa3722	0xbe913d75	0x3e3851ec	0x3e53c5f7	0x3e8ccf12
0x3eef4dea	0x3f000000	0xbf000000	0x3f4c4229	0xbf6f939a	0x3f000000	0x3e1d8e4b	0x3dfb6c37
0x3eef4dea	0x3f000000	0x00000000	0x3f4c4229	0xbe5fb293	0x3f000000	0x3f25623a	0x3f03f504
0x3eef4dea	0x3f000000	0x3e800000	0x3f4c4229	0xbd4192a3	0x3f000000	0x3f68e966	0x3f39d62f
0x3eef4dea	0x3f000000	0x3f000000	0x3f4c4229	0xba8b5f51	0x3f000000	0x3f7f74c7	0x3f4bd314
0x3eef4dea	0x3f000000	0x3f400000	0x3f4c4229	0xbda391a9	0x3f000000	0x3f5a34e1	0x3f2e1a88
0x3eef4dea	0x3f000000	0x3f800000	0x3f4c4229	0xbe913d75	0x3f000000	0x3f1128d8	0x3ee7a420
0x3eef4dea	0x3f333333	0xbf000000	0x3f11e61e	0xbf6f939a	0x3f7ae147	0x3ec508e1	0x3e609649
0x3eef4dea	0x3f333333	0x00000000	0x3f11e61e	0xbe5fb293	0x3f7ae147	0x3f4cd8e5	0x3ee97df9
0x3eef4dea	0x3f333333	0x3e800000	0x3f11e61e	0xbd4192a3	0x3f7ae147	0x3f73f29f	0x3f0b07b5
0x3eef4dea	0x3f333333	0x3f000000	0x3f11e61e	0xba8b5f51	0x3f7ae147	0x3f7fb8ee	0x3f11bd9d
0x3eef4dea	0x3f333333	0x3f400000	0x3f11e61e	0xbda391a9	0x3f7ae147	0x3f6bf6d2	0x3f067ae8
0x3eef4dea	0x3f333333	0x3f800000	0x3f11e61e	0xbe913d75	0x3f7ae147	0x3f3fa8a1	0x3eda7596
0x3eef4dea	0x3f800000	0xbf000000	0x3ecc4229	0xbf6f939a	0x40000000	0x3f205550	0x3e7fdad7
0x3eef4dea	0x3f800000	0x00000000	0x3ecc4229	0xbe5fb293	0x40000000	0x3f6582c4	0x3eb71f85
0x3eef4dea	0x3f800000	0x3e800000	0x3ecc4229	0xbd4192a3	0x40000000	0x3f7a0592	0x3ec77d0e
0x3eef4dea	0x3f800000	0x3f000000	0x3ecc4229	0xba8b5f51	0x40000000	0x3f7fdd2b	0x3ecc265e
0x3eef4dea	0x3f800000	0x3f400000	0x3ecc4229	0xbda391a9	0x40000000	0x3f75fa77	0x3ec44329
0x3eef4dea	0x3f800000	0x3f800000	0x3ecc4229	0xbe913d75	0x40000000	0x3f5e25c1	0x3eb13f7f
0x3eef4dea	0x40000000	0xbf000000	0x3e4c4229	0xbf6f939a	0x41000000	0x3f63bcfa	0x3e35b572
0x3eef4dea	0x40000000	0x00000000	0x3e4c4229	0xbe5fb293	0x41000000	0x3f791aa2	0x3e46c19a
0x3eef4dea	0x40000000	0x3e800000	0x3e4c4229	0xbd4192a3	0x41000000	0x3f7e7dff	0x3e4b0e2c
0x3eef4dea	0x40000000	0x3f000000	0x3e4c4229	0xba8b5f51	0x41000000	0x3f7ff74a	0x3e4c3b36
0x3eef4dea	0x40000000	0x3f400000	0x3e4c4229	0xbda391a9	0x41000000	0x3f7d74fb	0x3e4a3ab9
0x3eef4dea	0x40000000	0x3f800000	0x3e4c4229	0xbe913d75	0x41000000	0x3f7714e0	0x3e45247d
0x3eef4dea	0x40533333	0xbf000000	0x3df79604	0xbf6f939a	0x41ae3d70	0x3f753bae	0x3ded2c4a
0x3eef4dea	0x40533333	0x00000000	0x3df79604	0xbe5fb293	0x41ae3d70	0x3f7d71f5	0x3df51d78
0x3eef4dea	0x40533333	0x3e800000	0x3df79604	0xbd4192a3	0x41ae3d70	0x3f7f71f4	0x3df70ca3
0x3eef4dea	0x40533333	0x3f000000	0x3df79604	0xba8b5f51	0x41ae3d70	0x3f7ffccd	0x3df792ec
0x3eef4dea	0x40533333	0x3f400000	0x3df79604	0xbda391a9	0x41ae3d70	0x3f7f101e	0x3df6ae04
0x3eef4dea	0x40533333	0x3f800000	0x3df79604	0xbe913d75	0x41ae3d70	0x3f7caff7	0x3df461da
0x3eef4dea	0x41200000	0xbf000000	0x3d236821	0xbf6f939a	0x43480000	0x3f7ece0f	0x3d22a4d8
0x3eef4dea	0x41200000	0x00000000	0x3d236821	0xbe5fb293	0x43480000	0x3f7fb875	0x3d233a76
0x3eef4dea	0x41200000	0x3e800000	0x3d236821	0xbd4192a3	0x43480000	0x3f7ff084	0x3d235e3f
0x3eef4dea	0x41200000	0x3f000000	0x3d236821	0xba8b5f51	0x43480000	0x3f7fffa7	0x3d2367e8
0x3eef4dea	0x41200000	0x3f400000	0x3d236821	0xbda391a9	0x43480000	0x3f7fe5d6	0x3d23576e
0x3eef4dea	0x41200000	0x3f800000	0x3d236821	0xbe913d75	0x43480000	0x3f7fa31d	0x3d232cd7
0x3f08590b	0x3d4ccccd	0xbf000000	0x40ff52b4	0xbf887be4	0x3ba3d70b	0x00000000	0x00000000
0x3f08590b	0x3d4ccccd	0x00000000	0x40ff52b4	0xbe913d75	0x3ba3d70b	0x168dfb7d	0x180d9b60
0x3f08590b	0x3d4ccccd	0x3e800000	0x40ff52b4	0xbda391a9	0x3ba3d70b	0x33f82636	0x35777e3b
0x3f08590b	0x3d4ccccd	0x3f000000	0x40ff52b4	0xba8b5f51	0x3ba3d70b	0x3f4ef50d	0x40ce68f4
0x3f08590b	0x3d4ccccd	0x3f400000	0x40ff52b4	0xbd4192a3	0x3ba3d70b	0x38a4ba53	0x3a244ad0
0x3f08590b	0x3d4ccccd	0x3f800000	0x40ff52b4	0xbe5fb293	0x3ba3d70b	0x1ffa442c	0x21799ac2
0x3f08590b	0x3dcccccd	0xbf000000	0x407f52b4	0xbf887be4	0x3ca3d70b	0x1907af10	0x1a075336
0x3f08590b	0x3dcccccd	0x00000000	0x407f52b4	0xbe913d75	0x3ca3d70b	0x3539c5b9	0x363947f7
0x3f08590b	0x3dcccccd	0x3e800000	0x407f52b4	0xbda391a9	0x3ca3d70b	0x3c9709af	0x3d96a371
0x3f08590b	0x3dcccccd	0x3f000000	0x407f52b4	0xba8b5f51	0x3ca3d70b	0x3f72beb2	0x40721a5f
0x3f08590b	0x3dcccccd	0x3f400000	0x407f52b4	0xbd4192a3	0x3ca3d70b	0x3dc0cd9e	0x3ec04b1a
0x3f08590b	0x3dcccccd	0x3f800000	0x407f52b4	0xbe5fb293	0x3ca3d70b	0x37975be3	0x3896f56d
0x3f08590b	0x3e99999a	0xbf000000	0x3faa3722	0xbf887be4	0x3e3851ec	0x3b2f501e	0x3b6921eb
0x3f08590b	0x3e99999a	0x00000000	0x3faa3722	0xbe913d75	0x3e3851ec	0x3e53c5f7	0x3e8ccf12
0x3f08590b	0x3e99999a	0x3e800000	0x3faa3722	0xbda391a9	0x3e3851ec	0x3f24434e	0x3f5a7024
0x3f08590b	0x3e99999a	0x3f000000	0x3faa3722	0xba8b5f51	0x3e3851ec	0x3f7e7dff	0x3fa9367a
0x3f08590b	0x3e99999a	0x3f400000	0x3faa3722	0xbd4192a3	0x3e3851ec	0x3f44e2f3	0x3f82e91c
0x3f08590b	0x3e99999a	0x3f800000	0x3faa3722	0xbe5fb293	0x3e3851ec	0x3e981f6d	0x3eca4b43
0x3f08590b	0x3f000000	0xbf000000	0x3f4c4229	0xbf887be4	0x3f000000	0x3df2c192	0x3dc1b0fd
0x3f08590b	0x3f000000	0x00000000	0x3f4c4229	0xbe913d75	0x3f000000	0x3f1128d8	0x3ee7a420
0x3f08590b	0x3f000000	0x3e800000	0x3f4c4229	0xbda391a9	0x3f000000	0x3f5a34e1	0x3f2e1a88
0x3f08590b	0x3f000000	0x3f000000	0x3f4c4229	0xba8b5f51	0x3f000000	0x3f7f74c7	0x3f4bd314
0x3f08590b	0x3f000000	0x3f400000	0x3f4c4229	0xbd4192a3	0x3f000000	0x3f68e966	0x3f39d62f
0x3f08590b	0x3f000000	0x3f800000	0x3f4c4229	0xbe5fb293	0x3f000000	0x3f25623a	0x3f03f504
0x3f08590b	0x3f333333	0xbf000000	0x3f11e61e	0xbf887be4	0x3f7ae147	0x3eac7af5	0x3e44995f
0x3f08590b	0x3f333333	0x00000000	0x3f11e61e	0xbe913d75	0x3f7ae147	0x3f3fa8a1	0x3eda7596
0x3f08590b	0x3f333333	0x3e800000	0x3f11e61e	0xbda391a9	0x3f7ae147	0x3f6bf6d2	0x3f067ae8
0x3f08590b	0x3f333333	0x3f000000	0x3f11e61e	0xba8b5f51	0x3f7ae147	0x3f7fb8ee	0x3f11bd9d
0x3f08590b	0x3f333333	0x3f400000	0x3f11e61e	0xbd4192a3	0x3f7ae147	0x3f73f29f	0x3f0b07b5
0x3f08590b	0x3f333333	0x3f800000	0x3f11e61e	0xbe5fb293	0x3f7ae147	0x3f4cd8e5	0x3ee97df9
0x3f08590b	0x3f800000	0xbf000000	0x3ecc4229	0xbf887be4	0x40000000	0x3f1635dd	0x3e6fb37c
0x3f08590b	0x3f800000	0x00000000	0x3ecc4229	0xbe913d75	0x40000000	0x3f5e25c1	0x3eb13f7f
0x3f08590b	0x3f800000	0x3e800000	0x3ecc4229	0xbda391a9	0x40000000	0x3f75fa77	0x3ec44329
0x3f08590b	0x3f800000	0x3f000000	0x3ecc4229	0xba8b5f51	0x40000000	0x3f7fdd2b	0x3ecc265e
0x3f08590b	0x3f800000	0x3f400000	0x3ecc4229	0xbd4192a3	0x40000000	0x3f7a0592	0x3ec77d0e
0x3f08590b	0x3f800000	0x3f800000	0x3ecc4229	0xbe5fb293	0x40000000	0x3f6582c4	0x3eb71f85
0x3f08590b	0x40000000	0xbf000000	0x3e4c4229	0xbf887be4	0x41000000	0x3f600e20	0x3e32c529
0x3f08590b	0x40000000	0x00000000	0x3e4c4229	0xbe913d75	0x41000000	0x3f7714e0	0x3e45247d
0x3f08590b	0x40000000	0x3e800000	0x3e4c4229	0xbda391a9	0x41000000	0x3f7d74fb	0x3e4a3ab9
0x3f08590b	0x40000000	0x3f000000	0x3e4c4229	0xba8b5f51	0x41000000	0x3f7ff74a	0x3e4c3b36
0x3f08590b	0x40000000	0x3f400000	0x3e4c4229	0xbd4192a3	0x41000000	0x3f7e7dff	0x3e4b0e2c
0x3f08590b	0x40000000	0x3f800000	0x3e4c4229	0xbe5fb293	0x41000000	0x3f791aa2	0x3e46c19a
0x3f08590b	0x40533333	0xbf000000	0x3df79604	0xbf887be4	0x41ae3d70	0x3f73c4d5	0x3debc1c3
0x3f08590b	0x40533333	0x00000000	0x3df79604	0xbe913d75	0x41ae3d70	0x3f7caff7	0x3df461da
0x3f08590b	0x40533333	0x3e800000	0x3df79604	0xbda391a9	0x41ae3d70	0x3f7f101e	0x3df6ae04
0x3f08590b	0x40533333	0x3f000000	0x3df79604	0xba8b5f51	0x41ae3d70	0x3f7ffccd	0x3df792ec
0x3f08590b	0x40533333	0x3f400000	0x3df79604	0xbd4192a3	0x41ae3d70	0x3f7f71f4	0x3df70ca3
0x3f08590b	0x40533333	0x3f800000	0x3df79604	0xbe5fb293	0x41ae3d70	0x3f7d71f5	0x3df51d78
0x3f08590b	0x41200000	0xbf000000	0x3d236821	0xbf887be4	0x43480000	0x3f7ea388	0x3d2289b3
0x3f08590b	0x41200000	0x00000000	0x3d236821	0xbe913d75	0x43480000	0x3f7fa31d	0x3d232cd7
0x3f08590b	0x41200000	0x3e800000	0x3d236821	0xbda391a9	0x43480000	0x3f7fe5d6	0x3d23576e
0x3f08590b	0x41200000	0x3f000000	0x3d236821	0xba8b5f51	0x43480000	0x3f7fffa7	0x3d2367e8
0x3f08590b	0x41200000	0x3f400000	0x3d236821	0xbd4192a3	0x43480000	0x3f7ff084	0x3d235e3f
0x3f08590b	0x41200000	0x3f800000	0x3d236821	0xbe5fb293	0x43480000	0x3f7fb875	0x3d233a76
0x3f190b21	0x3d4ccccd	0xbf000000	0x40ff52b4	0xbf9a44b6	0x3ba3d70b	0x00000000	0x00000000
0x3f190b21	0x3d4ccccd	0x00000000	0x40ff52b4	0xbeb6fc9c	0x3ba3d70b	0x0beb21a4	0x0d6a8278
0x3f190b21	0x3d4ccccd	0x3e800000	0x40ff52b4	0xbdf7c5eb	0x3ba3d70b	0x2e086657	0x2f880a01
0x3f190b21	0x3d4ccccd	0x3f000000	0x40ff52b4	0xbc1ccb3b	0x3ba3d70b	0x3e1707e8	0x3f96a1ab
0x3f190b21	0x3d4ccccd	0x3f400000	0x40ff52b4	0xbcbdb38e	0x3ba3d70b	0x3c1f99f7	0x3d9f2ded
0x3f190b21	0x3d4ccccd	0x3f800000	0x40ff52b4	0xbe25a030	0x3ba3d70b	0x2820f68a	0x29a08994
0x3f190b21	0x3dcccccd	0xbf000000	0x407f52b4	0xbf9a44b6	0x3ca3d70b	0x14059616	0x15053ba8
0x3f190b21	0x3dcccccd	0x00000000	0x407f52b4	0xbeb6fc9c	0x3ca3d70b	0x3295044b	0x33949f6b
0x3f190b21	0x3dcccccd	0x3e800000	0x407f52b4	0xbdf7c5eb	0x3ca3d70b	0x3b1aa815	0x3c1a3f63
0x3f190b21	0x3dcccccd	0x3f000000	0x407f52b4	0xbc1ccb3b	0x3ca3d70b	0x3f1ea597	0x401e3a32
0x3f190b21	0x3dcccccd	0x3f400000	0x407f52b4	0xbcbdb38e	0x3ca3d70b	0x3ea0d9e5	0x3fa06d02
0x3f190b21	0x3dcccccd	0x3f800000	0x407f52b4	0xbe25a030	0x3ca3d70b	0x39a13171	0x3aa0c453
0x3f190b21	0x3e99999a	0xbf000000	0x3faa3722	0xbf9a44b6	0x3e3851ec	0x3aa20981	0x3ad77a6a
0x3f190b21	0x3e99999a	0x00000000	0x3faa3722	0xbeb6fc9c	0x3e3851ec	0x3e0c9a4f	0x3e3af981
0x3f190b21	0x3e99999a	0x3e800000	0x3faa3722	0xbdf7c5eb	0x3e3851ec	0x3f02b810	0x3f2dd4c3
0x3f190b21	0x3e99999a	0x3f000000	0x3faa3722	0xbc1ccb3b	0x3e3851ec	0x3f72beb2	0x3fa166e9
0x3f190b21	0x3e99999a	0x3f400000	0x3faa3722	0xbcbdb38e	0x3e3851ec	0x3f6118a2	0x3f95aad6
0x3f190b21	0x3e99999a	0x3f800000	0x3faa3722	0xbe25a030	0x3e3851ec	0x3ed075c8	0x3f0a9b1c
0x3f190b21	0x3f000000	0xbf000000	0x3f4c4229	0xbf9a44b6	0x3f000000	0x3db7dc31	0x3d92b2fb
0x3f190b21	0x3f000000	0x00000000	0x3f4c4229	0xbeb6fc9c	0x3f000000	0x3efa84ba	0x3ec7e283
0x3f190b21	0x3f000000	0x3e800000	0x3f4c4229	0xbdf7c5eb	0x3f000000	0x3f48fb32	0x3f205c1d
0x3f190b21	0x3f000000	0x3f000000	0x3f4c4229	0xbc1ccb3b	0x3f000000	0x3f7b2594	0x3f4862da
0x3f190b21	0x3f000000	0x3f400000	0x3f4c4229	0xbcbdb38e	0x3f000000	0x3f7469fe	0x3f4303a1
0x3f190b21	0x3f000000	0x3f800000	0x3f4c4229	0xbe25a030	0x3f000000	0x3f393f37	0x3f13ce40
0x3f190b21	0x3f333333	0xbf000000	0x3f11e61e	0xbf9a44b6	0x3f7ae147	0x3e95ae56	0x3e2a9c96
0x3f190b21	0x3f333333	0x00000000	0x3f11e61e	0xbeb6fc9c	0x3f7ae147	0x3f31c4fc	0x3ecaa0bd
0x3f190b21	0x3f333333	0x3e800000	0x3f11e61e	0xbdf7c5eb	0x3f7ae147	0x3f6244ea	0x3f00f46d
0x3f190b21	0x3f333333	0x3f000000	0x3f11e61e	0xbc1ccb3b	0x3f7ae147	0x3f7d8324	0x3f107b29
0x3f190b21	0x3f333333	0x3f400000	0x3f11e61e	0xbcbdb38e	0x3f7ae147	0x3f7a0592	0x3f0e7de6
0x3f190b21	0x3f333333	0x3f800000	0x3f11e61e	0xbe25a030	0x3f7ae147	0x3f590d13	0x3ef76706
0x3f190b21	0x3f800000	0xbf000000	0x3ecc4229	0xbf9a44b6	0x40000000	0x3f0c2123	0x3e5f9d3e
0x3f190b21	0x3f800000	0x00000000	0x3ecc4229	0xbeb6fc9c	0x40000000	0x3f561b96	0x3eaad551
0x3f190b21	0x3f800000	0x3e800000	0x3ecc4229	0xbdf7c5eb	0x40000000	0x3f70f927	0x3ec044d2
0x3f190b21	0x3f800000	0x3f000000	0x3ecc4229	0xbc1ccb3b	0x40000000	0x3f7ec729	0x3ecb488d
0x3f190b21	0x3f800000	0x3f400000	0x3ecc4229	0xbcbdb38e	0x40000000	0x3f7d0d92	0x3ec9e836
0x3f190b21	0x3f800000	0x3f800000	0x3ecc4229	0xbe25a030	0x40000000	0x3f6c1ca0	0x3ebc63d5
0x3f190b21	0x40000000	0xbf000000	0x3e4c4229	0xbf9a44b6	0x41000000	0x3f5c328d	0x3e2fb131
0x3f190b21	0x40000000	0x00000000	0x3e4c4229	0xbeb6fc9c	0x41000000	0x3f74d0a6	0x3e435589
0x3f190b21	0x40000000	0x3e800000	0x3e4c4229	0xbdf7c5eb	0x41000000	0x3f7c285d	0x3e493155
0x3f190b21	0x40000000	0x3f000000	0x3e4c4229	0xbc1ccb3b	0x41000000	0x3f7fb1a6	0x3e4c03a5
0x3f190b21	0x40000000	0x3f400000	0x3e4c4229	0xbcbdb38e	0x41000000	0x3f7f4293	0x3e4bab05
0x3f190b21	0x40000000	0x3f800000	0x3e4c4229	0xbe25a030	0x41000000	0x3f7ae04d	0x3e482b93
0x3f190b21	0x40533333	0xbf000000	0x3df79604	0xbf9a44b6	0x41ae3d70	0x3f723800	0x3dea41f9
0x3f190b21	0x40533333	0x00000000	0x3df79604	0xbeb6fc9c	0x41ae3d70	0x3f7bd55f	0x3df38e72
0x3f190b21	0x40533333	0x3e800000	0x3df79604	0xbdf7c5eb	0x41ae3d70	0x3f7e94f9	0x3df636ec
0x3f190b21	0x40533333	0x3f000000	0x3df79604	0xbc1ccb3b	0x41ae3d70	0x3f7fe336	0x3df77a2c
0x3f190b21	0x40533333	0x3f400000	0x3df79604	0xbcbdb38e	0x41ae3d70	0x3f7fba5c	0x3df752aa
0x3f190b21	0x40533333	0x3f800000	0x3df79604	0xbe25a030	0x41ae3d70	0x3f7e1b1e	0x3df5c112
0x3f190b21	0x41200000	0xbf000000	0x3d236821	0xbf9a44b6	0x43480000	0x3f7e7643	0x3d226cce
0x3f190b21	0x41200000	0x00000000	0x3d236821	0xbeb6fc9c	0x43480000	0x3f7f8afe	0x3d231d71
0x3f190b21	0x41200000	0x3e800000	0x3d236821	0xbdf7c5eb	0x43480000	0x3f7fd85e	0x3d234ed5
0x3f190b21	0x41200000	0x3f000000	0x3d236821	0xbc1ccb3b	0x43480000	0x3f7ffcdd	0x3d236620
0x3f190b21	0x41200000	0x3f400000	0x3d236821	0xbcbdb38e	0x43480000	0x3f7ff86a	0x3d236349
0x3f190b21	0x41200000	0x3f800000	0x3d236821	0xbe25a030	0x43480000	0x3f7fcb05	0x3d234650
0x3f29bd38	0x3d4ccccd	0xbf000000	0x40ff52b4	0xbfad244c	0x3ba3d70b	0x00000000	0x00000000
0x3f29bd38	0x3d4ccccd	0x00000000	0x40ff52b4	0xbee116c0	0x3ba3d70b	0x00470a4e	0x018db46e
0x3f29bd38	0x3d4ccccd	0x3e800000	0x40ff52b4	0xbe2eb30f	0x3ba3d70b	0x26dadac2	0x285a469b
0x3f29bd38	0x3d4ccccd	0x3f000000	0x40ff52b4	0xbcd9c4f9	0x3ba3d70b	0x3ba0ddb3	0x3d2070cd
0x3f29bd38	0x3d4ccccd	0x3f400000	0x40ff52b4	0xbbf7c5e6	0x3ba3d70b	0x3e61b1f7	0x3fe1192f
0x3f29bd38	0x3d4ccccd	0x3f800000	0x40ff52b4	0xbde8877e	0x3ba3d70b	0x2f171a04	0x3096b3bb
0x3f29bd38	0x3dcccccd	0xbf000000	0x407f52b4	0xbfad244c	0x3ca3d70b	0x0eabe800	0x0fab73a1
0x3f29bd38	0x3dcccccd	0x00000000	0x407f52b4	0xbee116c0	0x3ca3d70b	0x2f9c3e07	0x309bd443
0x3f29bd38	0x3dcccccd	0x3e800000	0x407f52b4	0xbe2eb30f	0x3ca3d70b	0x394efee7	0x3a4e72c7
0x3f29bd38	0x3dcccccd	0x3f000000	0x407f52b4	0xbcd9c4f9	0x3ca3d70b	0x3e8786bb	0x3f872afd
0x3f29bd38	0x3dcccccd	0x3f400000	0x407f52b4	0xbbf7c5e6	0x3ca3d70b	0x3f2f680d	0x402ef150
0x3f29bd38	0x3dcccccd	0x3f800000	0x407f52b4	0xbde8877e	0x3ca3d70b	0x3b606304	0x3c5fcb1e
0x3f29bd38	0x3e99999a	0xbf000000	0x3faa3722	0xbfad244c	0x3e3851ec	0x3a0eda59	0x3a3df786
0x3f29bd38	0x3e99999a	0x00000000	0x3faa3722	0xbee116c0	0x3e3851ec	0x3db21533	0x3decd0dc
0x3f29bd38	0x3e99999a	0x3e800000	0x3faa3722	0xbe2eb30f	0x3e3851ec	0x3ec6724e	0x3f03f2a5
0x3f29bd38	0x3e99999a	0x3f000000	0x3faa3722	0xbcd9c4f9	0x3e3851ec	0x3f5cda21	0x3f92d86a
0x3f29bd38	0x3e99999a	0x3f400000	0x3faa3722	0xbbf7c5e6	0x3e3851ec	0x3f7577fd	0x3fa3368b
0x3f29bd38	0x3e99999a	0x3f800000	0x3faa3722	0xbde8877e	0x3e3851ec	0x3f083cdd	0x3f352b84
0x3f29bd38	0x3f000000	0xbf000000	0x3f4c4229	0xbfad244c	0x3f000000	0x3d88e761	0x3d5a7786
0x3f29bd38	0x3f000000	0x00000000	0x3f4c4229	0xbee116c0	0x3f000000	0x3ed48708	0x3ea99287
0x3f29bd38	0x3f000000	0x3e800000	0x3f4c4229	0xbe2eb30f	0x3f000000	0x3f35fe2e	0x3f113595
0x3f29bd38	0x3f000000	0x3f000000	0x3f4c4229	0xbcd9c4f9	0x3f000000	0x3f72beb2	0x3f41aeb2
0x3f29bd38	0x3f000000	0x3f400000	0x3f4c4229	0xbbf7c5e6	0x3f000000	0x3f7c285d	0x3f493155
0x3f29bd38	0x3f000000	0x3f800000	0x3f4c4229	0xbde8877e	0x3f000000	0x3f4bfedb	0x3f22c3cf
0x3f29bd38	0x3f333333	0xbf000000	0x3f11e61e	0xbfad244c	0x3f7ae147	0x3e80c5d1	0x3e12c798
0x3f29bd38	0x3f333333	0x00000000	0x3f11e61e	0xbee116c0	0x3f7ae147	0x3f237633	0x3eba51c4
0x3f29bd38	0x3f333333	0x3e800000	0x3f11e61e	0xbe2eb30f	0x3f7ae147	0x3f5718ed	0x3ef52cf0
0x3f29bd38	0x3f333333	0x3f000000	0x3f11e61e	0xbcd9c4f9	0x3f7ae147	0x3f79262f	0x3f0dfe96
0x3f29bd38	0x3f333333	0x3f400000	0x3f11e61e	0xbbf7c5e6	0x3f7ae147	0x3f7e0849	0x3f10c70b
0x3f29bd38	0x3f333333	0x3f800000	0x3f11e61e	0xbde8877e	0x3f7ae147	0x3f63fe8a	0x3f01f01e
0x3f29bd38	0x3f800000	0xbf000000	0x3ecc4229	0xbfad244c	0x40000000	0x3f022b8e	0x3e4fb8b2
0x3f29bd38	0x3f800000	0x00000000	0x3ecc4229	0xbee116c0	0x40000000	0x3f4d7bb1	0x3ea3f3ac
0x3f29bd38	0x3f800000	0x3e800000	0x3ecc4229	0xbe2eb30f	0x40000000	0x3f6b116b	0x3ebb8ea1
0x3f29bd38	0x3f800000	0x3f000000	0x3ecc4229	0xbcd9c4f9	0x40000000	0x3f7c9eb0	0x3ec98fbe
0x3f29bd38	0x3f800000	0x3f400000	0x3ecc4229	0xbbf7c5e6	0x40000000	0x3f7f08b2	0x3ecb7cd7
0x3f29bd38	0x3f800000	0x3f800000	0x3ecc4229	0xbde8877e	0x40000000	0x3f71df2b	0x3ec0fc59
0x3f29bd38	0x40000000	0xbf000000	0x3e4c4229	0xbfad244c	0x41000000	0x3f582d19	0x3e2c7bce
0x3f29bd38	0x40000000	0x00000000	0x3e4c4229	0xbee116c0	0x41000000	0x3f724fbf	0x3e41562c
0x3f29bd38	0x40000000	0x3e800000	0x3e4c4229	0xbe2eb30f	0x41000000	0x3f7a9934	0x3e47f2d9
0x3f29bd38	0x40000000	0x3f000000	0x3e4c4229	0xbcd9c4f9	0x41000000	0x3f7f2698	0x3e4b94b2
0x3f29bd38	0x40000000	0x3f400000	0x3e4c4229	0xbbf7c5e6	0x41000000	0x3f7fc216	0x3e4c10c3
0x3f29bd38	0x40000000	0x3f800000	0x3e4c4229	0xbde8877e	0x41000000	0x3f7c6474	0x3e496147
0x3f29bd38	0x40533333	0xbf000000	0x3df79604	0xbfad244c	0x41ae3d70	0x3f7095a2	0x3de8ad5b
0x3f29bd38	0x40533333	0x00000000	0x3df79604	0xbee116c0	0x41ae3d70	0x3f7ae26d	0x3df2a37c
0x3f29bd38	0x40533333	0x3e800000	0x3df79604	0xbe2eb30f	0x41ae3d70	0x3f7e00a8	0x3df5a77a
0x3f29bd38	0x40533333	0x3f000000	0x3df79604	0xbcd9c4f9	0x41ae3d70	0x3f7fb00f	0x3df748b4
0x3f29bd38	0x40533333	0x3f400000	0x3df79604	0xbbf7c5e6	0x41ae3d70	0x3f7fe940	0x3df78003
0x3f29bd38	0x40533333	0x3f800000	0x3df79604	0xbde8877e	0x41ae3d70	0x3f7eab40	0x3df64c77
0x3f29bd38	0x41200000	0xbf000000	0x3d236821	0xbfad244c	0x43480000	0x3f7e4641	0x3d224e29
0x3f29bd38	0x41200000	0x00000000	0x3d236821	0xbee116c0	0x43480000	0x3f7f701a	0x3d230c47
0x3f29bd38	0x41200000	0x3e800000	0x3d236821	0xbe2eb30f	0x43480000	0x3f7fc81f	0x3d234476
0x3f29bd38	0x41200000	0x3f000000	0x3d236821	0xbcd9c4f9	0x43480000	0x3f7ff74a	0x3d236292
0x3f29bd38	0x41200000	0x3f400000	0x3d236821	0xbbf7c5e6	0x43480000	0x3f7ffd86	0x3d23668c
0x3f29bd38	0x41200000	0x3f800000	0x3d236821	0xbde8877e	0x43480000	0x3f7fdace	0x3d235063
0x3f3a6f4e	0x3d4ccccd	0xbf000000	0x40ff52b4	0xbfc11a9e	0x3ba3d70b	0x00000000	0x00000000
0x3f3a6f4e	0x3d4ccccd	0x00000000	0x40ff52b4	0xbf07c5ee	0x3ba3d70b	0x00000000	0x00000000
0x3f3a6f4e	0x3d4ccccd	0x3e800000	0x40ff52b4	0xbe6a391b	0x3ba3d70b	0x1e8021a7	0x1fff95d4
0x3f3a6f4e	0x3d4ccccd	0x3f000000	0x40ff52b4	0xbd5569fc	0x3ba3d70b	0x37fa1479	0x39796b2f
0x3f3a6f4e	0x3d4ccccd	0x3f400000	0x40ff52b4	0xb9f7c5e6	0x3ba3d70b	0x3f68e967	0x40e84bbc
0x3f3a6f4e	0x3d4ccccd	0x3f800000	0x40ff52b4	0xbd973a8e	0x3ba3d70b	0x34cf065e	0x364e7a39
0x3f3a6f4e	0x3dcccccd	0xbf000000	0x407f52b4	0xbfc11a9e	0x3ca3d70b	0x091094b4	0x0a1032d5
0x3f3a6f4e	0x3dcccccd	0x00000000	0x407f52b4	0xbf07c5ee	0x3ca3d70b	0x2c5620ee	0x2d558ffa
0x3f3a6f4e	0x3dcccccd	0x3e800000	0x407f52b4	0xbe6a391b	0x3ca3d70b	0x373510d8	0x38349646
0x3f3a6f4e	0x3dcccccd	0x3f000000	0x407f52b4	0xbd5569fc	0x3ca3d70b	0x3d9754ad	0x3e96ee3c
0x3f3a6f4e	0x3dcccccd	0x3f400000	0x407f52b4	0xb9f7c5e6	0x3ca3d70b	0x3f7a0592	0x40795c52
0x3f3a6f4e	0x3dcccccd	0x3f800000	0x407f52b4	0xbd973a8e	0x3ca3d70b	0x3ccc23d7	0x3dcb99a6
0x3f3a6f4e	0x3e99999a	0xbf000000	0x3faa3722	0xbfc11a9e	0x3e3851ec	0x397040f2	0x399fbedf
0x3f3a6f4e	0x3e99999a	0x00000000	0x3faa3722	0xbf07c5ee	0x3e3851ec	0x3d572473	0x3d8f0c8a
0x3f3a6f4e	0x3e99999a	0x3e800000	0x3faa3722	0xbe6a391b	0x3e3851ec	0x3e8fade2	0x3ebf10d3
0x3f3a6f4e	0x3e99999a	0x3f000000	0x3faa3722	0xbd5569fc	0x3e3851ec	0x3f3fa8a1	0x3f7ede83
0x3f3a6f4e	0x3e99999a	0x3f400000	0x3faa3722	0xb9f7c5e6	0x3e3851ec	0x3f7f5429	0x3fa9c4e0
0x3f3a6f4e	0x3e99999a	0x3f800000	0x3faa3722	0xbd973a8e	0x3e3851ec	0x3f29dacd	0x3f61dfc1
0x3f3a6f4e	0x3f000000	0xbf000000	0x3f4c4229	0xbfc11a9e	0x3f000000	0x3d4870ba	0x3d1feda1
0x3f3a6f4e	0x3f000000	0x00000000	0x3f4c4229	0xbf07c5ee	0x3f000000	0x3eb1419e	0x3e8d6e19
0x3f3a6f4e	0x3f000000	0x3e800000	0x3f4c4229	0xbe6a391b	0x3f000000	0x3f2204bc	0x3f0145a5
0x3f3a6f4e	0x3f000000	0x3f000000	0x3f4c4229	0xbd5569fc	0x3f000000	0x3f66aa88	0x3f380b81
0x3f3a6f4e	0x3f000000	0x3f400000	0x3f4c4229	0xb9f7c5e6	0x3f000000	0x3f7fc216	0x3f4c10c3
0x3f3a6f4e	0x3f000000	0x3f800000	0x3f4c4229	0xbd973a8e	0x3f000000	0x3f5cda22	0x3f3036e7
0x3f3a6f4e	0x3f333333	0xbf000000	0x3f11e61e	0xbfc11a9e	0x3f7ae147	0x3e5ba7b7	0x3dfa5ee2
0x3f3a6f4e	0x3f333333	0x00000000	0x3f11e61e	0xbf07c5ee	0x3f7ae147	0x3f1501a8	0x3ea9d7c2
0x3f3a6f4e	0x3f333333	0x3e800000	0x3f11e61e	0xbe6a391b	0x3f7ae147	0x3f4ab5bd	0x3ee70e4e
0x3f3a6f4e	0x3f333333	0x3f000000	0x3f11e61e	0xbd5569fc	0x3f7ae147	0x3f72beb2	0x3f0a5837
0x3f3a6f4e	0x3f333333	0x3f400000	0x3f11e61e	0xb9f7c5e6	0x3f7ae147	0x3f7fe067	0x3f11d41c
0x3f3a6f4e	0x3f333333	0x3f800000	0x3f11e61e	0xbd973a8e	0x3f7ae147	0x3f6d6b60	0x3f074f3c
0x3f3a6f4e	0x3f800000	0xbf000000	0x3ecc4229	0xbfc11a9e	0x40000000	0x3ef0cf9b	0x3e4023ac
0x3f3a6f4e	0x3f800000	0x00000000	0x3ecc4229	0xbf07c5ee	0x40000000	0x3f445e76	0x3e9cae06
0x3f3a6f4e	0x3f800000	0x3e800000	0x3ecc4229	0xbe6a391b	0x40000000	0x3f645594	0x3eb62f35
0x3f3a6f4e	0x3f800000	0x3f000000	0x3ecc4229	0xbd5569fc	0x40000000	0x3f796abc	0x3ec70183
0x3f3a6f4e	0x3f800000	0x3f400000	0x3ecc4229	0xb9f7c5e6	0x40000000	0x3f7ff084	0x3ecc35ce
0x3f3a6f4e	0x3f800000	0x3f800000	0x3ecc4229	0xbd973a8e	0x40000000	0x3f76b877	0x3ec4dac2
0x3f3a6f4e	0x40000000	0xbf000000	0x3e4c4229	0xbfc11a9e	0x41000000	0x3f5400b6	0x3e29275b
0x3f3a6f4e	0x40000000	0x00000000	0x3e4c4229	0xbf07c5ee	0x41000000	0x3f6f9426	0x3e3f27f9
0x3f3a6f4e	0x40000000	0x3e800000	0x3e4c4229	0xbe6a391b	0x41000000	0x3f78c8c0	0x3e468045
0x3f3a6f4e	0x40000000	0x3f000000	0x3e4c4229	0xbd5569fc	0x41000000	0x3f7e568f	0x3e4aeeb5
0x3f3a6f4e	0x40000000	0x3f400000	0x3e4c4229	0xb9f7c5e6	0x41000000	0x3f7ffc21	0x3e4c3f12
0x3f3a6f4e	0x40000000	0x3f800000	0x3e4c4229	0xbd973a8e	0x41000000	0x3f7da5de	0x3e4a61ba
0x3f3a6f4e	0x40533333	0xbf000000	0x3df79604	0xbfc11a9e	0x41ae3d70	0x3f6ede33	0x3de7045d
0x3f3a6f4e	0x40533333	0x00000000	0x3df79604	0xbf07c5ee	0x41ae3d70	0x3f79d769	0x3df1a13e
0x3f3a6f4e	0x40533333	0x3e800000	0x3df79604	0xbe6a391b	0x41ae3d70	0x3f7d5358	0x3df4ffdd
0x3f3a6f4e	0x40533333	0x3f000000	0x3df79604	0xbd5569fc	0x41ae3d70	0x3f7f6369	0x3df6fe93
0x3f3a6f4e	0x40533333	0x3f400000	0x3df79604	0xb9f7c5e6	0x41ae3d70	0x3f7ffe94	0x3df794a4
0x3f3a6f4e	0x40533333	0x3f800000	0x3df79604	0xbd973a8e	0x41ae3d70	0x3f7f222f	0x3df6bf7d
0x3f3a6f4e	0x41200000	0xbf000000	0x3d236821	0xbfc11a9e	0x43480000	0x3f7e1383	0x3d222dc5
0x3f3a6f4e	0x41200000	0x00000000	0x3d236821	0xbf07c5ee	0x43480000	0x3f7f5271	0x3d22f958
0x3f3a6f4e	0x41200000	0x3e800000	0x3d236821	0xbe6a391b	0x43480000	0x3f7fb517	0x3d233850
0x3f3a6f4e	0x41200000	0x3f000000	0x3d236821	0xbd5569fc	0x43480000	0x3f7feeee	0x3d235d3c
0x3f3a6f4e	0x41200000	0x3f400000	0x3d236821	0xb9f7c5e6	0x43480000	0x3f7fffd8	0x3d236807
0x3f3a6f4e	0x41200000	0x3f800000	0x3d236821	0xbd973a8e	0x43480000	0x3f7fe7cf	0x3d2358b0
0x3f4b2164	0x3d4ccccd	0xbf000000	0x40ff52b4	0xbfd627ae	0x3ba3d70b	0x00000000	0x00000000
0x3f4b2164	0x3d4ccccd	0x00000000	0x40ff52b4	0xbf212df9	0x3ba3d70b	0x00000000	0x00000000
0x3f4b2164	0x3d4ccccd	0x3e800000	0x40ff52b4	0xbe973a8e	0x3ba3d70b	0x14dafa54	0x165a6618
0x3f4b2164	0x3d4ccccd	0x3f000000	0x40ff52b4	0xbdb064a8	0x3ba3d70b	0x330ddb2c	0x348d7b25
0x3f4b2164	0x3d4ccccd	0x3f400000	0x40ff52b4	0xbaf7c5e6	0x3ba3d70b	0x3f2f680d	0x40aef150
0x3f4b2164	0x3d4ccccd	0x3f800000	0x40ff52b4	0xbd2eb30f	0x3ba3d70b	0x394efee7	0x3ace72c7
0x3f4b2164	0x3dcccccd	0xbf000000	0x407f52b4	0xbfd627ae	0x3ca3d70b	0x031ef1af	0x041e8616
0x3f4b2164	0x3dcccccd	0x00000000	0x407f52b4	0xbf212df9	0x3ca3d70b	0x28bfcb02	0x29bf492d
0x3f4b2164	0x3dcccccd	0x3e800000	0x407f52b4	0xbe973a8e	0x3ca3d70b	0x34cf065e	0x35ce7a39
0x3f4b2164	0x3dcccccd	0x3f000000	0x407f52b4	0xbdb064a8	0x3ca3d70b	0x3c5cdf68	0x3d5c49e3
0x3f4b2164	0x3dcccccd	0x3f400000	0x407f52b4	0xbaf7c5e6	0x3ca3d70b	0x3f68e967	0x40684bbc
0x3f4b2164	0x3dcccccd	0x3f800000	0x407f52b4	0xbd2eb30f	0x3ca3d70b	0x3df2c196	0x3ef21d41
0x3f4b2164	0x3e99999a	0xbf000000	0x3faa3722	0xbfd627ae	0x3e3851ec	0x38c0b4e8	0x390021a3
0x3f4b2164	0x3e99999a	0x00000000	0x3faa3722	0xbf212df9	0x3e3851ec	0x3cf7eaad	0x3d24d73b
0x3f4b2164	0x3e99999a	0x3e800000	0x3faa3722	0xbe973a8e	0x3e3851ec	0x3e46731a	0x3e83f32c
0x3f4b2164	0x3e99999a	0x3f000000	0x3faa3722	0xbdb064a8	0x3e3851ec	0x3f1ea595	0x3f52f83f
0x3f4b2164	0x3e99999a	0x3f400000	0x3faa3722	0xbaf7c5e6	0x3e3851ec	0x3f7d5358	0x3fa86fe7
0x3f4b2164	0x3e99999a	0x3f800000	0x3faa3722	0xbd2eb30f	0x3e3851ec	0x3f49fdda	0x3f864e13
0x3f4b2164	0x3f000000	0xbf000000	0x3f4c4229	0xbfd627ae	0x3f000000	0x3d1041b8	0x3ce6334d
0x3f4b2164	0x3f000000	0x00000000	0x3f4c4229	0xbf212df9	0x3f000000	0x3e915848	0x3e67efd3
0x3f4b2164	0x3f000000	0x3e800000	0x3f4c4229	0xbe973a8e	0x3f000000	0x3f0dcd9f	0x3ee24901
0x3f4b2164	0x3f000000	0x3f000000	0x3f4c4229	0xbdb064a8	0x3f000000	0x3f577da9	0x3f2befd4
0x3f4b2164	0x3f000000	0x3f400000	0x3f4c4229	0xbaf7c5e6	0x3f000000	0x3f7f08b2	0x3f4b7cd7
0x3f4b2164	0x3f000000	0x3f800000	0x3f4c4229	0xbd2eb30f	0x3f000000	0x3f6b116b	0x3f3b8ea1
0x3f4b2164	0x3f333333	0xbf000000	0x3f11e61e	0xbfd627ae	0x3f7ae147	0x3e39b860	0x3dd3b0c0
0x3f4b2164	0x3f333333	0x00000000	0x3f11e61e	0xbf212df9	0x3f7ae147	0x3f06a7d7	0x3e997c37
0x3f4b2164	0x3f333333	0x3e800000	0x3f11e61e	0xbe973a8e	0x3f7ae147	0x3f3d6282	0x3ed7de11
0x3f4b2164	0x3f333333	0x3f000000	0x3f11e61e	0xbdb064a8	0x3f7ae147	0x3f6a7613	0x3f059fa2
0x3f4b2164	0x3f333333	0x3f400000	0x3f11e61e	0xbaf7c5e6	0x3f7ae147	0x3f7f81b5	0x3f119e24
0x3f4b2164	0x3f333333	0x3f800000	0x3f11e61e	0xbd2eb30f	0x3f7ae147	0x3f7518f1	0x3f0baf72
0x3f4b2164	0x3f800000	0xbf000000	0x3ecc4229	0xbfd627ae	0x40000000	0x3eddcd1e	0x3e30f8c6
0x3f4b2164	0x3f800000	0x00000000	0x3ecc4229	0xbf212df9	0x40000000	0x3f3adcd3	0x3e951843
0x3f4b2164	0x3f800000	0x3e800000	0x3ecc4229	0xbe973a8e	0x40000000	0x3f5cda22	0x3eb036e7
0x3f4b2164	0x3f800000	0x3f000000	0x3ecc4229	0xbdb064a8	0x40000000	0x3f75359e	0x3ec3a619
0x3f4b2164	0x3f800000	0x3f400000	0x3ecc4229	0xbaf7c5e6	0x40000000	0x3f7fc216	0x3ecc10c3
0x3f4b2164	0x3f800000	0x3f800000	0x3ecc4229	0xbd2eb30f	0x40000000	0x3f7a9934	0x3ec7f2d9
0x3f4b2164	0x40000000	0xbf000000	0x3e4c4229	0xbfd627ae	0x41000000	0x3f4fb062	0x3e25b63b
0x3f4b2164	0x40000000	0x00000000	0x3e4c4229	0xbf212df9	0x41000000	0x3f6c9ffe	0x3e3ccca6
0x3f4b2164	0x40000000	0x3e800000	0x3e4c4229	0xbe973a8e	0x41000000	0x3f76b877	0x3e44dac2
0x3f4b2164	0x40000000	0x3f000000	0x3e4c4229	0xbdb064a8	0x41000000	0x3f7d4236	0x3e4a1237
0x3f4b2164	0x40000000	0x3f400000	0x3e4c4229	0xbaf7c5e6	0x41000000	0x3f7ff084	0x3e4c35ce
0x3f4b2164	0x40000000	0x3f800000	0x3e4c4229	0xbd2eb30f	0x41000000	0x3f7ea388	0x3e4b2c1f
0x3f4b2164	0x40533333	0xbf000000	0x3df79604	0xbfd627ae	0x41ae3d70	0x3f6d1231	0x3de5477a
0x3f4b2164	0x40533333	0x00000000	0x3df79604	0xbf212df9	0x41ae3d70	0x3f78b4a2	0x3df08806
0x3f4b2164	0x40533333	0x3e800000	0x3df79604	0xbe973a8e	0x41ae3d70	0x3f7c8d3c	0x3df44044
0x3f4b2164	0x40533333	0x3f000000	0x3df79604	0xbdb064a8	0x41ae3d70	0x3f7efd59	0x3df69bdd
0x3f4b2164	0x40533333	0x3f400000	0x3df79604	0xbaf7c5e6	0x41ae3d70	0x3f7ffa50	0x3df79084
0x3f4b2164	0x40533333	0x3f800000	0x3df79604	0xbd2eb30f	0x41ae3d70	0x3f7f7fca	0x3df71a05
0x3f4b2164	0x41200000	0xbf000000	0x3d236821	0xbfd627ae	0x43480000	0x3f7dde0d	0x3d220ba5
0x3f4b2164	0x41200000	0x00000000	0x3d236821	0xbf212df9	0x43480000	0x3f7f3204	0x3d22e4a6
0x3f4b2164	0x41200000	0x3e800000	0x3d236821	0xbe973a8e	0x43480000	0x3f7f9f49	0x3d232a65
0x3f4b2164	0x41200000	0x3f000000	0x3d236821	0xbdb064a8	0x43480000	0x3f7fe3c8	0x3d23561e
0x3f4b2164	0x41200000	0x3f400000	0x3d236821	0xbaf7c5e6	0x43480000	0x3f7fff61	0x3d2367bc
0x3f4b2164	0x41200000	0x3f800000	0x3d236821	0xbd2eb30f	0x43480000	0x3f7ff207	0x3d235f36
0x3f5bd37a	0x3d4ccccd	0xbf000000	0x40ff52b4	0xbfec4b7e	0x3ba3d70b	0x00000000	0x00000000
0x3f5bd37a	0x3d4ccccd	0x00000000	0x40ff52b4	0xbf3cc381	0x3ba3d70b	0x00000000	0x00000000
0x3f5bd37a	0x3d4ccccd	0x3e800000	0x40ff52b4	0xbebdb389	0x3ba3d70b	0x0a088da3	0x0b883133
0x3f5bd37a	0x3d4ccccd	0x3f000000	0x40ff52b4	0xbe03c01e	0x3ba3d70b	0x2ceae3a8	0x2e6a44a6
0x3f5bd37a	0x3d4ccccd	0x3f400000	0x40ff52b4	0xbc41929c	0x3ba3d70b	0x3dc0cdb0	0x3f404b2c
0x3f5bd37a	0x3d4ccccd	0x3f800000	0x40ff52b4	0xbca391ae	0x3ba3d70b	0x3c97099c	0x3e16a35e
0x3f5bd37a	0x3dcccccd	0xbf000000	0x407f52b4	0xbfec4b7e	0x3ca3d70b	0x0000e465	0x00038f2a
0x3f5bd37a	0x3dcccccd	0x00000000	0x407f52b4	0xbf3cc381	0x3ca3d70b	0x24e08b6d	0x25dff36c
0x3f5bd37a	0x3dcccccd	0x3e800000	0x407f52b4	0xbebdb389	0x3ca3d70b	0x321ab338	0x331a4a7f
0x3f5bd37a	0x3dcccccd	0x3f000000	0x407f52b4	0xbe03c01e	0x3ca3d70b	0x3ad2aff0	0x3bd22151
0x3f5bd37a	0x3dcccccd	0x3f400000	0x407f52b4	0xbc41929c	0x3ca3d70b	0x3f0dcda2	0x400d6da4
0x3f5bd37a	0x3dcccccd	0x3f800000	0x407f52b4	0xbca391ae	0x3ca3d70b	0x3ebcaa81	0x3fbc2aca
0x3f5bd37a	0x3e99999a	0xbf000000	0x3faa3722	0xbfec4b7e	0x3e3851ec	0x38136f38	0x38440f37
0x3f5bd37a	0x3e99999a	0x00000000	0x3faa3722	0xbf3cc381	0x3e3851ec	0x3c883f94	0x3cb52f20
0x3f5bd37a	0x3e99999a	0x3e800000	0x3faa3722	0xbebdb389	0x3e3851ec	0x3e02b91a	0x3e2dd625
0x3f5bd37a	0x3e99999a	0x3f000000	0x3faa3722	0xbe03c01e	0x3e3851ec	0x3efa84bb	0x3f269218
0x3f5bd37a	0x3e99999a	0x3f400000	0x3faa3722	0xbc41929c	0x3e3851ec	0x3f6fbc85	0x3f9f66d2
0x3f5bd37a	0x3e99999a	0x3f800000	0x3faa3722	0xbca391ae	0x3e3851ec	0x3f651ef7	0x3f9857e8
0x3f5bd37a	0x3f000000	0xbf000000	0x3f4c4229	0xbfec4b7e	0x3f000000	0x3ccc23d4	0x3ca2e14f
0x3f5bd37a	0x3f000000	0x00000000	0x3f4c4229	0xbf3cc381	0x3f000000	0x3e6a55fd	0x3e3af915
0x3f5bd37a	0x3f000000	0x3e800000	0x3f4c4229	0xbebdb389	0x3f000000	0x3ef4087a	0x3ec2b5d2
0x3f5bd37a	0x3f000000	0x3f000000	0x3f4c4229	0xbe03c01e	0x3f000000	0x3f45eafc	0x3f1dea67
0x3f5bd37a	0x3f000000	0x3f400000	0x3f4c4229	0xbc41929c	0x3f000000	0x3f7a0592	0x3f477d0e
0x3f5bd37a	0x3f000000	0x3f800000	0x3f4c4229	0xbca391ae	0x3f000000	0x3f75fa76	0x3f444328
0x3f5bd37a	0x3f333333	0xbf000000	0x3f11e61e	0xbfec4b7e	0x3f7ae147	0x3e1babb8	0x3db17063
0x3f5bd37a	0x3f333333	0x00000000	0x3f11e61e	0xbf3cc381	0x3f7ae147	0x3ef1453a	0x3e898116
0x3f5bd37a	0x3f333333	0x3e800000	0x3f11e61e	0xbebdb389	0x3f7ae147	0x3f2f680b	0x3ec7ef35
0x3f5bd37a	0x3f333333	0x3f000000	0x3f11e61e	0xbe03c01e	0x3f7ae147	0x3f6080c5	0x3effe57b
0x3f5bd37a	0x3f333333	0x3f400000	0x3f11e61e	0xbc41929c	0x3f7ae147	0x3f7ceea7	0x3f102689
0x3f5bd37a	0x3f333333	0x3f800000	0x3f11e61e	0xbca391ae	0x3f7ae147	0x3f7ad641	0x3f0ef4d5
0x3f5bd37a	0x3f800000	0xbf000000	0x3ecc4229	0xbfec4b7e	0x40000000	0x3ecb6cd1	0x3e224f49
0x3f5bd37a	0x3f800000	0x00000000	0x3ecc4229	0xbf3cc381	0x40000000	0x3f310fcd	0x3e8d465a
0x3f5bd37a	0x3f800000	0x3e800000	0x3ecc4229	0xbebdb389	0x40000000	0x3f54b55a	0x3ea9b77d
0x3f5bd37a	0x3f800000	0x3f000000	0x3ecc4229	0xbe03c01e	0x40000000	0x3f700cbc	0x3ebf8830
0x3f5bd37a	0x3f800000	0x3f400000	0x3ecc4229	0xbc41929c	0x40000000	0x3f7e7dff	0x3ecb0e2c
0x3f5bd37a	0x3f800000	0x3f800000	0x3ecc4229	0xbca391ae	0x40000000	0x3f7d74fb	0x3eca3ab9
0x3f5bd37a	0x40000000	0xbf000000	0x3e4c4229	0xbfec4b7e	0x41000000	0x3f4b3f2b	0x3e222add
0x3f5bd37a	0x40000000	0x00000000	0x3e4c4229	0xbf3cc381	0x41000000	0x3f697593	0x3e3a4607
0x3f5bd37a	0x40000000	0x3e800000	0x3e4c4229	0xbebdb389	0x41000000	0x3f7469fe	0x3e4303a1
0x3f5bd37a	0x40000000	0x3f000000	0x3e4c4229	0xbe03c01e	0x41000000	0x3f7bea6d	0x3e48ffea
0x3f5bd37a	0x40000000	0x3f400000	0x3e4c4229	0xbc41929c	0x41000000	0x3f7f9f49	0x3e4bf4fe
0x3f5bd37a	0x40000000	0x3f800000	0x3e4c4229	0xbca391ae	0x41000000	0x3f7f5ca3	0x3e4bbfd1
0x3f5bd37a	0x40533333	0xbf000000	0x3df79604	0xbfec4b7e	0x41ae3d70	0x3f6b321f	0x3de3772f
0x3f5bd37a	0x40533333	0x00000000	0x3df79604	0xbf3cc381	0x41ae3d70	0x3f777a6d	0x3def5825
0x3f5bd37a	0x40533333	0x3e800000	0x3df79604	0xbebdb389	0x41ae3d70	0x3f7bae90	0x3df368e9
0x3f5bd37a	0x40533333	0x3f000000	0x3df79604	0xbe03c01e	0x41ae3d70	0x3f7e7dff	0x3df620b3
0x3f5bd37a	0x40533333	0x3f400000	0x3df79604	0xbc41929c	0x41ae3d70	0x3f7fdc76	0x3df773a5
0x3f5bd37a	0x40533333	0x3f800000	0x3df79604	0xbca391ae	0x41ae3d70	0x3f7fc3f2	0x3df75bef
0x3f5bd37a	0x41200000	0xbf000000	0x3d236821	0xbfec4b7e	0x43480000	0x3f7da5de	0x3d21e7c8
0x3f5bd37a	0x41200000	0x00000000	0x3d236821	0xbf3cc381	0x43480000	0x3f7f0ed4	0x3d22ce30
0x3f5bd37a	0x41200000	0x3e800000	0x3d236821	0xbebdb389	0x43480000	0x3f7f86b4	0x3d231ab4
0x3f5bd37a	0x41200000	0x3f000000	0x3d236821	0xbe03c01e	0x43480000	0x3f7fd5da	0x3d234d3a
0x3f5bd37a	0x41200000	0x3f400000	0x3d236821	0xbc41929c	0x43480000	0x3f7ffc21	0x3d2365a8
0x3f5bd37a	0x41200000	0x3f800000	0x3d236821	0xbca391ae	0x43480000	0x3f7ff975	0x3d2363f4
0x3f6c8591	0x3d4ccccd	0xbf000000	0x40ff52b4	0xc001c306	0x3ba3d70b	0x00000000	0x00000000
0x3f6c8591	0x3d4ccccd	0x00000000	0x40ff52b4	0xbf5a8689	0x3ba3d70b	0x00000000	0x00000000
0x3f6c8591	0x3d4ccccd	0x3e800000	0x40ff52b4	0xbee88781	0x3ba3d70b	0x0003e243	0x001efd10
0x3f6c8591	0x3d4ccccd	0x3f000000	0x40ff52b4	0xbe3803e0	0x3ba3d70b	0x258dea62	0x270d8a50
0x3f6c8591	0x3d4ccccd	0x3f400000	0x40ff52b4	0xbcf7c5f1	0x3ba3d70b	0x3b1aa802	0x3c9a3f51
0x3f6c8591	0x3d4ccccd	0x3f800000	0x40ff52b4	0xbbbdb384	0x3ba3d70b	0x3ea0d9ef	0x40206d0c
0x3f6c8591	0x3dcccccd	0xbf000000	0x407f52b4	0xc001c306	0x3ca3d70b	0x00000007	0x0000001c
0x3f6c8591	0x3dcccccd	0x00000000	0x407f52b4	0xbf5a8689	0x3ca3d70b	0x20abcf8d	0x21ab5b3f
0x3f6c8591	0x3dcccccd	0x3e800000	0x407f52b4	0xbee88781	0x3ca3d70b	0x2f1719de	0x3016b395
0x3f6c8591	0x3dcccccd	0x3f000000	0x407f52b4	0xbe3803e0	0x3ca3d70b	0x3903586e	0x3a02ff84
0x3f6c8591	0x3dcccccd	0x3f400000	0x407f52b4	0xbcf7c5f1	0x3ca3d70b	0x3e61b1e9	0x3f611921
0x3f6c8591	0x3dcccccd	0x3f800000	0x407f52b4	0xbbbdb384	0x3ca3d70b	0x3f3fa8a3	0x403f26e5
0x3f6c8591	0x3e99999a	0xbf000000	0x3faa3722	0xc001c306	0x3e3851ec	0x37572ebf	0x378f1362
0x3f6c8591	0x3e99999a	0x00000000	0x3faa3722	0xbf5a8689	0x3e3851ec	0x3c0ed814	0x3c3df481
0x3f6c8591	0x3e99999a	0x3e800000	0x3faa3722	0xbee88781	0x3e3851ec	0x3da44541	0x3dda72bc
0x3f6c8591	0x3e99999a	0x3f000000	0x3faa3722	0xbe3803e0	0x3e3851ec	0x3ebcaa84	0x3efae3bb
0x3f6c8591	0x3e99999a	0x3f400000	0x3faa3722	0xbcf7c5f1	0x3e3851ec	0x3f586757	0x3f8fe33b
0x3f6c8591	0x3e99999a	0x3f800000	0x3faa3722	0xbbbdb384	0x3e3851ec	0x3f77e5be	0x3fa4d3f3
0x3f6c8591	0x3f000000	0xbf000000	0x3f4c4229	0xc001c306	0x3f000000	0x3c8e0116	0x3c629b21
0x3f6c8591	0x3f000000	0x00000000	0x3f4c4229	0xbf5a8689	0x3f000000	0x3e39b85e	0x3e142eea
0x3f6c8591	0x3f000000	0x3e800000	0x3f4c4229	0xbee88781	0x3f000000	0x3ece707e	0x3ea4b6fe
0x3f6c8591	0x3f000000	0x3f000000	0x3f4c4229	0xbe3803e0	0x3f000000	0x3f32b626	0x3f0e9756
0x3f6c8591	0x3f000000	0x3f400000	0x3f4c4229	0xbcf7c5f1	0x3f000000	0x3f70f927	0x3f4044d2
0x3f6c8591	0x3f000000	0x3f800000	0x3f4c4229	0xbbbdb384	0x3f000000	0x3f7d0d92	0x3f49e836
0x3f6c8591	0x3f333333	0xbf000000	0x3f11e61e	0xc001c306	0x3f7ae147	0x3e015b0a	0x3d9371af
0x3f6c8591	0x3f333333	0x00000000	0x3f11e61e	0xbf5a8689	0x3f7ae147	0x3ed647f4	0x3e743ebe
0x3f6c8591	0x3f333333	0x3e800000	0x3f11e61e	0xbee88781	0x3f7ae147	0x3f210e41	0x3eb793b1
0x3f6c8591	0x3f333333	0x3f000000	0x3f11e61e	0xbe3803e0	0x3f7ae147	0x3f551c1f	0x3ef2e8fc
0x3f6c8591	0x3f333333	0x3f400000	0x3f11e61e	0xbcf7c5f1	0x3f7ae147	0x3f783841	0x3f0d76fc
0x3f6c8591	0x3f333333	0x3f800000	0x3f11e61e	0xbbbdb384	0x3f7ae147	0x3f7e7dff	0x3f110a20
0x3f6c8591	0x3f800000	0xbf000000	0x3ecc4229	0xc001c306	0x40000000	0x3eb9c78e	0x3e143b08
0x3f6c8591	0x3f800000	0x00000000	0x3ecc4229	0xbf5a8689	0x40000000	0x3f271014	0x3e854bfd
0x3f6c8591	0x3f800000	0x3e800000	0x3ecc4229	0xbee88781	0x40000000	0x3f4bfedb	0x3ea2c3cf
0x3f6c8591	0x3f800000	0x3f000000	0x3ecc4229	0xbe3803e0	0x40000000	0x3f6a0050	0x3ebab4b9
0x3f6c8591	0x3f800000	0x3f400000	0x3ecc4229	0xbcf7c5f1	0x40000000	0x3f7c285d	0x3ec93155
0x3f6c8591	0x3f800000	0x3f800000	0x3ecc4229	0xbbbdb384	0x40000000	0x3f7f4293	0x3ecbab05
0x3f6c8591	0x40000000	0xbf000000	0x3e4c4229	0xc001c306	0x41000000	0x3f46b029	0x3e1e87ba
0x3f6c8591	0x40000000	0x00000000	0x3e4c4229	0xbf5a8689	0x41000000	0x3f661756	0x3e37960f
0x3f6c8591	0x40000000	0x3e800000	0x3e4c4229	0xbee88781	0x41000000	0x3f71df2b	0x3e40fc59
0x3f6c8591	0x40000000	0x3f000000	0x3e4c4229	0xbe3803e0	0x41000000	0x3f7a504a	0x3e47b8ac
0x3f6c8591	0x40000000	0x3f400000	0x3e4c4229	0xbcf7c5f1	0x41000000	0x3f7f08b2	0x3e4b7cd7
0x3f6c8591	0x40000000	0x3f800000	0x3e4c4229	0xbbbdb384	0x41000000	0x3f7fd098	0x3e4c1c56
0x3f6c8591	0x40533333	0xbf000000	0x3df79604	0xc001c306	0x41ae3d70	0x3f693e87	0x3de19403
0x3f6c8591	0x40533333	0x00000000	0x3df79604	0xbf5a8689	0x41ae3d70	0x3f762928	0x3dee11f6
0x3f6c8591	0x40533333	0x3e800000	0x3df79604	0xbee88781	0x41ae3d70	0x3f7ab796	0x3df27a0d
0x3f6c8591	0x40533333	0x3f000000	0x3df79604	0xbe3803e0	0x41ae3d70	0x3f7de580	0x3df58d37
0x3f6c8591	0x40533333	0x3f400000	0x3df79604	0xbcf7c5f1	0x41ae3d70	0x3f7fa50e	0x3df73e0f
0x3f6c8591	0x40533333	0x3f800000	0x3df79604	0xbbbdb384	0x41ae3d70	0x3f7fee95	0x3df7852c
0x3f6c8591	0x41200000	0xbf000000	0x3d236821	0xc001c306	0x43480000	0x3f7d6afa	0x3d21c231
0x3f6c8591	0x41200000	0x00000000	0x3d236821	0xbf5a8689	0x43480000	0x3f7ee8e2	0x3d22b5f7
0x3f6c8591	0x41200000	0x3e800000	0x3d236821	0xbee88781	0x43480000	0x3f7f6b5a	0x3d23093f
0x3f6c8591	0x41200000	0x3f000000	0x3d236821	0xbe3803e0	0x43480000	0x3f7fc524	0x3d23428f
0x3f6c8591	0x41200000	0x3f400000	0x3d236821	0xbcf7c5f1	0x43480000	0x3f7ff617	0x3d2361ce
0x3f6c8591	0x41200000	0x3f800000	0x3d236821	0xbbbdb384	0x43480000	0x3f7ffe1a	0x3d2366eb
0x3f7d37a7	0x3d4ccccd	0xbf000000	0x40ff52b4	0xc00debae	0x3ba3d70b	0x00000000	0x00000000
0x3f7d37a7	0x3d4ccccd	0x00000000	0x40ff52b4	0xbf7a770c	0x3ba3d70b	0x00000000	0x00000000
0x3f7d37a7	0x3d4ccccd	0x3e800000	0x40ff52b4	0xbf0bdb39	0x3ba3d70b	0x00000000	0x00000000
0x3f7d37a7	0x3d4ccccd	0x3f000000	0x40ff52b4	0xbe74fd95	0x3ba3d70b	0x1cfa4a1b	0x1e79a0ad
0x3f7d37a7	0x3d4ccccd	0x3f400000	0x40ff52b4	0xbd6a391b	0x3ba3d70b	0x373510d8	0x38b49646
0x3f7d37a7	0x3d4ccccd	0x3f800000	0x40ff52b4	0xb8f7c5e6	0x3ba3d70b	0x3f7a0592	0x40f95c52
0x3f7d37a7	0x3dcccccd	0xbf000000	0x407f52b4	0xc00debae	0x3ca3d70b	0x00000000	0x00000000
0x3f7d37a7	0x3dcccccd	0x00000000	0x407f52b4	0xbf7a770c	0x3ca3d70b	0x1c2bd5d4	0x1d2b6181
0x3f7d37a7	0x3dcccccd	0x3e800000	0x407f52b4	0xbf0bdb39	0x3ca3d70b	0x2bc0e93b	0x2cc066a4
0x3f7d37a7	0x3dcccccd	0x3f000000	0x407f52b4	0xbe74fd95	0x3ca3d70b	0x36d60f0f	0x37d57e27
0x3f7d37a7	0x3dcccccd	0x3f400000	0x407f52b4	0xbd6a391b	0x3ca3d70b	0x3d6ac4a2	0x3e6a25b5
0x3f7d37a7	0x3dcccccd	0x3f800000	0x407f52b4	0xb8f7c5e6	0x3ca3d70b	0x3f7e7dff	0x407dd1b8
0x3f7d37a7	0x3e99999a	0xbf000000	0x3faa3722	0xc00debae	0x3e3851ec	0x3695c83a	0x36c72e71
0x3f7d37a7	0x3e99999a	0x00000000	0x3faa3722	0xbf7a770c	0x3e3851ec	0x3b8ed8a7	0x3bbdf545
0x3f7d37a7	0x3e99999a	0x3e800000	0x3faa3722	0xbf0bdb39	0x3e3851ec	0x3d44e615	0x3d82eb32
0x3f7d37a7	0x3e99999a	0x3f000000	0x3faa3722	0xbe74fd95	0x3e3851ec	0x3e8786bd	0x3eb43953
0x3f7d37a7	0x3e99999a	0x3f400000	0x3faa3722	0xbd6a391b	0x3e3851ec	0x3f3a532f	0x3f77c6bc
0x3f7d37a7	0x3e99999a	0x3f800000	0x3faa3722	0xb8f7c5e6	0x3e3851ec	0x3f7fd4ff	0x3faa1a8a
0x3f7d37a7	0x3f000000	0xbf000000	0x3f4c4229	0xc00debae	0x3f000000	0x3c423aca	0x3c1af90b
0x3f7d37a7	0x3f000000	0x00000000	0x3f4c4229	0xbf7a770c	0x3f000000	0x3e10b519	0x3de6eb6c
0x3f7d37a7	0x3f000000	0x3e800000	0x3f4c4229	0xbf0bdb39	0x3f000000	0x3eabb0ed	0x3e88fd5c
0x3f7d37a7	0x3f000000	0x3f000000	0x3f4c4229	0xbe74fd95	0x3f000000	0x3f1ea594	0x3efd29e4
0x3f7d37a7	0x3f000000	0x3f400000	0x3f4c4229	0xbd6a391b	0x3f000000	0x3f645594	0x3f362f35
0x3f7d37a7	0x3f000000	0x3f800000	0x3f4c4229	0xb8f7c5e6	0x3f000000	0x3f7ff084	0x3f4c35ce
0x3f7d37a7	0x3f333333	0xbf000000	0x3f11e61e	0xc00debae	0x3f7ae147	0x3dd51ea3	0x3d72ebda
0x3f7d37a7	0x3f333333	0x00000000	0x3f11e61e	0xbf7a770c	0x3f7ae147	0x3ebcaa84	0x3e570c58
0x3f7d37a7	0x3f333333	0x3e800000	0x3f11e61e	0xbf0bdb39	0x3f7ae147	0x3f1299d9	0x3ea719d7
0x3f7d37a7	0x3f333333	0x3f000000	0x3f11e61e	0xbe74fd95	0x3f7ae147	0x3f488be9	0x3ee49708
0x3f7d37a7	0x3f333333	0x3f400000	0x3f11e61e	0xbd6a391b	0x3f7ae147	0x3f717d61	0x3f09a117
0x3f7d37a7	0x3f333333	0x3f800000	0x3f11e61e	0xb8f7c5e6	0x3f7ae147	0x3f7ff819	0x3f11e19d
0x3f7d37a7	0x3f800000	0xbf000000	0x3ecc4229	0xc00debae	0x40000000	0x3ea8f1c6	0x3e06cc53
0x3f7d37a7	0x3f800000	0x00000000	0x3ecc4229	0xbf7a770c	0x40000000	0x3f1cf5a3	0x3e7a789d
0x3f7d37a7	0x3f800000	0x3e800000	0x3ecc4229	0xbf0bdb39	0x40000000	0x3f42cf27	0x3e9b6f6c
0x3f7d37a7	0x3f800000	0x3f000000	0x3ecc4229	0xbe74fd95	0x40000000	0x3f63230f	0x3eb53aa3
0x3f7d37a7	0x3f800000	0x3f400000	0x3ecc4229	0xbd6a391b	0x40000000	0x3f78c8c0	0x3ec68045
0x3f7d37a7	0x3f800000	0x3f800000	0x3ecc4229	0xb8f7c5e6	0x40000000	0x3f7ffc21	0x3ecc3f12
0x3f7d37a7	0x40000000	0xbf000000	0x3e4c4229	0xc00debae	0x41000000	0x3f42067c	0x3e1acf50
0x3f7d37a7	0x40000000	0x00000000	0x3e4c4229	0xbf7a770c	0x41000000	0x3f6287d6	0x3e34beca
0x3f7d37a7	0x40000000	0x3e800000	0x3e4c4229	0xbf0bdb39	0x41000000	0x3f6f19fd	0x3e3ec681
0x3f7d37a7	0x40000000	0x3f000000	0x3e4c4229	0xbe74fd95	0x41000000	0x3f787518	0x3e463d85
0x3f7d37a7	0x40000000	0x3f400000	0x3e4c4229	0xbd6a391b	0x41000000	0x3f7e2d39	0x3e4acdba
0x3f7d37a7	0x40000000	0x3f800000	0x3e4c4229	0xb8f7c5e6	0x41000000	0x3f7fff08	0x3e4c4163
0x3f7d37a7	0x40533333	0xbf000000	0x3df79604	0xc00debae	0x41ae3d70	0x3f6737f3	0x3ddf9e7a
0x3f7d37a7	0x40533333	0x00000000	0x3df79604	0xbf7a770c	0x41ae3d70	0x3f74c134	0x3decb5d6
0x3f7d37a7	0x40533333	0x3e800000	0x3df79604	0xbf0bdb39	0x41ae3d70	0x3f79a896	0x3df173f5
0x3f7d37a7	0x40533333	0x3f000000	0x3df79604	0xbe74fd95	0x41ae3d70	0x3f7d340a	0x3df4e196
0x3f7d37a7	0x40533333	0x3f400000	0x3df79604	0xbd6a391b	0x41ae3d70	0x3f7f5429	0x3df6efd3
0x3f7d37a7	0x40533333	0x3f800000	0x3df79604	0xb8f7c5e6	0x41ae3d70	0x3f7fffa5	0x3df795ac
0x3f7d37a7	0x41200000	0xbf000000	0x3d236821	0xc00debae	0x43480000	0x3f7d2d61	0x3d219ae0
0x3f7d37a7	0x41200000	0x00000000	0x3d236821	0xbf7a770c	0x43480000	0x3f7ec030	0x3d229bfd
0x3f7d37a7	0x41200000	0x3e800000	0x3d236821	0xbf0bdb39	0x43480000	0x3f7f4d3a	0x3d22f604
0x3f7d37a7	0x41200000	0x3f000000	0x3d236821	0xbe74fd95	0x43480000	0x3f7fb1a6	0x3d23361e
0x3f7d37a7	0x41200000	0x3f400000	0x3d236821	0xbd6a391b	0x43480000	0x3f7fed44	0x3d235c2c
0x3f7d37a7	0x41200000	0x3f800000	0x3d236821	0xb8f7c5e6	0x43480000	0x3f7ffff6	0x3d23681b
0x3f86f4df	0x3d4ccccd	0xbf000000	0x40ff52b4	0xc01a9fb3	0x3ba3d70b	0x00000000	0x00000000
0x3f86f4df	0x3d4ccccd	0x00000000	0x40ff52b4	0xbf8e4a87	0x3ba3d70b	0x00000000	0x00000000
0x3f86f4df	0x3d4ccccd	0x3e800000	0x40ff52b4	0xbf25a030	0x3ba3d70b	0x00000000	0x00000000
0x3f86f4df	0x3d4ccccd	0x3f000000	0x40ff52b4	0xbe9d56a1	0x3ba3d70b	0x1321116c	0x14a0a463
0x3f86f4df	0x3d4ccccd	0x3f400000	0x40ff52b4	0xbdbdb38e	0x3ba3d70b	0x321ab2ea	0x339a4a31
0x3f86f4df	0x3d4ccccd	0x3f800000	0x40ff52b4	0xbb4192b7	0x3ba3d70b	0x3f0dcd96	0x408d6d98
0x3f86f4df	0x3dcccccd	0xbf000000	0x407f52b4	0xc01a9fb3	0x3ca3d70b	0x00000000	0x00000000
0x3f86f4df	0x3dcccccd	0x00000000	0x407f52b4	0xbf8e4a87	0x3ca3d70b	0x1760a32b	0x18600b1a
0x3f86f4df	0x3dcccccd	0x3e800000	0x407f52b4	0xbf25a030	0x3ca3d70b	0x2820f68a	0x29208994
0x3f86f4df	0x3dcccccd	0x3f000000	0x407f52b4	0xbe9d56a1	0x3ca3d70b	0x3463ffa9	0x35636552
0x3f86f4df	0x3dcccccd	0x3f400000	0x407f52b4	0xbdbdb38e	0x3ca3d70b	0x3c1f99f7	0x3d1f2ded
0x3f86f4df	0x3dcccccd	0x3f800000	0x407f52b4	0xbb4192b7	0x3ca3d70b	0x3f5cda1e	0x405c449d
0x3f86f4df	0x3e99999a	0xbf000000	0x3faa3722	0xc01a9fb3	0x3e3851ec	0x35c6e4a1	0x36043ea8
0x3f86f4df	0x3e99999a	0x00000000	0x3faa3722	0xbf8e4a87	0x3e3851ec	0x3b08412d	0x3b353140
0x3f86f4df	0x3e99999a	0x3e800000	0x3faa3722	0xbf25a030	0x3e3851ec	0x3ce11d14	0x3d15adca
0x3f86f4df	0x3e99999a	0x3f000000	0x3faa3722	0xbe9d56a1	0x3e3851ec	0x3e39b85d	0x3e76f8da
0x3f86f4df	0x3e99999a	0x3f400000	0x3faa3722	0xbdbdb38e	0x3e3851ec	0x3f19058c	0x3f4b7d47
0x3f86f4df	0x3e99999a	0x3f800000	0x3faa3722	0xbb4192b7	0x3e3851ec	0x3f7bd55f	0x3fa771ed
0x3f86f4df	0x3f000000	0xbf000000	0x3f4c4229	0xc01a9fb3	0x3f000000	0x3c029728	0x3bd06468
0x3f86f4df	0x3f000000	0x00000000	0x3f4c4229	0xbf8e4a87	0x3f000000	0x3dddb2ed	0x3db0e3e0
0x3f86f4df	0x3f000000	0x3e800000	0x3f4c4229	0xbf25a030	0x3f000000	0x3e8c6205	0x3e6004c7
0x3f86f4df	0x3f000000	0x3f000000	0x3f4c4229	0xbe9d56a1	0x3f000000	0x3f0a7582	0x3edcf2d8
0x3f86f4df	0x3f000000	0x3f400000	0x3f4c4229	0xbdbdb38e	0x3f000000	0x3f54b559	0x3f29b77c
0x3f86f4df	0x3f000000	0x3f800000	0x3f4c4229	0xbb4192b7	0x3f000000	0x3f7e7dff	0x3f4b0e2c
0x3f86f4df	0x3f333333	0xbf000000	0x3f11e61e	0xc01a9fb3	0x3f7ae147	0x3dae0b99	0x3d466209
0x3f86f4df	0x3f333333	0x00000000	0x3f11e61e	0xbf8e4a87	0x3f7ae147	0x3ea4ad6c	0x3e3bb483
0x3f86f4df	0x3f333333	0x3e800000	0x3f11e61e	0xbf25a030	0x3f7ae147	0x3f044a4d	0x3e96ca00
0x3f86f4df	0x3f333333	0x3f000000	0x3f11e61e	0xbe9d56a1	0x3f7ae147	0x3f3b17be	0x3ed54140
0x3f86f4df	0x3f333333	0x3f400000	0x3f11e61e	0xbdbdb38e	0x3f7ae147	0x3f68e966	0x3f04bd90
0x3f86f4df	0x3f333333	0x3f800000	0x3f11e61e	0xbb4192b7	0x3f7ae147	0x3f7f3ac6	0x3f1175b7
0x3f86f4df	0x3f800000	0xbf000000	0x3ecc4229	0xc01a9fb3	0x40000000	0x3e98fb9e	0x3df42017
0x3f86f4df	0x3f800000	0x00000000	0x3ecc4229	0xbf8e4a87	0x40000000	0x3f12d763	0x3e6a532c
0x3f86f4df	0x3f800000	0x3e800000	0x3ecc4229	0xbf25a030	0x40000000	0x3f393f37	0x3e93ce40
0x3f86f4df	0x3f800000	0x3f000000	0x3ecc4229	0xbe9d56a1	0x40000000	0x3f5b89ce	0x3eaf2a8d
0x3f86f4df	0x3f800000	0x3f400000	0x3ecc4229	0xbdbdb38e	0x40000000	0x3f7469fe	0x3ec303a1
0x3f86f4df	0x3f800000	0x3f800000	0x3ecc4229	0xbb4192b7	0x40000000	0x3f7f9f49	0x3ecbf4fe
0x3f86f4df	0x40000000	0xbf000000	0x3e4c4229	0xc01a9fb3	0x41000000	0x3f3d4547	0x3e17041f
0x3f86f4df	0x40000000	0x00000000	0x3e4c4229	0xbf8e4a87	0x41000000	0x3f5ec9c4	0x3e31c25c
0x3f86f4df	0x40000000	0x3e800000	0x3e4c4229	0xbf25a030	0x41000000	0x3f6c1ca0	0x3e3c63d5
0x3f86f4df	0x40000000	0x3f000000	0x3e4c4229	0xbe9d56a1	0x41000000	0x3f765a53	0x3e448fa5
0x3f86f4df	0x40000000	0x3f400000	0x3e4c4229	0xbdbdb38e	0x41000000	0x3f7d0d92	0x3e49e836
0x3f86f4df	0x40000000	0x3f800000	0x3e4c4229	0xbb4192b7	0x41000000	0x3f7fe7cf	0x3e4c2edc
0x3f86f4df	0x40533333	0xbf000000	0x3df79604	0xc01a9fb3	0x41ae3d70	0x3f651ef8	0x3ddd9725
0x3f86f4df	0x40533333	0x00000000	0x3df79604	0xbf8e4a87	0x41ae3d70	0x3f7342fa	0x3deb442c
0x3f86f4df	0x40533333	0x3e800000	0x3df79604	0xbf25a030	0x41ae3d70	0x3f7881e2	0x3df056f1
0x3f86f4df	0x40533333	0x3f000000	0x3df79604	0xbe9d56a1	0x41ae3d70	0x3f7c69d3	0x3df41e05
0x3f86f4df	0x40533333	0x3f400000	0x3df79604	0xbdbdb38e	0x41ae3d70	0x3f7ee9e0	0x3df68908
0x3f86f4df	0x40533333	0x3f800000	0x3df79604	0xbb4192b7	0x41ae3d70	0x3f7ff71d	0x3df78d6c
0x3f86f4df	0x41200000	0xbf000000	0x3d236821	0xc01a9fb3	0x43480000	0x3f7ced17	0x3d2171d7
0x3f86f4df	0x41200000	0x00000000	0x3d236821	0xbf8e4a87	0x43480000	0x3f7e94bf	0x3d228043
0x3f86f4df	0x41200000	0x3e800000	0x3d236821	0xbf25a030	0x43480000	0x3f7f2c57	0x3d22e106
0x3f86f4df	0x41200000	0x3f000000	0x3d236821	0xbe9d56a1	0x43480000	0x3f7f9b61	0x3d2327e7
0x3f86f4df	0x41200000	0x3f400000	0x3d236821	0xbdbdb38e	0x43480000	0x3f7fe1a8	0x3d2354c3
0x3f86f4df	0x41200000	0x3f800000	0x3d236821	0xbb4192b7	0x43480000	0x3f7fff08	0x3d236783
0x3f8f4dea	0x3d4ccccd	0xbf000000	0x40ff52b4	0xc027df18	0x3ba3d70b	0x00000000	0x00000000
0x3f8f4dea	0x3d4ccccd	0x00000000	0x40ff52b4	0xbfa07046	0x3ba3d70b	0x00000000	0x00000000
0x3f8f4dea	0x3d4ccccd	0x3e800000	0x40ff52b4	0xbf4192a3	0x3ba3d70b	0x00000000	0x00000000
0x3f8f4dea	0x3d4ccccd	0x3f000000	0x40ff52b4	0xbec48971	0x3ba3d70b	0x08174878	0x0996e20f
0x3f8f4dea	0x3d4ccccd	0x3f400000	0x40ff52b4	0xbe0bdb3a	0x3ba3d70b	0x2bc0e90b	0x2d406674
0x3f8f4dea	0x3d4ccccd	0x3f800000	0x40ff52b4	0xbc6a3923	0x3ba3d70b	0x3d6ac48c	0x3eea259f
0x3f8f4dea	0x3dcccccd	0xbf000000	0x407f52b4	0xc027df18	0x3ca3d70b	0x00000000	0x00000000
0x3f8f4dea	0x3dcccccd	0x00000000	0x407f52b4	0xbfa07046	0x3ca3d70b	0x123fed51	0x133f6b65
0x3f8f4dea	0x3dcccccd	0x3e800000	0x407f52b4	0xbf4192a3	0x3ca3d70b	0x242f8d88	0x252f16b1
0x3f8f4dea	0x3dcccccd	0x3f000000	0x407f52b4	0xbec48971	0x3ca3d70b	0x319eb689	0x329e4b19
0x3f8f4dea	0x3dcccccd	0x3f400000	0x407f52b4	0xbe0bdb3a	0x3ca3d70b	0x3a8dd2a9	0x3b8d72a8
0x3f8f4dea	0x3dcccccd	0x3f800000	0x407f52b4	0xbc6a3923	0x3ca3d70b	0x3efa84b4	0x3ff9db1e
0x3f8f4dea	0x3e99999a	0xbf000000	0x3faa3722	0xc027df18	0x3e3851ec	0x34fbea5d	0x35277fe3
0x3f8f4dea	0x3e99999a	0x00000000	0x3faa3722	0xbfa07046	0x3e3851ec	0x3a77ef9a	0x3aa4da82
0x3f8f4dea	0x3e99999a	0x3e800000	0x3faa3722	0xbf4192a3	0x3e3851ec	0x3c757dd0	0x3ca33a6b
0x3f8f4dea	0x3e99999a	0x3f000000	0x3faa3722	0xbec48971	0x3e3851ec	0x3df2c196	0x3e2168d5
0x3f8f4dea	0x3e99999a	0x3f400000	0x3faa3722	0xbe0bdb3a	0x3e3851ec	0x3eefbd76	0x3f1f6772
0x3f8f4dea	0x3e99999a	0x3f800000	0x3faa3722	0xbc6a3923	0x3e3851ec	0x3f6c745e	0x3f9d3833
0x3f8f4dea	0x3f000000	0xbf000000	0x3f4c4229	0xc027df18	0x3f000000	0x3baca48f	0x3b89bfc0
0x3f8f4dea	0x3f000000	0x00000000	0x3f4c4229	0xbfa07046	0x3f000000	0x3da6f648	0x3d853768
0x3f8f4dea	0x3f000000	0x3e800000	0x3f4c4229	0xbf4192a3	0x3f000000	0x3e61b1e9	0x3e34141a
0x3f8f4dea	0x3f000000	0x3f000000	0x3f4c4229	0xbec48971	0x3f000000	0x3eed9a72	0x3ebd947b
0x3f8f4dea	0x3f000000	0x3f400000	0x3f4c4229	0xbe0bdb3a	0x3f000000	0x3f42cf26	0x3f1b6f6b
0x3f8f4dea	0x3f000000	0x3f800000	0x3f4c4229	0xbc6a3923	0x3f000000	0x3f78c8c0	0x3f468045
0x3f8f4dea	0x3f333333	0xbf000000	0x3f11e61e	0xc027df18	0x3f7ae147	0x3d8ce815	0x3d209c3a
0x3f8f4dea	0x3f333333	0x00000000	0x3f11e61e	0xbfa07046	0x3f7ae147	0x3e8e7f22	0x3e226c32
0x3f8f4dea	0x3f333333	0x3e800000	0x3f11e61e	0xbf4192a3	0x3f7ae147	0x3eecb087	0x3e86e4bf
0x3f8f4dea	0x3f333333	0x3f000000	0x3f11e61e	0xbec48971	0x3f7ae147	0x3f2d0874	0x3ec53aa7
0x3f8f4dea	0x3f333333	0x3f400000	0x3f11e61e	0xbe0bdb3a	0x3f7ae147	0x3f5eb268	0x3efdd677
0x3f8f4dea	0x3f333333	0x3f800000	0x3f11e61e	0xbc6a3923	0x3f7ae147	0x3f7c4aed	0x3f0fc939
0x3f8f4dea	0x3f800000	0xbf000000	0x3ecc4229	0xc027df18	0x40000000	0x3e89f0ff	0x3ddc1f63
0x3f8f4dea	0x3f800000	0x00000000	0x3ecc4229	0xbfa07046	0x40000000	0x3f08cad9	0x3e5a49fe
0x3f8f4dea	0x3f800000	0x3e800000	0x3ecc4229	0xbf4192a3	0x40000000	0x3f2f680a	0x3e8bf43d
0x3f8f4dea	0x3f800000	0x3f000000	0x3ecc4229	0xbec48971	0x40000000	0x3f534b11	0x3ea8966d
0x3f8f4dea	0x3f800000	0x3f400000	0x3ecc4229	0xbe0bdb3a	0x40000000	0x3f6f19fd	0x3ebec681
0x3f8f4dea	0x3f800000	0x3f800000	0x3ecc4229	0xbc6a3923	0x40000000	0x3f7e2d39	0x3ecacdba
0x3f8f4dea	0x40000000	0xbf000000	0x3e4c4229	0xc027df18	0x41000000	0x3f386faa	0x3e1328a6
0x3f8f4dea	0x40000000	0x00000000	0x3e4c4229	0xbfa07046	0x41000000	0x3f5adfe9	0x3e2ea2fe
0x3f8f4dea	0x40000000	0x3e800000	0x3e4c4229	0xbf4192a3	0x41000000	0x3f68e966	0x3e39d62f
0x3f8f4dea	0x40000000	0x3f000000	0x3e4c4229	0xbec48971	0x41000000	0x3f7401a9	0x3e42b062
0x3f8f4dea	0x40000000	0x3f400000	0x3e4c4229	0xbe0bdb3a	0x41000000	0x3f7baaa5	0x3e48cd06
0x3f8f4dea	0x40000000	0x3f800000	0x3e4c4229	0xbc6a3923	0x41000000	0x3f7f8afe	0x3e4be4cd
0x3f8f4dea	0x40533333	0xbf000000	0x3df79604	0xc027df18	0x41ae3d70	0x3f62f429	0x3ddb7e92
0x3f8f4dea	0x40533333	0x00000000	0x3df79604	0xbfa07046	0x41ae3d70	0x3f71aeea	0x3de9bd64
0x3f8f4dea	0x40533333	0x3e800000	0x3df79604	0xbf4192a3	0x41ae3d70	0x3f7743ce	0x3def2351
0x3f8f4dea	0x40533333	0x3f000000	0x3df79604	0xbec48971	0x41ae3d70	0x3f7b8715	0x3df342ba
0x3f8f4dea	0x40533333	0x3f400000	0x3df79604	0xbe0bdb3a	0x41ae3d70	0x3f7e6652	0x3df609cd
0x3f8f4dea	0x40533333	0x3f800000	0x3df79604	0xbc6a3923	0x41ae3d70	0x3f7fd4ff	0x3df76c6d
0x3f8f4dea	0x41200000	0xbf000000	0x3d236821	0xc027df18	0x43480000	0x3f7caa1c	0x3d214716
0x3f8f4dea	0x41200000	0x00000000	0x3d236821	0xbfa07046	0x43480000	0x3f7e6690	0x3d2262c8
0x3f8f4dea	0x41200000	0x3e800000	0x3d236821	0xbf4192a3	0x43480000	0x3f7f08b2	0x3d22ca46
0x3f8f4dea	0x41200000	0x3f000000	0x3d236821	0xbec48971	0x43480000	0x3f7f8256	0x3d2317eb
0x3f8f4dea	0x41200000	0x3f400000	0x3d236821	0xbe0bdb3a	0x43480000	0x3f7fd343	0x3d234b92
0x3f8f4dea	0x41200000	0x3f800000	0x3d236821	0xbc6a3923	0x43480000	0x3f7ffb51	0x3d236524
0x3f97a6f5	0x3d4ccccd	0xbf000000	0x40ff52b4	0xc035a9dc	0x3ba3d70b	0x00000000	0x00000000
0x3f97a6f5	0x3d4ccccd	0x00000000	0x40ff52b4	0xbfb3acc4	0x3ba3d70b	0x00000000	0x00000000
0x3f97a6f5	0x3d4ccccd	0x3e800000	0x40ff52b4	0xbf5fb293	0x3ba3d70b	0x00000000	0x00000000
0x3f97a6f5	0x3d4ccccd	0x3f000000	0x40ff52b4	0xbef0173b	0x3ba3d70b	0x000033d9	0x00019daf
0x3f97a6f5	0x3d4ccccd	0x3f400000	0x40ff52b4	0xbe4192a3	0x3ba3d70b	0x242f8d88	0x25af16b1
0x3f97a6f5	0x3d4ccccd	0x3f800000	0x40ff52b4	0xbd0bdb3a	0x3ba3d70b	0x3a8dd2a9	0x3c0d72a8
0x3f97a6f5	0x3dcccccd	0xbf000000	0x407f52b4	0xc035a9dc	0x3ca3d70b	0x00000000	0x00000000
0x3f97a6f5	0x3dcccccd	0x00000000	0x407f52b4	0xbfb3acc4	0x3ca3d70b	0x0cd656ca	0x0dd5c5b2
0x3f97a6f5	0x3dcccccd	0x3e800000	0x407f52b4	0xbf5fb293	0x3ca3d70b	0x1ffa442c	0x20f99ac2
0x3f97a6f5	0x3dcccccd	0x3f000000	0x407f52b4	0xbef0173b	0x3ca3d70b	0x2e9069aa	0x2f9007e8
0x3f97a6f5	0x3dcccccd	0x3f400000	0x407f52b4	0xbe4192a3	0x3ca3d70b	0x38a4ba53	0x39a44ad0
0x3f97a6f5	0x3dcccccd	0x3f800000	0x407f52b4	0xbd0bdb3a	0x3ca3d70b	0x3e39b85d	0x3f393aa4
0x3f97a6f5	0x3e99999a	0xbf000000	0x3faa3722	0xc035a9dc	0x3e3851ec	0x34182c25	0x344a5c2d
0x3f97a6f5	0x3e99999a	0x00000000	0x3faa3722	0xbfb3acc4	0x3e3851ec	0x39d72a6f	0x3a0f1084
0x3f97a6f5	0x3e99999a	0x3e800000	0x3faa3722	0xbf5fb293	0x3e3851ec	0x3bff5b3f	0x3c29c996
0x3f97a6f5	0x3e99999a	0x3f000000	0x3faa3722	0xbef0173b	0x3e3851ec	0x3d9754ad	0x3dc93da4
0x3f97a6f5	0x3e99999a	0x3f400000	0x3faa3722	0xbe4192a3	0x3e3851ec	0x3eb321e3	0x3eee362a
0x3f97a6f5	0x3e99999a	0x3f800000	0x3faa3722	0xbd0bdb3a	0x3e3851ec	0x3f53c446	0x3f8ccdf2
0x3f97a6f5	0x3f000000	0xbf000000	0x3f4c4229	0xc035a9dc	0x3f000000	0x3b6062f6	0x3b3308d9
0x3f97a6f5	0x3f000000	0x00000000	0x3f4c4229	0xbfb3acc4	0x3f000000	0x3d773c9d	0x3d454432
0x3f97a6f5	0x3f000000	0x3e800000	0x3f4c4229	0xbf5fb293	0x3f000000	0x3e325d90	0x3e0e50a7
0x3f97a6f5	0x3f000000	0x3f000000	0x3f4c4229	0xbef0173b	0x3f000000	0x3ec86e58	0x3e9febbb
0x3f97a6f5	0x3f000000	0x3f400000	0x3f4c4229	0xbe4192a3	0x3f000000	0x3f2f680a	0x3f0bf43d
0x3f97a6f5	0x3f000000	0x3f800000	0x3f4c4229	0xbd0bdb3a	0x3f000000	0x3f6f19fd	0x3f3ec681
0x3f97a6f5	0x3f333333	0xbf000000	0x3f11e61e	0xc035a9dc	0x3f7ae147	0x3d622ee6	0x3d00e7e1
0x3f97a6f5	0x3f333333	0x00000000	0x3f11e61e	0xbfb3acc4	0x3f7ae147	0x3e7479b5	0x3e0b54b2
0x3f97a6f5	0x3f333333	0x3e800000	0x3f11e61e	0xbf5fb293	0x3f7ae147	0x3ed1e8a5	0x3e6f42ea
0x3f97a6f5	0x3f333333	0x3f000000	0x3f11e61e	0xbef0173b	0x3f7ae147	0x3f1ea594	0x3eb4d4c8
0x3f97a6f5	0x3f333333	0x3f400000	0x3f11e61e	0xbe4192a3	0x3f7ae147	0x3f5316fd	0x3ef09b89
0x3f97a6f5	0x3f333333	0x3f800000	0x3f11e61e	0xbd0bdb3a	0x3f7ae147	0x3f773bf3	0x3f0ce731
0x3f97a6f5	0x3f800000	0xbf000000	0x3ecc4229	0xc035a9dc	0x40000000	0x3e77b3aa	0x3dc5a32f
0x3f97a6f5	0x3f800000	0x00000000	0x3ecc4229	0xbfb3acc4	0x40000000	0x3efdc7cf	0x3e4a7ccf
0x3f97a6f5	0x3f800000	0x3e800000	0x3ecc4229	0xbf5fb293	0x40000000	0x3f25623a	0x3e83f504
0x3f97a6f5	0x3f800000	0x3f000000	0x3ecc4229	0xbef0173b	0x40000000	0x3f4a7ea6	0x3ea19141
0x3f97a6f5	0x3f800000	0x3f400000	0x3ecc4229	0xbe4192a3	0x40000000	0x3f68e966	0x3eb9d62f
0x3f97a6f5	0x3f800000	0x3f800000	0x3ecc4229	0xbd0bdb3a	0x40000000	0x3f7baaa5	0x3ec8cd06
0x3f97a6f5	0x40000000	0xbf000000	0x3e4c4229	0xc035a9dc	0x41000000	0x3f3388c4	0x3e0f3f62
0x3f97a6f5	0x40000000	0x00000000	0x3e4c4229	0xbfb3acc4	0x41000000	0x3f56cd26	0x3e2b62fe
0x3f97a6f5	0x40000000	0x3e800000	0x3e4c4229	0xbf5fb293	0x41000000	0x3f6582c4	0x3e371f85
0x3f97a6f5	0x40000000	0x3f000000	0x3e4c4229	0xbef0173b	0x41000000	0x3f716cf7	0x3e40a13a
0x3f97a6f5	0x40000000	0x3f400000	0x3e4c4229	0xbe4192a3	0x41000000	0x3f7a0592	0x3e477d0e
0x3f97a6f5	0x40000000	0x3f800000	0x3e4c4229	0xbd0bdb3a	0x41000000	0x3f7ee8e2	0x3e4b6375
0x3f97a6f5	0x40533333	0xbf000000	0x3df79604	0xc035a9dc	0x41ae3d70	0x3f60b820	0x3dd95556
0x3f97a6f5	0x40533333	0x00000000	0x3df79604	0xbfb3acc4	0x41ae3d70	0x3f700578	0x3de821ee
0x3f97a6f5	0x40533333	0x3e800000	0x3df79604	0xbf5fb293	0x41ae3d70	0x3f75eeba	0x3dedd973
0x3f97a6f5	0x40533333	0x3f000000	0x3df79604	0xbef0173b	0x41ae3d70	0x3f7a8c14	0x3df24ff9
0x3f97a6f5	0x40533333	0x3f400000	0x3df79604	0xbe4192a3	0x41ae3d70	0x3f7dc9a7	0x3df57248
0x3f97a6f5	0x40533333	0x3f800000	0x3df79604	0xbd0bdb3a	0x41ae3d70	0x3f7f9957	0x3df732bb
0x3f97a6f5	0x41200000	0xbf000000	0x3d236821	0xc035a9dc	0x43480000	0x3f7c6474	0x3d211a9f
0x3f97a6f5	0x41200000	0x00000000	0x3d236821	0xbfb3acc4	0x43480000	0x3f7e35a5	0x3d22438f
0x3f97a6f5	0x41200000	0x3e800000	0x3d236821	0xbf5fb293	0x43480000	0x3f7ee24b	0x3d22b1c3
0x3f97a6f5	0x41200000	0x3f000000	0x3d236821	0xbef0173b	0x43480000	0x3f7f6686	0x3d23062a
0x3f97a6f5	0x41200000	0x3f400000	0x3d236821	0xbe4192a3	0x43480000	0x3f7fc216	0x3d23409c
0x3f97a6f5	0x41200000	0x3f800000	0x3d236821	0xbd0bdb3a	0x43480000	0x3f7ff4d0	0x3d2360fd
0x3fa00000	0x3d4ccccd	0xbf000000	0x40ff52b4	0xc0440000	0x3ba3d70b	0x00000000	0x00000000
0x3fa00000	0x3d4ccccd	0x00000000	0x40ff52b4	0xbfc80000	0x3ba3d70b	0x00000000	0x00000000
0x3fa00000	0x3d4ccccd	0x3e800000	0x40ff52b4	0xbf800000	0x3ba3d70b	0x00000000	0x00000000
0x3fa00000	0x3d4ccccd	0x3f000000	0x40ff52b4	0xbf100000	0x3ba3d70b	0x00000000	0x00000000
0x3fa00000	0x3d4ccccd	0x3f400000	0x40ff52b4	0xbe800000	0x3ba3d70b	0x1b692c3c	0x1ce88e64
0x3fa00000	0x3d4ccccd	0x3f800000	0x40ff52b4	0xbd800000	0x3ba3d70b	0x367a1780	0x37f96e34
0x3fa00000	0x3dcccccd	0xbf000000	0x407f52b4	0xc0440000	0x3ca3d70b	0x00000000	0x00000000
0x3fa00000	0x3dcccccd	0x00000000	0x407f52b4	0xbfc80000	0x3ca3d70b	0x071c709b	0x081c06b4
0x3fa00000	0x3dcccccd	0x3e800000	0x407f52b4	0xbf800000	0x3ca3d70b	0x1b692c3c	0x1c688e64
0x3fa00000	0x3dcccccd	0x3f000000	0x407f52b4	0xbf100000	0x3ca3d70b	0x2b2bc136	0x2c2b4cf1
0x3fa00000	0x3dcccccd	0x3f400000	0x407f52b4	0xbe800000	0x3ca3d70b	0x367a1780	0x37796e34
0x3fa00000	0x3dcccccd	0x3f800000	0x407f52b4	0xbd800000	0x3ca3d70b	0x3d33f73b	0x3e337d67
0x3fa00000	0x3e99999a	0xbf000000	0x3faa3722	0xc0440000	0x3e3851ec	0x332f5b59	0x336930da
0x3fa00000	0x3e99999a	0x00000000	0x3faa3722	0xbfc80000	0x3e3851ec	0x39321b93	0x396cd956
0x3fa00000	0x3e99999a	0x3e800000	0x3faa3722	0xbf800000	0x3e3851ec	0x3b7d5b67	0x3ba87543
0x3fa00000	0x3e99999a	0x3f000000	0x3faa3722	0xbf100000	0x3e3851ec	0x3d33f73b	0x3d6f51de
0x3fa00000	0x3e99999a	0x3f400000	0x3faa3722	0xbe800000	0x3e3851ec	0x3e7f5631	0x3ea9c63a
0x3fa00000	0x3e99999a	0x3f800000	0x3faa3722	0xbd800000	0x3e3851ec	0x3f34e6e7	0x3f709096
0x3fa00000	0x3f000000	0xbf000000	0x3f4c4229	0xc0440000	0x3f000000	0x3b0f5c05	0x3ae4c4c1
0x3fa00000	0x3f000000	0x00000000	0x3f4c4229	0xbfc80000	0x3f000000	0x3d33f738	0x3d0f9783
0x3fa00000	0x3f000000	0x3e800000	0x3f4c4229	0xbf800000	0x3f000000	0x3e0a9556	0x3ddd25a2
0x3fa00000	0x3f000000	0x3f000000	0x3f4c4229	0xbf100000	0x3f000000	0x3ea638da	0x3e84a043
0x3fa00000	0x3f000000	0x3f400000	0x3f4c4229	0xbe800000	0x3f000000	0x3f1b4598	0x3ef7c72c
0x3fa00000	0x3f000000	0x3f800000	0x3f4c4229	0xbd800000	0x3f000000	0x3f61eb51	0x3f3441e7
0x3fa00000	0x3f333333	0xbf000000	0x3f11e61e	0xc0440000	0x3f7ae147	0x3d33f735	0x3ccd2194
0x3fa00000	0x3f333333	0x00000000	0x3f11e61e	0xbfc80000	0x3f7ae147	0x3e4fe7d5	0x3decfa65
0x3fa00000	0x3f333333	0x3e800000	0x3f11e61e	0xbf800000	0x3f7ae147	0x3eb88c9d	0x3e525b12
0x3fa00000	0x3f333333	0x3f000000	0x3f11e61e	0xbf100000	0x3f7ae147	0x3f103313	0x3ea45d19
0x3fa00000	0x3f333333	0x3f400000	0x3f11e61e	0xbe800000	0x3f7ae147	0x3f465bbf	0x3ee2188a
0x3fa00000	0x3f333333	0x3f800000	0x3f11e61e	0xbd800000	0x3f7ae147	0x3f702ee6	0x3f08e277
0x3fa00000	0x3f800000	0xbf000000	0x3ecc4229	0xc0440000	0x40000000	0x3e5d749e	0x3db0b229
0x3fa00000	0x3f800000	0x00000000	0x3ecc4229	0xbfc80000	0x40000000	0x3eea6923	0x3e3b085d
0x3fa00000	0x3f800000	0x3e800000	0x3ecc4229	0xbf800000	0x40000000	0x3f1b4598	0x3e77c72c
0x3fa00000	0x3f800000	0x3f000000	0x3ecc4229	0xbf100000	0x40000000	0x3f413d2b	0x3e9a2eaf
0x3fa00000	0x3f800000	0x3f400000	0x3ecc4229	0xbe800000	0x40000000	0x3f61eb51	0x3eb441e7
0x3fa00000	0x3f800000	0x3f800000	0x3ecc4229	0xbd800000	0x40000000	0x3f781fab	0x3ec5f95c
0x3fa00000	0x40000000	0xbf000000	0x3e4c4229	0xc0440000	0x41000000	0x3f2e93ab	0x3e0b4aca
0x3fa00000	0x40000000	0x00000000	0x3e4c4229	0xbfc80000	0x41000000	0x3f529472	0x3e2804b7
0x3fa00000	0x40000000	0x3e800000	0x3e4c4229	0xbf800000	0x41000000	0x3f61eb51	0x3e3441e7
0x3fa00000	0x40000000	0x3f000000	0x3e4c4229	0xbf100000	0x41000000	0x3f6e9e45	0x3e3e63ca
0x3fa00000	0x40000000	0x3f400000	0x3e4c4229	0xbe800000	0x41000000	0x3f781fab	0x3e45f95c
0x3fa00000	0x40000000	0x3f800000	0x3e4c4229	0xbd800000	0x41000000	0x3f7e01ff	0x3e4aab3c
0x3fa00000	0x40533333	0xbf000000	0x3df79604	0xc0440000	0x41ae3d70	0x3f5e6b7b	0x3dd71c0a
0x3fa00000	0x40533333	0x00000000	0x3df79604	0xbfc80000	0x41ae3d70	0x3f6e471f	0x3de67240
0x3fa00000	0x40533333	0x3e800000	0x3df79604	0xbf800000	0x41ae3d70	0x3f748308	0x3dec79b5
0x3fa00000	0x40533333	0x3f000000	0x3df79604	0xbf100000	0x41ae3d70	0x3f79791c	0x3df1460b
0x3fa00000	0x40533333	0x3f400000	0x3df79604	0xbe800000	0x41ae3d70	0x3f7d140d	0x3df4c2a6
0x3fa00000	0x40533333	0x3f800000	0x3df79604	0xbd800000	0x41ae3d70	0x3f7f4435	0x3df6e065
0x3fa00000	0x41200000	0xbf000000	0x3d236821	0xc0440000	0x43480000	0x3f7c1c20	0x3d20ec74
0x3fa00000	0x41200000	0x00000000	0x3d236821	0xbfc80000	0x43480000	0x3f7e01ff	0x3d222297
0x3fa00000	0x41200000	0x3e800000	0x3d236821	0xbf800000	0x43480000	0x3f7eb923	0x3d22977d
0x3fa00000	0x41200000	0x3f000000	0x3d236821	0xbf100000	0x43480000	0x3f7f47f0	0x3d22f2a4
0x3fa00000	0x41200000	0x3f400000	0x3d236821	0xbe800000	0x43480000	0x3f7fae22	0x3d2333df
0x3fa00000	0x41200000	0x3f800000	0x3d236821	0xbd800000	0x43480000	0x3f7feb86	0x3d235b0f
